Year,EventName,SessionName,FullName,TeamName,Position,AvgAirTemp,AvgTrackTemp,AvgHumidity,AvgWindSpeed,DriverNumber,BroadcastName,Abbreviation,DriverId,TeamColor,TeamId,FirstName,LastName,HeadshotUrl,CountryCode,ClassifiedPosition,GridPosition,Q1,Q2,Q3,Time,Status,Points,Laps
2024,Bahrain Grand Prix,Race,Max Verstappen,Red Bull Racing,1.0,18.22738853503185,23.652866242038222,48.82165605095541,0.7859872611464969,1,M VERSTAPPEN,VER,max_verstappen,3671c6,red_bull,Max,Verstappen,https://media.formula1.com/d_driver_fallback_image.png/content/dam/fom-website/drivers/M/MAXVER01_Max_Verstappen/maxver01.png.transform/1col/image.png,NED,1,1.0,,,,0 days 01:31:44.742000,Finished,26.0,57.0
2024,Bahrain Grand Prix,Race,Sergio Perez,Red Bull Racing,2.0,18.22738853503185,23.652866242038222,48.82165605095541,0.7859872611464969,11,S PEREZ,PER,perez,3671c6,red_bull,Sergio,Perez,https://media.formula1.com/d_driver_fallback_image.png/content/dam/fom-website/drivers/S/SERPER01_Sergio_Perez/serper01.png.transform/1col/image.png,MEX,2,5.0,,,,0 days 00:00:22.457000,Finished,18.0,57.0
2024,Bahrain Grand Prix,Race,Carlos Sainz,Ferrari,3.0,18.22738853503185,23.652866242038222,48.82165605095541,0.7859872611464969,55,C SAINZ,SAI,sainz,e8002d,ferrari,Carlos,Sainz,https://media.formula1.com/d_driver_fallback_image.png/content/dam/fom-website/drivers/C/CARSAI01_Carlos_Sainz/carsai01.png.transform/1col/image.png,ESP,3,4.0,,,,0 days 00:00:25.110000,Finished,15.0,57.0
2024,Bahrain Grand Prix,Race,Charles Leclerc,Ferrari,4.0,18.22738853503185,23.652866242038222,48.82165605095541,0.7859872611464969,16,C LECLERC,LEC,leclerc,e8002d,ferrari,Charles,Leclerc,https://media.formula1.com/d_driver_fallback_image.png/content/dam/fom-website/drivers/C/CHALEC01_Charles_Leclerc/chalec01.png.transform/1col/image.png,MON,4,2.0,,,,0 days 00:00:39.669000,Finished,12.0,57.0
2024,Bahrain Grand Prix,Race,George Russell,Mercedes,5.0,18.22738853503185,23.652866242038222,48.82165605095541,0.7859872611464969,63,G RUSSELL,RUS,russell,27f4d2,mercedes,George,Russell,https://media.formula1.com/d_driver_fallback_image.png/content/dam/fom-website/drivers/G/GEORUS01_George_Russell/georus01.png.transform/1col/image.png,GBR,5,3.0,,,,0 days 00:00:46.788000,Finished,10.0,57.0
2024,Bahrain Grand Prix,Race,Lando Norris,McLaren,6.0,18.22738853503185,23.652866242038222,48.82165605095541,0.7859872611464969,4,L NORRIS,NOR,norris,ff8000,mclaren,Lando,Norris,https://media.formula1.com/d_driver_fallback_image.png/content/dam/fom-website/drivers/L/LANNOR01_Lando_Norris/lannor01.png.transform/1col/image.png,GBR,6,7.0,,,,0 days 00:00:48.458000,Finished,8.0,57.0
2024,Bahrain Grand Prix,Race,Lewis Hamilton,Mercedes,7.0,18.22738853503185,23.652866242038222,48.82165605095541,0.7859872611464969,44,L HAMILTON,HAM,hamilton,27f4d2,mercedes,Lewis,Hamilton,https://media.formula1.com/d_driver_fallback_image.png/content/dam/fom-website/drivers/L/LEWHAM01_Lewis_Hamilton/lewham01.png.transform/1col/image.png,GBR,7,9.0,,,,0 days 00:00:50.324000,Finished,6.0,57.0
2024,Bahrain Grand Prix,Race,Oscar Piastri,McLaren,8.0,18.22738853503185,23.652866242038222,48.82165605095541,0.7859872611464969,81,O PIASTRI,PIA,piastri,ff8000,mclaren,Oscar,Piastri,https://media.formula1.com/d_driver_fallback_image.png/content/dam/fom-website/drivers/O/OSCPIA01_Oscar_Piastri/oscpia01.png.transform/1col/image.png,AUS,8,8.0,,,,0 days 00:00:56.082000,Finished,4.0,57.0
2024,Bahrain Grand Prix,Race,Fernando Alonso,Aston Martin,9.0,18.22738853503185,23.652866242038222,48.82165605095541,0.7859872611464969,14,F ALONSO,ALO,alonso,229971,aston_martin,Fernando,Alonso,https://media.formula1.com/d_driver_fallback_image.png/content/dam/fom-website/drivers/F/FERALO01_Fernando_Alonso/feralo01.png.transform/1col/image.png,ESP,9,6.0,,,,0 days 00:01:14.887000,Finished,2.0,57.0
2024,Bahrain Grand Prix,Race,Lance Stroll,Aston Martin,10.0,18.22738853503185,23.652866242038222,48.82165605095541,0.7859872611464969,18,L STROLL,STR,stroll,229971,aston_martin,Lance,Stroll,https://media.formula1.com/d_driver_fallback_image.png/content/dam/fom-website/drivers/L/LANSTR01_Lance_Stroll/lanstr01.png.transform/1col/image.png,CAN,10,12.0,,,,0 days 00:01:33.216000,Finished,1.0,57.0
2024,Bahrain Grand Prix,Race,Guanyu Zhou,Kick Sauber,11.0,18.22738853503185,23.652866242038222,48.82165605095541,0.7859872611464969,24,G ZHOU,ZHO,zhou,52e252,sauber,Guanyu,Zhou,https://media.formula1.com/d_driver_fallback_image.png/content/dam/fom-website/drivers/G/GUAZHO01_Guanyu_Zhou/guazho01.png.transform/1col/image.png,CHN,11,17.0,,,,0 days 00:00:06.759000,Lapped,0.0,56.0
2024,Bahrain Grand Prix,Race,Kevin Magnussen,Haas F1 Team,12.0,18.22738853503185,23.652866242038222,48.82165605095541,0.7859872611464969,20,K MAGNUSSEN,MAG,kevin_magnussen,b6babd,haas,Kevin,Magnussen,https://media.formula1.com/d_driver_fallback_image.png/content/dam/fom-website/drivers/K/KEVMAG01_Kevin_Magnussen/kevmag01.png.transform/1col/image.png,DEN,12,15.0,,,,0 days 00:00:08.316000,Lapped,0.0,56.0
2024,Bahrain Grand Prix,Race,Daniel Ricciardo,RB,13.0,18.22738853503185,23.652866242038222,48.82165605095541,0.7859872611464969,3,D RICCIARDO,RIC,ricciardo,6692ff,rb,Daniel,Ricciardo,https://media.formula1.com/d_driver_fallback_image.png/content/dam/fom-website/drivers/D/DANRIC01_Daniel_Ricciardo/danric01.png.transform/1col/image.png,AUS,13,14.0,,,,0 days 00:00:08.958000,Lapped,0.0,56.0
2024,Bahrain Grand Prix,Race,Yuki Tsunoda,RB,14.0,18.22738853503185,23.652866242038222,48.82165605095541,0.7859872611464969,22,Y TSUNODA,TSU,tsunoda,6692ff,rb,Yuki,Tsunoda,https://media.formula1.com/d_driver_fallback_image.png/content/dam/fom-website/drivers/Y/YUKTSU01_Yuki_Tsunoda/yuktsu01.png.transform/1col/image.png,JPN,14,11.0,,,,0 days 00:00:09.482000,Lapped,0.0,56.0
2024,Bahrain Grand Prix,Race,Alexander Albon,Williams,15.0,18.22738853503185,23.652866242038222,48.82165605095541,0.7859872611464969,23,A ALBON,ALB,albon,64c4ff,williams,Alexander,Albon,https://media.formula1.com/d_driver_fallback_image.png/content/dam/fom-website/drivers/A/ALEALB01_Alexander_Albon/alealb01.png.transform/1col/image.png,THA,15,13.0,,,,0 days 00:00:11.886000,Lapped,0.0,56.0
2024,Bahrain Grand Prix,Race,Nico Hulkenberg,Haas F1 Team,16.0,18.22738853503185,23.652866242038222,48.82165605095541,0.7859872611464969,27,N HULKENBERG,HUL,hulkenberg,b6babd,haas,Nico,Hulkenberg,https://media.formula1.com/d_driver_fallback_image.png/content/dam/fom-website/drivers/N/NICHUL01_Nico_Hulkenberg/nichul01.png.transform/1col/image.png,GER,16,10.0,,,,0 days 00:00:17.632000,Lapped,0.0,56.0
2024,Bahrain Grand Prix,Race,Esteban Ocon,Alpine,17.0,18.22738853503185,23.652866242038222,48.82165605095541,0.7859872611464969,31,E OCON,OCO,ocon,ff87bc,alpine,Esteban,Ocon,https://media.formula1.com/d_driver_fallback_image.png/content/dam/fom-website/drivers/E/ESTOCO01_Esteban_Ocon/estoco01.png.transform/1col/image.png,FRA,17,19.0,,,,0 days 00:00:31.450000,Lapped,0.0,56.0
2024,Bahrain Grand Prix,Race,Pierre Gasly,Alpine,18.0,18.22738853503185,23.652866242038222,48.82165605095541,0.7859872611464969,10,P GASLY,GAS,gasly,ff87bc,alpine,Pierre,Gasly,https://media.formula1.com/d_driver_fallback_image.png/content/dam/fom-website/drivers/P/PIEGAS01_Pierre_Gasly/piegas01.png.transform/1col/image.png,FRA,18,20.0,,,,0 days 00:00:32.417000,Lapped,0.0,56.0
2024,Bahrain Grand Prix,Race,Valtteri Bottas,Kick Sauber,19.0,18.22738853503185,23.652866242038222,48.82165605095541,0.7859872611464969,77,V BOTTAS,BOT,bottas,52e252,sauber,Valtteri,Bottas,https://media.formula1.com/d_driver_fallback_image.png/content/dam/fom-website/drivers/V/VALBOT01_Valtteri_Bottas/valbot01.png.transform/1col/image.png,FIN,19,16.0,,,,0 days 00:01:23.230000,Lapped,0.0,56.0
2024,Bahrain Grand Prix,Race,Logan Sargeant,Williams,20.0,18.22738853503185,23.652866242038222,48.82165605095541,0.7859872611464969,2,L SARGEANT,SAR,sargeant,64c4ff,williams,Logan,Sargeant,https://media.formula1.com/d_driver_fallback_image.png/content/dam/fom-website/drivers/L/LOGSAR01_Logan_Sargeant/logsar01.png.transform/1col/image.png,USA,20,18.0,,,,0 days 00:00:20.795000,Lapped,0.0,55.0
2024,Bahrain Grand Prix,Qualifying,Max Verstappen,Red Bull Racing,1.0,18.049350649350657,21.51428571428572,46.94805194805195,1.9948051948051948,1,M VERSTAPPEN,VER,max_verstappen,3671c6,red_bull,Max,Verstappen,https://media.formula1.com/d_driver_fallback_image.png/content/dam/fom-website/drivers/M/MAXVER01_Max_Verstappen/maxver01.png.transform/1col/image.png,NED,,,0 days 00:01:30.031000,0 days 00:01:29.374000,0 days 00:01:29.179000,,,,
2024,Bahrain Grand Prix,Qualifying,Charles Leclerc,Ferrari,2.0,18.049350649350657,21.51428571428572,46.94805194805195,1.9948051948051948,16,C LECLERC,LEC,leclerc,e8002d,ferrari,Charles,Leclerc,https://media.formula1.com/d_driver_fallback_image.png/content/dam/fom-website/drivers/C/CHALEC01_Charles_Leclerc/chalec01.png.transform/1col/image.png,MON,,,0 days 00:01:30.243000,0 days 00:01:29.165000,0 days 00:01:29.407000,,,,
2024,Bahrain Grand Prix,Qualifying,George Russell,Mercedes,3.0,18.049350649350657,21.51428571428572,46.94805194805195,1.9948051948051948,63,G RUSSELL,RUS,russell,27f4d2,mercedes,George,Russell,https://media.formula1.com/d_driver_fallback_image.png/content/dam/fom-website/drivers/G/GEORUS01_George_Russell/georus01.png.transform/1col/image.png,GBR,,,0 days 00:01:30.350000,0 days 00:01:29.922000,0 days 00:01:29.485000,,,,
2024,Bahrain Grand Prix,Qualifying,Carlos Sainz,Ferrari,4.0,18.049350649350657,21.51428571428572,46.94805194805195,1.9948051948051948,55,C SAINZ,SAI,sainz,e8002d,ferrari,Carlos,Sainz,https://media.formula1.com/d_driver_fallback_image.png/content/dam/fom-website/drivers/C/CARSAI01_Carlos_Sainz/carsai01.png.transform/1col/image.png,ESP,,,0 days 00:01:29.909000,0 days 00:01:29.573000,0 days 00:01:29.507000,,,,
2024,Bahrain Grand Prix,Qualifying,Sergio Perez,Red Bull Racing,5.0,18.049350649350657,21.51428571428572,46.94805194805195,1.9948051948051948,11,S PEREZ,PER,perez,3671c6,red_bull,Sergio,Perez,https://media.formula1.com/d_driver_fallback_image.png/content/dam/fom-website/drivers/S/SERPER01_Sergio_Perez/serper01.png.transform/1col/image.png,MEX,,,0 days 00:01:30.221000,0 days 00:01:29.932000,0 days 00:01:29.537000,,,,
2024,Bahrain Grand Prix,Qualifying,Fernando Alonso,Aston Martin,6.0,18.049350649350657,21.51428571428572,46.94805194805195,1.9948051948051948,14,F ALONSO,ALO,alonso,229971,aston_martin,Fernando,Alonso,https://media.formula1.com/d_driver_fallback_image.png/content/dam/fom-website/drivers/F/FERALO01_Fernando_Alonso/feralo01.png.transform/1col/image.png,ESP,,,0 days 00:01:30.179000,0 days 00:01:29.801000,0 days 00:01:29.542000,,,,
2024,Bahrain Grand Prix,Qualifying,Lando Norris,McLaren,7.0,18.049350649350657,21.51428571428572,46.94805194805195,1.9948051948051948,4,L NORRIS,NOR,norris,ff8000,mclaren,Lando,Norris,https://media.formula1.com/d_driver_fallback_image.png/content/dam/fom-website/drivers/L/LANNOR01_Lando_Norris/lannor01.png.transform/1col/image.png,GBR,,,0 days 00:01:30.143000,0 days 00:01:29.941000,0 days 00:01:29.614000,,,,
2024,Bahrain Grand Prix,Qualifying,Oscar Piastri,McLaren,8.0,18.049350649350657,21.51428571428572,46.94805194805195,1.9948051948051948,81,O PIASTRI,PIA,piastri,ff8000,mclaren,Oscar,Piastri,https://media.formula1.com/d_driver_fallback_image.png/content/dam/fom-website/drivers/O/OSCPIA01_Oscar_Piastri/oscpia01.png.transform/1col/image.png,AUS,,,0 days 00:01:30.531000,0 days 00:01:30.122000,0 days 00:01:29.683000,,,,
2024,Bahrain Grand Prix,Qualifying,Lewis Hamilton,Mercedes,9.0,18.049350649350657,21.51428571428572,46.94805194805195,1.9948051948051948,44,L HAMILTON,HAM,hamilton,27f4d2,mercedes,Lewis,Hamilton,https://media.formula1.com/d_driver_fallback_image.png/content/dam/fom-website/drivers/L/LEWHAM01_Lewis_Hamilton/lewham01.png.transform/1col/image.png,GBR,,,0 days 00:01:30.451000,0 days 00:01:29.718000,0 days 00:01:29.710000,,,,
2024,Bahrain Grand Prix,Qualifying,Nico Hulkenberg,Haas F1 Team,10.0,18.049350649350657,21.51428571428572,46.94805194805195,1.9948051948051948,27,N HULKENBERG,HUL,hulkenberg,b6babd,haas,Nico,Hulkenberg,https://media.formula1.com/d_driver_fallback_image.png/content/dam/fom-website/drivers/N/NICHUL01_Nico_Hulkenberg/nichul01.png.transform/1col/image.png,GER,,,0 days 00:01:30.566000,0 days 00:01:29.851000,0 days 00:01:30.502000,,,,
2024,Bahrain Grand Prix,Qualifying,Yuki Tsunoda,RB,11.0,18.049350649350657,21.51428571428572,46.94805194805195,1.9948051948051948,22,Y TSUNODA,TSU,tsunoda,6692ff,rb,Yuki,Tsunoda,https://media.formula1.com/d_driver_fallback_image.png/content/dam/fom-website/drivers/Y/YUKTSU01_Yuki_Tsunoda/yuktsu01.png.transform/1col/image.png,JPN,,,0 days 00:01:30.481000,0 days 00:01:30.129000,,,,,
2024,Bahrain Grand Prix,Qualifying,Lance Stroll,Aston Martin,12.0,18.049350649350657,21.51428571428572,46.94805194805195,1.9948051948051948,18,L STROLL,STR,stroll,229971,aston_martin,Lance,Stroll,https://media.formula1.com/d_driver_fallback_image.png/content/dam/fom-website/drivers/L/LANSTR01_Lance_Stroll/lanstr01.png.transform/1col/image.png,CAN,,,0 days 00:01:29.965000,0 days 00:01:30.200000,,,,,
2024,Bahrain Grand Prix,Qualifying,Alexander Albon,Williams,13.0,18.049350649350657,21.51428571428572,46.94805194805195,1.9948051948051948,23,A ALBON,ALB,albon,64c4ff,williams,Alexander,Albon,https://media.formula1.com/d_driver_fallback_image.png/content/dam/fom-website/drivers/A/ALEALB01_Alexander_Albon/alealb01.png.transform/1col/image.png,THA,,,0 days 00:01:30.397000,0 days 00:01:30.221000,,,,,
2024,Bahrain Grand Prix,Qualifying,Daniel Ricciardo,RB,14.0,18.049350649350657,21.51428571428572,46.94805194805195,1.9948051948051948,3,D RICCIARDO,RIC,ricciardo,6692ff,rb,Daniel,Ricciardo,https://media.formula1.com/d_driver_fallback_image.png/content/dam/fom-website/drivers/D/DANRIC01_Daniel_Ricciardo/danric01.png.transform/1col/image.png,AUS,,,0 days 00:01:30.562000,0 days 00:01:30.278000,,,,,
2024,Bahrain Grand Prix,Qualifying,Kevin Magnussen,Haas F1 Team,15.0,18.049350649350657,21.51428571428572,46.94805194805195,1.9948051948051948,20,K MAGNUSSEN,MAG,kevin_magnussen,b6babd,haas,Kevin,Magnussen,https://media.formula1.com/d_driver_fallback_image.png/content/dam/fom-website/drivers/K/KEVMAG01_Kevin_Magnussen/kevmag01.png.transform/1col/image.png,DEN,,,0 days 00:01:30.646000,0 days 00:01:30.529000,,,,,
2024,Bahrain Grand Prix,Qualifying,Valtteri Bottas,Kick Sauber,16.0,18.049350649350657,21.51428571428572,46.94805194805195,1.9948051948051948,77,V BOTTAS,BOT,bottas,52e252,sauber,Valtteri,Bottas,https://media.formula1.com/d_driver_fallback_image.png/content/dam/fom-website/drivers/V/VALBOT01_Valtteri_Bottas/valbot01.png.transform/1col/image.png,FIN,,,0 days 00:01:30.756000,,,,,,
2024,Bahrain Grand Prix,Qualifying,Guanyu Zhou,Kick Sauber,17.0,18.049350649350657,21.51428571428572,46.94805194805195,1.9948051948051948,24,G ZHOU,ZHO,zhou,52e252,sauber,Guanyu,Zhou,https://media.formula1.com/d_driver_fallback_image.png/content/dam/fom-website/drivers/G/GUAZHO01_Guanyu_Zhou/guazho01.png.transform/1col/image.png,CHN,,,0 days 00:01:30.757000,,,,,,
2024,Bahrain Grand Prix,Qualifying,Logan Sargeant,Williams,18.0,18.049350649350657,21.51428571428572,46.94805194805195,1.9948051948051948,2,L SARGEANT,SAR,sargeant,64c4ff,williams,Logan,Sargeant,https://media.formula1.com/d_driver_fallback_image.png/content/dam/fom-website/drivers/L/LOGSAR01_Logan_Sargeant/logsar01.png.transform/1col/image.png,USA,,,0 days 00:01:30.770000,,,,,,
2024,Bahrain Grand Prix,Qualifying,Esteban Ocon,Alpine,19.0,18.049350649350657,21.51428571428572,46.94805194805195,1.9948051948051948,31,E OCON,OCO,ocon,ff87bc,alpine,Esteban,Ocon,https://media.formula1.com/d_driver_fallback_image.png/content/dam/fom-website/drivers/E/ESTOCO01_Esteban_Ocon/estoco01.png.transform/1col/image.png,FRA,,,0 days 00:01:30.793000,,,,,,
2024,Bahrain Grand Prix,Qualifying,Pierre Gasly,Alpine,20.0,18.049350649350657,21.51428571428572,46.94805194805195,1.9948051948051948,10,P GASLY,GAS,gasly,ff87bc,alpine,Pierre,Gasly,https://media.formula1.com/d_driver_fallback_image.png/content/dam/fom-website/drivers/P/PIEGAS01_Pierre_Gasly/piegas01.png.transform/1col/image.png,FRA,,,0 days 00:01:30.948000,,,,,,
2024,Bahrain Grand Prix,Practice 1,Max Verstappen,Red Bull Racing,,19.373170731707315,34.21585365853659,38.74390243902439,3.3780487804878048,1,M VERSTAPPEN,VER,max_verstappen,3671c6,red_bull,Max,Verstappen,https://media.formula1.com/d_driver_fallback_image.png/content/dam/fom-website/drivers/M/MAXVER01_Max_Verstappen/maxver01.png.transform/1col/image.png,NED,,,,,,,,,
2024,Bahrain Grand Prix,Practice 1,Logan Sargeant,Williams,,19.373170731707315,34.21585365853659,38.74390243902439,3.3780487804878048,2,L SARGEANT,SAR,sargeant,64c4ff,williams,Logan,Sargeant,https://media.formula1.com/d_driver_fallback_image.png/content/dam/fom-website/drivers/L/LOGSAR01_Logan_Sargeant/logsar01.png.transform/1col/image.png,USA,,,,,,,,,
2024,Bahrain Grand Prix,Practice 1,Daniel Ricciardo,RB,,19.373170731707315,34.21585365853659,38.74390243902439,3.3780487804878048,3,D RICCIARDO,RIC,ricciardo,6692ff,rb,Daniel,Ricciardo,https://media.formula1.com/d_driver_fallback_image.png/content/dam/fom-website/drivers/D/DANRIC01_Daniel_Ricciardo/danric01.png.transform/1col/image.png,AUS,,,,,,,,,
2024,Bahrain Grand Prix,Practice 1,Lando Norris,McLaren,,19.373170731707315,34.21585365853659,38.74390243902439,3.3780487804878048,4,L NORRIS,NOR,norris,ff8000,mclaren,Lando,Norris,https://media.formula1.com/d_driver_fallback_image.png/content/dam/fom-website/drivers/L/LANNOR01_Lando_Norris/lannor01.png.transform/1col/image.png,GBR,,,,,,,,,
2024,Bahrain Grand Prix,Practice 1,Pierre Gasly,Alpine,,19.373170731707315,34.21585365853659,38.74390243902439,3.3780487804878048,10,P GASLY,GAS,gasly,ff87bc,alpine,Pierre,Gasly,https://media.formula1.com/d_driver_fallback_image.png/content/dam/fom-website/drivers/P/PIEGAS01_Pierre_Gasly/piegas01.png.transform/1col/image.png,FRA,,,,,,,,,
2024,Bahrain Grand Prix,Practice 1,Sergio Perez,Red Bull Racing,,19.373170731707315,34.21585365853659,38.74390243902439,3.3780487804878048,11,S PEREZ,PER,perez,3671c6,red_bull,Sergio,Perez,https://media.formula1.com/d_driver_fallback_image.png/content/dam/fom-website/drivers/S/SERPER01_Sergio_Perez/serper01.png.transform/1col/image.png,MEX,,,,,,,,,
2024,Bahrain Grand Prix,Practice 1,Fernando Alonso,Aston Martin,,19.373170731707315,34.21585365853659,38.74390243902439,3.3780487804878048,14,F ALONSO,ALO,alonso,229971,aston_martin,Fernando,Alonso,https://media.formula1.com/d_driver_fallback_image.png/content/dam/fom-website/drivers/F/FERALO01_Fernando_Alonso/feralo01.png.transform/1col/image.png,ESP,,,,,,,,,
2024,Bahrain Grand Prix,Practice 1,Charles Leclerc,Ferrari,,19.373170731707315,34.21585365853659,38.74390243902439,3.3780487804878048,16,C LECLERC,LEC,leclerc,e8002d,ferrari,Charles,Leclerc,https://media.formula1.com/d_driver_fallback_image.png/content/dam/fom-website/drivers/C/CHALEC01_Charles_Leclerc/chalec01.png.transform/1col/image.png,MON,,,,,,,,,
2024,Bahrain Grand Prix,Practice 1,Lance Stroll,Aston Martin,,19.373170731707315,34.21585365853659,38.74390243902439,3.3780487804878048,18,L STROLL,STR,stroll,229971,aston_martin,Lance,Stroll,https://media.formula1.com/d_driver_fallback_image.png/content/dam/fom-website/drivers/L/LANSTR01_Lance_Stroll/lanstr01.png.transform/1col/image.png,CAN,,,,,,,,,
2024,Bahrain Grand Prix,Practice 1,Kevin Magnussen,Haas F1 Team,,19.373170731707315,34.21585365853659,38.74390243902439,3.3780487804878048,20,K MAGNUSSEN,MAG,kevin_magnussen,b6babd,haas,Kevin,Magnussen,https://media.formula1.com/d_driver_fallback_image.png/content/dam/fom-website/drivers/K/KEVMAG01_Kevin_Magnussen/kevmag01.png.transform/1col/image.png,DEN,,,,,,,,,
2024,Bahrain Grand Prix,Practice 1,Yuki Tsunoda,RB,,19.373170731707315,34.21585365853659,38.74390243902439,3.3780487804878048,22,Y TSUNODA,TSU,tsunoda,6692ff,rb,Yuki,Tsunoda,https://media.formula1.com/d_driver_fallback_image.png/content/dam/fom-website/drivers/Y/YUKTSU01_Yuki_Tsunoda/yuktsu01.png.transform/1col/image.png,JPN,,,,,,,,,
2024,Bahrain Grand Prix,Practice 1,Alexander Albon,Williams,,19.373170731707315,34.21585365853659,38.74390243902439,3.3780487804878048,23,A ALBON,ALB,albon,64c4ff,williams,Alexander,Albon,https://media.formula1.com/d_driver_fallback_image.png/content/dam/fom-website/drivers/A/ALEALB01_Alexander_Albon/alealb01.png.transform/1col/image.png,THA,,,,,,,,,
2024,Bahrain Grand Prix,Practice 1,Guanyu Zhou,Kick Sauber,,19.373170731707315,34.21585365853659,38.74390243902439,3.3780487804878048,24,G ZHOU,ZHO,zhou,52e252,sauber,Guanyu,Zhou,https://media.formula1.com/d_driver_fallback_image.png/content/dam/fom-website/drivers/G/GUAZHO01_Guanyu_Zhou/guazho01.png.transform/1col/image.png,CHN,,,,,,,,,
2024,Bahrain Grand Prix,Practice 1,Nico Hulkenberg,Haas F1 Team,,19.373170731707315,34.21585365853659,38.74390243902439,3.3780487804878048,27,N HULKENBERG,HUL,hulkenberg,b6babd,haas,Nico,Hulkenberg,https://media.formula1.com/d_driver_fallback_image.png/content/dam/fom-website/drivers/N/NICHUL01_Nico_Hulkenberg/nichul01.png.transform/1col/image.png,GER,,,,,,,,,
2024,Bahrain Grand Prix,Practice 1,Esteban Ocon,Alpine,,19.373170731707315,34.21585365853659,38.74390243902439,3.3780487804878048,31,E OCON,OCO,ocon,ff87bc,alpine,Esteban,Ocon,https://media.formula1.com/d_driver_fallback_image.png/content/dam/fom-website/drivers/E/ESTOCO01_Esteban_Ocon/estoco01.png.transform/1col/image.png,FRA,,,,,,,,,
2024,Bahrain Grand Prix,Practice 1,Lewis Hamilton,Mercedes,,19.373170731707315,34.21585365853659,38.74390243902439,3.3780487804878048,44,L HAMILTON,HAM,hamilton,27f4d2,mercedes,Lewis,Hamilton,https://media.formula1.com/d_driver_fallback_image.png/content/dam/fom-website/drivers/L/LEWHAM01_Lewis_Hamilton/lewham01.png.transform/1col/image.png,GBR,,,,,,,,,
2024,Bahrain Grand Prix,Practice 1,Carlos Sainz,Ferrari,,19.373170731707315,34.21585365853659,38.74390243902439,3.3780487804878048,55,C SAINZ,SAI,sainz,e8002d,ferrari,Carlos,Sainz,https://media.formula1.com/d_driver_fallback_image.png/content/dam/fom-website/drivers/C/CARSAI01_Carlos_Sainz/carsai01.png.transform/1col/image.png,ESP,,,,,,,,,
2024,Bahrain Grand Prix,Practice 1,George Russell,Mercedes,,19.373170731707315,34.21585365853659,38.74390243902439,3.3780487804878048,63,G RUSSELL,RUS,russell,27f4d2,mercedes,George,Russell,https://media.formula1.com/d_driver_fallback_image.png/content/dam/fom-website/drivers/G/GEORUS01_George_Russell/georus01.png.transform/1col/image.png,GBR,,,,,,,,,
2024,Bahrain Grand Prix,Practice 1,Valtteri Bottas,Kick Sauber,,19.373170731707315,34.21585365853659,38.74390243902439,3.3780487804878048,77,V BOTTAS,BOT,bottas,52e252,sauber,Valtteri,Bottas,https://media.formula1.com/d_driver_fallback_image.png/content/dam/fom-website/drivers/V/VALBOT01_Valtteri_Bottas/valbot01.png.transform/1col/image.png,FIN,,,,,,,,,
2024,Bahrain Grand Prix,Practice 1,Oscar Piastri,McLaren,,19.373170731707315,34.21585365853659,38.74390243902439,3.3780487804878048,81,O PIASTRI,PIA,piastri,ff8000,mclaren,Oscar,Piastri,https://media.formula1.com/d_driver_fallback_image.png/content/dam/fom-website/drivers/O/OSCPIA01_Oscar_Piastri/oscpia01.png.transform/1col/image.png,AUS,,,,,,,,,
2024,Bahrain Grand Prix,Practice 2,Max Verstappen,Red Bull Racing,,17.24756097560976,22.098780487804877,39.02439024390244,2.2817073170731708,1,M VERSTAPPEN,VER,max_verstappen,3671c6,red_bull,Max,Verstappen,https://media.formula1.com/d_driver_fallback_image.png/content/dam/fom-website/drivers/M/MAXVER01_Max_Verstappen/maxver01.png.transform/1col/image.png,NED,,,,,,,,,
2024,Bahrain Grand Prix,Practice 2,Logan Sargeant,Williams,,17.24756097560976,22.098780487804877,39.02439024390244,2.2817073170731708,2,L SARGEANT,SAR,sargeant,64c4ff,williams,Logan,Sargeant,https://media.formula1.com/d_driver_fallback_image.png/content/dam/fom-website/drivers/L/LOGSAR01_Logan_Sargeant/logsar01.png.transform/1col/image.png,USA,,,,,,,,,
2024,Bahrain Grand Prix,Practice 2,Daniel Ricciardo,RB,,17.24756097560976,22.098780487804877,39.02439024390244,2.2817073170731708,3,D RICCIARDO,RIC,ricciardo,6692ff,rb,Daniel,Ricciardo,https://media.formula1.com/d_driver_fallback_image.png/content/dam/fom-website/drivers/D/DANRIC01_Daniel_Ricciardo/danric01.png.transform/1col/image.png,AUS,,,,,,,,,
2024,Bahrain Grand Prix,Practice 2,Lando Norris,McLaren,,17.24756097560976,22.098780487804877,39.02439024390244,2.2817073170731708,4,L NORRIS,NOR,norris,ff8000,mclaren,Lando,Norris,https://media.formula1.com/d_driver_fallback_image.png/content/dam/fom-website/drivers/L/LANNOR01_Lando_Norris/lannor01.png.transform/1col/image.png,GBR,,,,,,,,,
2024,Bahrain Grand Prix,Practice 2,Pierre Gasly,Alpine,,17.24756097560976,22.098780487804877,39.02439024390244,2.2817073170731708,10,P GASLY,GAS,gasly,ff87bc,alpine,Pierre,Gasly,https://media.formula1.com/d_driver_fallback_image.png/content/dam/fom-website/drivers/P/PIEGAS01_Pierre_Gasly/piegas01.png.transform/1col/image.png,FRA,,,,,,,,,
2024,Bahrain Grand Prix,Practice 2,Sergio Perez,Red Bull Racing,,17.24756097560976,22.098780487804877,39.02439024390244,2.2817073170731708,11,S PEREZ,PER,perez,3671c6,red_bull,Sergio,Perez,https://media.formula1.com/d_driver_fallback_image.png/content/dam/fom-website/drivers/S/SERPER01_Sergio_Perez/serper01.png.transform/1col/image.png,MEX,,,,,,,,,
2024,Bahrain Grand Prix,Practice 2,Fernando Alonso,Aston Martin,,17.24756097560976,22.098780487804877,39.02439024390244,2.2817073170731708,14,F ALONSO,ALO,alonso,229971,aston_martin,Fernando,Alonso,https://media.formula1.com/d_driver_fallback_image.png/content/dam/fom-website/drivers/F/FERALO01_Fernando_Alonso/feralo01.png.transform/1col/image.png,ESP,,,,,,,,,
2024,Bahrain Grand Prix,Practice 2,Charles Leclerc,Ferrari,,17.24756097560976,22.098780487804877,39.02439024390244,2.2817073170731708,16,C LECLERC,LEC,leclerc,e8002d,ferrari,Charles,Leclerc,https://media.formula1.com/d_driver_fallback_image.png/content/dam/fom-website/drivers/C/CHALEC01_Charles_Leclerc/chalec01.png.transform/1col/image.png,MON,,,,,,,,,
2024,Bahrain Grand Prix,Practice 2,Lance Stroll,Aston Martin,,17.24756097560976,22.098780487804877,39.02439024390244,2.2817073170731708,18,L STROLL,STR,stroll,229971,aston_martin,Lance,Stroll,https://media.formula1.com/d_driver_fallback_image.png/content/dam/fom-website/drivers/L/LANSTR01_Lance_Stroll/lanstr01.png.transform/1col/image.png,CAN,,,,,,,,,
2024,Bahrain Grand Prix,Practice 2,Kevin Magnussen,Haas F1 Team,,17.24756097560976,22.098780487804877,39.02439024390244,2.2817073170731708,20,K MAGNUSSEN,MAG,kevin_magnussen,b6babd,haas,Kevin,Magnussen,https://media.formula1.com/d_driver_fallback_image.png/content/dam/fom-website/drivers/K/KEVMAG01_Kevin_Magnussen/kevmag01.png.transform/1col/image.png,DEN,,,,,,,,,
2024,Bahrain Grand Prix,Practice 2,Yuki Tsunoda,RB,,17.24756097560976,22.098780487804877,39.02439024390244,2.2817073170731708,22,Y TSUNODA,TSU,tsunoda,6692ff,rb,Yuki,Tsunoda,https://media.formula1.com/d_driver_fallback_image.png/content/dam/fom-website/drivers/Y/YUKTSU01_Yuki_Tsunoda/yuktsu01.png.transform/1col/image.png,JPN,,,,,,,,,
2024,Bahrain Grand Prix,Practice 2,Alexander Albon,Williams,,17.24756097560976,22.098780487804877,39.02439024390244,2.2817073170731708,23,A ALBON,ALB,albon,64c4ff,williams,Alexander,Albon,https://media.formula1.com/d_driver_fallback_image.png/content/dam/fom-website/drivers/A/ALEALB01_Alexander_Albon/alealb01.png.transform/1col/image.png,THA,,,,,,,,,
2024,Bahrain Grand Prix,Practice 2,Guanyu Zhou,Kick Sauber,,17.24756097560976,22.098780487804877,39.02439024390244,2.2817073170731708,24,G ZHOU,ZHO,zhou,52e252,sauber,Guanyu,Zhou,https://media.formula1.com/d_driver_fallback_image.png/content/dam/fom-website/drivers/G/GUAZHO01_Guanyu_Zhou/guazho01.png.transform/1col/image.png,CHN,,,,,,,,,
2024,Bahrain Grand Prix,Practice 2,Nico Hulkenberg,Haas F1 Team,,17.24756097560976,22.098780487804877,39.02439024390244,2.2817073170731708,27,N HULKENBERG,HUL,hulkenberg,b6babd,haas,Nico,Hulkenberg,https://media.formula1.com/d_driver_fallback_image.png/content/dam/fom-website/drivers/N/NICHUL01_Nico_Hulkenberg/nichul01.png.transform/1col/image.png,GER,,,,,,,,,
2024,Bahrain Grand Prix,Practice 2,Esteban Ocon,Alpine,,17.24756097560976,22.098780487804877,39.02439024390244,2.2817073170731708,31,E OCON,OCO,ocon,ff87bc,alpine,Esteban,Ocon,https://media.formula1.com/d_driver_fallback_image.png/content/dam/fom-website/drivers/E/ESTOCO01_Esteban_Ocon/estoco01.png.transform/1col/image.png,FRA,,,,,,,,,
2024,Bahrain Grand Prix,Practice 2,Lewis Hamilton,Mercedes,,17.24756097560976,22.098780487804877,39.02439024390244,2.2817073170731708,44,L HAMILTON,HAM,hamilton,27f4d2,mercedes,Lewis,Hamilton,https://media.formula1.com/d_driver_fallback_image.png/content/dam/fom-website/drivers/L/LEWHAM01_Lewis_Hamilton/lewham01.png.transform/1col/image.png,GBR,,,,,,,,,
2024,Bahrain Grand Prix,Practice 2,Carlos Sainz,Ferrari,,17.24756097560976,22.098780487804877,39.02439024390244,2.2817073170731708,55,C SAINZ,SAI,sainz,e8002d,ferrari,Carlos,Sainz,https://media.formula1.com/d_driver_fallback_image.png/content/dam/fom-website/drivers/C/CARSAI01_Carlos_Sainz/carsai01.png.transform/1col/image.png,ESP,,,,,,,,,
2024,Bahrain Grand Prix,Practice 2,George Russell,Mercedes,,17.24756097560976,22.098780487804877,39.02439024390244,2.2817073170731708,63,G RUSSELL,RUS,russell,27f4d2,mercedes,George,Russell,https://media.formula1.com/d_driver_fallback_image.png/content/dam/fom-website/drivers/G/GEORUS01_George_Russell/georus01.png.transform/1col/image.png,GBR,,,,,,,,,
2024,Bahrain Grand Prix,Practice 2,Valtteri Bottas,Kick Sauber,,17.24756097560976,22.098780487804877,39.02439024390244,2.2817073170731708,77,V BOTTAS,BOT,bottas,52e252,sauber,Valtteri,Bottas,https://media.formula1.com/d_driver_fallback_image.png/content/dam/fom-website/drivers/V/VALBOT01_Valtteri_Bottas/valbot01.png.transform/1col/image.png,FIN,,,,,,,,,
2024,Bahrain Grand Prix,Practice 2,Oscar Piastri,McLaren,,17.24756097560976,22.098780487804877,39.02439024390244,2.2817073170731708,81,O PIASTRI,PIA,piastri,ff8000,mclaren,Oscar,Piastri,https://media.formula1.com/d_driver_fallback_image.png/content/dam/fom-website/drivers/O/OSCPIA01_Oscar_Piastri/oscpia01.png.transform/1col/image.png,AUS,,,,,,,,,
2024,Bahrain Grand Prix,Practice 3,Max Verstappen,Red Bull Racing,,20.259756097560977,32.01341463414634,35.71951219512195,2.778048780487805,1,M VERSTAPPEN,VER,max_verstappen,3671c6,red_bull,Max,Verstappen,https://media.formula1.com/d_driver_fallback_image.png/content/dam/fom-website/drivers/M/MAXVER01_Max_Verstappen/maxver01.png.transform/1col/image.png,NED,,,,,,,,,
2024,Bahrain Grand Prix,Practice 3,Logan Sargeant,Williams,,20.259756097560977,32.01341463414634,35.71951219512195,2.778048780487805,2,L SARGEANT,SAR,sargeant,64c4ff,williams,Logan,Sargeant,https://media.formula1.com/d_driver_fallback_image.png/content/dam/fom-website/drivers/L/LOGSAR01_Logan_Sargeant/logsar01.png.transform/1col/image.png,USA,,,,,,,,,
2024,Bahrain Grand Prix,Practice 3,Daniel Ricciardo,RB,,20.259756097560977,32.01341463414634,35.71951219512195,2.778048780487805,3,D RICCIARDO,RIC,ricciardo,6692ff,rb,Daniel,Ricciardo,https://media.formula1.com/d_driver_fallback_image.png/content/dam/fom-website/drivers/D/DANRIC01_Daniel_Ricciardo/danric01.png.transform/1col/image.png,AUS,,,,,,,,,
2024,Bahrain Grand Prix,Practice 3,Lando Norris,McLaren,,20.259756097560977,32.01341463414634,35.71951219512195,2.778048780487805,4,L NORRIS,NOR,norris,ff8000,mclaren,Lando,Norris,https://media.formula1.com/d_driver_fallback_image.png/content/dam/fom-website/drivers/L/LANNOR01_Lando_Norris/lannor01.png.transform/1col/image.png,GBR,,,,,,,,,
2024,Bahrain Grand Prix,Practice 3,Pierre Gasly,Alpine,,20.259756097560977,32.01341463414634,35.71951219512195,2.778048780487805,10,P GASLY,GAS,gasly,ff87bc,alpine,Pierre,Gasly,https://media.formula1.com/d_driver_fallback_image.png/content/dam/fom-website/drivers/P/PIEGAS01_Pierre_Gasly/piegas01.png.transform/1col/image.png,FRA,,,,,,,,,
2024,Bahrain Grand Prix,Practice 3,Sergio Perez,Red Bull Racing,,20.259756097560977,32.01341463414634,35.71951219512195,2.778048780487805,11,S PEREZ,PER,perez,3671c6,red_bull,Sergio,Perez,https://media.formula1.com/d_driver_fallback_image.png/content/dam/fom-website/drivers/S/SERPER01_Sergio_Perez/serper01.png.transform/1col/image.png,MEX,,,,,,,,,
2024,Bahrain Grand Prix,Practice 3,Fernando Alonso,Aston Martin,,20.259756097560977,32.01341463414634,35.71951219512195,2.778048780487805,14,F ALONSO,ALO,alonso,229971,aston_martin,Fernando,Alonso,https://media.formula1.com/d_driver_fallback_image.png/content/dam/fom-website/drivers/F/FERALO01_Fernando_Alonso/feralo01.png.transform/1col/image.png,ESP,,,,,,,,,
2024,Bahrain Grand Prix,Practice 3,Charles Leclerc,Ferrari,,20.259756097560977,32.01341463414634,35.71951219512195,2.778048780487805,16,C LECLERC,LEC,leclerc,e8002d,ferrari,Charles,Leclerc,https://media.formula1.com/d_driver_fallback_image.png/content/dam/fom-website/drivers/C/CHALEC01_Charles_Leclerc/chalec01.png.transform/1col/image.png,MON,,,,,,,,,
2024,Bahrain Grand Prix,Practice 3,Lance Stroll,Aston Martin,,20.259756097560977,32.01341463414634,35.71951219512195,2.778048780487805,18,L STROLL,STR,stroll,229971,aston_martin,Lance,Stroll,https://media.formula1.com/d_driver_fallback_image.png/content/dam/fom-website/drivers/L/LANSTR01_Lance_Stroll/lanstr01.png.transform/1col/image.png,CAN,,,,,,,,,
2024,Bahrain Grand Prix,Practice 3,Kevin Magnussen,Haas F1 Team,,20.259756097560977,32.01341463414634,35.71951219512195,2.778048780487805,20,K MAGNUSSEN,MAG,kevin_magnussen,b6babd,haas,Kevin,Magnussen,https://media.formula1.com/d_driver_fallback_image.png/content/dam/fom-website/drivers/K/KEVMAG01_Kevin_Magnussen/kevmag01.png.transform/1col/image.png,DEN,,,,,,,,,
2024,Bahrain Grand Prix,Practice 3,Yuki Tsunoda,RB,,20.259756097560977,32.01341463414634,35.71951219512195,2.778048780487805,22,Y TSUNODA,TSU,tsunoda,6692ff,rb,Yuki,Tsunoda,https://media.formula1.com/d_driver_fallback_image.png/content/dam/fom-website/drivers/Y/YUKTSU01_Yuki_Tsunoda/yuktsu01.png.transform/1col/image.png,JPN,,,,,,,,,
2024,Bahrain Grand Prix,Practice 3,Alexander Albon,Williams,,20.259756097560977,32.01341463414634,35.71951219512195,2.778048780487805,23,A ALBON,ALB,albon,64c4ff,williams,Alexander,Albon,https://media.formula1.com/d_driver_fallback_image.png/content/dam/fom-website/drivers/A/ALEALB01_Alexander_Albon/alealb01.png.transform/1col/image.png,THA,,,,,,,,,
2024,Bahrain Grand Prix,Practice 3,Guanyu Zhou,Kick Sauber,,20.259756097560977,32.01341463414634,35.71951219512195,2.778048780487805,24,G ZHOU,ZHO,zhou,52e252,sauber,Guanyu,Zhou,https://media.formula1.com/d_driver_fallback_image.png/content/dam/fom-website/drivers/G/GUAZHO01_Guanyu_Zhou/guazho01.png.transform/1col/image.png,CHN,,,,,,,,,
2024,Bahrain Grand Prix,Practice 3,Nico Hulkenberg,Haas F1 Team,,20.259756097560977,32.01341463414634,35.71951219512195,2.778048780487805,27,N HULKENBERG,HUL,hulkenberg,b6babd,haas,Nico,Hulkenberg,https://media.formula1.com/d_driver_fallback_image.png/content/dam/fom-website/drivers/N/NICHUL01_Nico_Hulkenberg/nichul01.png.transform/1col/image.png,GER,,,,,,,,,
2024,Bahrain Grand Prix,Practice 3,Esteban Ocon,Alpine,,20.259756097560977,32.01341463414634,35.71951219512195,2.778048780487805,31,E OCON,OCO,ocon,ff87bc,alpine,Esteban,Ocon,https://media.formula1.com/d_driver_fallback_image.png/content/dam/fom-website/drivers/E/ESTOCO01_Esteban_Ocon/estoco01.png.transform/1col/image.png,FRA,,,,,,,,,
2024,Bahrain Grand Prix,Practice 3,Lewis Hamilton,Mercedes,,20.259756097560977,32.01341463414634,35.71951219512195,2.778048780487805,44,L HAMILTON,HAM,hamilton,27f4d2,mercedes,Lewis,Hamilton,https://media.formula1.com/d_driver_fallback_image.png/content/dam/fom-website/drivers/L/LEWHAM01_Lewis_Hamilton/lewham01.png.transform/1col/image.png,GBR,,,,,,,,,
2024,Bahrain Grand Prix,Practice 3,Carlos Sainz,Ferrari,,20.259756097560977,32.01341463414634,35.71951219512195,2.778048780487805,55,C SAINZ,SAI,sainz,e8002d,ferrari,Carlos,Sainz,https://media.formula1.com/d_driver_fallback_image.png/content/dam/fom-website/drivers/C/CARSAI01_Carlos_Sainz/carsai01.png.transform/1col/image.png,ESP,,,,,,,,,
2024,Bahrain Grand Prix,Practice 3,George Russell,Mercedes,,20.259756097560977,32.01341463414634,35.71951219512195,2.778048780487805,63,G RUSSELL,RUS,russell,27f4d2,mercedes,George,Russell,https://media.formula1.com/d_driver_fallback_image.png/content/dam/fom-website/drivers/G/GEORUS01_George_Russell/georus01.png.transform/1col/image.png,GBR,,,,,,,,,
2024,Bahrain Grand Prix,Practice 3,Valtteri Bottas,Kick Sauber,,20.259756097560977,32.01341463414634,35.71951219512195,2.778048780487805,77,V BOTTAS,BOT,bottas,52e252,sauber,Valtteri,Bottas,https://media.formula1.com/d_driver_fallback_image.png/content/dam/fom-website/drivers/V/VALBOT01_Valtteri_Bottas/valbot01.png.transform/1col/image.png,FIN,,,,,,,,,
2024,Bahrain Grand Prix,Practice 3,Oscar Piastri,McLaren,,20.259756097560977,32.01341463414634,35.71951219512195,2.778048780487805,81,O PIASTRI,PIA,piastri,ff8000,mclaren,Oscar,Piastri,https://media.formula1.com/d_driver_fallback_image.png/content/dam/fom-website/drivers/O/OSCPIA01_Oscar_Piastri/oscpia01.png.transform/1col/image.png,AUS,,,,,,,,,
2024,Saudi Arabian Grand Prix,Race,Max Verstappen,Red Bull Racing,1.0,25.528082191780825,31.59315068493151,62.33561643835616,1.3027397260273974,1,M VERSTAPPEN,VER,max_verstappen,3671c6,red_bull,Max,Verstappen,https://media.formula1.com/d_driver_fallback_image.png/content/dam/fom-website/drivers/M/MAXVER01_Max_Verstappen/maxver01.png.transform/1col/image.png,NED,1,1.0,,,,0 days 01:20:43.273000,Finished,25.0,50.0
2024,Saudi Arabian Grand Prix,Race,Sergio Perez,Red Bull Racing,2.0,25.528082191780825,31.59315068493151,62.33561643835616,1.3027397260273974,11,S PEREZ,PER,perez,3671c6,red_bull,Sergio,Perez,https://media.formula1.com/d_driver_fallback_image.png/content/dam/fom-website/drivers/S/SERPER01_Sergio_Perez/serper01.png.transform/1col/image.png,MEX,2,3.0,,,,0 days 00:00:13.643000,Finished,18.0,50.0
2024,Saudi Arabian Grand Prix,Race,Charles Leclerc,Ferrari,3.0,25.528082191780825,31.59315068493151,62.33561643835616,1.3027397260273974,16,C LECLERC,LEC,leclerc,e8002d,ferrari,Charles,Leclerc,https://media.formula1.com/d_driver_fallback_image.png/content/dam/fom-website/drivers/C/CHALEC01_Charles_Leclerc/chalec01.png.transform/1col/image.png,MON,3,2.0,,,,0 days 00:00:18.639000,Finished,16.0,50.0
2024,Saudi Arabian Grand Prix,Race,Oscar Piastri,McLaren,4.0,25.528082191780825,31.59315068493151,62.33561643835616,1.3027397260273974,81,O PIASTRI,PIA,piastri,ff8000,mclaren,Oscar,Piastri,https://media.formula1.com/d_driver_fallback_image.png/content/dam/fom-website/drivers/O/OSCPIA01_Oscar_Piastri/oscpia01.png.transform/1col/image.png,AUS,4,5.0,,,,0 days 00:00:32.007000,Finished,12.0,50.0
2024,Saudi Arabian Grand Prix,Race,Fernando Alonso,Aston Martin,5.0,25.528082191780825,31.59315068493151,62.33561643835616,1.3027397260273974,14,F ALONSO,ALO,alonso,229971,aston_martin,Fernando,Alonso,https://media.formula1.com/d_driver_fallback_image.png/content/dam/fom-website/drivers/F/FERALO01_Fernando_Alonso/feralo01.png.transform/1col/image.png,ESP,5,4.0,,,,0 days 00:00:35.759000,Finished,10.0,50.0
2024,Saudi Arabian Grand Prix,Race,George Russell,Mercedes,6.0,25.528082191780825,31.59315068493151,62.33561643835616,1.3027397260273974,63,G RUSSELL,RUS,russell,27f4d2,mercedes,George,Russell,https://media.formula1.com/d_driver_fallback_image.png/content/dam/fom-website/drivers/G/GEORUS01_George_Russell/georus01.png.transform/1col/image.png,GBR,6,7.0,,,,0 days 00:00:39.936000,Finished,8.0,50.0
2024,Saudi Arabian Grand Prix,Race,Oliver Bearman,Ferrari,7.0,25.528082191780825,31.59315068493151,62.33561643835616,1.3027397260273974,38,O BEARMAN,BEA,bearman,e8002d,ferrari,Oliver,Bearman,None,GBR,7,11.0,,,,0 days 00:00:42.679000,Finished,6.0,50.0
2024,Saudi Arabian Grand Prix,Race,Lando Norris,McLaren,8.0,25.528082191780825,31.59315068493151,62.33561643835616,1.3027397260273974,4,L NORRIS,NOR,norris,ff8000,mclaren,Lando,Norris,https://media.formula1.com/d_driver_fallback_image.png/content/dam/fom-website/drivers/L/LANNOR01_Lando_Norris/lannor01.png.transform/1col/image.png,GBR,8,6.0,,,,0 days 00:00:45.708000,Finished,4.0,50.0
2024,Saudi Arabian Grand Prix,Race,Lewis Hamilton,Mercedes,9.0,25.528082191780825,31.59315068493151,62.33561643835616,1.3027397260273974,44,L HAMILTON,HAM,hamilton,27f4d2,mercedes,Lewis,Hamilton,https://media.formula1.com/d_driver_fallback_image.png/content/dam/fom-website/drivers/L/LEWHAM01_Lewis_Hamilton/lewham01.png.transform/1col/image.png,GBR,9,8.0,,,,0 days 00:00:47.391000,Finished,2.0,50.0
2024,Saudi Arabian Grand Prix,Race,Nico Hulkenberg,Haas F1 Team,10.0,25.528082191780825,31.59315068493151,62.33561643835616,1.3027397260273974,27,N HULKENBERG,HUL,hulkenberg,b6babd,haas,Nico,Hulkenberg,https://media.formula1.com/d_driver_fallback_image.png/content/dam/fom-website/drivers/N/NICHUL01_Nico_Hulkenberg/nichul01.png.transform/1col/image.png,GER,10,15.0,,,,0 days 00:01:16.996000,Finished,1.0,50.0
2024,Saudi Arabian Grand Prix,Race,Alexander Albon,Williams,11.0,25.528082191780825,31.59315068493151,62.33561643835616,1.3027397260273974,23,A ALBON,ALB,albon,64c4ff,williams,Alexander,Albon,https://media.formula1.com/d_driver_fallback_image.png/content/dam/fom-website/drivers/A/ALEALB01_Alexander_Albon/alealb01.png.transform/1col/image.png,THA,11,12.0,,,,0 days 00:01:28.354000,Finished,0.0,50.0
2024,Saudi Arabian Grand Prix,Race,Kevin Magnussen,Haas F1 Team,12.0,25.528082191780825,31.59315068493151,62.33561643835616,1.3027397260273974,20,K MAGNUSSEN,MAG,kevin_magnussen,b6babd,haas,Kevin,Magnussen,https://media.formula1.com/d_driver_fallback_image.png/content/dam/fom-website/drivers/K/KEVMAG01_Kevin_Magnussen/kevmag01.png.transform/1col/image.png,DEN,12,13.0,,,,0 days 00:01:45.737000,Finished,0.0,50.0
2024,Saudi Arabian Grand Prix,Race,Esteban Ocon,Alpine,13.0,25.528082191780825,31.59315068493151,62.33561643835616,1.3027397260273974,31,E OCON,OCO,ocon,ff87bc,alpine,Esteban,Ocon,https://media.formula1.com/d_driver_fallback_image.png/content/dam/fom-website/drivers/E/ESTOCO01_Esteban_Ocon/estoco01.png.transform/1col/image.png,FRA,13,17.0,,,,0 days 00:00:04.001000,Lapped,0.0,49.0
2024,Saudi Arabian Grand Prix,Race,Logan Sargeant,Williams,14.0,25.528082191780825,31.59315068493151,62.33561643835616,1.3027397260273974,2,L SARGEANT,SAR,sargeant,64c4ff,williams,Logan,Sargeant,https://media.formula1.com/d_driver_fallback_image.png/content/dam/fom-website/drivers/L/LOGSAR01_Logan_Sargeant/logsar01.png.transform/1col/image.png,USA,14,19.0,,,,0 days 00:00:06.785000,Lapped,0.0,49.0
2024,Saudi Arabian Grand Prix,Race,Yuki Tsunoda,RB,15.0,25.528082191780825,31.59315068493151,62.33561643835616,1.3027397260273974,22,Y TSUNODA,TSU,tsunoda,6692ff,rb,Yuki,Tsunoda,https://media.formula1.com/d_driver_fallback_image.png/content/dam/fom-website/drivers/Y/YUKTSU01_Yuki_Tsunoda/yuktsu01.png.transform/1col/image.png,JPN,15,9.0,,,,0 days 00:00:10.533000,Lapped,0.0,49.0
2024,Saudi Arabian Grand Prix,Race,Daniel Ricciardo,RB,16.0,25.528082191780825,31.59315068493151,62.33561643835616,1.3027397260273974,3,D RICCIARDO,RIC,ricciardo,6692ff,rb,Daniel,Ricciardo,https://media.formula1.com/d_driver_fallback_image.png/content/dam/fom-website/drivers/D/DANRIC01_Daniel_Ricciardo/danric01.png.transform/1col/image.png,AUS,16,14.0,,,,0 days 00:00:20.715000,Lapped,0.0,49.0
2024,Saudi Arabian Grand Prix,Race,Valtteri Bottas,Kick Sauber,17.0,25.528082191780825,31.59315068493151,62.33561643835616,1.3027397260273974,77,V BOTTAS,BOT,bottas,52e252,sauber,Valtteri,Bottas,https://media.formula1.com/d_driver_fallback_image.png/content/dam/fom-website/drivers/V/VALBOT01_Valtteri_Bottas/valbot01.png.transform/1col/image.png,FIN,17,16.0,,,,0 days 00:00:23.115000,Lapped,0.0,49.0
2024,Saudi Arabian Grand Prix,Race,Guanyu Zhou,Kick Sauber,18.0,25.528082191780825,31.59315068493151,62.33561643835616,1.3027397260273974,24,G ZHOU,ZHO,zhou,52e252,sauber,Guanyu,Zhou,https://media.formula1.com/d_driver_fallback_image.png/content/dam/fom-website/drivers/G/GUAZHO01_Guanyu_Zhou/guazho01.png.transform/1col/image.png,CHN,18,20.0,,,,0 days 00:00:29.553000,Lapped,0.0,49.0
2024,Saudi Arabian Grand Prix,Race,Lance Stroll,Aston Martin,19.0,25.528082191780825,31.59315068493151,62.33561643835616,1.3027397260273974,18,L STROLL,STR,stroll,229971,aston_martin,Lance,Stroll,https://media.formula1.com/d_driver_fallback_image.png/content/dam/fom-website/drivers/L/LANSTR01_Lance_Stroll/lanstr01.png.transform/1col/image.png,CAN,R,10.0,,,,,Retired,0.0,5.0
2024,Saudi Arabian Grand Prix,Race,Pierre Gasly,Alpine,20.0,25.528082191780825,31.59315068493151,62.33561643835616,1.3027397260273974,10,P GASLY,GAS,gasly,ff87bc,alpine,Pierre,Gasly,https://media.formula1.com/d_driver_fallback_image.png/content/dam/fom-website/drivers/P/PIEGAS01_Pierre_Gasly/piegas01.png.transform/1col/image.png,FRA,R,18.0,,,,,Retired,0.0,1.0
2024,Saudi Arabian Grand Prix,Qualifying,Max Verstappen,Red Bull Racing,1.0,25.10638297872341,30.786170212765963,56.0531914893617,1.4734042553191489,1,M VERSTAPPEN,VER,max_verstappen,3671c6,red_bull,Max,Verstappen,https://media.formula1.com/d_driver_fallback_image.png/content/dam/fom-website/drivers/M/MAXVER01_Max_Verstappen/maxver01.png.transform/1col/image.png,NED,,,0 days 00:01:28.171000,0 days 00:01:28.033000,0 days 00:01:27.472000,,,,
2024,Saudi Arabian Grand Prix,Qualifying,Charles Leclerc,Ferrari,2.0,25.10638297872341,30.786170212765963,56.0531914893617,1.4734042553191489,16,C LECLERC,LEC,leclerc,e8002d,ferrari,Charles,Leclerc,https://media.formula1.com/d_driver_fallback_image.png/content/dam/fom-website/drivers/C/CHALEC01_Charles_Leclerc/chalec01.png.transform/1col/image.png,MON,,,0 days 00:01:28.318000,0 days 00:01:28.112000,0 days 00:01:27.791000,,,,
2024,Saudi Arabian Grand Prix,Qualifying,Sergio Perez,Red Bull Racing,3.0,25.10638297872341,30.786170212765963,56.0531914893617,1.4734042553191489,11,S PEREZ,PER,perez,3671c6,red_bull,Sergio,Perez,https://media.formula1.com/d_driver_fallback_image.png/content/dam/fom-website/drivers/S/SERPER01_Sergio_Perez/serper01.png.transform/1col/image.png,MEX,,,0 days 00:01:28.638000,0 days 00:01:28.467000,0 days 00:01:27.807000,,,,
2024,Saudi Arabian Grand Prix,Qualifying,Fernando Alonso,Aston Martin,4.0,25.10638297872341,30.786170212765963,56.0531914893617,1.4734042553191489,14,F ALONSO,ALO,alonso,229971,aston_martin,Fernando,Alonso,https://media.formula1.com/d_driver_fallback_image.png/content/dam/fom-website/drivers/F/FERALO01_Fernando_Alonso/feralo01.png.transform/1col/image.png,ESP,,,0 days 00:01:28.706000,0 days 00:01:28.122000,0 days 00:01:27.846000,,,,
2024,Saudi Arabian Grand Prix,Qualifying,Oscar Piastri,McLaren,5.0,25.10638297872341,30.786170212765963,56.0531914893617,1.4734042553191489,81,O PIASTRI,PIA,piastri,ff8000,mclaren,Oscar,Piastri,https://media.formula1.com/d_driver_fallback_image.png/content/dam/fom-website/drivers/O/OSCPIA01_Oscar_Piastri/oscpia01.png.transform/1col/image.png,AUS,,,0 days 00:01:28.755000,0 days 00:01:28.343000,0 days 00:01:28.089000,,,,
2024,Saudi Arabian Grand Prix,Qualifying,Lando Norris,McLaren,6.0,25.10638297872341,30.786170212765963,56.0531914893617,1.4734042553191489,4,L NORRIS,NOR,norris,ff8000,mclaren,Lando,Norris,https://media.formula1.com/d_driver_fallback_image.png/content/dam/fom-website/drivers/L/LANNOR01_Lando_Norris/lannor01.png.transform/1col/image.png,GBR,,,0 days 00:01:28.805000,0 days 00:01:28.479000,0 days 00:01:28.132000,,,,
2024,Saudi Arabian Grand Prix,Qualifying,George Russell,Mercedes,7.0,25.10638297872341,30.786170212765963,56.0531914893617,1.4734042553191489,63,G RUSSELL,RUS,russell,27f4d2,mercedes,George,Russell,https://media.formula1.com/d_driver_fallback_image.png/content/dam/fom-website/drivers/G/GEORUS01_George_Russell/georus01.png.transform/1col/image.png,GBR,,,0 days 00:01:28.749000,0 days 00:01:28.448000,0 days 00:01:28.316000,,,,
2024,Saudi Arabian Grand Prix,Qualifying,Lewis Hamilton,Mercedes,8.0,25.10638297872341,30.786170212765963,56.0531914893617,1.4734042553191489,44,L HAMILTON,HAM,hamilton,27f4d2,mercedes,Lewis,Hamilton,https://media.formula1.com/d_driver_fallback_image.png/content/dam/fom-website/drivers/L/LEWHAM01_Lewis_Hamilton/lewham01.png.transform/1col/image.png,GBR,,,0 days 00:01:28.994000,0 days 00:01:28.606000,0 days 00:01:28.460000,,,,
2024,Saudi Arabian Grand Prix,Qualifying,Yuki Tsunoda,RB,9.0,25.10638297872341,30.786170212765963,56.0531914893617,1.4734042553191489,22,Y TSUNODA,TSU,tsunoda,6692ff,rb,Yuki,Tsunoda,https://media.formula1.com/d_driver_fallback_image.png/content/dam/fom-website/drivers/Y/YUKTSU01_Yuki_Tsunoda/yuktsu01.png.transform/1col/image.png,JPN,,,0 days 00:01:28.988000,0 days 00:01:28.564000,0 days 00:01:28.547000,,,,
2024,Saudi Arabian Grand Prix,Qualifying,Lance Stroll,Aston Martin,10.0,25.10638297872341,30.786170212765963,56.0531914893617,1.4734042553191489,18,L STROLL,STR,stroll,229971,aston_martin,Lance,Stroll,https://media.formula1.com/d_driver_fallback_image.png/content/dam/fom-website/drivers/L/LANSTR01_Lance_Stroll/lanstr01.png.transform/1col/image.png,CAN,,,0 days 00:01:28.250000,0 days 00:01:28.578000,0 days 00:01:28.572000,,,,
2024,Saudi Arabian Grand Prix,Qualifying,Oliver Bearman,Ferrari,11.0,25.10638297872341,30.786170212765963,56.0531914893617,1.4734042553191489,38,O BEARMAN,BEA,bearman,e8002d,ferrari,Oliver,Bearman,None,GBR,,,0 days 00:01:28.984000,0 days 00:01:28.642000,,,,,
2024,Saudi Arabian Grand Prix,Qualifying,Alexander Albon,Williams,12.0,25.10638297872341,30.786170212765963,56.0531914893617,1.4734042553191489,23,A ALBON,ALB,albon,64c4ff,williams,Alexander,Albon,https://media.formula1.com/d_driver_fallback_image.png/content/dam/fom-website/drivers/A/ALEALB01_Alexander_Albon/alealb01.png.transform/1col/image.png,THA,,,0 days 00:01:29.107000,0 days 00:01:28.980000,,,,,
2024,Saudi Arabian Grand Prix,Qualifying,Kevin Magnussen,Haas F1 Team,13.0,25.10638297872341,30.786170212765963,56.0531914893617,1.4734042553191489,20,K MAGNUSSEN,MAG,kevin_magnussen,b6babd,haas,Kevin,Magnussen,https://media.formula1.com/d_driver_fallback_image.png/content/dam/fom-website/drivers/K/KEVMAG01_Kevin_Magnussen/kevmag01.png.transform/1col/image.png,DEN,,,0 days 00:01:29.069000,0 days 00:01:29.020000,,,,,
2024,Saudi Arabian Grand Prix,Qualifying,Daniel Ricciardo,RB,14.0,25.10638297872341,30.786170212765963,56.0531914893617,1.4734042553191489,3,D RICCIARDO,RIC,ricciardo,6692ff,rb,Daniel,Ricciardo,https://media.formula1.com/d_driver_fallback_image.png/content/dam/fom-website/drivers/D/DANRIC01_Daniel_Ricciardo/danric01.png.transform/1col/image.png,AUS,,,0 days 00:01:29.065000,0 days 00:01:29.025000,,,,,
2024,Saudi Arabian Grand Prix,Qualifying,Nico Hulkenberg,Haas F1 Team,15.0,25.10638297872341,30.786170212765963,56.0531914893617,1.4734042553191489,27,N HULKENBERG,HUL,hulkenberg,b6babd,haas,Nico,Hulkenberg,https://media.formula1.com/d_driver_fallback_image.png/content/dam/fom-website/drivers/N/NICHUL01_Nico_Hulkenberg/nichul01.png.transform/1col/image.png,GER,,,0 days 00:01:29.055000,,,,,,
2024,Saudi Arabian Grand Prix,Qualifying,Valtteri Bottas,Kick Sauber,16.0,25.10638297872341,30.786170212765963,56.0531914893617,1.4734042553191489,77,V BOTTAS,BOT,bottas,52e252,sauber,Valtteri,Bottas,https://media.formula1.com/d_driver_fallback_image.png/content/dam/fom-website/drivers/V/VALBOT01_Valtteri_Bottas/valbot01.png.transform/1col/image.png,FIN,,,0 days 00:01:29.179000,,,,,,
2024,Saudi Arabian Grand Prix,Qualifying,Esteban Ocon,Alpine,17.0,25.10638297872341,30.786170212765963,56.0531914893617,1.4734042553191489,31,E OCON,OCO,ocon,ff87bc,alpine,Esteban,Ocon,https://media.formula1.com/d_driver_fallback_image.png/content/dam/fom-website/drivers/E/ESTOCO01_Esteban_Ocon/estoco01.png.transform/1col/image.png,FRA,,,0 days 00:01:29.475000,,,,,,
2024,Saudi Arabian Grand Prix,Qualifying,Pierre Gasly,Alpine,18.0,25.10638297872341,30.786170212765963,56.0531914893617,1.4734042553191489,10,P GASLY,GAS,gasly,ff87bc,alpine,Pierre,Gasly,https://media.formula1.com/d_driver_fallback_image.png/content/dam/fom-website/drivers/P/PIEGAS01_Pierre_Gasly/piegas01.png.transform/1col/image.png,FRA,,,0 days 00:01:29.479000,,,,,,
2024,Saudi Arabian Grand Prix,Qualifying,Logan Sargeant,Williams,19.0,25.10638297872341,30.786170212765963,56.0531914893617,1.4734042553191489,2,L SARGEANT,SAR,sargeant,64c4ff,williams,Logan,Sargeant,https://media.formula1.com/d_driver_fallback_image.png/content/dam/fom-website/drivers/L/LOGSAR01_Logan_Sargeant/logsar01.png.transform/1col/image.png,USA,,,0 days 00:01:29.526000,,,,,,
2024,Saudi Arabian Grand Prix,Qualifying,Guanyu Zhou,Kick Sauber,20.0,25.10638297872341,30.786170212765963,56.0531914893617,1.4734042553191489,24,G ZHOU,ZHO,zhou,52e252,sauber,Guanyu,Zhou,https://media.formula1.com/d_driver_fallback_image.png/content/dam/fom-website/drivers/G/GUAZHO01_Guanyu_Zhou/guazho01.png.transform/1col/image.png,CHN,,,,,,,,,
2024,Saudi Arabian Grand Prix,Practice 1,Max Verstappen,Red Bull Racing,,26.754999999999995,39.70125,57.575,4.80625,1,M VERSTAPPEN,VER,max_verstappen,3671c6,red_bull,Max,Verstappen,https://media.formula1.com/d_driver_fallback_image.png/content/dam/fom-website/drivers/M/MAXVER01_Max_Verstappen/maxver01.png.transform/1col/image.png,NED,,,,,,,,,
2024,Saudi Arabian Grand Prix,Practice 1,Logan Sargeant,Williams,,26.754999999999995,39.70125,57.575,4.80625,2,L SARGEANT,SAR,sargeant,64c4ff,williams,Logan,Sargeant,https://media.formula1.com/d_driver_fallback_image.png/content/dam/fom-website/drivers/L/LOGSAR01_Logan_Sargeant/logsar01.png.transform/1col/image.png,USA,,,,,,,,,
2024,Saudi Arabian Grand Prix,Practice 1,Daniel Ricciardo,RB,,26.754999999999995,39.70125,57.575,4.80625,3,D RICCIARDO,RIC,ricciardo,6692ff,rb,Daniel,Ricciardo,https://media.formula1.com/d_driver_fallback_image.png/content/dam/fom-website/drivers/D/DANRIC01_Daniel_Ricciardo/danric01.png.transform/1col/image.png,AUS,,,,,,,,,
2024,Saudi Arabian Grand Prix,Practice 1,Lando Norris,McLaren,,26.754999999999995,39.70125,57.575,4.80625,4,L NORRIS,NOR,norris,ff8000,mclaren,Lando,Norris,https://media.formula1.com/d_driver_fallback_image.png/content/dam/fom-website/drivers/L/LANNOR01_Lando_Norris/lannor01.png.transform/1col/image.png,GBR,,,,,,,,,
2024,Saudi Arabian Grand Prix,Practice 1,Pierre Gasly,Alpine,,26.754999999999995,39.70125,57.575,4.80625,10,P GASLY,GAS,gasly,ff87bc,alpine,Pierre,Gasly,https://media.formula1.com/d_driver_fallback_image.png/content/dam/fom-website/drivers/P/PIEGAS01_Pierre_Gasly/piegas01.png.transform/1col/image.png,FRA,,,,,,,,,
2024,Saudi Arabian Grand Prix,Practice 1,Sergio Perez,Red Bull Racing,,26.754999999999995,39.70125,57.575,4.80625,11,S PEREZ,PER,perez,3671c6,red_bull,Sergio,Perez,https://media.formula1.com/d_driver_fallback_image.png/content/dam/fom-website/drivers/S/SERPER01_Sergio_Perez/serper01.png.transform/1col/image.png,MEX,,,,,,,,,
2024,Saudi Arabian Grand Prix,Practice 1,Fernando Alonso,Aston Martin,,26.754999999999995,39.70125,57.575,4.80625,14,F ALONSO,ALO,alonso,229971,aston_martin,Fernando,Alonso,https://media.formula1.com/d_driver_fallback_image.png/content/dam/fom-website/drivers/F/FERALO01_Fernando_Alonso/feralo01.png.transform/1col/image.png,ESP,,,,,,,,,
2024,Saudi Arabian Grand Prix,Practice 1,Charles Leclerc,Ferrari,,26.754999999999995,39.70125,57.575,4.80625,16,C LECLERC,LEC,leclerc,e8002d,ferrari,Charles,Leclerc,https://media.formula1.com/d_driver_fallback_image.png/content/dam/fom-website/drivers/C/CHALEC01_Charles_Leclerc/chalec01.png.transform/1col/image.png,MON,,,,,,,,,
2024,Saudi Arabian Grand Prix,Practice 1,Lance Stroll,Aston Martin,,26.754999999999995,39.70125,57.575,4.80625,18,L STROLL,STR,stroll,229971,aston_martin,Lance,Stroll,https://media.formula1.com/d_driver_fallback_image.png/content/dam/fom-website/drivers/L/LANSTR01_Lance_Stroll/lanstr01.png.transform/1col/image.png,CAN,,,,,,,,,
2024,Saudi Arabian Grand Prix,Practice 1,Kevin Magnussen,Haas F1 Team,,26.754999999999995,39.70125,57.575,4.80625,20,K MAGNUSSEN,MAG,kevin_magnussen,b6babd,haas,Kevin,Magnussen,https://media.formula1.com/d_driver_fallback_image.png/content/dam/fom-website/drivers/K/KEVMAG01_Kevin_Magnussen/kevmag01.png.transform/1col/image.png,DEN,,,,,,,,,
2024,Saudi Arabian Grand Prix,Practice 1,Yuki Tsunoda,RB,,26.754999999999995,39.70125,57.575,4.80625,22,Y TSUNODA,TSU,tsunoda,6692ff,rb,Yuki,Tsunoda,https://media.formula1.com/d_driver_fallback_image.png/content/dam/fom-website/drivers/Y/YUKTSU01_Yuki_Tsunoda/yuktsu01.png.transform/1col/image.png,JPN,,,,,,,,,
2024,Saudi Arabian Grand Prix,Practice 1,Alexander Albon,Williams,,26.754999999999995,39.70125,57.575,4.80625,23,A ALBON,ALB,albon,64c4ff,williams,Alexander,Albon,https://media.formula1.com/d_driver_fallback_image.png/content/dam/fom-website/drivers/A/ALEALB01_Alexander_Albon/alealb01.png.transform/1col/image.png,THA,,,,,,,,,
2024,Saudi Arabian Grand Prix,Practice 1,Guanyu Zhou,Kick Sauber,,26.754999999999995,39.70125,57.575,4.80625,24,G ZHOU,ZHO,zhou,52e252,sauber,Guanyu,Zhou,https://media.formula1.com/d_driver_fallback_image.png/content/dam/fom-website/drivers/G/GUAZHO01_Guanyu_Zhou/guazho01.png.transform/1col/image.png,CHN,,,,,,,,,
2024,Saudi Arabian Grand Prix,Practice 1,Nico Hulkenberg,Haas F1 Team,,26.754999999999995,39.70125,57.575,4.80625,27,N HULKENBERG,HUL,hulkenberg,b6babd,haas,Nico,Hulkenberg,https://media.formula1.com/d_driver_fallback_image.png/content/dam/fom-website/drivers/N/NICHUL01_Nico_Hulkenberg/nichul01.png.transform/1col/image.png,GER,,,,,,,,,
2024,Saudi Arabian Grand Prix,Practice 1,Esteban Ocon,Alpine,,26.754999999999995,39.70125,57.575,4.80625,31,E OCON,OCO,ocon,ff87bc,alpine,Esteban,Ocon,https://media.formula1.com/d_driver_fallback_image.png/content/dam/fom-website/drivers/E/ESTOCO01_Esteban_Ocon/estoco01.png.transform/1col/image.png,FRA,,,,,,,,,
2024,Saudi Arabian Grand Prix,Practice 1,Lewis Hamilton,Mercedes,,26.754999999999995,39.70125,57.575,4.80625,44,L HAMILTON,HAM,hamilton,27f4d2,mercedes,Lewis,Hamilton,https://media.formula1.com/d_driver_fallback_image.png/content/dam/fom-website/drivers/L/LEWHAM01_Lewis_Hamilton/lewham01.png.transform/1col/image.png,GBR,,,,,,,,,
2024,Saudi Arabian Grand Prix,Practice 1,Carlos Sainz,Ferrari,,26.754999999999995,39.70125,57.575,4.80625,55,C SAINZ,SAI,nan,e8002d,nan,Carlos,Sainz,https://media.formula1.com/d_driver_fallback_image.png/content/dam/fom-website/drivers/C/CARSAI01_Carlos_Sainz/carsai01.png.transform/1col/image.png,ESP,,,,,,,,,
2024,Saudi Arabian Grand Prix,Practice 1,George Russell,Mercedes,,26.754999999999995,39.70125,57.575,4.80625,63,G RUSSELL,RUS,russell,27f4d2,mercedes,George,Russell,https://media.formula1.com/d_driver_fallback_image.png/content/dam/fom-website/drivers/G/GEORUS01_George_Russell/georus01.png.transform/1col/image.png,GBR,,,,,,,,,
2024,Saudi Arabian Grand Prix,Practice 1,Valtteri Bottas,Kick Sauber,,26.754999999999995,39.70125,57.575,4.80625,77,V BOTTAS,BOT,bottas,52e252,sauber,Valtteri,Bottas,https://media.formula1.com/d_driver_fallback_image.png/content/dam/fom-website/drivers/V/VALBOT01_Valtteri_Bottas/valbot01.png.transform/1col/image.png,FIN,,,,,,,,,
2024,Saudi Arabian Grand Prix,Practice 1,Oscar Piastri,McLaren,,26.754999999999995,39.70125,57.575,4.80625,81,O PIASTRI,PIA,piastri,ff8000,mclaren,Oscar,Piastri,https://media.formula1.com/d_driver_fallback_image.png/content/dam/fom-website/drivers/O/OSCPIA01_Oscar_Piastri/oscpia01.png.transform/1col/image.png,AUS,,,,,,,,,
2024,Saudi Arabian Grand Prix,Practice 2,Max Verstappen,Red Bull Racing,,25.370967741935488,30.59677419354838,59.784946236559136,2.4010752688172046,1,M VERSTAPPEN,VER,max_verstappen,3671c6,red_bull,Max,Verstappen,https://media.formula1.com/d_driver_fallback_image.png/content/dam/fom-website/drivers/M/MAXVER01_Max_Verstappen/maxver01.png.transform/1col/image.png,NED,,,,,,,,,
2024,Saudi Arabian Grand Prix,Practice 2,Logan Sargeant,Williams,,25.370967741935488,30.59677419354838,59.784946236559136,2.4010752688172046,2,L SARGEANT,SAR,sargeant,64c4ff,williams,Logan,Sargeant,https://media.formula1.com/d_driver_fallback_image.png/content/dam/fom-website/drivers/L/LOGSAR01_Logan_Sargeant/logsar01.png.transform/1col/image.png,USA,,,,,,,,,
2024,Saudi Arabian Grand Prix,Practice 2,Daniel Ricciardo,RB,,25.370967741935488,30.59677419354838,59.784946236559136,2.4010752688172046,3,D RICCIARDO,RIC,ricciardo,6692ff,rb,Daniel,Ricciardo,https://media.formula1.com/d_driver_fallback_image.png/content/dam/fom-website/drivers/D/DANRIC01_Daniel_Ricciardo/danric01.png.transform/1col/image.png,AUS,,,,,,,,,
2024,Saudi Arabian Grand Prix,Practice 2,Lando Norris,McLaren,,25.370967741935488,30.59677419354838,59.784946236559136,2.4010752688172046,4,L NORRIS,NOR,norris,ff8000,mclaren,Lando,Norris,https://media.formula1.com/d_driver_fallback_image.png/content/dam/fom-website/drivers/L/LANNOR01_Lando_Norris/lannor01.png.transform/1col/image.png,GBR,,,,,,,,,
2024,Saudi Arabian Grand Prix,Practice 2,Pierre Gasly,Alpine,,25.370967741935488,30.59677419354838,59.784946236559136,2.4010752688172046,10,P GASLY,GAS,gasly,ff87bc,alpine,Pierre,Gasly,https://media.formula1.com/d_driver_fallback_image.png/content/dam/fom-website/drivers/P/PIEGAS01_Pierre_Gasly/piegas01.png.transform/1col/image.png,FRA,,,,,,,,,
2024,Saudi Arabian Grand Prix,Practice 2,Sergio Perez,Red Bull Racing,,25.370967741935488,30.59677419354838,59.784946236559136,2.4010752688172046,11,S PEREZ,PER,perez,3671c6,red_bull,Sergio,Perez,https://media.formula1.com/d_driver_fallback_image.png/content/dam/fom-website/drivers/S/SERPER01_Sergio_Perez/serper01.png.transform/1col/image.png,MEX,,,,,,,,,
2024,Saudi Arabian Grand Prix,Practice 2,Fernando Alonso,Aston Martin,,25.370967741935488,30.59677419354838,59.784946236559136,2.4010752688172046,14,F ALONSO,ALO,alonso,229971,aston_martin,Fernando,Alonso,https://media.formula1.com/d_driver_fallback_image.png/content/dam/fom-website/drivers/F/FERALO01_Fernando_Alonso/feralo01.png.transform/1col/image.png,ESP,,,,,,,,,
2024,Saudi Arabian Grand Prix,Practice 2,Charles Leclerc,Ferrari,,25.370967741935488,30.59677419354838,59.784946236559136,2.4010752688172046,16,C LECLERC,LEC,leclerc,e8002d,ferrari,Charles,Leclerc,https://media.formula1.com/d_driver_fallback_image.png/content/dam/fom-website/drivers/C/CHALEC01_Charles_Leclerc/chalec01.png.transform/1col/image.png,MON,,,,,,,,,
2024,Saudi Arabian Grand Prix,Practice 2,Lance Stroll,Aston Martin,,25.370967741935488,30.59677419354838,59.784946236559136,2.4010752688172046,18,L STROLL,STR,stroll,229971,aston_martin,Lance,Stroll,https://media.formula1.com/d_driver_fallback_image.png/content/dam/fom-website/drivers/L/LANSTR01_Lance_Stroll/lanstr01.png.transform/1col/image.png,CAN,,,,,,,,,
2024,Saudi Arabian Grand Prix,Practice 2,Kevin Magnussen,Haas F1 Team,,25.370967741935488,30.59677419354838,59.784946236559136,2.4010752688172046,20,K MAGNUSSEN,MAG,kevin_magnussen,b6babd,haas,Kevin,Magnussen,https://media.formula1.com/d_driver_fallback_image.png/content/dam/fom-website/drivers/K/KEVMAG01_Kevin_Magnussen/kevmag01.png.transform/1col/image.png,DEN,,,,,,,,,
2024,Saudi Arabian Grand Prix,Practice 2,Yuki Tsunoda,RB,,25.370967741935488,30.59677419354838,59.784946236559136,2.4010752688172046,22,Y TSUNODA,TSU,tsunoda,6692ff,rb,Yuki,Tsunoda,https://media.formula1.com/d_driver_fallback_image.png/content/dam/fom-website/drivers/Y/YUKTSU01_Yuki_Tsunoda/yuktsu01.png.transform/1col/image.png,JPN,,,,,,,,,
2024,Saudi Arabian Grand Prix,Practice 2,Alexander Albon,Williams,,25.370967741935488,30.59677419354838,59.784946236559136,2.4010752688172046,23,A ALBON,ALB,albon,64c4ff,williams,Alexander,Albon,https://media.formula1.com/d_driver_fallback_image.png/content/dam/fom-website/drivers/A/ALEALB01_Alexander_Albon/alealb01.png.transform/1col/image.png,THA,,,,,,,,,
2024,Saudi Arabian Grand Prix,Practice 2,Guanyu Zhou,Kick Sauber,,25.370967741935488,30.59677419354838,59.784946236559136,2.4010752688172046,24,G ZHOU,ZHO,zhou,52e252,sauber,Guanyu,Zhou,https://media.formula1.com/d_driver_fallback_image.png/content/dam/fom-website/drivers/G/GUAZHO01_Guanyu_Zhou/guazho01.png.transform/1col/image.png,CHN,,,,,,,,,
2024,Saudi Arabian Grand Prix,Practice 2,Nico Hulkenberg,Haas F1 Team,,25.370967741935488,30.59677419354838,59.784946236559136,2.4010752688172046,27,N HULKENBERG,HUL,hulkenberg,b6babd,haas,Nico,Hulkenberg,https://media.formula1.com/d_driver_fallback_image.png/content/dam/fom-website/drivers/N/NICHUL01_Nico_Hulkenberg/nichul01.png.transform/1col/image.png,GER,,,,,,,,,
2024,Saudi Arabian Grand Prix,Practice 2,Esteban Ocon,Alpine,,25.370967741935488,30.59677419354838,59.784946236559136,2.4010752688172046,31,E OCON,OCO,ocon,ff87bc,alpine,Esteban,Ocon,https://media.formula1.com/d_driver_fallback_image.png/content/dam/fom-website/drivers/E/ESTOCO01_Esteban_Ocon/estoco01.png.transform/1col/image.png,FRA,,,,,,,,,
2024,Saudi Arabian Grand Prix,Practice 2,Lewis Hamilton,Mercedes,,25.370967741935488,30.59677419354838,59.784946236559136,2.4010752688172046,44,L HAMILTON,HAM,hamilton,27f4d2,mercedes,Lewis,Hamilton,https://media.formula1.com/d_driver_fallback_image.png/content/dam/fom-website/drivers/L/LEWHAM01_Lewis_Hamilton/lewham01.png.transform/1col/image.png,GBR,,,,,,,,,
2024,Saudi Arabian Grand Prix,Practice 2,Carlos Sainz,Ferrari,,25.370967741935488,30.59677419354838,59.784946236559136,2.4010752688172046,55,C SAINZ,SAI,nan,e8002d,nan,Carlos,Sainz,https://media.formula1.com/d_driver_fallback_image.png/content/dam/fom-website/drivers/C/CARSAI01_Carlos_Sainz/carsai01.png.transform/1col/image.png,ESP,,,,,,,,,
2024,Saudi Arabian Grand Prix,Practice 2,George Russell,Mercedes,,25.370967741935488,30.59677419354838,59.784946236559136,2.4010752688172046,63,G RUSSELL,RUS,russell,27f4d2,mercedes,George,Russell,https://media.formula1.com/d_driver_fallback_image.png/content/dam/fom-website/drivers/G/GEORUS01_George_Russell/georus01.png.transform/1col/image.png,GBR,,,,,,,,,
2024,Saudi Arabian Grand Prix,Practice 2,Valtteri Bottas,Kick Sauber,,25.370967741935488,30.59677419354838,59.784946236559136,2.4010752688172046,77,V BOTTAS,BOT,bottas,52e252,sauber,Valtteri,Bottas,https://media.formula1.com/d_driver_fallback_image.png/content/dam/fom-website/drivers/V/VALBOT01_Valtteri_Bottas/valbot01.png.transform/1col/image.png,FIN,,,,,,,,,
2024,Saudi Arabian Grand Prix,Practice 2,Oscar Piastri,McLaren,,25.370967741935488,30.59677419354838,59.784946236559136,2.4010752688172046,81,O PIASTRI,PIA,piastri,ff8000,mclaren,Oscar,Piastri,https://media.formula1.com/d_driver_fallback_image.png/content/dam/fom-website/drivers/O/OSCPIA01_Oscar_Piastri/oscpia01.png.transform/1col/image.png,AUS,,,,,,,,,
2024,Saudi Arabian Grand Prix,Practice 3,Max Verstappen,Red Bull Racing,,25.98414634146341,39.558536585365864,60.34146341463415,4.16219512195122,1,M VERSTAPPEN,VER,max_verstappen,3671c6,red_bull,Max,Verstappen,https://media.formula1.com/d_driver_fallback_image.png/content/dam/fom-website/drivers/M/MAXVER01_Max_Verstappen/maxver01.png.transform/1col/image.png,NED,,,,,,,,,
2024,Saudi Arabian Grand Prix,Practice 3,Logan Sargeant,Williams,,25.98414634146341,39.558536585365864,60.34146341463415,4.16219512195122,2,L SARGEANT,SAR,sargeant,64c4ff,williams,Logan,Sargeant,https://media.formula1.com/d_driver_fallback_image.png/content/dam/fom-website/drivers/L/LOGSAR01_Logan_Sargeant/logsar01.png.transform/1col/image.png,USA,,,,,,,,,
2024,Saudi Arabian Grand Prix,Practice 3,Daniel Ricciardo,RB,,25.98414634146341,39.558536585365864,60.34146341463415,4.16219512195122,3,D RICCIARDO,RIC,ricciardo,6692ff,rb,Daniel,Ricciardo,https://media.formula1.com/d_driver_fallback_image.png/content/dam/fom-website/drivers/D/DANRIC01_Daniel_Ricciardo/danric01.png.transform/1col/image.png,AUS,,,,,,,,,
2024,Saudi Arabian Grand Prix,Practice 3,Lando Norris,McLaren,,25.98414634146341,39.558536585365864,60.34146341463415,4.16219512195122,4,L NORRIS,NOR,norris,ff8000,mclaren,Lando,Norris,https://media.formula1.com/d_driver_fallback_image.png/content/dam/fom-website/drivers/L/LANNOR01_Lando_Norris/lannor01.png.transform/1col/image.png,GBR,,,,,,,,,
2024,Saudi Arabian Grand Prix,Practice 3,Pierre Gasly,Alpine,,25.98414634146341,39.558536585365864,60.34146341463415,4.16219512195122,10,P GASLY,GAS,gasly,ff87bc,alpine,Pierre,Gasly,https://media.formula1.com/d_driver_fallback_image.png/content/dam/fom-website/drivers/P/PIEGAS01_Pierre_Gasly/piegas01.png.transform/1col/image.png,FRA,,,,,,,,,
2024,Saudi Arabian Grand Prix,Practice 3,Sergio Perez,Red Bull Racing,,25.98414634146341,39.558536585365864,60.34146341463415,4.16219512195122,11,S PEREZ,PER,perez,3671c6,red_bull,Sergio,Perez,https://media.formula1.com/d_driver_fallback_image.png/content/dam/fom-website/drivers/S/SERPER01_Sergio_Perez/serper01.png.transform/1col/image.png,MEX,,,,,,,,,
2024,Saudi Arabian Grand Prix,Practice 3,Fernando Alonso,Aston Martin,,25.98414634146341,39.558536585365864,60.34146341463415,4.16219512195122,14,F ALONSO,ALO,alonso,229971,aston_martin,Fernando,Alonso,https://media.formula1.com/d_driver_fallback_image.png/content/dam/fom-website/drivers/F/FERALO01_Fernando_Alonso/feralo01.png.transform/1col/image.png,ESP,,,,,,,,,
2024,Saudi Arabian Grand Prix,Practice 3,Charles Leclerc,Ferrari,,25.98414634146341,39.558536585365864,60.34146341463415,4.16219512195122,16,C LECLERC,LEC,leclerc,e8002d,ferrari,Charles,Leclerc,https://media.formula1.com/d_driver_fallback_image.png/content/dam/fom-website/drivers/C/CHALEC01_Charles_Leclerc/chalec01.png.transform/1col/image.png,MON,,,,,,,,,
2024,Saudi Arabian Grand Prix,Practice 3,Lance Stroll,Aston Martin,,25.98414634146341,39.558536585365864,60.34146341463415,4.16219512195122,18,L STROLL,STR,stroll,229971,aston_martin,Lance,Stroll,https://media.formula1.com/d_driver_fallback_image.png/content/dam/fom-website/drivers/L/LANSTR01_Lance_Stroll/lanstr01.png.transform/1col/image.png,CAN,,,,,,,,,
2024,Saudi Arabian Grand Prix,Practice 3,Kevin Magnussen,Haas F1 Team,,25.98414634146341,39.558536585365864,60.34146341463415,4.16219512195122,20,K MAGNUSSEN,MAG,kevin_magnussen,b6babd,haas,Kevin,Magnussen,https://media.formula1.com/d_driver_fallback_image.png/content/dam/fom-website/drivers/K/KEVMAG01_Kevin_Magnussen/kevmag01.png.transform/1col/image.png,DEN,,,,,,,,,
2024,Saudi Arabian Grand Prix,Practice 3,Yuki Tsunoda,RB,,25.98414634146341,39.558536585365864,60.34146341463415,4.16219512195122,22,Y TSUNODA,TSU,tsunoda,6692ff,rb,Yuki,Tsunoda,https://media.formula1.com/d_driver_fallback_image.png/content/dam/fom-website/drivers/Y/YUKTSU01_Yuki_Tsunoda/yuktsu01.png.transform/1col/image.png,JPN,,,,,,,,,
2024,Saudi Arabian Grand Prix,Practice 3,Alexander Albon,Williams,,25.98414634146341,39.558536585365864,60.34146341463415,4.16219512195122,23,A ALBON,ALB,albon,64c4ff,williams,Alexander,Albon,https://media.formula1.com/d_driver_fallback_image.png/content/dam/fom-website/drivers/A/ALEALB01_Alexander_Albon/alealb01.png.transform/1col/image.png,THA,,,,,,,,,
2024,Saudi Arabian Grand Prix,Practice 3,Guanyu Zhou,Kick Sauber,,25.98414634146341,39.558536585365864,60.34146341463415,4.16219512195122,24,G ZHOU,ZHO,zhou,52e252,sauber,Guanyu,Zhou,https://media.formula1.com/d_driver_fallback_image.png/content/dam/fom-website/drivers/G/GUAZHO01_Guanyu_Zhou/guazho01.png.transform/1col/image.png,CHN,,,,,,,,,
2024,Saudi Arabian Grand Prix,Practice 3,Nico Hulkenberg,Haas F1 Team,,25.98414634146341,39.558536585365864,60.34146341463415,4.16219512195122,27,N HULKENBERG,HUL,hulkenberg,b6babd,haas,Nico,Hulkenberg,https://media.formula1.com/d_driver_fallback_image.png/content/dam/fom-website/drivers/N/NICHUL01_Nico_Hulkenberg/nichul01.png.transform/1col/image.png,GER,,,,,,,,,
2024,Saudi Arabian Grand Prix,Practice 3,Esteban Ocon,Alpine,,25.98414634146341,39.558536585365864,60.34146341463415,4.16219512195122,31,E OCON,OCO,ocon,ff87bc,alpine,Esteban,Ocon,https://media.formula1.com/d_driver_fallback_image.png/content/dam/fom-website/drivers/E/ESTOCO01_Esteban_Ocon/estoco01.png.transform/1col/image.png,FRA,,,,,,,,,
2024,Saudi Arabian Grand Prix,Practice 3,Oliver Bearman,Ferrari,,25.98414634146341,39.558536585365864,60.34146341463415,4.16219512195122,38,O BEARMAN,BEA,bearman,e8002d,ferrari,Oliver,Bearman,None,GBR,,,,,,,,,
2024,Saudi Arabian Grand Prix,Practice 3,Lewis Hamilton,Mercedes,,25.98414634146341,39.558536585365864,60.34146341463415,4.16219512195122,44,L HAMILTON,HAM,hamilton,27f4d2,mercedes,Lewis,Hamilton,https://media.formula1.com/d_driver_fallback_image.png/content/dam/fom-website/drivers/L/LEWHAM01_Lewis_Hamilton/lewham01.png.transform/1col/image.png,GBR,,,,,,,,,
2024,Saudi Arabian Grand Prix,Practice 3,George Russell,Mercedes,,25.98414634146341,39.558536585365864,60.34146341463415,4.16219512195122,63,G RUSSELL,RUS,russell,27f4d2,mercedes,George,Russell,https://media.formula1.com/d_driver_fallback_image.png/content/dam/fom-website/drivers/G/GEORUS01_George_Russell/georus01.png.transform/1col/image.png,GBR,,,,,,,,,
2024,Saudi Arabian Grand Prix,Practice 3,Valtteri Bottas,Kick Sauber,,25.98414634146341,39.558536585365864,60.34146341463415,4.16219512195122,77,V BOTTAS,BOT,bottas,52e252,sauber,Valtteri,Bottas,https://media.formula1.com/d_driver_fallback_image.png/content/dam/fom-website/drivers/V/VALBOT01_Valtteri_Bottas/valbot01.png.transform/1col/image.png,FIN,,,,,,,,,
2024,Saudi Arabian Grand Prix,Practice 3,Oscar Piastri,McLaren,,25.98414634146341,39.558536585365864,60.34146341463415,4.16219512195122,81,O PIASTRI,PIA,piastri,ff8000,mclaren,Oscar,Piastri,https://media.formula1.com/d_driver_fallback_image.png/content/dam/fom-website/drivers/O/OSCPIA01_Oscar_Piastri/oscpia01.png.transform/1col/image.png,AUS,,,,,,,,,
2024,Australian Grand Prix,Race,Carlos Sainz,Ferrari,1.0,20.62222222222222,38.40208333333333,44.451388888888886,0.9534722222222223,55,C SAINZ,SAI,sainz,E80020,ferrari,Carlos,Sainz,https://media.formula1.com/d_driver_fallback_image.png/content/dam/fom-website/drivers/C/CARSAI01_Carlos_Sainz/carsai01.png.transform/1col/image.png,ESP,1,2.0,,,,0 days 01:20:26.843000,Finished,25.0,58.0
2024,Australian Grand Prix,Race,Charles Leclerc,Ferrari,2.0,20.62222222222222,38.40208333333333,44.451388888888886,0.9534722222222223,16,C LECLERC,LEC,leclerc,E80020,ferrari,Charles,Leclerc,https://media.formula1.com/d_driver_fallback_image.png/content/dam/fom-website/drivers/C/CHALEC01_Charles_Leclerc/chalec01.png.transform/1col/image.png,MON,2,4.0,,,,0 days 00:00:02.366000,Finished,19.0,58.0
2024,Australian Grand Prix,Race,Lando Norris,McLaren,3.0,20.62222222222222,38.40208333333333,44.451388888888886,0.9534722222222223,4,L NORRIS,NOR,norris,FF8000,mclaren,Lando,Norris,https://media.formula1.com/d_driver_fallback_image.png/content/dam/fom-website/drivers/L/LANNOR01_Lando_Norris/lannor01.png.transform/1col/image.png,GBR,3,3.0,,,,0 days 00:00:05.904000,Finished,15.0,58.0
2024,Australian Grand Prix,Race,Oscar Piastri,McLaren,4.0,20.62222222222222,38.40208333333333,44.451388888888886,0.9534722222222223,81,O PIASTRI,PIA,piastri,FF8000,mclaren,Oscar,Piastri,https://media.formula1.com/d_driver_fallback_image.png/content/dam/fom-website/drivers/O/OSCPIA01_Oscar_Piastri/oscpia01.png.transform/1col/image.png,AUS,4,5.0,,,,0 days 00:00:35.770000,Finished,12.0,58.0
2024,Australian Grand Prix,Race,Sergio Perez,Red Bull Racing,5.0,20.62222222222222,38.40208333333333,44.451388888888886,0.9534722222222223,11,S PEREZ,PER,perez,3671C6,red_bull,Sergio,Perez,https://media.formula1.com/d_driver_fallback_image.png/content/dam/fom-website/drivers/S/SERPER01_Sergio_Perez/serper01.png.transform/1col/image.png,MEX,5,6.0,,,,0 days 00:00:56.309000,Finished,10.0,58.0
2024,Australian Grand Prix,Race,Lance Stroll,Aston Martin,6.0,20.62222222222222,38.40208333333333,44.451388888888886,0.9534722222222223,18,L STROLL,STR,stroll,229971,aston_martin,Lance,Stroll,https://media.formula1.com/d_driver_fallback_image.png/content/dam/fom-website/drivers/L/LANSTR01_Lance_Stroll/lanstr01.png.transform/1col/image.png,CAN,6,9.0,,,,0 days 00:01:33.222000,Finished,8.0,58.0
2024,Australian Grand Prix,Race,Yuki Tsunoda,RB,7.0,20.62222222222222,38.40208333333333,44.451388888888886,0.9534722222222223,22,Y TSUNODA,TSU,tsunoda,6692FF,rb,Yuki,Tsunoda,https://media.formula1.com/d_driver_fallback_image.png/content/dam/fom-website/drivers/Y/YUKTSU01_Yuki_Tsunoda/yuktsu01.png.transform/1col/image.png,JPN,7,8.0,,,,0 days 00:01:35.601000,Finished,6.0,58.0
2024,Australian Grand Prix,Race,Fernando Alonso,Aston Martin,8.0,20.62222222222222,38.40208333333333,44.451388888888886,0.9534722222222223,14,F ALONSO,ALO,alonso,229971,aston_martin,Fernando,Alonso,https://media.formula1.com/d_driver_fallback_image.png/content/dam/fom-website/drivers/F/FERALO01_Fernando_Alonso/feralo01.png.transform/1col/image.png,ESP,8,10.0,,,,0 days 00:01:40.992000,Finished,4.0,58.0
2024,Australian Grand Prix,Race,Nico Hulkenberg,Haas F1 Team,9.0,20.62222222222222,38.40208333333333,44.451388888888886,0.9534722222222223,27,N HULKENBERG,HUL,hulkenberg,B6BABD,haas,Nico,Hulkenberg,https://media.formula1.com/d_driver_fallback_image.png/content/dam/fom-website/drivers/N/NICHUL01_Nico_Hulkenberg/nichul01.png.transform/1col/image.png,GER,9,16.0,,,,0 days 00:01:44.553000,Finished,2.0,58.0
2024,Australian Grand Prix,Race,Kevin Magnussen,Haas F1 Team,10.0,20.62222222222222,38.40208333333333,44.451388888888886,0.9534722222222223,20,K MAGNUSSEN,MAG,kevin_magnussen,B6BABD,haas,Kevin,Magnussen,https://media.formula1.com/d_driver_fallback_image.png/content/dam/fom-website/drivers/K/KEVMAG01_Kevin_Magnussen/kevmag01.png.transform/1col/image.png,DEN,10,14.0,,,,0 days 00:00:04.081000,Lapped,1.0,57.0
2024,Australian Grand Prix,Race,Alexander Albon,Williams,11.0,20.62222222222222,38.40208333333333,44.451388888888886,0.9534722222222223,23,A ALBON,ALB,albon,64C4FF,williams,Alexander,Albon,https://media.formula1.com/d_driver_fallback_image.png/content/dam/fom-website/drivers/A/ALEALB01_Alexander_Albon/alealb01.png.transform/1col/image.png,THA,11,12.0,,,,0 days 00:00:05.009000,Lapped,0.0,57.0
2024,Australian Grand Prix,Race,Daniel Ricciardo,RB,12.0,20.62222222222222,38.40208333333333,44.451388888888886,0.9534722222222223,3,D RICCIARDO,RIC,ricciardo,6692FF,rb,Daniel,Ricciardo,https://media.formula1.com/d_driver_fallback_image.png/content/dam/fom-website/drivers/D/DANRIC01_Daniel_Ricciardo/danric01.png.transform/1col/image.png,AUS,12,18.0,,,,0 days 00:00:11.508000,Lapped,0.0,57.0
2024,Australian Grand Prix,Race,Pierre Gasly,Alpine,13.0,20.62222222222222,38.40208333333333,44.451388888888886,0.9534722222222223,10,P GASLY,GAS,gasly,0093cc,alpine,Pierre,Gasly,https://media.formula1.com/d_driver_fallback_image.png/content/dam/fom-website/drivers/P/PIEGAS01_Pierre_Gasly/piegas01.png.transform/1col/image.png,FRA,13,17.0,,,,0 days 00:00:40.953000,Lapped,0.0,57.0
2024,Australian Grand Prix,Race,Valtteri Bottas,Kick Sauber,14.0,20.62222222222222,38.40208333333333,44.451388888888886,0.9534722222222223,77,V BOTTAS,BOT,bottas,52e252,sauber,Valtteri,Bottas,https://media.formula1.com/d_driver_fallback_image.png/content/dam/fom-website/drivers/V/VALBOT01_Valtteri_Bottas/valbot01.png.transform/1col/image.png,FIN,14,13.0,,,,0 days 00:00:42.326000,Lapped,0.0,57.0
2024,Australian Grand Prix,Race,Guanyu Zhou,Kick Sauber,15.0,20.62222222222222,38.40208333333333,44.451388888888886,0.9534722222222223,24,G ZHOU,ZHO,zhou,52e252,sauber,Guanyu,Zhou,https://media.formula1.com/d_driver_fallback_image.png/content/dam/fom-website/drivers/G/GUAZHO01_Guanyu_Zhou/guazho01.png.transform/1col/image.png,CHN,15,19.0,,,,0 days 00:00:44.293000,Lapped,0.0,57.0
2024,Australian Grand Prix,Race,Esteban Ocon,Alpine,16.0,20.62222222222222,38.40208333333333,44.451388888888886,0.9534722222222223,31,E OCON,OCO,ocon,0093cc,alpine,Esteban,Ocon,https://media.formula1.com/d_driver_fallback_image.png/content/dam/fom-website/drivers/E/ESTOCO01_Esteban_Ocon/estoco01.png.transform/1col/image.png,FRA,16,15.0,,,,0 days 00:00:53.979000,Lapped,0.0,57.0
2024,Australian Grand Prix,Race,George Russell,Mercedes,17.0,20.62222222222222,38.40208333333333,44.451388888888886,0.9534722222222223,63,G RUSSELL,RUS,russell,27F4D2,mercedes,George,Russell,https://media.formula1.com/d_driver_fallback_image.png/content/dam/fom-website/drivers/G/GEORUS01_George_Russell/georus01.png.transform/1col/image.png,GBR,17,7.0,,,,,Retired,0.0,56.0
2024,Australian Grand Prix,Race,Lewis Hamilton,Mercedes,18.0,20.62222222222222,38.40208333333333,44.451388888888886,0.9534722222222223,44,L HAMILTON,HAM,hamilton,27F4D2,mercedes,Lewis,Hamilton,https://media.formula1.com/d_driver_fallback_image.png/content/dam/fom-website/drivers/L/LEWHAM01_Lewis_Hamilton/lewham01.png.transform/1col/image.png,GBR,R,11.0,,,,,Retired,0.0,15.0
2024,Australian Grand Prix,Race,Max Verstappen,Red Bull Racing,19.0,20.62222222222222,38.40208333333333,44.451388888888886,0.9534722222222223,1,M VERSTAPPEN,VER,max_verstappen,3671C6,red_bull,Max,Verstappen,https://media.formula1.com/d_driver_fallback_image.png/content/dam/fom-website/drivers/M/MAXVER01_Max_Verstappen/maxver01.png.transform/1col/image.png,NED,R,1.0,,,,,Retired,0.0,3.0
2024,Australian Grand Prix,Qualifying,Max Verstappen,Red Bull Racing,1.0,18.742307692307687,34.414102564102556,53.58974358974359,1.4794871794871793,1,M VERSTAPPEN,VER,max_verstappen,3671C6,red_bull,Max,Verstappen,https://media.formula1.com/d_driver_fallback_image.png/content/dam/fom-website/drivers/M/MAXVER01_Max_Verstappen/maxver01.png.transform/1col/image.png,NED,,,0 days 00:01:16.819000,0 days 00:01:16.387000,0 days 00:01:15.915000,,,,
2024,Australian Grand Prix,Qualifying,Carlos Sainz,Ferrari,2.0,18.742307692307687,34.414102564102556,53.58974358974359,1.4794871794871793,55,C SAINZ,SAI,sainz,E80020,ferrari,Carlos,Sainz,https://media.formula1.com/d_driver_fallback_image.png/content/dam/fom-website/drivers/C/CARSAI01_Carlos_Sainz/carsai01.png.transform/1col/image.png,ESP,,,0 days 00:01:16.731000,0 days 00:01:16.189000,0 days 00:01:16.185000,,,,
2024,Australian Grand Prix,Qualifying,Sergio Perez,Red Bull Racing,3.0,18.742307692307687,34.414102564102556,53.58974358974359,1.4794871794871793,11,S PEREZ,PER,perez,3671C6,red_bull,Sergio,Perez,https://media.formula1.com/d_driver_fallback_image.png/content/dam/fom-website/drivers/S/SERPER01_Sergio_Perez/serper01.png.transform/1col/image.png,MEX,,,0 days 00:01:16.805000,0 days 00:01:16.631000,0 days 00:01:16.274000,,,,
2024,Australian Grand Prix,Qualifying,Lando Norris,McLaren,4.0,18.742307692307687,34.414102564102556,53.58974358974359,1.4794871794871793,4,L NORRIS,NOR,norris,FF8000,mclaren,Lando,Norris,https://media.formula1.com/d_driver_fallback_image.png/content/dam/fom-website/drivers/L/LANNOR01_Lando_Norris/lannor01.png.transform/1col/image.png,GBR,,,0 days 00:01:17.430000,0 days 00:01:16.750000,0 days 00:01:16.315000,,,,
2024,Australian Grand Prix,Qualifying,Charles Leclerc,Ferrari,5.0,18.742307692307687,34.414102564102556,53.58974358974359,1.4794871794871793,16,C LECLERC,LEC,leclerc,E80020,ferrari,Charles,Leclerc,https://media.formula1.com/d_driver_fallback_image.png/content/dam/fom-website/drivers/C/CHALEC01_Charles_Leclerc/chalec01.png.transform/1col/image.png,MON,,,0 days 00:01:16.984000,0 days 00:01:16.304000,0 days 00:01:16.435000,,,,
2024,Australian Grand Prix,Qualifying,Oscar Piastri,McLaren,6.0,18.742307692307687,34.414102564102556,53.58974358974359,1.4794871794871793,81,O PIASTRI,PIA,piastri,FF8000,mclaren,Oscar,Piastri,https://media.formula1.com/d_driver_fallback_image.png/content/dam/fom-website/drivers/O/OSCPIA01_Oscar_Piastri/oscpia01.png.transform/1col/image.png,AUS,,,0 days 00:01:17.369000,0 days 00:01:16.601000,0 days 00:01:16.572000,,,,
2024,Australian Grand Prix,Qualifying,George Russell,Mercedes,7.0,18.742307692307687,34.414102564102556,53.58974358974359,1.4794871794871793,63,G RUSSELL,RUS,russell,27F4D2,mercedes,George,Russell,https://media.formula1.com/d_driver_fallback_image.png/content/dam/fom-website/drivers/G/GEORUS01_George_Russell/georus01.png.transform/1col/image.png,GBR,,,0 days 00:01:17.062000,0 days 00:01:16.901000,0 days 00:01:16.724000,,,,
2024,Australian Grand Prix,Qualifying,Yuki Tsunoda,RB,8.0,18.742307692307687,34.414102564102556,53.58974358974359,1.4794871794871793,22,Y TSUNODA,TSU,tsunoda,6692FF,rb,Yuki,Tsunoda,https://media.formula1.com/d_driver_fallback_image.png/content/dam/fom-website/drivers/Y/YUKTSU01_Yuki_Tsunoda/yuktsu01.png.transform/1col/image.png,JPN,,,0 days 00:01:17.356000,0 days 00:01:16.791000,0 days 00:01:16.788000,,,,
2024,Australian Grand Prix,Qualifying,Lance Stroll,Aston Martin,9.0,18.742307692307687,34.414102564102556,53.58974358974359,1.4794871794871793,18,L STROLL,STR,stroll,229971,aston_martin,Lance,Stroll,https://media.formula1.com/d_driver_fallback_image.png/content/dam/fom-website/drivers/L/LANSTR01_Lance_Stroll/lanstr01.png.transform/1col/image.png,CAN,,,0 days 00:01:17.376000,0 days 00:01:16.780000,0 days 00:01:17.072000,,,,
2024,Australian Grand Prix,Qualifying,Fernando Alonso,Aston Martin,10.0,18.742307692307687,34.414102564102556,53.58974358974359,1.4794871794871793,14,F ALONSO,ALO,alonso,229971,aston_martin,Fernando,Alonso,https://media.formula1.com/d_driver_fallback_image.png/content/dam/fom-website/drivers/F/FERALO01_Fernando_Alonso/feralo01.png.transform/1col/image.png,ESP,,,0 days 00:01:16.991000,0 days 00:01:16.710000,0 days 00:01:17.552000,,,,
2024,Australian Grand Prix,Qualifying,Lewis Hamilton,Mercedes,11.0,18.742307692307687,34.414102564102556,53.58974358974359,1.4794871794871793,44,L HAMILTON,HAM,hamilton,27F4D2,mercedes,Lewis,Hamilton,https://media.formula1.com/d_driver_fallback_image.png/content/dam/fom-website/drivers/L/LEWHAM01_Lewis_Hamilton/lewham01.png.transform/1col/image.png,GBR,,,0 days 00:01:17.499000,0 days 00:01:16.960000,,,,,
2024,Australian Grand Prix,Qualifying,Alexander Albon,Williams,12.0,18.742307692307687,34.414102564102556,53.58974358974359,1.4794871794871793,23,A ALBON,ALB,albon,64C4FF,williams,Alexander,Albon,https://media.formula1.com/d_driver_fallback_image.png/content/dam/fom-website/drivers/A/ALEALB01_Alexander_Albon/alealb01.png.transform/1col/image.png,THA,,,0 days 00:01:17.130000,0 days 00:01:17.167000,,,,,
2024,Australian Grand Prix,Qualifying,Valtteri Bottas,Kick Sauber,13.0,18.742307692307687,34.414102564102556,53.58974358974359,1.4794871794871793,77,V BOTTAS,BOT,bottas,52e252,sauber,Valtteri,Bottas,https://media.formula1.com/d_driver_fallback_image.png/content/dam/fom-website/drivers/V/VALBOT01_Valtteri_Bottas/valbot01.png.transform/1col/image.png,FIN,,,0 days 00:01:17.543000,0 days 00:01:17.340000,,,,,
2024,Australian Grand Prix,Qualifying,Kevin Magnussen,Haas F1 Team,14.0,18.742307692307687,34.414102564102556,53.58974358974359,1.4794871794871793,20,K MAGNUSSEN,MAG,kevin_magnussen,B6BABD,haas,Kevin,Magnussen,https://media.formula1.com/d_driver_fallback_image.png/content/dam/fom-website/drivers/K/KEVMAG01_Kevin_Magnussen/kevmag01.png.transform/1col/image.png,DEN,,,0 days 00:01:17.709000,0 days 00:01:17.427000,,,,,
2024,Australian Grand Prix,Qualifying,Esteban Ocon,Alpine,15.0,18.742307692307687,34.414102564102556,53.58974358974359,1.4794871794871793,31,E OCON,OCO,ocon,0093cc,alpine,Esteban,Ocon,https://media.formula1.com/d_driver_fallback_image.png/content/dam/fom-website/drivers/E/ESTOCO01_Esteban_Ocon/estoco01.png.transform/1col/image.png,FRA,,,0 days 00:01:17.617000,0 days 00:01:17.697000,,,,,
2024,Australian Grand Prix,Qualifying,Nico Hulkenberg,Haas F1 Team,16.0,18.742307692307687,34.414102564102556,53.58974358974359,1.4794871794871793,27,N HULKENBERG,HUL,hulkenberg,B6BABD,haas,Nico,Hulkenberg,https://media.formula1.com/d_driver_fallback_image.png/content/dam/fom-website/drivers/N/NICHUL01_Nico_Hulkenberg/nichul01.png.transform/1col/image.png,GER,,,0 days 00:01:17.976000,,,,,,
2024,Australian Grand Prix,Qualifying,Pierre Gasly,Alpine,17.0,18.742307692307687,34.414102564102556,53.58974358974359,1.4794871794871793,10,P GASLY,GAS,gasly,0093cc,alpine,Pierre,Gasly,https://media.formula1.com/d_driver_fallback_image.png/content/dam/fom-website/drivers/P/PIEGAS01_Pierre_Gasly/piegas01.png.transform/1col/image.png,FRA,,,0 days 00:01:17.982000,,,,,,
2024,Australian Grand Prix,Qualifying,Daniel Ricciardo,RB,18.0,18.742307692307687,34.414102564102556,53.58974358974359,1.4794871794871793,3,D RICCIARDO,RIC,ricciardo,6692FF,rb,Daniel,Ricciardo,https://media.formula1.com/d_driver_fallback_image.png/content/dam/fom-website/drivers/D/DANRIC01_Daniel_Ricciardo/danric01.png.transform/1col/image.png,AUS,,,0 days 00:01:18.085000,,,,,,
2024,Australian Grand Prix,Qualifying,Guanyu Zhou,Kick Sauber,19.0,18.742307692307687,34.414102564102556,53.58974358974359,1.4794871794871793,24,G ZHOU,ZHO,zhou,52e252,sauber,Guanyu,Zhou,https://media.formula1.com/d_driver_fallback_image.png/content/dam/fom-website/drivers/G/GUAZHO01_Guanyu_Zhou/guazho01.png.transform/1col/image.png,CHN,,,0 days 00:01:18.188000,,,,,,
2024,Australian Grand Prix,Practice 1,Max Verstappen,Red Bull Racing,,18.469135802469136,33.70987654320987,61.01234567901235,1.262962962962963,1,M VERSTAPPEN,VER,max_verstappen,3671C6,red_bull,Max,Verstappen,https://media.formula1.com/d_driver_fallback_image.png/content/dam/fom-website/drivers/M/MAXVER01_Max_Verstappen/maxver01.png.transform/1col/image.png,NED,,,,,,,,,
2024,Australian Grand Prix,Practice 1,Logan Sargeant,Williams,,18.469135802469136,33.70987654320987,61.01234567901235,1.262962962962963,2,L SARGEANT,SAR,nan,64C4FF,nan,Logan,Sargeant,https://media.formula1.com/d_driver_fallback_image.png/content/dam/fom-website/drivers/L/LOGSAR01_Logan_Sargeant/logsar01.png.transform/1col/image.png,USA,,,,,,,,,
2024,Australian Grand Prix,Practice 1,Daniel Ricciardo,RB,,18.469135802469136,33.70987654320987,61.01234567901235,1.262962962962963,3,D RICCIARDO,RIC,ricciardo,6692FF,rb,Daniel,Ricciardo,https://media.formula1.com/d_driver_fallback_image.png/content/dam/fom-website/drivers/D/DANRIC01_Daniel_Ricciardo/danric01.png.transform/1col/image.png,AUS,,,,,,,,,
2024,Australian Grand Prix,Practice 1,Lando Norris,McLaren,,18.469135802469136,33.70987654320987,61.01234567901235,1.262962962962963,4,L NORRIS,NOR,norris,FF8000,mclaren,Lando,Norris,https://media.formula1.com/d_driver_fallback_image.png/content/dam/fom-website/drivers/L/LANNOR01_Lando_Norris/lannor01.png.transform/1col/image.png,GBR,,,,,,,,,
2024,Australian Grand Prix,Practice 1,Pierre Gasly,Alpine,,18.469135802469136,33.70987654320987,61.01234567901235,1.262962962962963,10,P GASLY,GAS,gasly,0093cc,alpine,Pierre,Gasly,https://media.formula1.com/d_driver_fallback_image.png/content/dam/fom-website/drivers/P/PIEGAS01_Pierre_Gasly/piegas01.png.transform/1col/image.png,FRA,,,,,,,,,
2024,Australian Grand Prix,Practice 1,Sergio Perez,Red Bull Racing,,18.469135802469136,33.70987654320987,61.01234567901235,1.262962962962963,11,S PEREZ,PER,perez,3671C6,red_bull,Sergio,Perez,https://media.formula1.com/d_driver_fallback_image.png/content/dam/fom-website/drivers/S/SERPER01_Sergio_Perez/serper01.png.transform/1col/image.png,MEX,,,,,,,,,
2024,Australian Grand Prix,Practice 1,Fernando Alonso,Aston Martin,,18.469135802469136,33.70987654320987,61.01234567901235,1.262962962962963,14,F ALONSO,ALO,alonso,229971,aston_martin,Fernando,Alonso,https://media.formula1.com/d_driver_fallback_image.png/content/dam/fom-website/drivers/F/FERALO01_Fernando_Alonso/feralo01.png.transform/1col/image.png,ESP,,,,,,,,,
2024,Australian Grand Prix,Practice 1,Charles Leclerc,Ferrari,,18.469135802469136,33.70987654320987,61.01234567901235,1.262962962962963,16,C LECLERC,LEC,leclerc,E80020,ferrari,Charles,Leclerc,https://media.formula1.com/d_driver_fallback_image.png/content/dam/fom-website/drivers/C/CHALEC01_Charles_Leclerc/chalec01.png.transform/1col/image.png,MON,,,,,,,,,
2024,Australian Grand Prix,Practice 1,Lance Stroll,Aston Martin,,18.469135802469136,33.70987654320987,61.01234567901235,1.262962962962963,18,L STROLL,STR,stroll,229971,aston_martin,Lance,Stroll,https://media.formula1.com/d_driver_fallback_image.png/content/dam/fom-website/drivers/L/LANSTR01_Lance_Stroll/lanstr01.png.transform/1col/image.png,CAN,,,,,,,,,
2024,Australian Grand Prix,Practice 1,Kevin Magnussen,Haas F1 Team,,18.469135802469136,33.70987654320987,61.01234567901235,1.262962962962963,20,K MAGNUSSEN,MAG,kevin_magnussen,B6BABD,haas,Kevin,Magnussen,https://media.formula1.com/d_driver_fallback_image.png/content/dam/fom-website/drivers/K/KEVMAG01_Kevin_Magnussen/kevmag01.png.transform/1col/image.png,DEN,,,,,,,,,
2024,Australian Grand Prix,Practice 1,Yuki Tsunoda,RB,,18.469135802469136,33.70987654320987,61.01234567901235,1.262962962962963,22,Y TSUNODA,TSU,tsunoda,6692FF,rb,Yuki,Tsunoda,https://media.formula1.com/d_driver_fallback_image.png/content/dam/fom-website/drivers/Y/YUKTSU01_Yuki_Tsunoda/yuktsu01.png.transform/1col/image.png,JPN,,,,,,,,,
2024,Australian Grand Prix,Practice 1,Alexander Albon,Williams,,18.469135802469136,33.70987654320987,61.01234567901235,1.262962962962963,23,A ALBON,ALB,albon,64C4FF,williams,Alexander,Albon,https://media.formula1.com/d_driver_fallback_image.png/content/dam/fom-website/drivers/A/ALEALB01_Alexander_Albon/alealb01.png.transform/1col/image.png,THA,,,,,,,,,
2024,Australian Grand Prix,Practice 1,Guanyu Zhou,Kick Sauber,,18.469135802469136,33.70987654320987,61.01234567901235,1.262962962962963,24,G ZHOU,ZHO,zhou,52e252,sauber,Guanyu,Zhou,https://media.formula1.com/d_driver_fallback_image.png/content/dam/fom-website/drivers/G/GUAZHO01_Guanyu_Zhou/guazho01.png.transform/1col/image.png,CHN,,,,,,,,,
2024,Australian Grand Prix,Practice 1,Nico Hulkenberg,Haas F1 Team,,18.469135802469136,33.70987654320987,61.01234567901235,1.262962962962963,27,N HULKENBERG,HUL,hulkenberg,B6BABD,haas,Nico,Hulkenberg,https://media.formula1.com/d_driver_fallback_image.png/content/dam/fom-website/drivers/N/NICHUL01_Nico_Hulkenberg/nichul01.png.transform/1col/image.png,GER,,,,,,,,,
2024,Australian Grand Prix,Practice 1,Esteban Ocon,Alpine,,18.469135802469136,33.70987654320987,61.01234567901235,1.262962962962963,31,E OCON,OCO,ocon,0093cc,alpine,Esteban,Ocon,https://media.formula1.com/d_driver_fallback_image.png/content/dam/fom-website/drivers/E/ESTOCO01_Esteban_Ocon/estoco01.png.transform/1col/image.png,FRA,,,,,,,,,
2024,Australian Grand Prix,Practice 1,Lewis Hamilton,Mercedes,,18.469135802469136,33.70987654320987,61.01234567901235,1.262962962962963,44,L HAMILTON,HAM,hamilton,27F4D2,mercedes,Lewis,Hamilton,https://media.formula1.com/d_driver_fallback_image.png/content/dam/fom-website/drivers/L/LEWHAM01_Lewis_Hamilton/lewham01.png.transform/1col/image.png,GBR,,,,,,,,,
2024,Australian Grand Prix,Practice 1,Carlos Sainz,Ferrari,,18.469135802469136,33.70987654320987,61.01234567901235,1.262962962962963,55,C SAINZ,SAI,sainz,E80020,ferrari,Carlos,Sainz,https://media.formula1.com/d_driver_fallback_image.png/content/dam/fom-website/drivers/C/CARSAI01_Carlos_Sainz/carsai01.png.transform/1col/image.png,ESP,,,,,,,,,
2024,Australian Grand Prix,Practice 1,George Russell,Mercedes,,18.469135802469136,33.70987654320987,61.01234567901235,1.262962962962963,63,G RUSSELL,RUS,russell,27F4D2,mercedes,George,Russell,https://media.formula1.com/d_driver_fallback_image.png/content/dam/fom-website/drivers/G/GEORUS01_George_Russell/georus01.png.transform/1col/image.png,GBR,,,,,,,,,
2024,Australian Grand Prix,Practice 1,Valtteri Bottas,Kick Sauber,,18.469135802469136,33.70987654320987,61.01234567901235,1.262962962962963,77,V BOTTAS,BOT,bottas,52e252,sauber,Valtteri,Bottas,https://media.formula1.com/d_driver_fallback_image.png/content/dam/fom-website/drivers/V/VALBOT01_Valtteri_Bottas/valbot01.png.transform/1col/image.png,FIN,,,,,,,,,
2024,Australian Grand Prix,Practice 1,Oscar Piastri,McLaren,,18.469135802469136,33.70987654320987,61.01234567901235,1.262962962962963,81,O PIASTRI,PIA,piastri,FF8000,mclaren,Oscar,Piastri,https://media.formula1.com/d_driver_fallback_image.png/content/dam/fom-website/drivers/O/OSCPIA01_Oscar_Piastri/oscpia01.png.transform/1col/image.png,AUS,,,,,,,,,
2024,Australian Grand Prix,Practice 2,Max Verstappen,Red Bull Racing,,20.157317073170734,36.15731707317073,56.926829268292686,1.803658536585366,1,M VERSTAPPEN,VER,max_verstappen,3671C6,red_bull,Max,Verstappen,https://media.formula1.com/d_driver_fallback_image.png/content/dam/fom-website/drivers/M/MAXVER01_Max_Verstappen/maxver01.png.transform/1col/image.png,NED,,,,,,,,,
2024,Australian Grand Prix,Practice 2,Logan Sargeant,Williams,,20.157317073170734,36.15731707317073,56.926829268292686,1.803658536585366,2,L SARGEANT,SAR,nan,64C4FF,nan,Logan,Sargeant,https://media.formula1.com/d_driver_fallback_image.png/content/dam/fom-website/drivers/L/LOGSAR01_Logan_Sargeant/logsar01.png.transform/1col/image.png,USA,,,,,,,,,
2024,Australian Grand Prix,Practice 2,Daniel Ricciardo,RB,,20.157317073170734,36.15731707317073,56.926829268292686,1.803658536585366,3,D RICCIARDO,RIC,ricciardo,6692FF,rb,Daniel,Ricciardo,https://media.formula1.com/d_driver_fallback_image.png/content/dam/fom-website/drivers/D/DANRIC01_Daniel_Ricciardo/danric01.png.transform/1col/image.png,AUS,,,,,,,,,
2024,Australian Grand Prix,Practice 2,Lando Norris,McLaren,,20.157317073170734,36.15731707317073,56.926829268292686,1.803658536585366,4,L NORRIS,NOR,norris,FF8000,mclaren,Lando,Norris,https://media.formula1.com/d_driver_fallback_image.png/content/dam/fom-website/drivers/L/LANNOR01_Lando_Norris/lannor01.png.transform/1col/image.png,GBR,,,,,,,,,
2024,Australian Grand Prix,Practice 2,Pierre Gasly,Alpine,,20.157317073170734,36.15731707317073,56.926829268292686,1.803658536585366,10,P GASLY,GAS,gasly,0093cc,alpine,Pierre,Gasly,https://media.formula1.com/d_driver_fallback_image.png/content/dam/fom-website/drivers/P/PIEGAS01_Pierre_Gasly/piegas01.png.transform/1col/image.png,FRA,,,,,,,,,
2024,Australian Grand Prix,Practice 2,Sergio Perez,Red Bull Racing,,20.157317073170734,36.15731707317073,56.926829268292686,1.803658536585366,11,S PEREZ,PER,perez,3671C6,red_bull,Sergio,Perez,https://media.formula1.com/d_driver_fallback_image.png/content/dam/fom-website/drivers/S/SERPER01_Sergio_Perez/serper01.png.transform/1col/image.png,MEX,,,,,,,,,
2024,Australian Grand Prix,Practice 2,Fernando Alonso,Aston Martin,,20.157317073170734,36.15731707317073,56.926829268292686,1.803658536585366,14,F ALONSO,ALO,alonso,229971,aston_martin,Fernando,Alonso,https://media.formula1.com/d_driver_fallback_image.png/content/dam/fom-website/drivers/F/FERALO01_Fernando_Alonso/feralo01.png.transform/1col/image.png,ESP,,,,,,,,,
2024,Australian Grand Prix,Practice 2,Charles Leclerc,Ferrari,,20.157317073170734,36.15731707317073,56.926829268292686,1.803658536585366,16,C LECLERC,LEC,leclerc,E80020,ferrari,Charles,Leclerc,https://media.formula1.com/d_driver_fallback_image.png/content/dam/fom-website/drivers/C/CHALEC01_Charles_Leclerc/chalec01.png.transform/1col/image.png,MON,,,,,,,,,
2024,Australian Grand Prix,Practice 2,Lance Stroll,Aston Martin,,20.157317073170734,36.15731707317073,56.926829268292686,1.803658536585366,18,L STROLL,STR,stroll,229971,aston_martin,Lance,Stroll,https://media.formula1.com/d_driver_fallback_image.png/content/dam/fom-website/drivers/L/LANSTR01_Lance_Stroll/lanstr01.png.transform/1col/image.png,CAN,,,,,,,,,
2024,Australian Grand Prix,Practice 2,Kevin Magnussen,Haas F1 Team,,20.157317073170734,36.15731707317073,56.926829268292686,1.803658536585366,20,K MAGNUSSEN,MAG,kevin_magnussen,B6BABD,haas,Kevin,Magnussen,https://media.formula1.com/d_driver_fallback_image.png/content/dam/fom-website/drivers/K/KEVMAG01_Kevin_Magnussen/kevmag01.png.transform/1col/image.png,DEN,,,,,,,,,
2024,Australian Grand Prix,Practice 2,Yuki Tsunoda,RB,,20.157317073170734,36.15731707317073,56.926829268292686,1.803658536585366,22,Y TSUNODA,TSU,tsunoda,6692FF,rb,Yuki,Tsunoda,https://media.formula1.com/d_driver_fallback_image.png/content/dam/fom-website/drivers/Y/YUKTSU01_Yuki_Tsunoda/yuktsu01.png.transform/1col/image.png,JPN,,,,,,,,,
2024,Australian Grand Prix,Practice 2,Alexander Albon,Williams,,20.157317073170734,36.15731707317073,56.926829268292686,1.803658536585366,23,A ALBON,ALB,albon,64C4FF,williams,Alexander,Albon,https://media.formula1.com/d_driver_fallback_image.png/content/dam/fom-website/drivers/A/ALEALB01_Alexander_Albon/alealb01.png.transform/1col/image.png,THA,,,,,,,,,
2024,Australian Grand Prix,Practice 2,Guanyu Zhou,Kick Sauber,,20.157317073170734,36.15731707317073,56.926829268292686,1.803658536585366,24,G ZHOU,ZHO,zhou,52e252,sauber,Guanyu,Zhou,https://media.formula1.com/d_driver_fallback_image.png/content/dam/fom-website/drivers/G/GUAZHO01_Guanyu_Zhou/guazho01.png.transform/1col/image.png,CHN,,,,,,,,,
2024,Australian Grand Prix,Practice 2,Nico Hulkenberg,Haas F1 Team,,20.157317073170734,36.15731707317073,56.926829268292686,1.803658536585366,27,N HULKENBERG,HUL,hulkenberg,B6BABD,haas,Nico,Hulkenberg,https://media.formula1.com/d_driver_fallback_image.png/content/dam/fom-website/drivers/N/NICHUL01_Nico_Hulkenberg/nichul01.png.transform/1col/image.png,GER,,,,,,,,,
2024,Australian Grand Prix,Practice 2,Esteban Ocon,Alpine,,20.157317073170734,36.15731707317073,56.926829268292686,1.803658536585366,31,E OCON,OCO,ocon,0093cc,alpine,Esteban,Ocon,https://media.formula1.com/d_driver_fallback_image.png/content/dam/fom-website/drivers/E/ESTOCO01_Esteban_Ocon/estoco01.png.transform/1col/image.png,FRA,,,,,,,,,
2024,Australian Grand Prix,Practice 2,Lewis Hamilton,Mercedes,,20.157317073170734,36.15731707317073,56.926829268292686,1.803658536585366,44,L HAMILTON,HAM,hamilton,27F4D2,mercedes,Lewis,Hamilton,https://media.formula1.com/d_driver_fallback_image.png/content/dam/fom-website/drivers/L/LEWHAM01_Lewis_Hamilton/lewham01.png.transform/1col/image.png,GBR,,,,,,,,,
2024,Australian Grand Prix,Practice 2,Carlos Sainz,Ferrari,,20.157317073170734,36.15731707317073,56.926829268292686,1.803658536585366,55,C SAINZ,SAI,sainz,E80020,ferrari,Carlos,Sainz,https://media.formula1.com/d_driver_fallback_image.png/content/dam/fom-website/drivers/C/CARSAI01_Carlos_Sainz/carsai01.png.transform/1col/image.png,ESP,,,,,,,,,
2024,Australian Grand Prix,Practice 2,George Russell,Mercedes,,20.157317073170734,36.15731707317073,56.926829268292686,1.803658536585366,63,G RUSSELL,RUS,russell,27F4D2,mercedes,George,Russell,https://media.formula1.com/d_driver_fallback_image.png/content/dam/fom-website/drivers/G/GEORUS01_George_Russell/georus01.png.transform/1col/image.png,GBR,,,,,,,,,
2024,Australian Grand Prix,Practice 2,Valtteri Bottas,Kick Sauber,,20.157317073170734,36.15731707317073,56.926829268292686,1.803658536585366,77,V BOTTAS,BOT,bottas,52e252,sauber,Valtteri,Bottas,https://media.formula1.com/d_driver_fallback_image.png/content/dam/fom-website/drivers/V/VALBOT01_Valtteri_Bottas/valbot01.png.transform/1col/image.png,FIN,,,,,,,,,
2024,Australian Grand Prix,Practice 2,Oscar Piastri,McLaren,,20.157317073170734,36.15731707317073,56.926829268292686,1.803658536585366,81,O PIASTRI,PIA,piastri,FF8000,mclaren,Oscar,Piastri,https://media.formula1.com/d_driver_fallback_image.png/content/dam/fom-website/drivers/O/OSCPIA01_Oscar_Piastri/oscpia01.png.transform/1col/image.png,AUS,,,,,,,,,
2024,Australian Grand Prix,Practice 3,Max Verstappen,Red Bull Racing,,18.27283950617284,27.669135802469132,59.39506172839506,1.4333333333333333,1,M VERSTAPPEN,VER,max_verstappen,3671C6,red_bull,Max,Verstappen,https://media.formula1.com/d_driver_fallback_image.png/content/dam/fom-website/drivers/M/MAXVER01_Max_Verstappen/maxver01.png.transform/1col/image.png,NED,,,,,,,,,
2024,Australian Grand Prix,Practice 3,Daniel Ricciardo,RB,,18.27283950617284,27.669135802469132,59.39506172839506,1.4333333333333333,3,D RICCIARDO,RIC,ricciardo,6692FF,rb,Daniel,Ricciardo,https://media.formula1.com/d_driver_fallback_image.png/content/dam/fom-website/drivers/D/DANRIC01_Daniel_Ricciardo/danric01.png.transform/1col/image.png,AUS,,,,,,,,,
2024,Australian Grand Prix,Practice 3,Lando Norris,McLaren,,18.27283950617284,27.669135802469132,59.39506172839506,1.4333333333333333,4,L NORRIS,NOR,norris,FF8000,mclaren,Lando,Norris,https://media.formula1.com/d_driver_fallback_image.png/content/dam/fom-website/drivers/L/LANNOR01_Lando_Norris/lannor01.png.transform/1col/image.png,GBR,,,,,,,,,
2024,Australian Grand Prix,Practice 3,Pierre Gasly,Alpine,,18.27283950617284,27.669135802469132,59.39506172839506,1.4333333333333333,10,P GASLY,GAS,gasly,0093cc,alpine,Pierre,Gasly,https://media.formula1.com/d_driver_fallback_image.png/content/dam/fom-website/drivers/P/PIEGAS01_Pierre_Gasly/piegas01.png.transform/1col/image.png,FRA,,,,,,,,,
2024,Australian Grand Prix,Practice 3,Sergio Perez,Red Bull Racing,,18.27283950617284,27.669135802469132,59.39506172839506,1.4333333333333333,11,S PEREZ,PER,perez,3671C6,red_bull,Sergio,Perez,https://media.formula1.com/d_driver_fallback_image.png/content/dam/fom-website/drivers/S/SERPER01_Sergio_Perez/serper01.png.transform/1col/image.png,MEX,,,,,,,,,
2024,Australian Grand Prix,Practice 3,Fernando Alonso,Aston Martin,,18.27283950617284,27.669135802469132,59.39506172839506,1.4333333333333333,14,F ALONSO,ALO,alonso,229971,aston_martin,Fernando,Alonso,https://media.formula1.com/d_driver_fallback_image.png/content/dam/fom-website/drivers/F/FERALO01_Fernando_Alonso/feralo01.png.transform/1col/image.png,ESP,,,,,,,,,
2024,Australian Grand Prix,Practice 3,Charles Leclerc,Ferrari,,18.27283950617284,27.669135802469132,59.39506172839506,1.4333333333333333,16,C LECLERC,LEC,leclerc,E80020,ferrari,Charles,Leclerc,https://media.formula1.com/d_driver_fallback_image.png/content/dam/fom-website/drivers/C/CHALEC01_Charles_Leclerc/chalec01.png.transform/1col/image.png,MON,,,,,,,,,
2024,Australian Grand Prix,Practice 3,Lance Stroll,Aston Martin,,18.27283950617284,27.669135802469132,59.39506172839506,1.4333333333333333,18,L STROLL,STR,stroll,229971,aston_martin,Lance,Stroll,https://media.formula1.com/d_driver_fallback_image.png/content/dam/fom-website/drivers/L/LANSTR01_Lance_Stroll/lanstr01.png.transform/1col/image.png,CAN,,,,,,,,,
2024,Australian Grand Prix,Practice 3,Kevin Magnussen,Haas F1 Team,,18.27283950617284,27.669135802469132,59.39506172839506,1.4333333333333333,20,K MAGNUSSEN,MAG,kevin_magnussen,B6BABD,haas,Kevin,Magnussen,https://media.formula1.com/d_driver_fallback_image.png/content/dam/fom-website/drivers/K/KEVMAG01_Kevin_Magnussen/kevmag01.png.transform/1col/image.png,DEN,,,,,,,,,
2024,Australian Grand Prix,Practice 3,Yuki Tsunoda,RB,,18.27283950617284,27.669135802469132,59.39506172839506,1.4333333333333333,22,Y TSUNODA,TSU,tsunoda,6692FF,rb,Yuki,Tsunoda,https://media.formula1.com/d_driver_fallback_image.png/content/dam/fom-website/drivers/Y/YUKTSU01_Yuki_Tsunoda/yuktsu01.png.transform/1col/image.png,JPN,,,,,,,,,
2024,Australian Grand Prix,Practice 3,Alexander Albon,Williams,,18.27283950617284,27.669135802469132,59.39506172839506,1.4333333333333333,23,A ALBON,ALB,albon,64C4FF,williams,Alexander,Albon,https://media.formula1.com/d_driver_fallback_image.png/content/dam/fom-website/drivers/A/ALEALB01_Alexander_Albon/alealb01.png.transform/1col/image.png,THA,,,,,,,,,
2024,Australian Grand Prix,Practice 3,Guanyu Zhou,Kick Sauber,,18.27283950617284,27.669135802469132,59.39506172839506,1.4333333333333333,24,G ZHOU,ZHO,zhou,52e252,sauber,Guanyu,Zhou,https://media.formula1.com/d_driver_fallback_image.png/content/dam/fom-website/drivers/G/GUAZHO01_Guanyu_Zhou/guazho01.png.transform/1col/image.png,CHN,,,,,,,,,
2024,Australian Grand Prix,Practice 3,Nico Hulkenberg,Haas F1 Team,,18.27283950617284,27.669135802469132,59.39506172839506,1.4333333333333333,27,N HULKENBERG,HUL,hulkenberg,B6BABD,haas,Nico,Hulkenberg,https://media.formula1.com/d_driver_fallback_image.png/content/dam/fom-website/drivers/N/NICHUL01_Nico_Hulkenberg/nichul01.png.transform/1col/image.png,GER,,,,,,,,,
2024,Australian Grand Prix,Practice 3,Esteban Ocon,Alpine,,18.27283950617284,27.669135802469132,59.39506172839506,1.4333333333333333,31,E OCON,OCO,ocon,0093cc,alpine,Esteban,Ocon,https://media.formula1.com/d_driver_fallback_image.png/content/dam/fom-website/drivers/E/ESTOCO01_Esteban_Ocon/estoco01.png.transform/1col/image.png,FRA,,,,,,,,,
2024,Australian Grand Prix,Practice 3,Lewis Hamilton,Mercedes,,18.27283950617284,27.669135802469132,59.39506172839506,1.4333333333333333,44,L HAMILTON,HAM,hamilton,27F4D2,mercedes,Lewis,Hamilton,https://media.formula1.com/d_driver_fallback_image.png/content/dam/fom-website/drivers/L/LEWHAM01_Lewis_Hamilton/lewham01.png.transform/1col/image.png,GBR,,,,,,,,,
2024,Australian Grand Prix,Practice 3,Carlos Sainz,Ferrari,,18.27283950617284,27.669135802469132,59.39506172839506,1.4333333333333333,55,C SAINZ,SAI,sainz,E80020,ferrari,Carlos,Sainz,https://media.formula1.com/d_driver_fallback_image.png/content/dam/fom-website/drivers/C/CARSAI01_Carlos_Sainz/carsai01.png.transform/1col/image.png,ESP,,,,,,,,,
2024,Australian Grand Prix,Practice 3,George Russell,Mercedes,,18.27283950617284,27.669135802469132,59.39506172839506,1.4333333333333333,63,G RUSSELL,RUS,russell,27F4D2,mercedes,George,Russell,https://media.formula1.com/d_driver_fallback_image.png/content/dam/fom-website/drivers/G/GEORUS01_George_Russell/georus01.png.transform/1col/image.png,GBR,,,,,,,,,
2024,Australian Grand Prix,Practice 3,Valtteri Bottas,Kick Sauber,,18.27283950617284,27.669135802469132,59.39506172839506,1.4333333333333333,77,V BOTTAS,BOT,bottas,52e252,sauber,Valtteri,Bottas,https://media.formula1.com/d_driver_fallback_image.png/content/dam/fom-website/drivers/V/VALBOT01_Valtteri_Bottas/valbot01.png.transform/1col/image.png,FIN,,,,,,,,,
2024,Australian Grand Prix,Practice 3,Oscar Piastri,McLaren,,18.27283950617284,27.669135802469132,59.39506172839506,1.4333333333333333,81,O PIASTRI,PIA,piastri,FF8000,mclaren,Oscar,Piastri,https://media.formula1.com/d_driver_fallback_image.png/content/dam/fom-website/drivers/O/OSCPIA01_Oscar_Piastri/oscpia01.png.transform/1col/image.png,AUS,,,,,,,,,
2024,Japanese Grand Prix,Race,Max Verstappen,Red Bull Racing,1.0,21.691160220994476,37.50110497237569,43.430939226519335,2.2408839779005527,1,M VERSTAPPEN,VER,max_verstappen,3671C6,red_bull,Max,Verstappen,https://media.formula1.com/d_driver_fallback_image.png/content/dam/fom-website/drivers/M/MAXVER01_Max_Verstappen/maxver01.png.transform/1col/image.png,NED,1,1.0,,,,0 days 01:54:23.566000,Finished,26.0,53.0
2024,Japanese Grand Prix,Race,Sergio Perez,Red Bull Racing,2.0,21.691160220994476,37.50110497237569,43.430939226519335,2.2408839779005527,11,S PEREZ,PER,perez,3671C6,red_bull,Sergio,Perez,https://media.formula1.com/d_driver_fallback_image.png/content/dam/fom-website/drivers/S/SERPER01_Sergio_Perez/serper01.png.transform/1col/image.png,MEX,2,2.0,,,,0 days 00:00:12.535000,Finished,18.0,53.0
2024,Japanese Grand Prix,Race,Carlos Sainz,Ferrari,3.0,21.691160220994476,37.50110497237569,43.430939226519335,2.2408839779005527,55,C SAINZ,SAI,sainz,E80020,ferrari,Carlos,Sainz,https://media.formula1.com/d_driver_fallback_image.png/content/dam/fom-website/drivers/C/CARSAI01_Carlos_Sainz/carsai01.png.transform/1col/image.png,ESP,3,4.0,,,,0 days 00:00:20.866000,Finished,15.0,53.0
2024,Japanese Grand Prix,Race,Charles Leclerc,Ferrari,4.0,21.691160220994476,37.50110497237569,43.430939226519335,2.2408839779005527,16,C LECLERC,LEC,leclerc,E80020,ferrari,Charles,Leclerc,https://media.formula1.com/d_driver_fallback_image.png/content/dam/fom-website/drivers/C/CHALEC01_Charles_Leclerc/chalec01.png.transform/1col/image.png,MON,4,8.0,,,,0 days 00:00:26.522000,Finished,12.0,53.0
2024,Japanese Grand Prix,Race,Lando Norris,McLaren,5.0,21.691160220994476,37.50110497237569,43.430939226519335,2.2408839779005527,4,L NORRIS,NOR,norris,FF8000,mclaren,Lando,Norris,https://media.formula1.com/d_driver_fallback_image.png/content/dam/fom-website/drivers/L/LANNOR01_Lando_Norris/lannor01.png.transform/1col/image.png,GBR,5,3.0,,,,0 days 00:00:29.700000,Finished,10.0,53.0
2024,Japanese Grand Prix,Race,Fernando Alonso,Aston Martin,6.0,21.691160220994476,37.50110497237569,43.430939226519335,2.2408839779005527,14,F ALONSO,ALO,alonso,229971,aston_martin,Fernando,Alonso,https://media.formula1.com/d_driver_fallback_image.png/content/dam/fom-website/drivers/F/FERALO01_Fernando_Alonso/feralo01.png.transform/1col/image.png,ESP,6,5.0,,,,0 days 00:00:44.272000,Finished,8.0,53.0
2024,Japanese Grand Prix,Race,George Russell,Mercedes,7.0,21.691160220994476,37.50110497237569,43.430939226519335,2.2408839779005527,63,G RUSSELL,RUS,russell,27F4D2,mercedes,George,Russell,https://media.formula1.com/d_driver_fallback_image.png/content/dam/fom-website/drivers/G/GEORUS01_George_Russell/georus01.png.transform/1col/image.png,GBR,7,9.0,,,,0 days 00:00:45.951000,Finished,6.0,53.0
2024,Japanese Grand Prix,Race,Oscar Piastri,McLaren,8.0,21.691160220994476,37.50110497237569,43.430939226519335,2.2408839779005527,81,O PIASTRI,PIA,piastri,FF8000,mclaren,Oscar,Piastri,https://media.formula1.com/d_driver_fallback_image.png/content/dam/fom-website/drivers/O/OSCPIA01_Oscar_Piastri/oscpia01.png.transform/1col/image.png,AUS,8,6.0,,,,0 days 00:00:47.525000,Finished,4.0,53.0
2024,Japanese Grand Prix,Race,Lewis Hamilton,Mercedes,9.0,21.691160220994476,37.50110497237569,43.430939226519335,2.2408839779005527,44,L HAMILTON,HAM,hamilton,27F4D2,mercedes,Lewis,Hamilton,https://media.formula1.com/d_driver_fallback_image.png/content/dam/fom-website/drivers/L/LEWHAM01_Lewis_Hamilton/lewham01.png.transform/1col/image.png,GBR,9,7.0,,,,0 days 00:00:48.626000,Finished,2.0,53.0
2024,Japanese Grand Prix,Race,Yuki Tsunoda,RB,10.0,21.691160220994476,37.50110497237569,43.430939226519335,2.2408839779005527,22,Y TSUNODA,TSU,tsunoda,6692FF,rb,Yuki,Tsunoda,https://media.formula1.com/d_driver_fallback_image.png/content/dam/fom-website/drivers/Y/YUKTSU01_Yuki_Tsunoda/yuktsu01.png.transform/1col/image.png,JPN,10,10.0,,,,0 days 00:00:01.602000,Lapped,1.0,52.0
2024,Japanese Grand Prix,Race,Nico Hulkenberg,Haas F1 Team,11.0,21.691160220994476,37.50110497237569,43.430939226519335,2.2408839779005527,27,N HULKENBERG,HUL,hulkenberg,B6BABD,haas,Nico,Hulkenberg,https://media.formula1.com/d_driver_fallback_image.png/content/dam/fom-website/drivers/N/NICHUL01_Nico_Hulkenberg/nichul01.png.transform/1col/image.png,GER,11,12.0,,,,0 days 00:00:07.168000,Lapped,0.0,52.0
2024,Japanese Grand Prix,Race,Lance Stroll,Aston Martin,12.0,21.691160220994476,37.50110497237569,43.430939226519335,2.2408839779005527,18,L STROLL,STR,stroll,229971,aston_martin,Lance,Stroll,https://media.formula1.com/d_driver_fallback_image.png/content/dam/fom-website/drivers/L/LANSTR01_Lance_Stroll/lanstr01.png.transform/1col/image.png,CAN,12,16.0,,,,0 days 00:00:11.233000,Lapped,0.0,52.0
2024,Japanese Grand Prix,Race,Kevin Magnussen,Haas F1 Team,13.0,21.691160220994476,37.50110497237569,43.430939226519335,2.2408839779005527,20,K MAGNUSSEN,MAG,kevin_magnussen,B6BABD,haas,Kevin,Magnussen,https://media.formula1.com/d_driver_fallback_image.png/content/dam/fom-website/drivers/K/KEVMAG01_Kevin_Magnussen/kevmag01.png.transform/1col/image.png,DEN,13,18.0,,,,0 days 00:00:17.919000,Lapped,0.0,52.0
2024,Japanese Grand Prix,Race,Valtteri Bottas,Kick Sauber,14.0,21.691160220994476,37.50110497237569,43.430939226519335,2.2408839779005527,77,V BOTTAS,BOT,bottas,52e252,sauber,Valtteri,Bottas,https://media.formula1.com/d_driver_fallback_image.png/content/dam/fom-website/drivers/V/VALBOT01_Valtteri_Bottas/valbot01.png.transform/1col/image.png,FIN,14,13.0,,,,0 days 00:00:18.893000,Lapped,0.0,52.0
2024,Japanese Grand Prix,Race,Esteban Ocon,Alpine,15.0,21.691160220994476,37.50110497237569,43.430939226519335,2.2408839779005527,31,E OCON,OCO,ocon,0093cc,alpine,Esteban,Ocon,https://media.formula1.com/d_driver_fallback_image.png/content/dam/fom-website/drivers/E/ESTOCO01_Esteban_Ocon/estoco01.png.transform/1col/image.png,FRA,15,15.0,,,,0 days 00:00:41.152000,Lapped,0.0,52.0
2024,Japanese Grand Prix,Race,Pierre Gasly,Alpine,16.0,21.691160220994476,37.50110497237569,43.430939226519335,2.2408839779005527,10,P GASLY,GAS,gasly,0093cc,alpine,Pierre,Gasly,https://media.formula1.com/d_driver_fallback_image.png/content/dam/fom-website/drivers/P/PIEGAS01_Pierre_Gasly/piegas01.png.transform/1col/image.png,FRA,16,17.0,,,,0 days 00:00:55.066000,Lapped,0.0,52.0
2024,Japanese Grand Prix,Race,Logan Sargeant,Williams,17.0,21.691160220994476,37.50110497237569,43.430939226519335,2.2408839779005527,2,L SARGEANT,SAR,sargeant,64C4FF,williams,Logan,Sargeant,https://media.formula1.com/d_driver_fallback_image.png/content/dam/fom-website/drivers/L/LOGSAR01_Logan_Sargeant/logsar01.png.transform/1col/image.png,USA,17,19.0,,,,0 days 00:01:12.765000,Lapped,0.0,52.0
2024,Japanese Grand Prix,Race,Guanyu Zhou,Kick Sauber,18.0,21.691160220994476,37.50110497237569,43.430939226519335,2.2408839779005527,24,G ZHOU,ZHO,zhou,52e252,sauber,Guanyu,Zhou,https://media.formula1.com/d_driver_fallback_image.png/content/dam/fom-website/drivers/G/GUAZHO01_Guanyu_Zhou/guazho01.png.transform/1col/image.png,CHN,R,20.0,,,,,Retired,0.0,12.0
2024,Japanese Grand Prix,Race,Daniel Ricciardo,RB,19.0,21.691160220994476,37.50110497237569,43.430939226519335,2.2408839779005527,3,D RICCIARDO,RIC,ricciardo,6692FF,rb,Daniel,Ricciardo,https://media.formula1.com/d_driver_fallback_image.png/content/dam/fom-website/drivers/D/DANRIC01_Daniel_Ricciardo/danric01.png.transform/1col/image.png,AUS,R,11.0,,,,,Retired,0.0,0.0
2024,Japanese Grand Prix,Race,Alexander Albon,Williams,20.0,21.691160220994476,37.50110497237569,43.430939226519335,2.2408839779005527,23,A ALBON,ALB,albon,64C4FF,williams,Alexander,Albon,https://media.formula1.com/d_driver_fallback_image.png/content/dam/fom-website/drivers/A/ALEALB01_Alexander_Albon/alealb01.png.transform/1col/image.png,THA,R,14.0,,,,,Retired,0.0,0.0
2024,Japanese Grand Prix,Qualifying,Max Verstappen,Red Bull Racing,1.0,17.53947368421053,26.710526315789473,58.10526315789474,1.6302631578947366,1,M VERSTAPPEN,VER,max_verstappen,3671C6,red_bull,Max,Verstappen,https://media.formula1.com/d_driver_fallback_image.png/content/dam/fom-website/drivers/M/MAXVER01_Max_Verstappen/maxver01.png.transform/1col/image.png,NED,,,0 days 00:01:28.866000,0 days 00:01:28.740000,0 days 00:01:28.197000,,,,
2024,Japanese Grand Prix,Qualifying,Sergio Perez,Red Bull Racing,2.0,17.53947368421053,26.710526315789473,58.10526315789474,1.6302631578947366,11,S PEREZ,PER,perez,3671C6,red_bull,Sergio,Perez,https://media.formula1.com/d_driver_fallback_image.png/content/dam/fom-website/drivers/S/SERPER01_Sergio_Perez/serper01.png.transform/1col/image.png,MEX,,,0 days 00:01:29.303000,0 days 00:01:28.752000,0 days 00:01:28.263000,,,,
2024,Japanese Grand Prix,Qualifying,Lando Norris,McLaren,3.0,17.53947368421053,26.710526315789473,58.10526315789474,1.6302631578947366,4,L NORRIS,NOR,norris,FF8000,mclaren,Lando,Norris,https://media.formula1.com/d_driver_fallback_image.png/content/dam/fom-website/drivers/L/LANNOR01_Lando_Norris/lannor01.png.transform/1col/image.png,GBR,,,0 days 00:01:29.536000,0 days 00:01:28.940000,0 days 00:01:28.489000,,,,
2024,Japanese Grand Prix,Qualifying,Carlos Sainz,Ferrari,4.0,17.53947368421053,26.710526315789473,58.10526315789474,1.6302631578947366,55,C SAINZ,SAI,sainz,E80020,ferrari,Carlos,Sainz,https://media.formula1.com/d_driver_fallback_image.png/content/dam/fom-website/drivers/C/CARSAI01_Carlos_Sainz/carsai01.png.transform/1col/image.png,ESP,,,0 days 00:01:29.513000,0 days 00:01:29.099000,0 days 00:01:28.682000,,,,
2024,Japanese Grand Prix,Qualifying,Fernando Alonso,Aston Martin,5.0,17.53947368421053,26.710526315789473,58.10526315789474,1.6302631578947366,14,F ALONSO,ALO,alonso,229971,aston_martin,Fernando,Alonso,https://media.formula1.com/d_driver_fallback_image.png/content/dam/fom-website/drivers/F/FERALO01_Fernando_Alonso/feralo01.png.transform/1col/image.png,ESP,,,0 days 00:01:29.254000,0 days 00:01:29.082000,0 days 00:01:28.686000,,,,
2024,Japanese Grand Prix,Qualifying,Oscar Piastri,McLaren,6.0,17.53947368421053,26.710526315789473,58.10526315789474,1.6302631578947366,81,O PIASTRI,PIA,piastri,FF8000,mclaren,Oscar,Piastri,https://media.formula1.com/d_driver_fallback_image.png/content/dam/fom-website/drivers/O/OSCPIA01_Oscar_Piastri/oscpia01.png.transform/1col/image.png,AUS,,,0 days 00:01:29.425000,0 days 00:01:29.148000,0 days 00:01:28.760000,,,,
2024,Japanese Grand Prix,Qualifying,Lewis Hamilton,Mercedes,7.0,17.53947368421053,26.710526315789473,58.10526315789474,1.6302631578947366,44,L HAMILTON,HAM,hamilton,27F4D2,mercedes,Lewis,Hamilton,https://media.formula1.com/d_driver_fallback_image.png/content/dam/fom-website/drivers/L/LEWHAM01_Lewis_Hamilton/lewham01.png.transform/1col/image.png,GBR,,,0 days 00:01:29.661000,0 days 00:01:28.887000,0 days 00:01:28.766000,,,,
2024,Japanese Grand Prix,Qualifying,Charles Leclerc,Ferrari,8.0,17.53947368421053,26.710526315789473,58.10526315789474,1.6302631578947366,16,C LECLERC,LEC,leclerc,E80020,ferrari,Charles,Leclerc,https://media.formula1.com/d_driver_fallback_image.png/content/dam/fom-website/drivers/C/CHALEC01_Charles_Leclerc/chalec01.png.transform/1col/image.png,MON,,,0 days 00:01:29.338000,0 days 00:01:29.196000,0 days 00:01:28.786000,,,,
2024,Japanese Grand Prix,Qualifying,George Russell,Mercedes,9.0,17.53947368421053,26.710526315789473,58.10526315789474,1.6302631578947366,63,G RUSSELL,RUS,russell,27F4D2,mercedes,George,Russell,https://media.formula1.com/d_driver_fallback_image.png/content/dam/fom-website/drivers/G/GEORUS01_George_Russell/georus01.png.transform/1col/image.png,GBR,,,0 days 00:01:29.799000,0 days 00:01:29.140000,0 days 00:01:29.008000,,,,
2024,Japanese Grand Prix,Qualifying,Yuki Tsunoda,RB,10.0,17.53947368421053,26.710526315789473,58.10526315789474,1.6302631578947366,22,Y TSUNODA,TSU,tsunoda,6692FF,rb,Yuki,Tsunoda,https://media.formula1.com/d_driver_fallback_image.png/content/dam/fom-website/drivers/Y/YUKTSU01_Yuki_Tsunoda/yuktsu01.png.transform/1col/image.png,JPN,,,0 days 00:01:29.775000,0 days 00:01:29.417000,0 days 00:01:29.413000,,,,
2024,Japanese Grand Prix,Qualifying,Daniel Ricciardo,RB,11.0,17.53947368421053,26.710526315789473,58.10526315789474,1.6302631578947366,3,D RICCIARDO,RIC,ricciardo,6692FF,rb,Daniel,Ricciardo,https://media.formula1.com/d_driver_fallback_image.png/content/dam/fom-website/drivers/D/DANRIC01_Daniel_Ricciardo/danric01.png.transform/1col/image.png,AUS,,,0 days 00:01:29.727000,0 days 00:01:29.472000,,,,,
2024,Japanese Grand Prix,Qualifying,Nico Hulkenberg,Haas F1 Team,12.0,17.53947368421053,26.710526315789473,58.10526315789474,1.6302631578947366,27,N HULKENBERG,HUL,hulkenberg,B6BABD,haas,Nico,Hulkenberg,https://media.formula1.com/d_driver_fallback_image.png/content/dam/fom-website/drivers/N/NICHUL01_Nico_Hulkenberg/nichul01.png.transform/1col/image.png,GER,,,0 days 00:01:29.821000,0 days 00:01:29.494000,,,,,
2024,Japanese Grand Prix,Qualifying,Valtteri Bottas,Kick Sauber,13.0,17.53947368421053,26.710526315789473,58.10526315789474,1.6302631578947366,77,V BOTTAS,BOT,bottas,52e252,sauber,Valtteri,Bottas,https://media.formula1.com/d_driver_fallback_image.png/content/dam/fom-website/drivers/V/VALBOT01_Valtteri_Bottas/valbot01.png.transform/1col/image.png,FIN,,,0 days 00:01:29.602000,0 days 00:01:29.593000,,,,,
2024,Japanese Grand Prix,Qualifying,Alexander Albon,Williams,14.0,17.53947368421053,26.710526315789473,58.10526315789474,1.6302631578947366,23,A ALBON,ALB,albon,64C4FF,williams,Alexander,Albon,https://media.formula1.com/d_driver_fallback_image.png/content/dam/fom-website/drivers/A/ALEALB01_Alexander_Albon/alealb01.png.transform/1col/image.png,THA,,,0 days 00:01:29.963000,0 days 00:01:29.714000,,,,,
2024,Japanese Grand Prix,Qualifying,Esteban Ocon,Alpine,15.0,17.53947368421053,26.710526315789473,58.10526315789474,1.6302631578947366,31,E OCON,OCO,ocon,0093cc,alpine,Esteban,Ocon,https://media.formula1.com/d_driver_fallback_image.png/content/dam/fom-website/drivers/E/ESTOCO01_Esteban_Ocon/estoco01.png.transform/1col/image.png,FRA,,,0 days 00:01:29.811000,0 days 00:01:29.816000,,,,,
2024,Japanese Grand Prix,Qualifying,Lance Stroll,Aston Martin,16.0,17.53947368421053,26.710526315789473,58.10526315789474,1.6302631578947366,18,L STROLL,STR,stroll,229971,aston_martin,Lance,Stroll,https://media.formula1.com/d_driver_fallback_image.png/content/dam/fom-website/drivers/L/LANSTR01_Lance_Stroll/lanstr01.png.transform/1col/image.png,CAN,,,0 days 00:01:30.024000,,,,,,
2024,Japanese Grand Prix,Qualifying,Pierre Gasly,Alpine,17.0,17.53947368421053,26.710526315789473,58.10526315789474,1.6302631578947366,10,P GASLY,GAS,gasly,0093cc,alpine,Pierre,Gasly,https://media.formula1.com/d_driver_fallback_image.png/content/dam/fom-website/drivers/P/PIEGAS01_Pierre_Gasly/piegas01.png.transform/1col/image.png,FRA,,,0 days 00:01:30.119000,,,,,,
2024,Japanese Grand Prix,Qualifying,Kevin Magnussen,Haas F1 Team,18.0,17.53947368421053,26.710526315789473,58.10526315789474,1.6302631578947366,20,K MAGNUSSEN,MAG,kevin_magnussen,B6BABD,haas,Kevin,Magnussen,https://media.formula1.com/d_driver_fallback_image.png/content/dam/fom-website/drivers/K/KEVMAG01_Kevin_Magnussen/kevmag01.png.transform/1col/image.png,DEN,,,0 days 00:01:30.131000,,,,,,
2024,Japanese Grand Prix,Qualifying,Logan Sargeant,Williams,19.0,17.53947368421053,26.710526315789473,58.10526315789474,1.6302631578947366,2,L SARGEANT,SAR,sargeant,64C4FF,williams,Logan,Sargeant,https://media.formula1.com/d_driver_fallback_image.png/content/dam/fom-website/drivers/L/LOGSAR01_Logan_Sargeant/logsar01.png.transform/1col/image.png,USA,,,0 days 00:01:30.139000,,,,,,
2024,Japanese Grand Prix,Qualifying,Guanyu Zhou,Kick Sauber,20.0,17.53947368421053,26.710526315789473,58.10526315789474,1.6302631578947366,24,G ZHOU,ZHO,zhou,52e252,sauber,Guanyu,Zhou,https://media.formula1.com/d_driver_fallback_image.png/content/dam/fom-website/drivers/G/GUAZHO01_Guanyu_Zhou/guazho01.png.transform/1col/image.png,CHN,,,0 days 00:01:30.143000,,,,,,
2024,Japanese Grand Prix,Practice 1,Max Verstappen,Red Bull Racing,,16.566250000000004,24.296249999999997,42.6875,1.3625,1,M VERSTAPPEN,VER,max_verstappen,3671C6,red_bull,Max,Verstappen,https://media.formula1.com/d_driver_fallback_image.png/content/dam/fom-website/drivers/M/MAXVER01_Max_Verstappen/maxver01.png.transform/1col/image.png,NED,,,,,,,,,
2024,Japanese Grand Prix,Practice 1,Logan Sargeant,Williams,,16.566250000000004,24.296249999999997,42.6875,1.3625,2,L SARGEANT,SAR,sargeant,64C4FF,williams,Logan,Sargeant,https://media.formula1.com/d_driver_fallback_image.png/content/dam/fom-website/drivers/L/LOGSAR01_Logan_Sargeant/logsar01.png.transform/1col/image.png,USA,,,,,,,,,
2024,Japanese Grand Prix,Practice 1,Lando Norris,McLaren,,16.566250000000004,24.296249999999997,42.6875,1.3625,4,L NORRIS,NOR,norris,FF8000,mclaren,Lando,Norris,https://media.formula1.com/d_driver_fallback_image.png/content/dam/fom-website/drivers/L/LANNOR01_Lando_Norris/lannor01.png.transform/1col/image.png,GBR,,,,,,,,,
2024,Japanese Grand Prix,Practice 1,Pierre Gasly,Alpine,,16.566250000000004,24.296249999999997,42.6875,1.3625,10,P GASLY,GAS,gasly,0093cc,alpine,Pierre,Gasly,https://media.formula1.com/d_driver_fallback_image.png/content/dam/fom-website/drivers/P/PIEGAS01_Pierre_Gasly/piegas01.png.transform/1col/image.png,FRA,,,,,,,,,
2024,Japanese Grand Prix,Practice 1,Sergio Perez,Red Bull Racing,,16.566250000000004,24.296249999999997,42.6875,1.3625,11,S PEREZ,PER,perez,3671C6,red_bull,Sergio,Perez,https://media.formula1.com/d_driver_fallback_image.png/content/dam/fom-website/drivers/S/SERPER01_Sergio_Perez/serper01.png.transform/1col/image.png,MEX,,,,,,,,,
2024,Japanese Grand Prix,Practice 1,Fernando Alonso,Aston Martin,,16.566250000000004,24.296249999999997,42.6875,1.3625,14,F ALONSO,ALO,alonso,229971,aston_martin,Fernando,Alonso,https://media.formula1.com/d_driver_fallback_image.png/content/dam/fom-website/drivers/F/FERALO01_Fernando_Alonso/feralo01.png.transform/1col/image.png,ESP,,,,,,,,,
2024,Japanese Grand Prix,Practice 1,Charles Leclerc,Ferrari,,16.566250000000004,24.296249999999997,42.6875,1.3625,16,C LECLERC,LEC,leclerc,E80020,ferrari,Charles,Leclerc,https://media.formula1.com/d_driver_fallback_image.png/content/dam/fom-website/drivers/C/CHALEC01_Charles_Leclerc/chalec01.png.transform/1col/image.png,MON,,,,,,,,,
2024,Japanese Grand Prix,Practice 1,Lance Stroll,Aston Martin,,16.566250000000004,24.296249999999997,42.6875,1.3625,18,L STROLL,STR,stroll,229971,aston_martin,Lance,Stroll,https://media.formula1.com/d_driver_fallback_image.png/content/dam/fom-website/drivers/L/LANSTR01_Lance_Stroll/lanstr01.png.transform/1col/image.png,CAN,,,,,,,,,
2024,Japanese Grand Prix,Practice 1,Kevin Magnussen,Haas F1 Team,,16.566250000000004,24.296249999999997,42.6875,1.3625,20,K MAGNUSSEN,MAG,kevin_magnussen,B6BABD,haas,Kevin,Magnussen,https://media.formula1.com/d_driver_fallback_image.png/content/dam/fom-website/drivers/K/KEVMAG01_Kevin_Magnussen/kevmag01.png.transform/1col/image.png,DEN,,,,,,,,,
2024,Japanese Grand Prix,Practice 1,Yuki Tsunoda,RB,,16.566250000000004,24.296249999999997,42.6875,1.3625,22,Y TSUNODA,TSU,tsunoda,6692FF,rb,Yuki,Tsunoda,https://media.formula1.com/d_driver_fallback_image.png/content/dam/fom-website/drivers/Y/YUKTSU01_Yuki_Tsunoda/yuktsu01.png.transform/1col/image.png,JPN,,,,,,,,,
2024,Japanese Grand Prix,Practice 1,Alexander Albon,Williams,,16.566250000000004,24.296249999999997,42.6875,1.3625,23,A ALBON,ALB,albon,64C4FF,williams,Alexander,Albon,https://media.formula1.com/d_driver_fallback_image.png/content/dam/fom-website/drivers/A/ALEALB01_Alexander_Albon/alealb01.png.transform/1col/image.png,THA,,,,,,,,,
2024,Japanese Grand Prix,Practice 1,Guanyu Zhou,Kick Sauber,,16.566250000000004,24.296249999999997,42.6875,1.3625,24,G ZHOU,ZHO,zhou,52e252,sauber,Guanyu,Zhou,https://media.formula1.com/d_driver_fallback_image.png/content/dam/fom-website/drivers/G/GUAZHO01_Guanyu_Zhou/guazho01.png.transform/1col/image.png,CHN,,,,,,,,,
2024,Japanese Grand Prix,Practice 1,Nico Hulkenberg,Haas F1 Team,,16.566250000000004,24.296249999999997,42.6875,1.3625,27,N HULKENBERG,HUL,hulkenberg,B6BABD,haas,Nico,Hulkenberg,https://media.formula1.com/d_driver_fallback_image.png/content/dam/fom-website/drivers/N/NICHUL01_Nico_Hulkenberg/nichul01.png.transform/1col/image.png,GER,,,,,,,,,
2024,Japanese Grand Prix,Practice 1,Esteban Ocon,Alpine,,16.566250000000004,24.296249999999997,42.6875,1.3625,31,E OCON,OCO,ocon,0093cc,alpine,Esteban,Ocon,https://media.formula1.com/d_driver_fallback_image.png/content/dam/fom-website/drivers/E/ESTOCO01_Esteban_Ocon/estoco01.png.transform/1col/image.png,FRA,,,,,,,,,
2024,Japanese Grand Prix,Practice 1,Ayumu Iwasa,RB,,16.566250000000004,24.296249999999997,42.6875,1.3625,40,A IWASA,IWA,nan,6692FF,nan,Ayumu,Iwasa,None,JPN,,,,,,,,,
2024,Japanese Grand Prix,Practice 1,Lewis Hamilton,Mercedes,,16.566250000000004,24.296249999999997,42.6875,1.3625,44,L HAMILTON,HAM,hamilton,27F4D2,mercedes,Lewis,Hamilton,https://media.formula1.com/d_driver_fallback_image.png/content/dam/fom-website/drivers/L/LEWHAM01_Lewis_Hamilton/lewham01.png.transform/1col/image.png,GBR,,,,,,,,,
2024,Japanese Grand Prix,Practice 1,Carlos Sainz,Ferrari,,16.566250000000004,24.296249999999997,42.6875,1.3625,55,C SAINZ,SAI,sainz,E80020,ferrari,Carlos,Sainz,https://media.formula1.com/d_driver_fallback_image.png/content/dam/fom-website/drivers/C/CARSAI01_Carlos_Sainz/carsai01.png.transform/1col/image.png,ESP,,,,,,,,,
2024,Japanese Grand Prix,Practice 1,George Russell,Mercedes,,16.566250000000004,24.296249999999997,42.6875,1.3625,63,G RUSSELL,RUS,russell,27F4D2,mercedes,George,Russell,https://media.formula1.com/d_driver_fallback_image.png/content/dam/fom-website/drivers/G/GEORUS01_George_Russell/georus01.png.transform/1col/image.png,GBR,,,,,,,,,
2024,Japanese Grand Prix,Practice 1,Valtteri Bottas,Kick Sauber,,16.566250000000004,24.296249999999997,42.6875,1.3625,77,V BOTTAS,BOT,bottas,52e252,sauber,Valtteri,Bottas,https://media.formula1.com/d_driver_fallback_image.png/content/dam/fom-website/drivers/V/VALBOT01_Valtteri_Bottas/valbot01.png.transform/1col/image.png,FIN,,,,,,,,,
2024,Japanese Grand Prix,Practice 1,Oscar Piastri,McLaren,,16.566250000000004,24.296249999999997,42.6875,1.3625,81,O PIASTRI,PIA,piastri,FF8000,mclaren,Oscar,Piastri,https://media.formula1.com/d_driver_fallback_image.png/content/dam/fom-website/drivers/O/OSCPIA01_Oscar_Piastri/oscpia01.png.transform/1col/image.png,AUS,,,,,,,,,
2024,Japanese Grand Prix,Practice 2,Max Verstappen,Red Bull Racing,,13.02093023255814,16.752325581395347,72.95348837209302,1.0046511627906978,1,M VERSTAPPEN,VER,max_verstappen,3671C6,red_bull,Max,Verstappen,https://media.formula1.com/d_driver_fallback_image.png/content/dam/fom-website/drivers/M/MAXVER01_Max_Verstappen/maxver01.png.transform/1col/image.png,NED,,,,,,,,,
2024,Japanese Grand Prix,Practice 2,Logan Sargeant,Williams,,13.02093023255814,16.752325581395347,72.95348837209302,1.0046511627906978,2,L SARGEANT,SAR,sargeant,64C4FF,williams,Logan,Sargeant,https://media.formula1.com/d_driver_fallback_image.png/content/dam/fom-website/drivers/L/LOGSAR01_Logan_Sargeant/logsar01.png.transform/1col/image.png,USA,,,,,,,,,
2024,Japanese Grand Prix,Practice 2,Daniel Ricciardo,RB,,13.02093023255814,16.752325581395347,72.95348837209302,1.0046511627906978,3,D RICCIARDO,RIC,ricciardo,6692FF,rb,Daniel,Ricciardo,https://media.formula1.com/d_driver_fallback_image.png/content/dam/fom-website/drivers/D/DANRIC01_Daniel_Ricciardo/danric01.png.transform/1col/image.png,AUS,,,,,,,,,
2024,Japanese Grand Prix,Practice 2,Lando Norris,McLaren,,13.02093023255814,16.752325581395347,72.95348837209302,1.0046511627906978,4,L NORRIS,NOR,norris,FF8000,mclaren,Lando,Norris,https://media.formula1.com/d_driver_fallback_image.png/content/dam/fom-website/drivers/L/LANNOR01_Lando_Norris/lannor01.png.transform/1col/image.png,GBR,,,,,,,,,
2024,Japanese Grand Prix,Practice 2,Pierre Gasly,Alpine,,13.02093023255814,16.752325581395347,72.95348837209302,1.0046511627906978,10,P GASLY,GAS,gasly,0093cc,alpine,Pierre,Gasly,https://media.formula1.com/d_driver_fallback_image.png/content/dam/fom-website/drivers/P/PIEGAS01_Pierre_Gasly/piegas01.png.transform/1col/image.png,FRA,,,,,,,,,
2024,Japanese Grand Prix,Practice 2,Sergio Perez,Red Bull Racing,,13.02093023255814,16.752325581395347,72.95348837209302,1.0046511627906978,11,S PEREZ,PER,perez,3671C6,red_bull,Sergio,Perez,https://media.formula1.com/d_driver_fallback_image.png/content/dam/fom-website/drivers/S/SERPER01_Sergio_Perez/serper01.png.transform/1col/image.png,MEX,,,,,,,,,
2024,Japanese Grand Prix,Practice 2,Fernando Alonso,Aston Martin,,13.02093023255814,16.752325581395347,72.95348837209302,1.0046511627906978,14,F ALONSO,ALO,alonso,229971,aston_martin,Fernando,Alonso,https://media.formula1.com/d_driver_fallback_image.png/content/dam/fom-website/drivers/F/FERALO01_Fernando_Alonso/feralo01.png.transform/1col/image.png,ESP,,,,,,,,,
2024,Japanese Grand Prix,Practice 2,Charles Leclerc,Ferrari,,13.02093023255814,16.752325581395347,72.95348837209302,1.0046511627906978,16,C LECLERC,LEC,leclerc,E80020,ferrari,Charles,Leclerc,https://media.formula1.com/d_driver_fallback_image.png/content/dam/fom-website/drivers/C/CHALEC01_Charles_Leclerc/chalec01.png.transform/1col/image.png,MON,,,,,,,,,
2024,Japanese Grand Prix,Practice 2,Lance Stroll,Aston Martin,,13.02093023255814,16.752325581395347,72.95348837209302,1.0046511627906978,18,L STROLL,STR,stroll,229971,aston_martin,Lance,Stroll,https://media.formula1.com/d_driver_fallback_image.png/content/dam/fom-website/drivers/L/LANSTR01_Lance_Stroll/lanstr01.png.transform/1col/image.png,CAN,,,,,,,,,
2024,Japanese Grand Prix,Practice 2,Kevin Magnussen,Haas F1 Team,,13.02093023255814,16.752325581395347,72.95348837209302,1.0046511627906978,20,K MAGNUSSEN,MAG,kevin_magnussen,B6BABD,haas,Kevin,Magnussen,https://media.formula1.com/d_driver_fallback_image.png/content/dam/fom-website/drivers/K/KEVMAG01_Kevin_Magnussen/kevmag01.png.transform/1col/image.png,DEN,,,,,,,,,
2024,Japanese Grand Prix,Practice 2,Yuki Tsunoda,RB,,13.02093023255814,16.752325581395347,72.95348837209302,1.0046511627906978,22,Y TSUNODA,TSU,tsunoda,6692FF,rb,Yuki,Tsunoda,https://media.formula1.com/d_driver_fallback_image.png/content/dam/fom-website/drivers/Y/YUKTSU01_Yuki_Tsunoda/yuktsu01.png.transform/1col/image.png,JPN,,,,,,,,,
2024,Japanese Grand Prix,Practice 2,Alexander Albon,Williams,,13.02093023255814,16.752325581395347,72.95348837209302,1.0046511627906978,23,A ALBON,ALB,albon,64C4FF,williams,Alexander,Albon,https://media.formula1.com/d_driver_fallback_image.png/content/dam/fom-website/drivers/A/ALEALB01_Alexander_Albon/alealb01.png.transform/1col/image.png,THA,,,,,,,,,
2024,Japanese Grand Prix,Practice 2,Guanyu Zhou,Kick Sauber,,13.02093023255814,16.752325581395347,72.95348837209302,1.0046511627906978,24,G ZHOU,ZHO,zhou,52e252,sauber,Guanyu,Zhou,https://media.formula1.com/d_driver_fallback_image.png/content/dam/fom-website/drivers/G/GUAZHO01_Guanyu_Zhou/guazho01.png.transform/1col/image.png,CHN,,,,,,,,,
2024,Japanese Grand Prix,Practice 2,Nico Hulkenberg,Haas F1 Team,,13.02093023255814,16.752325581395347,72.95348837209302,1.0046511627906978,27,N HULKENBERG,HUL,hulkenberg,B6BABD,haas,Nico,Hulkenberg,https://media.formula1.com/d_driver_fallback_image.png/content/dam/fom-website/drivers/N/NICHUL01_Nico_Hulkenberg/nichul01.png.transform/1col/image.png,GER,,,,,,,,,
2024,Japanese Grand Prix,Practice 2,Esteban Ocon,Alpine,,13.02093023255814,16.752325581395347,72.95348837209302,1.0046511627906978,31,E OCON,OCO,ocon,0093cc,alpine,Esteban,Ocon,https://media.formula1.com/d_driver_fallback_image.png/content/dam/fom-website/drivers/E/ESTOCO01_Esteban_Ocon/estoco01.png.transform/1col/image.png,FRA,,,,,,,,,
2024,Japanese Grand Prix,Practice 2,Lewis Hamilton,Mercedes,,13.02093023255814,16.752325581395347,72.95348837209302,1.0046511627906978,44,L HAMILTON,HAM,hamilton,27F4D2,mercedes,Lewis,Hamilton,https://media.formula1.com/d_driver_fallback_image.png/content/dam/fom-website/drivers/L/LEWHAM01_Lewis_Hamilton/lewham01.png.transform/1col/image.png,GBR,,,,,,,,,
2024,Japanese Grand Prix,Practice 2,Carlos Sainz,Ferrari,,13.02093023255814,16.752325581395347,72.95348837209302,1.0046511627906978,55,C SAINZ,SAI,sainz,E80020,ferrari,Carlos,Sainz,https://media.formula1.com/d_driver_fallback_image.png/content/dam/fom-website/drivers/C/CARSAI01_Carlos_Sainz/carsai01.png.transform/1col/image.png,ESP,,,,,,,,,
2024,Japanese Grand Prix,Practice 2,George Russell,Mercedes,,13.02093023255814,16.752325581395347,72.95348837209302,1.0046511627906978,63,G RUSSELL,RUS,russell,27F4D2,mercedes,George,Russell,https://media.formula1.com/d_driver_fallback_image.png/content/dam/fom-website/drivers/G/GEORUS01_George_Russell/georus01.png.transform/1col/image.png,GBR,,,,,,,,,
2024,Japanese Grand Prix,Practice 2,Valtteri Bottas,Kick Sauber,,13.02093023255814,16.752325581395347,72.95348837209302,1.0046511627906978,77,V BOTTAS,BOT,bottas,52e252,sauber,Valtteri,Bottas,https://media.formula1.com/d_driver_fallback_image.png/content/dam/fom-website/drivers/V/VALBOT01_Valtteri_Bottas/valbot01.png.transform/1col/image.png,FIN,,,,,,,,,
2024,Japanese Grand Prix,Practice 2,Oscar Piastri,McLaren,,13.02093023255814,16.752325581395347,72.95348837209302,1.0046511627906978,81,O PIASTRI,PIA,piastri,FF8000,mclaren,Oscar,Piastri,https://media.formula1.com/d_driver_fallback_image.png/content/dam/fom-website/drivers/O/OSCPIA01_Oscar_Piastri/oscpia01.png.transform/1col/image.png,AUS,,,,,,,,,
2024,Japanese Grand Prix,Practice 3,Max Verstappen,Red Bull Racing,,17.38227848101266,26.660759493670884,66.10126582278481,1.3746835443037975,1,M VERSTAPPEN,VER,max_verstappen,3671C6,red_bull,Max,Verstappen,https://media.formula1.com/d_driver_fallback_image.png/content/dam/fom-website/drivers/M/MAXVER01_Max_Verstappen/maxver01.png.transform/1col/image.png,NED,,,,,,,,,
2024,Japanese Grand Prix,Practice 3,Logan Sargeant,Williams,,17.38227848101266,26.660759493670884,66.10126582278481,1.3746835443037975,2,L SARGEANT,SAR,sargeant,64C4FF,williams,Logan,Sargeant,https://media.formula1.com/d_driver_fallback_image.png/content/dam/fom-website/drivers/L/LOGSAR01_Logan_Sargeant/logsar01.png.transform/1col/image.png,USA,,,,,,,,,
2024,Japanese Grand Prix,Practice 3,Daniel Ricciardo,RB,,17.38227848101266,26.660759493670884,66.10126582278481,1.3746835443037975,3,D RICCIARDO,RIC,ricciardo,6692FF,rb,Daniel,Ricciardo,https://media.formula1.com/d_driver_fallback_image.png/content/dam/fom-website/drivers/D/DANRIC01_Daniel_Ricciardo/danric01.png.transform/1col/image.png,AUS,,,,,,,,,
2024,Japanese Grand Prix,Practice 3,Lando Norris,McLaren,,17.38227848101266,26.660759493670884,66.10126582278481,1.3746835443037975,4,L NORRIS,NOR,norris,FF8000,mclaren,Lando,Norris,https://media.formula1.com/d_driver_fallback_image.png/content/dam/fom-website/drivers/L/LANNOR01_Lando_Norris/lannor01.png.transform/1col/image.png,GBR,,,,,,,,,
2024,Japanese Grand Prix,Practice 3,Pierre Gasly,Alpine,,17.38227848101266,26.660759493670884,66.10126582278481,1.3746835443037975,10,P GASLY,GAS,gasly,0093cc,alpine,Pierre,Gasly,https://media.formula1.com/d_driver_fallback_image.png/content/dam/fom-website/drivers/P/PIEGAS01_Pierre_Gasly/piegas01.png.transform/1col/image.png,FRA,,,,,,,,,
2024,Japanese Grand Prix,Practice 3,Sergio Perez,Red Bull Racing,,17.38227848101266,26.660759493670884,66.10126582278481,1.3746835443037975,11,S PEREZ,PER,perez,3671C6,red_bull,Sergio,Perez,https://media.formula1.com/d_driver_fallback_image.png/content/dam/fom-website/drivers/S/SERPER01_Sergio_Perez/serper01.png.transform/1col/image.png,MEX,,,,,,,,,
2024,Japanese Grand Prix,Practice 3,Fernando Alonso,Aston Martin,,17.38227848101266,26.660759493670884,66.10126582278481,1.3746835443037975,14,F ALONSO,ALO,alonso,229971,aston_martin,Fernando,Alonso,https://media.formula1.com/d_driver_fallback_image.png/content/dam/fom-website/drivers/F/FERALO01_Fernando_Alonso/feralo01.png.transform/1col/image.png,ESP,,,,,,,,,
2024,Japanese Grand Prix,Practice 3,Charles Leclerc,Ferrari,,17.38227848101266,26.660759493670884,66.10126582278481,1.3746835443037975,16,C LECLERC,LEC,leclerc,E80020,ferrari,Charles,Leclerc,https://media.formula1.com/d_driver_fallback_image.png/content/dam/fom-website/drivers/C/CHALEC01_Charles_Leclerc/chalec01.png.transform/1col/image.png,MON,,,,,,,,,
2024,Japanese Grand Prix,Practice 3,Lance Stroll,Aston Martin,,17.38227848101266,26.660759493670884,66.10126582278481,1.3746835443037975,18,L STROLL,STR,stroll,229971,aston_martin,Lance,Stroll,https://media.formula1.com/d_driver_fallback_image.png/content/dam/fom-website/drivers/L/LANSTR01_Lance_Stroll/lanstr01.png.transform/1col/image.png,CAN,,,,,,,,,
2024,Japanese Grand Prix,Practice 3,Kevin Magnussen,Haas F1 Team,,17.38227848101266,26.660759493670884,66.10126582278481,1.3746835443037975,20,K MAGNUSSEN,MAG,kevin_magnussen,B6BABD,haas,Kevin,Magnussen,https://media.formula1.com/d_driver_fallback_image.png/content/dam/fom-website/drivers/K/KEVMAG01_Kevin_Magnussen/kevmag01.png.transform/1col/image.png,DEN,,,,,,,,,
2024,Japanese Grand Prix,Practice 3,Yuki Tsunoda,RB,,17.38227848101266,26.660759493670884,66.10126582278481,1.3746835443037975,22,Y TSUNODA,TSU,tsunoda,6692FF,rb,Yuki,Tsunoda,https://media.formula1.com/d_driver_fallback_image.png/content/dam/fom-website/drivers/Y/YUKTSU01_Yuki_Tsunoda/yuktsu01.png.transform/1col/image.png,JPN,,,,,,,,,
2024,Japanese Grand Prix,Practice 3,Alexander Albon,Williams,,17.38227848101266,26.660759493670884,66.10126582278481,1.3746835443037975,23,A ALBON,ALB,albon,64C4FF,williams,Alexander,Albon,https://media.formula1.com/d_driver_fallback_image.png/content/dam/fom-website/drivers/A/ALEALB01_Alexander_Albon/alealb01.png.transform/1col/image.png,THA,,,,,,,,,
2024,Japanese Grand Prix,Practice 3,Guanyu Zhou,Kick Sauber,,17.38227848101266,26.660759493670884,66.10126582278481,1.3746835443037975,24,G ZHOU,ZHO,zhou,52e252,sauber,Guanyu,Zhou,https://media.formula1.com/d_driver_fallback_image.png/content/dam/fom-website/drivers/G/GUAZHO01_Guanyu_Zhou/guazho01.png.transform/1col/image.png,CHN,,,,,,,,,
2024,Japanese Grand Prix,Practice 3,Nico Hulkenberg,Haas F1 Team,,17.38227848101266,26.660759493670884,66.10126582278481,1.3746835443037975,27,N HULKENBERG,HUL,hulkenberg,B6BABD,haas,Nico,Hulkenberg,https://media.formula1.com/d_driver_fallback_image.png/content/dam/fom-website/drivers/N/NICHUL01_Nico_Hulkenberg/nichul01.png.transform/1col/image.png,GER,,,,,,,,,
2024,Japanese Grand Prix,Practice 3,Esteban Ocon,Alpine,,17.38227848101266,26.660759493670884,66.10126582278481,1.3746835443037975,31,E OCON,OCO,ocon,0093cc,alpine,Esteban,Ocon,https://media.formula1.com/d_driver_fallback_image.png/content/dam/fom-website/drivers/E/ESTOCO01_Esteban_Ocon/estoco01.png.transform/1col/image.png,FRA,,,,,,,,,
2024,Japanese Grand Prix,Practice 3,Lewis Hamilton,Mercedes,,17.38227848101266,26.660759493670884,66.10126582278481,1.3746835443037975,44,L HAMILTON,HAM,hamilton,27F4D2,mercedes,Lewis,Hamilton,https://media.formula1.com/d_driver_fallback_image.png/content/dam/fom-website/drivers/L/LEWHAM01_Lewis_Hamilton/lewham01.png.transform/1col/image.png,GBR,,,,,,,,,
2024,Japanese Grand Prix,Practice 3,Carlos Sainz,Ferrari,,17.38227848101266,26.660759493670884,66.10126582278481,1.3746835443037975,55,C SAINZ,SAI,sainz,E80020,ferrari,Carlos,Sainz,https://media.formula1.com/d_driver_fallback_image.png/content/dam/fom-website/drivers/C/CARSAI01_Carlos_Sainz/carsai01.png.transform/1col/image.png,ESP,,,,,,,,,
2024,Japanese Grand Prix,Practice 3,George Russell,Mercedes,,17.38227848101266,26.660759493670884,66.10126582278481,1.3746835443037975,63,G RUSSELL,RUS,russell,27F4D2,mercedes,George,Russell,https://media.formula1.com/d_driver_fallback_image.png/content/dam/fom-website/drivers/G/GEORUS01_George_Russell/georus01.png.transform/1col/image.png,GBR,,,,,,,,,
2024,Japanese Grand Prix,Practice 3,Valtteri Bottas,Kick Sauber,,17.38227848101266,26.660759493670884,66.10126582278481,1.3746835443037975,77,V BOTTAS,BOT,bottas,52e252,sauber,Valtteri,Bottas,https://media.formula1.com/d_driver_fallback_image.png/content/dam/fom-website/drivers/V/VALBOT01_Valtteri_Bottas/valbot01.png.transform/1col/image.png,FIN,,,,,,,,,
2024,Japanese Grand Prix,Practice 3,Oscar Piastri,McLaren,,17.38227848101266,26.660759493670884,66.10126582278481,1.3746835443037975,81,O PIASTRI,PIA,piastri,FF8000,mclaren,Oscar,Piastri,https://media.formula1.com/d_driver_fallback_image.png/content/dam/fom-website/drivers/O/OSCPIA01_Oscar_Piastri/oscpia01.png.transform/1col/image.png,AUS,,,,,,,,,
2024,Chinese Grand Prix,Race,Max Verstappen,Red Bull Racing,1.0,18.63939393939394,29.792727272727273,66.06060606060606,1.68,1,M VERSTAPPEN,VER,max_verstappen,3671C6,red_bull,Max,Verstappen,https://media.formula1.com/d_driver_fallback_image.png/content/dam/fom-website/drivers/M/MAXVER01_Max_Verstappen/maxver01.png.transform/1col/image.png,NED,1,1.0,,,,0 days 01:40:52.554000,Finished,25.0,56.0
2024,Chinese Grand Prix,Race,Lando Norris,McLaren,2.0,18.63939393939394,29.792727272727273,66.06060606060606,1.68,4,L NORRIS,NOR,norris,FF8000,mclaren,Lando,Norris,https://media.formula1.com/d_driver_fallback_image.png/content/dam/fom-website/drivers/L/LANNOR01_Lando_Norris/lannor01.png.transform/1col/image.png,GBR,2,4.0,,,,0 days 00:00:13.773000,Finished,18.0,56.0
2024,Chinese Grand Prix,Race,Sergio Perez,Red Bull Racing,3.0,18.63939393939394,29.792727272727273,66.06060606060606,1.68,11,S PEREZ,PER,perez,3671C6,red_bull,Sergio,Perez,https://media.formula1.com/d_driver_fallback_image.png/content/dam/fom-website/drivers/S/SERPER01_Sergio_Perez/serper01.png.transform/1col/image.png,MEX,3,2.0,,,,0 days 00:00:19.160000,Finished,15.0,56.0
2024,Chinese Grand Prix,Race,Charles Leclerc,Ferrari,4.0,18.63939393939394,29.792727272727273,66.06060606060606,1.68,16,C LECLERC,LEC,leclerc,E80020,ferrari,Charles,Leclerc,https://media.formula1.com/d_driver_fallback_image.png/content/dam/fom-website/drivers/C/CHALEC01_Charles_Leclerc/chalec01.png.transform/1col/image.png,MON,4,6.0,,,,0 days 00:00:23.623000,Finished,12.0,56.0
2024,Chinese Grand Prix,Race,Carlos Sainz,Ferrari,5.0,18.63939393939394,29.792727272727273,66.06060606060606,1.68,55,C SAINZ,SAI,sainz,E80020,ferrari,Carlos,Sainz,https://media.formula1.com/d_driver_fallback_image.png/content/dam/fom-website/drivers/C/CARSAI01_Carlos_Sainz/carsai01.png.transform/1col/image.png,ESP,5,7.0,,,,0 days 00:00:33.983000,Finished,10.0,56.0
2024,Chinese Grand Prix,Race,George Russell,Mercedes,6.0,18.63939393939394,29.792727272727273,66.06060606060606,1.68,63,G RUSSELL,RUS,russell,27F4D2,mercedes,George,Russell,https://media.formula1.com/d_driver_fallback_image.png/content/dam/fom-website/drivers/G/GEORUS01_George_Russell/georus01.png.transform/1col/image.png,GBR,6,8.0,,,,0 days 00:00:38.724000,Finished,8.0,56.0
2024,Chinese Grand Prix,Race,Fernando Alonso,Aston Martin,7.0,18.63939393939394,29.792727272727273,66.06060606060606,1.68,14,F ALONSO,ALO,alonso,229971,aston_martin,Fernando,Alonso,https://media.formula1.com/d_driver_fallback_image.png/content/dam/fom-website/drivers/F/FERALO01_Fernando_Alonso/feralo01.png.transform/1col/image.png,ESP,7,3.0,,,,0 days 00:00:43.414000,Finished,7.0,56.0
2024,Chinese Grand Prix,Race,Oscar Piastri,McLaren,8.0,18.63939393939394,29.792727272727273,66.06060606060606,1.68,81,O PIASTRI,PIA,piastri,FF8000,mclaren,Oscar,Piastri,https://media.formula1.com/d_driver_fallback_image.png/content/dam/fom-website/drivers/O/OSCPIA01_Oscar_Piastri/oscpia01.png.transform/1col/image.png,AUS,8,5.0,,,,0 days 00:00:56.198000,Finished,4.0,56.0
2024,Chinese Grand Prix,Race,Lewis Hamilton,Mercedes,9.0,18.63939393939394,29.792727272727273,66.06060606060606,1.68,44,L HAMILTON,HAM,hamilton,27F4D2,mercedes,Lewis,Hamilton,https://media.formula1.com/d_driver_fallback_image.png/content/dam/fom-website/drivers/L/LEWHAM01_Lewis_Hamilton/lewham01.png.transform/1col/image.png,GBR,9,18.0,,,,0 days 00:00:57.986000,Finished,2.0,56.0
2024,Chinese Grand Prix,Race,Nico Hulkenberg,Haas F1 Team,10.0,18.63939393939394,29.792727272727273,66.06060606060606,1.68,27,N HULKENBERG,HUL,hulkenberg,B6BABD,haas,Nico,Hulkenberg,https://media.formula1.com/d_driver_fallback_image.png/content/dam/fom-website/drivers/N/NICHUL01_Nico_Hulkenberg/nichul01.png.transform/1col/image.png,GER,10,9.0,,,,0 days 00:01:00.476000,Finished,1.0,56.0
2024,Chinese Grand Prix,Race,Esteban Ocon,Alpine,11.0,18.63939393939394,29.792727272727273,66.06060606060606,1.68,31,E OCON,OCO,ocon,0093cc,alpine,Esteban,Ocon,https://media.formula1.com/d_driver_fallback_image.png/content/dam/fom-website/drivers/E/ESTOCO01_Esteban_Ocon/estoco01.png.transform/1col/image.png,FRA,11,13.0,,,,0 days 00:01:02.812000,Finished,0.0,56.0
2024,Chinese Grand Prix,Race,Alexander Albon,Williams,12.0,18.63939393939394,29.792727272727273,66.06060606060606,1.68,23,A ALBON,ALB,albon,64C4FF,williams,Alexander,Albon,https://media.formula1.com/d_driver_fallback_image.png/content/dam/fom-website/drivers/A/ALEALB01_Alexander_Albon/alealb01.png.transform/1col/image.png,THA,12,14.0,,,,0 days 00:01:05.506000,Finished,0.0,56.0
2024,Chinese Grand Prix,Race,Pierre Gasly,Alpine,13.0,18.63939393939394,29.792727272727273,66.06060606060606,1.68,10,P GASLY,GAS,gasly,0093cc,alpine,Pierre,Gasly,https://media.formula1.com/d_driver_fallback_image.png/content/dam/fom-website/drivers/P/PIEGAS01_Pierre_Gasly/piegas01.png.transform/1col/image.png,FRA,13,15.0,,,,0 days 00:01:09.223000,Finished,0.0,56.0
2024,Chinese Grand Prix,Race,Guanyu Zhou,Kick Sauber,14.0,18.63939393939394,29.792727272727273,66.06060606060606,1.68,24,G ZHOU,ZHO,zhou,52e252,sauber,Guanyu,Zhou,https://media.formula1.com/d_driver_fallback_image.png/content/dam/fom-website/drivers/G/GUAZHO01_Guanyu_Zhou/guazho01.png.transform/1col/image.png,CHN,14,16.0,,,,0 days 00:01:11.689000,Finished,0.0,56.0
2024,Chinese Grand Prix,Race,Lance Stroll,Aston Martin,15.0,18.63939393939394,29.792727272727273,66.06060606060606,1.68,18,L STROLL,STR,stroll,229971,aston_martin,Lance,Stroll,https://media.formula1.com/d_driver_fallback_image.png/content/dam/fom-website/drivers/L/LANSTR01_Lance_Stroll/lanstr01.png.transform/1col/image.png,CAN,15,11.0,,,,0 days 00:01:22.786000,Finished,0.0,56.0
2024,Chinese Grand Prix,Race,Kevin Magnussen,Haas F1 Team,16.0,18.63939393939394,29.792727272727273,66.06060606060606,1.68,20,K MAGNUSSEN,MAG,kevin_magnussen,B6BABD,haas,Kevin,Magnussen,https://media.formula1.com/d_driver_fallback_image.png/content/dam/fom-website/drivers/K/KEVMAG01_Kevin_Magnussen/kevmag01.png.transform/1col/image.png,DEN,16,17.0,,,,0 days 00:01:27.533000,Finished,0.0,56.0
2024,Chinese Grand Prix,Race,Logan Sargeant,Williams,17.0,18.63939393939394,29.792727272727273,66.06060606060606,1.68,2,L SARGEANT,SAR,sargeant,64C4FF,williams,Logan,Sargeant,https://media.formula1.com/d_driver_fallback_image.png/content/dam/fom-website/drivers/L/LOGSAR01_Logan_Sargeant/logsar01.png.transform/1col/image.png,USA,17,20.0,,,,0 days 00:01:35.110000,Finished,0.0,56.0
2024,Chinese Grand Prix,Race,Daniel Ricciardo,RB,18.0,18.63939393939394,29.792727272727273,66.06060606060606,1.68,3,D RICCIARDO,RIC,ricciardo,6692FF,rb,Daniel,Ricciardo,https://media.formula1.com/d_driver_fallback_image.png/content/dam/fom-website/drivers/D/DANRIC01_Daniel_Ricciardo/danric01.png.transform/1col/image.png,AUS,R,12.0,,,,,Retired,0.0,33.0
2024,Chinese Grand Prix,Race,Yuki Tsunoda,RB,19.0,18.63939393939394,29.792727272727273,66.06060606060606,1.68,22,Y TSUNODA,TSU,tsunoda,6692FF,rb,Yuki,Tsunoda,https://media.formula1.com/d_driver_fallback_image.png/content/dam/fom-website/drivers/Y/YUKTSU01_Yuki_Tsunoda/yuktsu01.png.transform/1col/image.png,JPN,R,19.0,,,,,Retired,0.0,26.0
2024,Chinese Grand Prix,Race,Valtteri Bottas,Kick Sauber,20.0,18.63939393939394,29.792727272727273,66.06060606060606,1.68,77,V BOTTAS,BOT,bottas,52e252,sauber,Valtteri,Bottas,https://media.formula1.com/d_driver_fallback_image.png/content/dam/fom-website/drivers/V/VALBOT01_Valtteri_Bottas/valbot01.png.transform/1col/image.png,FIN,R,10.0,,,,,Retired,0.0,19.0
2024,Chinese Grand Prix,Qualifying,Max Verstappen,Red Bull Racing,1.0,22.094186046511627,33.88837209302326,55.43023255813954,1.6569767441860468,1,M VERSTAPPEN,VER,max_verstappen,3671C6,red_bull,Max,Verstappen,https://media.formula1.com/d_driver_fallback_image.png/content/dam/fom-website/drivers/M/MAXVER01_Max_Verstappen/maxver01.png.transform/1col/image.png,NED,,,0 days 00:01:34.742000,0 days 00:01:33.794000,0 days 00:01:33.660000,,,,
2024,Chinese Grand Prix,Qualifying,Sergio Perez,Red Bull Racing,2.0,22.094186046511627,33.88837209302326,55.43023255813954,1.6569767441860468,11,S PEREZ,PER,perez,3671C6,red_bull,Sergio,Perez,https://media.formula1.com/d_driver_fallback_image.png/content/dam/fom-website/drivers/S/SERPER01_Sergio_Perez/serper01.png.transform/1col/image.png,MEX,,,0 days 00:01:35.457000,0 days 00:01:34.026000,0 days 00:01:33.982000,,,,
2024,Chinese Grand Prix,Qualifying,Fernando Alonso,Aston Martin,3.0,22.094186046511627,33.88837209302326,55.43023255813954,1.6569767441860468,14,F ALONSO,ALO,alonso,229971,aston_martin,Fernando,Alonso,https://media.formula1.com/d_driver_fallback_image.png/content/dam/fom-website/drivers/F/FERALO01_Fernando_Alonso/feralo01.png.transform/1col/image.png,ESP,,,0 days 00:01:35.116000,0 days 00:01:34.652000,0 days 00:01:34.148000,,,,
2024,Chinese Grand Prix,Qualifying,Lando Norris,McLaren,4.0,22.094186046511627,33.88837209302326,55.43023255813954,1.6569767441860468,4,L NORRIS,NOR,norris,FF8000,mclaren,Lando,Norris,https://media.formula1.com/d_driver_fallback_image.png/content/dam/fom-website/drivers/L/LANNOR01_Lando_Norris/lannor01.png.transform/1col/image.png,GBR,,,0 days 00:01:34.842000,0 days 00:01:34.460000,0 days 00:01:34.165000,,,,
2024,Chinese Grand Prix,Qualifying,Oscar Piastri,McLaren,5.0,22.094186046511627,33.88837209302326,55.43023255813954,1.6569767441860468,81,O PIASTRI,PIA,piastri,FF8000,mclaren,Oscar,Piastri,https://media.formula1.com/d_driver_fallback_image.png/content/dam/fom-website/drivers/O/OSCPIA01_Oscar_Piastri/oscpia01.png.transform/1col/image.png,AUS,,,0 days 00:01:35.014000,0 days 00:01:34.659000,0 days 00:01:34.273000,,,,
2024,Chinese Grand Prix,Qualifying,Charles Leclerc,Ferrari,6.0,22.094186046511627,33.88837209302326,55.43023255813954,1.6569767441860468,16,C LECLERC,LEC,leclerc,E80020,ferrari,Charles,Leclerc,https://media.formula1.com/d_driver_fallback_image.png/content/dam/fom-website/drivers/C/CHALEC01_Charles_Leclerc/chalec01.png.transform/1col/image.png,MON,,,0 days 00:01:34.797000,0 days 00:01:34.399000,0 days 00:01:34.289000,,,,
2024,Chinese Grand Prix,Qualifying,Carlos Sainz,Ferrari,7.0,22.094186046511627,33.88837209302326,55.43023255813954,1.6569767441860468,55,C SAINZ,SAI,sainz,E80020,ferrari,Carlos,Sainz,https://media.formula1.com/d_driver_fallback_image.png/content/dam/fom-website/drivers/C/CARSAI01_Carlos_Sainz/carsai01.png.transform/1col/image.png,ESP,,,0 days 00:01:34.970000,0 days 00:01:34.368000,0 days 00:01:34.297000,,,,
2024,Chinese Grand Prix,Qualifying,George Russell,Mercedes,8.0,22.094186046511627,33.88837209302326,55.43023255813954,1.6569767441860468,63,G RUSSELL,RUS,russell,27F4D2,mercedes,George,Russell,https://media.formula1.com/d_driver_fallback_image.png/content/dam/fom-website/drivers/G/GEORUS01_George_Russell/georus01.png.transform/1col/image.png,GBR,,,0 days 00:01:35.084000,0 days 00:01:34.609000,0 days 00:01:34.433000,,,,
2024,Chinese Grand Prix,Qualifying,Nico Hulkenberg,Haas F1 Team,9.0,22.094186046511627,33.88837209302326,55.43023255813954,1.6569767441860468,27,N HULKENBERG,HUL,hulkenberg,B6BABD,haas,Nico,Hulkenberg,https://media.formula1.com/d_driver_fallback_image.png/content/dam/fom-website/drivers/N/NICHUL01_Nico_Hulkenberg/nichul01.png.transform/1col/image.png,GER,,,0 days 00:01:35.068000,0 days 00:01:34.667000,0 days 00:01:34.604000,,,,
2024,Chinese Grand Prix,Qualifying,Valtteri Bottas,Kick Sauber,10.0,22.094186046511627,33.88837209302326,55.43023255813954,1.6569767441860468,77,V BOTTAS,BOT,bottas,52e252,sauber,Valtteri,Bottas,https://media.formula1.com/d_driver_fallback_image.png/content/dam/fom-website/drivers/V/VALBOT01_Valtteri_Bottas/valbot01.png.transform/1col/image.png,FIN,,,0 days 00:01:35.169000,0 days 00:01:34.769000,0 days 00:01:34.665000,,,,
2024,Chinese Grand Prix,Qualifying,Lance Stroll,Aston Martin,11.0,22.094186046511627,33.88837209302326,55.43023255813954,1.6569767441860468,18,L STROLL,STR,stroll,229971,aston_martin,Lance,Stroll,https://media.formula1.com/d_driver_fallback_image.png/content/dam/fom-website/drivers/L/LANSTR01_Lance_Stroll/lanstr01.png.transform/1col/image.png,CAN,,,0 days 00:01:35.334000,0 days 00:01:34.838000,,,,,
2024,Chinese Grand Prix,Qualifying,Daniel Ricciardo,RB,12.0,22.094186046511627,33.88837209302326,55.43023255813954,1.6569767441860468,3,D RICCIARDO,RIC,ricciardo,6692FF,rb,Daniel,Ricciardo,https://media.formula1.com/d_driver_fallback_image.png/content/dam/fom-website/drivers/D/DANRIC01_Daniel_Ricciardo/danric01.png.transform/1col/image.png,AUS,,,0 days 00:01:35.443000,0 days 00:01:34.934000,,,,,
2024,Chinese Grand Prix,Qualifying,Esteban Ocon,Alpine,13.0,22.094186046511627,33.88837209302326,55.43023255813954,1.6569767441860468,31,E OCON,OCO,ocon,0093cc,alpine,Esteban,Ocon,https://media.formula1.com/d_driver_fallback_image.png/content/dam/fom-website/drivers/E/ESTOCO01_Esteban_Ocon/estoco01.png.transform/1col/image.png,FRA,,,0 days 00:01:35.356000,0 days 00:01:35.223000,,,,,
2024,Chinese Grand Prix,Qualifying,Alexander Albon,Williams,14.0,22.094186046511627,33.88837209302326,55.43023255813954,1.6569767441860468,23,A ALBON,ALB,albon,64C4FF,williams,Alexander,Albon,https://media.formula1.com/d_driver_fallback_image.png/content/dam/fom-website/drivers/A/ALEALB01_Alexander_Albon/alealb01.png.transform/1col/image.png,THA,,,0 days 00:01:35.384000,0 days 00:01:35.241000,,,,,
2024,Chinese Grand Prix,Qualifying,Pierre Gasly,Alpine,15.0,22.094186046511627,33.88837209302326,55.43023255813954,1.6569767441860468,10,P GASLY,GAS,gasly,0093cc,alpine,Pierre,Gasly,https://media.formula1.com/d_driver_fallback_image.png/content/dam/fom-website/drivers/P/PIEGAS01_Pierre_Gasly/piegas01.png.transform/1col/image.png,FRA,,,0 days 00:01:35.287000,0 days 00:01:35.463000,,,,,
2024,Chinese Grand Prix,Qualifying,Guanyu Zhou,Kick Sauber,16.0,22.094186046511627,33.88837209302326,55.43023255813954,1.6569767441860468,24,G ZHOU,ZHO,zhou,52e252,sauber,Guanyu,Zhou,https://media.formula1.com/d_driver_fallback_image.png/content/dam/fom-website/drivers/G/GUAZHO01_Guanyu_Zhou/guazho01.png.transform/1col/image.png,CHN,,,0 days 00:01:35.505000,,,,,,
2024,Chinese Grand Prix,Qualifying,Kevin Magnussen,Haas F1 Team,17.0,22.094186046511627,33.88837209302326,55.43023255813954,1.6569767441860468,20,K MAGNUSSEN,MAG,kevin_magnussen,B6BABD,haas,Kevin,Magnussen,https://media.formula1.com/d_driver_fallback_image.png/content/dam/fom-website/drivers/K/KEVMAG01_Kevin_Magnussen/kevmag01.png.transform/1col/image.png,DEN,,,0 days 00:01:35.516000,,,,,,
2024,Chinese Grand Prix,Qualifying,Lewis Hamilton,Mercedes,18.0,22.094186046511627,33.88837209302326,55.43023255813954,1.6569767441860468,44,L HAMILTON,HAM,hamilton,27F4D2,mercedes,Lewis,Hamilton,https://media.formula1.com/d_driver_fallback_image.png/content/dam/fom-website/drivers/L/LEWHAM01_Lewis_Hamilton/lewham01.png.transform/1col/image.png,GBR,,,0 days 00:01:35.573000,,,,,,
2024,Chinese Grand Prix,Qualifying,Yuki Tsunoda,RB,19.0,22.094186046511627,33.88837209302326,55.43023255813954,1.6569767441860468,22,Y TSUNODA,TSU,tsunoda,6692FF,rb,Yuki,Tsunoda,https://media.formula1.com/d_driver_fallback_image.png/content/dam/fom-website/drivers/Y/YUKTSU01_Yuki_Tsunoda/yuktsu01.png.transform/1col/image.png,JPN,,,0 days 00:01:35.746000,,,,,,
2024,Chinese Grand Prix,Qualifying,Logan Sargeant,Williams,20.0,22.094186046511627,33.88837209302326,55.43023255813954,1.6569767441860468,2,L SARGEANT,SAR,sargeant,64C4FF,williams,Logan,Sargeant,https://media.formula1.com/d_driver_fallback_image.png/content/dam/fom-website/drivers/L/LOGSAR01_Logan_Sargeant/logsar01.png.transform/1col/image.png,USA,,,0 days 00:01:36.358000,,,,,,
2024,Chinese Grand Prix,Sprint,Max Verstappen,Red Bull Racing,1.0,19.765,26.964999999999996,69.5375,2.5787500000000003,1,M VERSTAPPEN,VER,max_verstappen,3671C6,red_bull,Max,Verstappen,https://media.formula1.com/d_driver_fallback_image.png/content/dam/fom-website/drivers/M/MAXVER01_Max_Verstappen/maxver01.png.transform/1col/image.png,NED,1,4.0,,,,0 days 00:32:04.660000,Finished,8.0,19.0
2024,Chinese Grand Prix,Sprint,Lewis Hamilton,Mercedes,2.0,19.765,26.964999999999996,69.5375,2.5787500000000003,44,L HAMILTON,HAM,hamilton,27F4D2,mercedes,Lewis,Hamilton,https://media.formula1.com/d_driver_fallback_image.png/content/dam/fom-website/drivers/L/LEWHAM01_Lewis_Hamilton/lewham01.png.transform/1col/image.png,GBR,2,2.0,,,,0 days 00:00:13.043000,Finished,7.0,19.0
2024,Chinese Grand Prix,Sprint,Sergio Perez,Red Bull Racing,3.0,19.765,26.964999999999996,69.5375,2.5787500000000003,11,S PEREZ,PER,perez,3671C6,red_bull,Sergio,Perez,https://media.formula1.com/d_driver_fallback_image.png/content/dam/fom-website/drivers/S/SERPER01_Sergio_Perez/serper01.png.transform/1col/image.png,MEX,3,6.0,,,,0 days 00:00:15.258000,Finished,6.0,19.0
2024,Chinese Grand Prix,Sprint,Charles Leclerc,Ferrari,4.0,19.765,26.964999999999996,69.5375,2.5787500000000003,16,C LECLERC,LEC,leclerc,E80020,ferrari,Charles,Leclerc,https://media.formula1.com/d_driver_fallback_image.png/content/dam/fom-website/drivers/C/CHALEC01_Charles_Leclerc/chalec01.png.transform/1col/image.png,MON,4,7.0,,,,0 days 00:00:17.486000,Finished,5.0,19.0
2024,Chinese Grand Prix,Sprint,Carlos Sainz,Ferrari,5.0,19.765,26.964999999999996,69.5375,2.5787500000000003,55,C SAINZ,SAI,sainz,E80020,ferrari,Carlos,Sainz,https://media.formula1.com/d_driver_fallback_image.png/content/dam/fom-website/drivers/C/CARSAI01_Carlos_Sainz/carsai01.png.transform/1col/image.png,ESP,5,5.0,,,,0 days 00:00:20.696000,Finished,4.0,19.0
2024,Chinese Grand Prix,Sprint,Lando Norris,McLaren,6.0,19.765,26.964999999999996,69.5375,2.5787500000000003,4,L NORRIS,NOR,norris,FF8000,mclaren,Lando,Norris,https://media.formula1.com/d_driver_fallback_image.png/content/dam/fom-website/drivers/L/LANNOR01_Lando_Norris/lannor01.png.transform/1col/image.png,GBR,6,1.0,,,,0 days 00:00:22.088000,Finished,3.0,19.0
2024,Chinese Grand Prix,Sprint,Oscar Piastri,McLaren,7.0,19.765,26.964999999999996,69.5375,2.5787500000000003,81,O PIASTRI,PIA,piastri,FF8000,mclaren,Oscar,Piastri,https://media.formula1.com/d_driver_fallback_image.png/content/dam/fom-website/drivers/O/OSCPIA01_Oscar_Piastri/oscpia01.png.transform/1col/image.png,AUS,7,8.0,,,,0 days 00:00:24.713000,Finished,2.0,19.0
2024,Chinese Grand Prix,Sprint,George Russell,Mercedes,8.0,19.765,26.964999999999996,69.5375,2.5787500000000003,63,G RUSSELL,RUS,russell,27F4D2,mercedes,George,Russell,https://media.formula1.com/d_driver_fallback_image.png/content/dam/fom-website/drivers/G/GEORUS01_George_Russell/georus01.png.transform/1col/image.png,GBR,8,11.0,,,,0 days 00:00:25.696000,Finished,1.0,19.0
2024,Chinese Grand Prix,Sprint,Guanyu Zhou,Kick Sauber,9.0,19.765,26.964999999999996,69.5375,2.5787500000000003,24,G ZHOU,ZHO,zhou,52e252,sauber,Guanyu,Zhou,https://media.formula1.com/d_driver_fallback_image.png/content/dam/fom-website/drivers/G/GUAZHO01_Guanyu_Zhou/guazho01.png.transform/1col/image.png,CHN,9,10.0,,,,0 days 00:00:31.951000,Finished,0.0,19.0
2024,Chinese Grand Prix,Sprint,Kevin Magnussen,Haas F1 Team,10.0,19.765,26.964999999999996,69.5375,2.5787500000000003,20,K MAGNUSSEN,MAG,kevin_magnussen,B6BABD,haas,Kevin,Magnussen,https://media.formula1.com/d_driver_fallback_image.png/content/dam/fom-website/drivers/K/KEVMAG01_Kevin_Magnussen/kevmag01.png.transform/1col/image.png,DEN,10,12.0,,,,0 days 00:00:37.398000,Finished,0.0,19.0
2024,Chinese Grand Prix,Sprint,Daniel Ricciardo,RB,11.0,19.765,26.964999999999996,69.5375,2.5787500000000003,3,D RICCIARDO,RIC,ricciardo,6692FF,rb,Daniel,Ricciardo,https://media.formula1.com/d_driver_fallback_image.png/content/dam/fom-website/drivers/D/DANRIC01_Daniel_Ricciardo/danric01.png.transform/1col/image.png,AUS,11,14.0,,,,0 days 00:00:37.840000,Finished,0.0,19.0
2024,Chinese Grand Prix,Sprint,Valtteri Bottas,Kick Sauber,12.0,19.765,26.964999999999996,69.5375,2.5787500000000003,77,V BOTTAS,BOT,bottas,52e252,sauber,Valtteri,Bottas,https://media.formula1.com/d_driver_fallback_image.png/content/dam/fom-website/drivers/V/VALBOT01_Valtteri_Bottas/valbot01.png.transform/1col/image.png,FIN,12,9.0,,,,0 days 00:00:38.295000,Finished,0.0,19.0
2024,Chinese Grand Prix,Sprint,Esteban Ocon,Alpine,13.0,19.765,26.964999999999996,69.5375,2.5787500000000003,31,E OCON,OCO,ocon,0093cc,alpine,Esteban,Ocon,https://media.formula1.com/d_driver_fallback_image.png/content/dam/fom-website/drivers/E/ESTOCO01_Esteban_Ocon/estoco01.png.transform/1col/image.png,FRA,13,17.0,,,,0 days 00:00:39.841000,Finished,0.0,19.0
2024,Chinese Grand Prix,Sprint,Lance Stroll,Aston Martin,14.0,19.765,26.964999999999996,69.5375,2.5787500000000003,18,L STROLL,STR,stroll,229971,aston_martin,Lance,Stroll,https://media.formula1.com/d_driver_fallback_image.png/content/dam/fom-website/drivers/L/LANSTR01_Lance_Stroll/lanstr01.png.transform/1col/image.png,CAN,14,15.0,,,,0 days 00:00:40.299000,Finished,0.0,19.0
2024,Chinese Grand Prix,Sprint,Pierre Gasly,Alpine,15.0,19.765,26.964999999999996,69.5375,2.5787500000000003,10,P GASLY,GAS,gasly,0093cc,alpine,Pierre,Gasly,https://media.formula1.com/d_driver_fallback_image.png/content/dam/fom-website/drivers/P/PIEGAS01_Pierre_Gasly/piegas01.png.transform/1col/image.png,FRA,15,16.0,,,,0 days 00:00:40.838000,Finished,0.0,19.0
2024,Chinese Grand Prix,Sprint,Yuki Tsunoda,RB,16.0,19.765,26.964999999999996,69.5375,2.5787500000000003,22,Y TSUNODA,TSU,tsunoda,6692FF,rb,Yuki,Tsunoda,https://media.formula1.com/d_driver_fallback_image.png/content/dam/fom-website/drivers/Y/YUKTSU01_Yuki_Tsunoda/yuktsu01.png.transform/1col/image.png,JPN,16,19.0,,,,0 days 00:00:41.870000,Finished,0.0,19.0
2024,Chinese Grand Prix,Sprint,Alexander Albon,Williams,17.0,19.765,26.964999999999996,69.5375,2.5787500000000003,23,A ALBON,ALB,albon,64C4FF,williams,Alexander,Albon,https://media.formula1.com/d_driver_fallback_image.png/content/dam/fom-website/drivers/A/ALEALB01_Alexander_Albon/alealb01.png.transform/1col/image.png,THA,17,18.0,,,,0 days 00:00:42.998000,Finished,0.0,19.0
2024,Chinese Grand Prix,Sprint,Logan Sargeant,Williams,18.0,19.765,26.964999999999996,69.5375,2.5787500000000003,2,L SARGEANT,SAR,sargeant,64C4FF,williams,Logan,Sargeant,https://media.formula1.com/d_driver_fallback_image.png/content/dam/fom-website/drivers/L/LOGSAR01_Logan_Sargeant/logsar01.png.transform/1col/image.png,USA,18,20.0,,,,0 days 00:00:46.352000,Finished,0.0,19.0
2024,Chinese Grand Prix,Sprint,Nico Hulkenberg,Haas F1 Team,19.0,19.765,26.964999999999996,69.5375,2.5787500000000003,27,N HULKENBERG,HUL,hulkenberg,B6BABD,haas,Nico,Hulkenberg,https://media.formula1.com/d_driver_fallback_image.png/content/dam/fom-website/drivers/N/NICHUL01_Nico_Hulkenberg/nichul01.png.transform/1col/image.png,GER,19,13.0,,,,0 days 00:00:49.630000,Finished,0.0,19.0
2024,Chinese Grand Prix,Sprint,Fernando Alonso,Aston Martin,20.0,19.765,26.964999999999996,69.5375,2.5787500000000003,14,F ALONSO,ALO,alonso,229971,aston_martin,Fernando,Alonso,https://media.formula1.com/d_driver_fallback_image.png/content/dam/fom-website/drivers/F/FERALO01_Fernando_Alonso/feralo01.png.transform/1col/image.png,ESP,20,3.0,,,,,Retired,0.0,17.0
2024,Chinese Grand Prix,Practice 1,Max Verstappen,Red Bull Racing,,23.142682926829266,39.46829268292684,22.865853658536587,1.3536585365853657,1,M VERSTAPPEN,VER,max_verstappen,3671C6,red_bull,Max,Verstappen,https://media.formula1.com/d_driver_fallback_image.png/content/dam/fom-website/drivers/M/MAXVER01_Max_Verstappen/maxver01.png.transform/1col/image.png,NED,,,,,,,,,
2024,Chinese Grand Prix,Practice 1,Logan Sargeant,Williams,,23.142682926829266,39.46829268292684,22.865853658536587,1.3536585365853657,2,L SARGEANT,SAR,sargeant,64C4FF,williams,Logan,Sargeant,https://media.formula1.com/d_driver_fallback_image.png/content/dam/fom-website/drivers/L/LOGSAR01_Logan_Sargeant/logsar01.png.transform/1col/image.png,USA,,,,,,,,,
2024,Chinese Grand Prix,Practice 1,Daniel Ricciardo,RB,,23.142682926829266,39.46829268292684,22.865853658536587,1.3536585365853657,3,D RICCIARDO,RIC,ricciardo,6692FF,rb,Daniel,Ricciardo,https://media.formula1.com/d_driver_fallback_image.png/content/dam/fom-website/drivers/D/DANRIC01_Daniel_Ricciardo/danric01.png.transform/1col/image.png,AUS,,,,,,,,,
2024,Chinese Grand Prix,Practice 1,Lando Norris,McLaren,,23.142682926829266,39.46829268292684,22.865853658536587,1.3536585365853657,4,L NORRIS,NOR,norris,FF8000,mclaren,Lando,Norris,https://media.formula1.com/d_driver_fallback_image.png/content/dam/fom-website/drivers/L/LANNOR01_Lando_Norris/lannor01.png.transform/1col/image.png,GBR,,,,,,,,,
2024,Chinese Grand Prix,Practice 1,Pierre Gasly,Alpine,,23.142682926829266,39.46829268292684,22.865853658536587,1.3536585365853657,10,P GASLY,GAS,gasly,0093cc,alpine,Pierre,Gasly,https://media.formula1.com/d_driver_fallback_image.png/content/dam/fom-website/drivers/P/PIEGAS01_Pierre_Gasly/piegas01.png.transform/1col/image.png,FRA,,,,,,,,,
2024,Chinese Grand Prix,Practice 1,Sergio Perez,Red Bull Racing,,23.142682926829266,39.46829268292684,22.865853658536587,1.3536585365853657,11,S PEREZ,PER,perez,3671C6,red_bull,Sergio,Perez,https://media.formula1.com/d_driver_fallback_image.png/content/dam/fom-website/drivers/S/SERPER01_Sergio_Perez/serper01.png.transform/1col/image.png,MEX,,,,,,,,,
2024,Chinese Grand Prix,Practice 1,Fernando Alonso,Aston Martin,,23.142682926829266,39.46829268292684,22.865853658536587,1.3536585365853657,14,F ALONSO,ALO,alonso,229971,aston_martin,Fernando,Alonso,https://media.formula1.com/d_driver_fallback_image.png/content/dam/fom-website/drivers/F/FERALO01_Fernando_Alonso/feralo01.png.transform/1col/image.png,ESP,,,,,,,,,
2024,Chinese Grand Prix,Practice 1,Charles Leclerc,Ferrari,,23.142682926829266,39.46829268292684,22.865853658536587,1.3536585365853657,16,C LECLERC,LEC,leclerc,E80020,ferrari,Charles,Leclerc,https://media.formula1.com/d_driver_fallback_image.png/content/dam/fom-website/drivers/C/CHALEC01_Charles_Leclerc/chalec01.png.transform/1col/image.png,MON,,,,,,,,,
2024,Chinese Grand Prix,Practice 1,Lance Stroll,Aston Martin,,23.142682926829266,39.46829268292684,22.865853658536587,1.3536585365853657,18,L STROLL,STR,stroll,229971,aston_martin,Lance,Stroll,https://media.formula1.com/d_driver_fallback_image.png/content/dam/fom-website/drivers/L/LANSTR01_Lance_Stroll/lanstr01.png.transform/1col/image.png,CAN,,,,,,,,,
2024,Chinese Grand Prix,Practice 1,Kevin Magnussen,Haas F1 Team,,23.142682926829266,39.46829268292684,22.865853658536587,1.3536585365853657,20,K MAGNUSSEN,MAG,kevin_magnussen,B6BABD,haas,Kevin,Magnussen,https://media.formula1.com/d_driver_fallback_image.png/content/dam/fom-website/drivers/K/KEVMAG01_Kevin_Magnussen/kevmag01.png.transform/1col/image.png,DEN,,,,,,,,,
2024,Chinese Grand Prix,Practice 1,Yuki Tsunoda,RB,,23.142682926829266,39.46829268292684,22.865853658536587,1.3536585365853657,22,Y TSUNODA,TSU,tsunoda,6692FF,rb,Yuki,Tsunoda,https://media.formula1.com/d_driver_fallback_image.png/content/dam/fom-website/drivers/Y/YUKTSU01_Yuki_Tsunoda/yuktsu01.png.transform/1col/image.png,JPN,,,,,,,,,
2024,Chinese Grand Prix,Practice 1,Alexander Albon,Williams,,23.142682926829266,39.46829268292684,22.865853658536587,1.3536585365853657,23,A ALBON,ALB,albon,64C4FF,williams,Alexander,Albon,https://media.formula1.com/d_driver_fallback_image.png/content/dam/fom-website/drivers/A/ALEALB01_Alexander_Albon/alealb01.png.transform/1col/image.png,THA,,,,,,,,,
2024,Chinese Grand Prix,Practice 1,Guanyu Zhou,Kick Sauber,,23.142682926829266,39.46829268292684,22.865853658536587,1.3536585365853657,24,G ZHOU,ZHO,zhou,52e252,sauber,Guanyu,Zhou,https://media.formula1.com/d_driver_fallback_image.png/content/dam/fom-website/drivers/G/GUAZHO01_Guanyu_Zhou/guazho01.png.transform/1col/image.png,CHN,,,,,,,,,
2024,Chinese Grand Prix,Practice 1,Nico Hulkenberg,Haas F1 Team,,23.142682926829266,39.46829268292684,22.865853658536587,1.3536585365853657,27,N HULKENBERG,HUL,hulkenberg,B6BABD,haas,Nico,Hulkenberg,https://media.formula1.com/d_driver_fallback_image.png/content/dam/fom-website/drivers/N/NICHUL01_Nico_Hulkenberg/nichul01.png.transform/1col/image.png,GER,,,,,,,,,
2024,Chinese Grand Prix,Practice 1,Esteban Ocon,Alpine,,23.142682926829266,39.46829268292684,22.865853658536587,1.3536585365853657,31,E OCON,OCO,ocon,0093cc,alpine,Esteban,Ocon,https://media.formula1.com/d_driver_fallback_image.png/content/dam/fom-website/drivers/E/ESTOCO01_Esteban_Ocon/estoco01.png.transform/1col/image.png,FRA,,,,,,,,,
2024,Chinese Grand Prix,Practice 1,Lewis Hamilton,Mercedes,,23.142682926829266,39.46829268292684,22.865853658536587,1.3536585365853657,44,L HAMILTON,HAM,hamilton,27F4D2,mercedes,Lewis,Hamilton,https://media.formula1.com/d_driver_fallback_image.png/content/dam/fom-website/drivers/L/LEWHAM01_Lewis_Hamilton/lewham01.png.transform/1col/image.png,GBR,,,,,,,,,
2024,Chinese Grand Prix,Practice 1,Carlos Sainz,Ferrari,,23.142682926829266,39.46829268292684,22.865853658536587,1.3536585365853657,55,C SAINZ,SAI,sainz,E80020,ferrari,Carlos,Sainz,https://media.formula1.com/d_driver_fallback_image.png/content/dam/fom-website/drivers/C/CARSAI01_Carlos_Sainz/carsai01.png.transform/1col/image.png,ESP,,,,,,,,,
2024,Chinese Grand Prix,Practice 1,George Russell,Mercedes,,23.142682926829266,39.46829268292684,22.865853658536587,1.3536585365853657,63,G RUSSELL,RUS,russell,27F4D2,mercedes,George,Russell,https://media.formula1.com/d_driver_fallback_image.png/content/dam/fom-website/drivers/G/GEORUS01_George_Russell/georus01.png.transform/1col/image.png,GBR,,,,,,,,,
2024,Chinese Grand Prix,Practice 1,Valtteri Bottas,Kick Sauber,,23.142682926829266,39.46829268292684,22.865853658536587,1.3536585365853657,77,V BOTTAS,BOT,bottas,52e252,sauber,Valtteri,Bottas,https://media.formula1.com/d_driver_fallback_image.png/content/dam/fom-website/drivers/V/VALBOT01_Valtteri_Bottas/valbot01.png.transform/1col/image.png,FIN,,,,,,,,,
2024,Chinese Grand Prix,Practice 1,Oscar Piastri,McLaren,,23.142682926829266,39.46829268292684,22.865853658536587,1.3536585365853657,81,O PIASTRI,PIA,piastri,FF8000,mclaren,Oscar,Piastri,https://media.formula1.com/d_driver_fallback_image.png/content/dam/fom-website/drivers/O/OSCPIA01_Oscar_Piastri/oscpia01.png.transform/1col/image.png,AUS,,,,,,,,,
2024,Miami Grand Prix,Race,Lando Norris,McLaren,1.0,28.521999999999995,44.664,59.00666666666667,3.080666666666666,4,L NORRIS,NOR,norris,FF8000,mclaren,Lando,Norris,https://media.formula1.com/d_driver_fallback_image.png/content/dam/fom-website/drivers/L/LANNOR01_Lando_Norris/lannor01.png.transform/1col/image.png,GBR,1,5.0,,,,0 days 01:30:49.876000,Finished,25.0,57.0
2024,Miami Grand Prix,Race,Max Verstappen,Red Bull Racing,2.0,28.521999999999995,44.664,59.00666666666667,3.080666666666666,1,M VERSTAPPEN,VER,max_verstappen,3671C6,red_bull,Max,Verstappen,https://media.formula1.com/d_driver_fallback_image.png/content/dam/fom-website/drivers/M/MAXVER01_Max_Verstappen/maxver01.png.transform/1col/image.png,NED,2,1.0,,,,0 days 00:00:07.612000,Finished,18.0,57.0
2024,Miami Grand Prix,Race,Charles Leclerc,Ferrari,3.0,28.521999999999995,44.664,59.00666666666667,3.080666666666666,16,C LECLERC,LEC,leclerc,E80020,ferrari,Charles,Leclerc,https://media.formula1.com/d_driver_fallback_image.png/content/dam/fom-website/drivers/C/CHALEC01_Charles_Leclerc/chalec01.png.transform/1col/image.png,MON,3,2.0,,,,0 days 00:00:09.920000,Finished,15.0,57.0
2024,Miami Grand Prix,Race,Sergio Perez,Red Bull Racing,4.0,28.521999999999995,44.664,59.00666666666667,3.080666666666666,11,S PEREZ,PER,perez,3671C6,red_bull,Sergio,Perez,https://media.formula1.com/d_driver_fallback_image.png/content/dam/fom-website/drivers/S/SERPER01_Sergio_Perez/serper01.png.transform/1col/image.png,MEX,4,4.0,,,,0 days 00:00:14.650000,Finished,12.0,57.0
2024,Miami Grand Prix,Race,Carlos Sainz,Ferrari,5.0,28.521999999999995,44.664,59.00666666666667,3.080666666666666,55,C SAINZ,SAI,sainz,E80020,ferrari,Carlos,Sainz,https://media.formula1.com/d_driver_fallback_image.png/content/dam/fom-website/drivers/C/CARSAI01_Carlos_Sainz/carsai01.png.transform/1col/image.png,ESP,5,3.0,,,,0 days 00:00:16.407000,Finished,10.0,57.0
2024,Miami Grand Prix,Race,Lewis Hamilton,Mercedes,6.0,28.521999999999995,44.664,59.00666666666667,3.080666666666666,44,L HAMILTON,HAM,hamilton,27F4D2,mercedes,Lewis,Hamilton,https://media.formula1.com/d_driver_fallback_image.png/content/dam/fom-website/drivers/L/LEWHAM01_Lewis_Hamilton/lewham01.png.transform/1col/image.png,GBR,6,8.0,,,,0 days 00:00:16.585000,Finished,8.0,57.0
2024,Miami Grand Prix,Race,Yuki Tsunoda,RB,7.0,28.521999999999995,44.664,59.00666666666667,3.080666666666666,22,Y TSUNODA,TSU,tsunoda,6692FF,rb,Yuki,Tsunoda,https://media.formula1.com/d_driver_fallback_image.png/content/dam/fom-website/drivers/Y/YUKTSU01_Yuki_Tsunoda/yuktsu01.png.transform/1col/image.png,JPN,7,10.0,,,,0 days 00:00:26.185000,Finished,6.0,57.0
2024,Miami Grand Prix,Race,George Russell,Mercedes,8.0,28.521999999999995,44.664,59.00666666666667,3.080666666666666,63,G RUSSELL,RUS,russell,27F4D2,mercedes,George,Russell,https://media.formula1.com/d_driver_fallback_image.png/content/dam/fom-website/drivers/G/GEORUS01_George_Russell/georus01.png.transform/1col/image.png,GBR,8,7.0,,,,0 days 00:00:34.789000,Finished,4.0,57.0
2024,Miami Grand Prix,Race,Fernando Alonso,Aston Martin,9.0,28.521999999999995,44.664,59.00666666666667,3.080666666666666,14,F ALONSO,ALO,alonso,229971,aston_martin,Fernando,Alonso,https://media.formula1.com/d_driver_fallback_image.png/content/dam/fom-website/drivers/F/FERALO01_Fernando_Alonso/feralo01.png.transform/1col/image.png,ESP,9,15.0,,,,0 days 00:00:37.107000,Finished,2.0,57.0
2024,Miami Grand Prix,Race,Esteban Ocon,Alpine,10.0,28.521999999999995,44.664,59.00666666666667,3.080666666666666,31,E OCON,OCO,ocon,0093cc,alpine,Esteban,Ocon,https://media.formula1.com/d_driver_fallback_image.png/content/dam/fom-website/drivers/E/ESTOCO01_Esteban_Ocon/estoco01.png.transform/1col/image.png,FRA,10,13.0,,,,0 days 00:00:39.746000,Finished,1.0,57.0
2024,Miami Grand Prix,Race,Nico Hulkenberg,Haas F1 Team,11.0,28.521999999999995,44.664,59.00666666666667,3.080666666666666,27,N HULKENBERG,HUL,hulkenberg,B6BABD,haas,Nico,Hulkenberg,https://media.formula1.com/d_driver_fallback_image.png/content/dam/fom-website/drivers/N/NICHUL01_Nico_Hulkenberg/nichul01.png.transform/1col/image.png,GER,11,9.0,,,,0 days 00:00:40.789000,Finished,0.0,57.0
2024,Miami Grand Prix,Race,Pierre Gasly,Alpine,12.0,28.521999999999995,44.664,59.00666666666667,3.080666666666666,10,P GASLY,GAS,gasly,0093cc,alpine,Pierre,Gasly,https://media.formula1.com/d_driver_fallback_image.png/content/dam/fom-website/drivers/P/PIEGAS01_Pierre_Gasly/piegas01.png.transform/1col/image.png,FRA,12,12.0,,,,0 days 00:00:44.958000,Finished,0.0,57.0
2024,Miami Grand Prix,Race,Oscar Piastri,McLaren,13.0,28.521999999999995,44.664,59.00666666666667,3.080666666666666,81,O PIASTRI,PIA,piastri,FF8000,mclaren,Oscar,Piastri,https://media.formula1.com/d_driver_fallback_image.png/content/dam/fom-website/drivers/O/OSCPIA01_Oscar_Piastri/oscpia01.png.transform/1col/image.png,AUS,13,6.0,,,,0 days 00:00:49.756000,Finished,0.0,57.0
2024,Miami Grand Prix,Race,Guanyu Zhou,Kick Sauber,14.0,28.521999999999995,44.664,59.00666666666667,3.080666666666666,24,G ZHOU,ZHO,zhou,52e252,sauber,Guanyu,Zhou,https://media.formula1.com/d_driver_fallback_image.png/content/dam/fom-website/drivers/G/GUAZHO01_Guanyu_Zhou/guazho01.png.transform/1col/image.png,CHN,14,19.0,,,,0 days 00:00:49.979000,Finished,0.0,57.0
2024,Miami Grand Prix,Race,Daniel Ricciardo,RB,15.0,28.521999999999995,44.664,59.00666666666667,3.080666666666666,3,D RICCIARDO,RIC,ricciardo,6692FF,rb,Daniel,Ricciardo,https://media.formula1.com/d_driver_fallback_image.png/content/dam/fom-website/drivers/D/DANRIC01_Daniel_Ricciardo/danric01.png.transform/1col/image.png,AUS,15,20.0,,,,0 days 00:00:50.956000,Finished,0.0,57.0
2024,Miami Grand Prix,Race,Valtteri Bottas,Kick Sauber,16.0,28.521999999999995,44.664,59.00666666666667,3.080666666666666,77,V BOTTAS,BOT,bottas,52e252,sauber,Valtteri,Bottas,https://media.formula1.com/d_driver_fallback_image.png/content/dam/fom-website/drivers/V/VALBOT01_Valtteri_Bottas/valbot01.png.transform/1col/image.png,FIN,16,16.0,,,,0 days 00:00:52.356000,Finished,0.0,57.0
2024,Miami Grand Prix,Race,Lance Stroll,Aston Martin,17.0,28.521999999999995,44.664,59.00666666666667,3.080666666666666,18,L STROLL,STR,stroll,229971,aston_martin,Lance,Stroll,https://media.formula1.com/d_driver_fallback_image.png/content/dam/fom-website/drivers/L/LANSTR01_Lance_Stroll/lanstr01.png.transform/1col/image.png,CAN,17,11.0,,,,0 days 00:00:55.173000,Finished,0.0,57.0
2024,Miami Grand Prix,Race,Alexander Albon,Williams,18.0,28.521999999999995,44.664,59.00666666666667,3.080666666666666,23,A ALBON,ALB,albon,64C4FF,williams,Alexander,Albon,https://media.formula1.com/d_driver_fallback_image.png/content/dam/fom-website/drivers/A/ALEALB01_Alexander_Albon/alealb01.png.transform/1col/image.png,THA,18,14.0,,,,0 days 00:01:16.091000,Finished,0.0,57.0
2024,Miami Grand Prix,Race,Kevin Magnussen,Haas F1 Team,19.0,28.521999999999995,44.664,59.00666666666667,3.080666666666666,20,K MAGNUSSEN,MAG,kevin_magnussen,B6BABD,haas,Kevin,Magnussen,https://media.formula1.com/d_driver_fallback_image.png/content/dam/fom-website/drivers/K/KEVMAG01_Kevin_Magnussen/kevmag01.png.transform/1col/image.png,DEN,19,18.0,,,,0 days 00:01:24.683000,Finished,0.0,57.0
2024,Miami Grand Prix,Race,Logan Sargeant,Williams,20.0,28.521999999999995,44.664,59.00666666666667,3.080666666666666,2,L SARGEANT,SAR,sargeant,64C4FF,williams,Logan,Sargeant,https://media.formula1.com/d_driver_fallback_image.png/content/dam/fom-website/drivers/L/LOGSAR01_Logan_Sargeant/logsar01.png.transform/1col/image.png,USA,R,17.0,,,,,Retired,0.0,27.0
2024,Miami Grand Prix,Qualifying,Max Verstappen,Red Bull Racing,1.0,29.06363636363637,47.29480519480519,54.87012987012987,2.9428571428571426,1,M VERSTAPPEN,VER,max_verstappen,3671C6,red_bull,Max,Verstappen,https://media.formula1.com/d_driver_fallback_image.png/content/dam/fom-website/drivers/M/MAXVER01_Max_Verstappen/maxver01.png.transform/1col/image.png,NED,,,0 days 00:01:27.689000,0 days 00:01:27.566000,0 days 00:01:27.241000,,,,
2024,Miami Grand Prix,Qualifying,Charles Leclerc,Ferrari,2.0,29.06363636363637,47.29480519480519,54.87012987012987,2.9428571428571426,16,C LECLERC,LEC,leclerc,E80020,ferrari,Charles,Leclerc,https://media.formula1.com/d_driver_fallback_image.png/content/dam/fom-website/drivers/C/CHALEC01_Charles_Leclerc/chalec01.png.transform/1col/image.png,MON,,,0 days 00:01:28.081000,0 days 00:01:27.533000,0 days 00:01:27.382000,,,,
2024,Miami Grand Prix,Qualifying,Carlos Sainz,Ferrari,3.0,29.06363636363637,47.29480519480519,54.87012987012987,2.9428571428571426,55,C SAINZ,SAI,sainz,E80020,ferrari,Carlos,Sainz,https://media.formula1.com/d_driver_fallback_image.png/content/dam/fom-website/drivers/C/CARSAI01_Carlos_Sainz/carsai01.png.transform/1col/image.png,ESP,,,0 days 00:01:27.937000,0 days 00:01:27.941000,0 days 00:01:27.455000,,,,
2024,Miami Grand Prix,Qualifying,Sergio Perez,Red Bull Racing,4.0,29.06363636363637,47.29480519480519,54.87012987012987,2.9428571428571426,11,S PEREZ,PER,perez,3671C6,red_bull,Sergio,Perez,https://media.formula1.com/d_driver_fallback_image.png/content/dam/fom-website/drivers/S/SERPER01_Sergio_Perez/serper01.png.transform/1col/image.png,MEX,,,0 days 00:01:27.772000,0 days 00:01:27.839000,0 days 00:01:27.460000,,,,
2024,Miami Grand Prix,Qualifying,Lando Norris,McLaren,5.0,29.06363636363637,47.29480519480519,54.87012987012987,2.9428571428571426,4,L NORRIS,NOR,norris,FF8000,mclaren,Lando,Norris,https://media.formula1.com/d_driver_fallback_image.png/content/dam/fom-website/drivers/L/LANNOR01_Lando_Norris/lannor01.png.transform/1col/image.png,GBR,,,0 days 00:01:27.913000,0 days 00:01:27.871000,0 days 00:01:27.594000,,,,
2024,Miami Grand Prix,Qualifying,Oscar Piastri,McLaren,6.0,29.06363636363637,47.29480519480519,54.87012987012987,2.9428571428571426,81,O PIASTRI,PIA,piastri,FF8000,mclaren,Oscar,Piastri,https://media.formula1.com/d_driver_fallback_image.png/content/dam/fom-website/drivers/O/OSCPIA01_Oscar_Piastri/oscpia01.png.transform/1col/image.png,AUS,,,0 days 00:01:28.032000,0 days 00:01:27.721000,0 days 00:01:27.675000,,,,
2024,Miami Grand Prix,Qualifying,George Russell,Mercedes,7.0,29.06363636363637,47.29480519480519,54.87012987012987,2.9428571428571426,63,G RUSSELL,RUS,russell,27F4D2,mercedes,George,Russell,https://media.formula1.com/d_driver_fallback_image.png/content/dam/fom-website/drivers/G/GEORUS01_George_Russell/georus01.png.transform/1col/image.png,GBR,,,0 days 00:01:28.159000,0 days 00:01:28.095000,0 days 00:01:28.067000,,,,
2024,Miami Grand Prix,Qualifying,Lewis Hamilton,Mercedes,8.0,29.06363636363637,47.29480519480519,54.87012987012987,2.9428571428571426,44,L HAMILTON,HAM,hamilton,27F4D2,mercedes,Lewis,Hamilton,https://media.formula1.com/d_driver_fallback_image.png/content/dam/fom-website/drivers/L/LEWHAM01_Lewis_Hamilton/lewham01.png.transform/1col/image.png,GBR,,,0 days 00:01:28.167000,0 days 00:01:27.697000,0 days 00:01:28.107000,,,,
2024,Miami Grand Prix,Qualifying,Nico Hulkenberg,Haas F1 Team,9.0,29.06363636363637,47.29480519480519,54.87012987012987,2.9428571428571426,27,N HULKENBERG,HUL,hulkenberg,B6BABD,haas,Nico,Hulkenberg,https://media.formula1.com/d_driver_fallback_image.png/content/dam/fom-website/drivers/N/NICHUL01_Nico_Hulkenberg/nichul01.png.transform/1col/image.png,GER,,,0 days 00:01:28.383000,0 days 00:01:28.200000,0 days 00:01:28.146000,,,,
2024,Miami Grand Prix,Qualifying,Yuki Tsunoda,RB,10.0,29.06363636363637,47.29480519480519,54.87012987012987,2.9428571428571426,22,Y TSUNODA,TSU,tsunoda,6692FF,rb,Yuki,Tsunoda,https://media.formula1.com/d_driver_fallback_image.png/content/dam/fom-website/drivers/Y/YUKTSU01_Yuki_Tsunoda/yuktsu01.png.transform/1col/image.png,JPN,,,0 days 00:01:28.324000,0 days 00:01:28.167000,0 days 00:01:28.192000,,,,
2024,Miami Grand Prix,Qualifying,Lance Stroll,Aston Martin,11.0,29.06363636363637,47.29480519480519,54.87012987012987,2.9428571428571426,18,L STROLL,STR,stroll,229971,aston_martin,Lance,Stroll,https://media.formula1.com/d_driver_fallback_image.png/content/dam/fom-website/drivers/L/LANSTR01_Lance_Stroll/lanstr01.png.transform/1col/image.png,CAN,,,0 days 00:01:28.177000,0 days 00:01:28.222000,,,,,
2024,Miami Grand Prix,Qualifying,Pierre Gasly,Alpine,12.0,29.06363636363637,47.29480519480519,54.87012987012987,2.9428571428571426,10,P GASLY,GAS,gasly,0093cc,alpine,Pierre,Gasly,https://media.formula1.com/d_driver_fallback_image.png/content/dam/fom-website/drivers/P/PIEGAS01_Pierre_Gasly/piegas01.png.transform/1col/image.png,FRA,,,0 days 00:01:27.976000,0 days 00:01:28.324000,,,,,
2024,Miami Grand Prix,Qualifying,Esteban Ocon,Alpine,13.0,29.06363636363637,47.29480519480519,54.87012987012987,2.9428571428571426,31,E OCON,OCO,ocon,0093cc,alpine,Esteban,Ocon,https://media.formula1.com/d_driver_fallback_image.png/content/dam/fom-website/drivers/E/ESTOCO01_Esteban_Ocon/estoco01.png.transform/1col/image.png,FRA,,,0 days 00:01:28.209000,0 days 00:01:28.371000,,,,,
2024,Miami Grand Prix,Qualifying,Alexander Albon,Williams,14.0,29.06363636363637,47.29480519480519,54.87012987012987,2.9428571428571426,23,A ALBON,ALB,albon,64C4FF,williams,Alexander,Albon,https://media.formula1.com/d_driver_fallback_image.png/content/dam/fom-website/drivers/A/ALEALB01_Alexander_Albon/alealb01.png.transform/1col/image.png,THA,,,0 days 00:01:28.343000,0 days 00:01:28.413000,,,,,
2024,Miami Grand Prix,Qualifying,Fernando Alonso,Aston Martin,15.0,29.06363636363637,47.29480519480519,54.87012987012987,2.9428571428571426,14,F ALONSO,ALO,alonso,229971,aston_martin,Fernando,Alonso,https://media.formula1.com/d_driver_fallback_image.png/content/dam/fom-website/drivers/F/FERALO01_Fernando_Alonso/feralo01.png.transform/1col/image.png,ESP,,,0 days 00:01:28.453000,0 days 00:01:28.427000,,,,,
2024,Miami Grand Prix,Qualifying,Valtteri Bottas,Kick Sauber,16.0,29.06363636363637,47.29480519480519,54.87012987012987,2.9428571428571426,77,V BOTTAS,BOT,bottas,52e252,sauber,Valtteri,Bottas,https://media.formula1.com/d_driver_fallback_image.png/content/dam/fom-website/drivers/V/VALBOT01_Valtteri_Bottas/valbot01.png.transform/1col/image.png,FIN,,,0 days 00:01:28.463000,,,,,,
2024,Miami Grand Prix,Qualifying,Logan Sargeant,Williams,17.0,29.06363636363637,47.29480519480519,54.87012987012987,2.9428571428571426,2,L SARGEANT,SAR,sargeant,64C4FF,williams,Logan,Sargeant,https://media.formula1.com/d_driver_fallback_image.png/content/dam/fom-website/drivers/L/LOGSAR01_Logan_Sargeant/logsar01.png.transform/1col/image.png,USA,,,0 days 00:01:28.487000,,,,,,
2024,Miami Grand Prix,Qualifying,Daniel Ricciardo,RB,18.0,29.06363636363637,47.29480519480519,54.87012987012987,2.9428571428571426,3,D RICCIARDO,RIC,ricciardo,6692FF,rb,Daniel,Ricciardo,https://media.formula1.com/d_driver_fallback_image.png/content/dam/fom-website/drivers/D/DANRIC01_Daniel_Ricciardo/danric01.png.transform/1col/image.png,AUS,,,0 days 00:01:28.617000,,,,,,
2024,Miami Grand Prix,Qualifying,Kevin Magnussen,Haas F1 Team,19.0,29.06363636363637,47.29480519480519,54.87012987012987,2.9428571428571426,20,K MAGNUSSEN,MAG,kevin_magnussen,B6BABD,haas,Kevin,Magnussen,https://media.formula1.com/d_driver_fallback_image.png/content/dam/fom-website/drivers/K/KEVMAG01_Kevin_Magnussen/kevmag01.png.transform/1col/image.png,DEN,,,0 days 00:01:28.619000,,,,,,
2024,Miami Grand Prix,Qualifying,Guanyu Zhou,Kick Sauber,20.0,29.06363636363637,47.29480519480519,54.87012987012987,2.9428571428571426,24,G ZHOU,ZHO,zhou,52e252,sauber,Guanyu,Zhou,https://media.formula1.com/d_driver_fallback_image.png/content/dam/fom-website/drivers/G/GUAZHO01_Guanyu_Zhou/guazho01.png.transform/1col/image.png,CHN,,,0 days 00:01:28.824000,,,,,,
2024,Miami Grand Prix,Sprint,Max Verstappen,Red Bull Racing,1.0,28.698780487804882,44.82682926829268,56.02439024390244,3.1097560975609757,1,M VERSTAPPEN,VER,max_verstappen,3671C6,red_bull,Max,Verstappen,https://media.formula1.com/d_driver_fallback_image.png/content/dam/fom-website/drivers/M/MAXVER01_Max_Verstappen/maxver01.png.transform/1col/image.png,NED,1,1.0,,,,0 days 00:31:31.383000,Finished,8.0,19.0
2024,Miami Grand Prix,Sprint,Charles Leclerc,Ferrari,2.0,28.698780487804882,44.82682926829268,56.02439024390244,3.1097560975609757,16,C LECLERC,LEC,leclerc,E80020,ferrari,Charles,Leclerc,https://media.formula1.com/d_driver_fallback_image.png/content/dam/fom-website/drivers/C/CHALEC01_Charles_Leclerc/chalec01.png.transform/1col/image.png,MON,2,2.0,,,,0 days 00:00:03.371000,Finished,7.0,19.0
2024,Miami Grand Prix,Sprint,Sergio Perez,Red Bull Racing,3.0,28.698780487804882,44.82682926829268,56.02439024390244,3.1097560975609757,11,S PEREZ,PER,perez,3671C6,red_bull,Sergio,Perez,https://media.formula1.com/d_driver_fallback_image.png/content/dam/fom-website/drivers/S/SERPER01_Sergio_Perez/serper01.png.transform/1col/image.png,MEX,3,3.0,,,,0 days 00:00:05.095000,Finished,6.0,19.0
2024,Miami Grand Prix,Sprint,Daniel Ricciardo,RB,4.0,28.698780487804882,44.82682926829268,56.02439024390244,3.1097560975609757,3,D RICCIARDO,RIC,ricciardo,6692FF,rb,Daniel,Ricciardo,https://media.formula1.com/d_driver_fallback_image.png/content/dam/fom-website/drivers/D/DANRIC01_Daniel_Ricciardo/danric01.png.transform/1col/image.png,AUS,4,4.0,,,,0 days 00:00:14.971000,Finished,5.0,19.0
2024,Miami Grand Prix,Sprint,Carlos Sainz,Ferrari,5.0,28.698780487804882,44.82682926829268,56.02439024390244,3.1097560975609757,55,C SAINZ,SAI,sainz,E80020,ferrari,Carlos,Sainz,https://media.formula1.com/d_driver_fallback_image.png/content/dam/fom-website/drivers/C/CARSAI01_Carlos_Sainz/carsai01.png.transform/1col/image.png,ESP,5,5.0,,,,0 days 00:00:15.222000,Finished,4.0,19.0
2024,Miami Grand Prix,Sprint,Oscar Piastri,McLaren,6.0,28.698780487804882,44.82682926829268,56.02439024390244,3.1097560975609757,81,O PIASTRI,PIA,piastri,FF8000,mclaren,Oscar,Piastri,https://media.formula1.com/d_driver_fallback_image.png/content/dam/fom-website/drivers/O/OSCPIA01_Oscar_Piastri/oscpia01.png.transform/1col/image.png,AUS,6,6.0,,,,0 days 00:00:15.750000,Finished,3.0,19.0
2024,Miami Grand Prix,Sprint,Nico Hulkenberg,Haas F1 Team,7.0,28.698780487804882,44.82682926829268,56.02439024390244,3.1097560975609757,27,N HULKENBERG,HUL,hulkenberg,B6BABD,haas,Nico,Hulkenberg,https://media.formula1.com/d_driver_fallback_image.png/content/dam/fom-website/drivers/N/NICHUL01_Nico_Hulkenberg/nichul01.png.transform/1col/image.png,GER,7,10.0,,,,0 days 00:00:22.054000,Finished,2.0,19.0
2024,Miami Grand Prix,Sprint,Yuki Tsunoda,RB,8.0,28.698780487804882,44.82682926829268,56.02439024390244,3.1097560975609757,22,Y TSUNODA,TSU,tsunoda,6692FF,rb,Yuki,Tsunoda,https://media.formula1.com/d_driver_fallback_image.png/content/dam/fom-website/drivers/Y/YUKTSU01_Yuki_Tsunoda/yuktsu01.png.transform/1col/image.png,JPN,8,15.0,,,,0 days 00:00:29.816000,Finished,1.0,19.0
2024,Miami Grand Prix,Sprint,Pierre Gasly,Alpine,9.0,28.698780487804882,44.82682926829268,56.02439024390244,3.1097560975609757,10,P GASLY,GAS,gasly,0093cc,alpine,Pierre,Gasly,https://media.formula1.com/d_driver_fallback_image.png/content/dam/fom-website/drivers/P/PIEGAS01_Pierre_Gasly/piegas01.png.transform/1col/image.png,FRA,9,16.0,,,,0 days 00:00:31.880000,Finished,0.0,19.0
2024,Miami Grand Prix,Sprint,Logan Sargeant,Williams,10.0,28.698780487804882,44.82682926829268,56.02439024390244,3.1097560975609757,2,L SARGEANT,SAR,sargeant,64C4FF,williams,Logan,Sargeant,https://media.formula1.com/d_driver_fallback_image.png/content/dam/fom-website/drivers/L/LOGSAR01_Logan_Sargeant/logsar01.png.transform/1col/image.png,USA,10,18.0,,,,0 days 00:00:34.355000,Finished,0.0,19.0
2024,Miami Grand Prix,Sprint,Guanyu Zhou,Kick Sauber,11.0,28.698780487804882,44.82682926829268,56.02439024390244,3.1097560975609757,24,G ZHOU,ZHO,zhou,52e252,sauber,Guanyu,Zhou,https://media.formula1.com/d_driver_fallback_image.png/content/dam/fom-website/drivers/G/GUAZHO01_Guanyu_Zhou/guazho01.png.transform/1col/image.png,CHN,11,17.0,,,,0 days 00:00:35.078000,Finished,0.0,19.0
2024,Miami Grand Prix,Sprint,George Russell,Mercedes,12.0,28.698780487804882,44.82682926829268,56.02439024390244,3.1097560975609757,63,G RUSSELL,RUS,russell,27F4D2,mercedes,George,Russell,https://media.formula1.com/d_driver_fallback_image.png/content/dam/fom-website/drivers/G/GEORUS01_George_Russell/georus01.png.transform/1col/image.png,GBR,12,11.0,,,,0 days 00:00:35.755000,Finished,0.0,19.0
2024,Miami Grand Prix,Sprint,Alexander Albon,Williams,13.0,28.698780487804882,44.82682926829268,56.02439024390244,3.1097560975609757,23,A ALBON,ALB,albon,64C4FF,williams,Alexander,Albon,https://media.formula1.com/d_driver_fallback_image.png/content/dam/fom-website/drivers/A/ALEALB01_Alexander_Albon/alealb01.png.transform/1col/image.png,THA,13,20.0,,,,0 days 00:00:36.086000,Finished,0.0,19.0
2024,Miami Grand Prix,Sprint,Valtteri Bottas,Kick Sauber,14.0,28.698780487804882,44.82682926829268,56.02439024390244,3.1097560975609757,77,V BOTTAS,BOT,bottas,52e252,sauber,Valtteri,Bottas,https://media.formula1.com/d_driver_fallback_image.png/content/dam/fom-website/drivers/V/VALBOT01_Valtteri_Bottas/valbot01.png.transform/1col/image.png,FIN,14,19.0,,,,0 days 00:00:36.892000,Finished,0.0,19.0
2024,Miami Grand Prix,Sprint,Esteban Ocon,Alpine,15.0,28.698780487804882,44.82682926829268,56.02439024390244,3.1097560975609757,31,E OCON,OCO,ocon,0093cc,alpine,Esteban,Ocon,https://media.formula1.com/d_driver_fallback_image.png/content/dam/fom-website/drivers/E/ESTOCO01_Esteban_Ocon/estoco01.png.transform/1col/image.png,FRA,15,13.0,,,,0 days 00:00:37.740000,Finished,0.0,19.0
2024,Miami Grand Prix,Sprint,Lewis Hamilton,Mercedes,16.0,28.698780487804882,44.82682926829268,56.02439024390244,3.1097560975609757,44,L HAMILTON,HAM,hamilton,27F4D2,mercedes,Lewis,Hamilton,https://media.formula1.com/d_driver_fallback_image.png/content/dam/fom-website/drivers/L/LEWHAM01_Lewis_Hamilton/lewham01.png.transform/1col/image.png,GBR,16,12.0,,,,0 days 00:00:49.347000,Finished,0.0,19.0
2024,Miami Grand Prix,Sprint,Fernando Alonso,Aston Martin,17.0,28.698780487804882,44.82682926829268,56.02439024390244,3.1097560975609757,14,F ALONSO,ALO,alonso,229971,aston_martin,Fernando,Alonso,https://media.formula1.com/d_driver_fallback_image.png/content/dam/fom-website/drivers/F/FERALO01_Fernando_Alonso/feralo01.png.transform/1col/image.png,ESP,17,8.0,,,,0 days 00:00:59.409000,Finished,0.0,19.0
2024,Miami Grand Prix,Sprint,Kevin Magnussen,Haas F1 Team,18.0,28.698780487804882,44.82682926829268,56.02439024390244,3.1097560975609757,20,K MAGNUSSEN,MAG,kevin_magnussen,B6BABD,haas,Kevin,Magnussen,https://media.formula1.com/d_driver_fallback_image.png/content/dam/fom-website/drivers/K/KEVMAG01_Kevin_Magnussen/kevmag01.png.transform/1col/image.png,DEN,18,14.0,,,,0 days 00:01:06.303000,Finished,0.0,19.0
2024,Miami Grand Prix,Sprint,Lance Stroll,Aston Martin,19.0,28.698780487804882,44.82682926829268,56.02439024390244,3.1097560975609757,18,L STROLL,STR,stroll,229971,aston_martin,Lance,Stroll,https://media.formula1.com/d_driver_fallback_image.png/content/dam/fom-website/drivers/L/LANSTR01_Lance_Stroll/lanstr01.png.transform/1col/image.png,CAN,R,7.0,,,,,Retired,0.0,1.0
2024,Miami Grand Prix,Sprint,Lando Norris,McLaren,20.0,28.698780487804882,44.82682926829268,56.02439024390244,3.1097560975609757,4,L NORRIS,NOR,norris,FF8000,mclaren,Lando,Norris,https://media.formula1.com/d_driver_fallback_image.png/content/dam/fom-website/drivers/L/LANNOR01_Lando_Norris/lannor01.png.transform/1col/image.png,GBR,R,9.0,,,,,Retired,0.0,0.0
2024,Miami Grand Prix,Practice 1,Max Verstappen,Red Bull Racing,,28.780519480519484,49.958441558441564,56.27272727272727,3.0090909090909084,1,M VERSTAPPEN,VER,max_verstappen,3671C6,red_bull,Max,Verstappen,https://media.formula1.com/d_driver_fallback_image.png/content/dam/fom-website/drivers/M/MAXVER01_Max_Verstappen/maxver01.png.transform/1col/image.png,NED,,,,,,,,,
2024,Miami Grand Prix,Practice 1,Logan Sargeant,Williams,,28.780519480519484,49.958441558441564,56.27272727272727,3.0090909090909084,2,L SARGEANT,SAR,sargeant,64C4FF,williams,Logan,Sargeant,https://media.formula1.com/d_driver_fallback_image.png/content/dam/fom-website/drivers/L/LOGSAR01_Logan_Sargeant/logsar01.png.transform/1col/image.png,USA,,,,,,,,,
2024,Miami Grand Prix,Practice 1,Daniel Ricciardo,RB,,28.780519480519484,49.958441558441564,56.27272727272727,3.0090909090909084,3,D RICCIARDO,RIC,ricciardo,6692FF,rb,Daniel,Ricciardo,https://media.formula1.com/d_driver_fallback_image.png/content/dam/fom-website/drivers/D/DANRIC01_Daniel_Ricciardo/danric01.png.transform/1col/image.png,AUS,,,,,,,,,
2024,Miami Grand Prix,Practice 1,Lando Norris,McLaren,,28.780519480519484,49.958441558441564,56.27272727272727,3.0090909090909084,4,L NORRIS,NOR,norris,FF8000,mclaren,Lando,Norris,https://media.formula1.com/d_driver_fallback_image.png/content/dam/fom-website/drivers/L/LANNOR01_Lando_Norris/lannor01.png.transform/1col/image.png,GBR,,,,,,,,,
2024,Miami Grand Prix,Practice 1,Pierre Gasly,Alpine,,28.780519480519484,49.958441558441564,56.27272727272727,3.0090909090909084,10,P GASLY,GAS,gasly,0093cc,alpine,Pierre,Gasly,https://media.formula1.com/d_driver_fallback_image.png/content/dam/fom-website/drivers/P/PIEGAS01_Pierre_Gasly/piegas01.png.transform/1col/image.png,FRA,,,,,,,,,
2024,Miami Grand Prix,Practice 1,Sergio Perez,Red Bull Racing,,28.780519480519484,49.958441558441564,56.27272727272727,3.0090909090909084,11,S PEREZ,PER,perez,3671C6,red_bull,Sergio,Perez,https://media.formula1.com/d_driver_fallback_image.png/content/dam/fom-website/drivers/S/SERPER01_Sergio_Perez/serper01.png.transform/1col/image.png,MEX,,,,,,,,,
2024,Miami Grand Prix,Practice 1,Fernando Alonso,Aston Martin,,28.780519480519484,49.958441558441564,56.27272727272727,3.0090909090909084,14,F ALONSO,ALO,alonso,229971,aston_martin,Fernando,Alonso,https://media.formula1.com/d_driver_fallback_image.png/content/dam/fom-website/drivers/F/FERALO01_Fernando_Alonso/feralo01.png.transform/1col/image.png,ESP,,,,,,,,,
2024,Miami Grand Prix,Practice 1,Charles Leclerc,Ferrari,,28.780519480519484,49.958441558441564,56.27272727272727,3.0090909090909084,16,C LECLERC,LEC,leclerc,E80020,ferrari,Charles,Leclerc,https://media.formula1.com/d_driver_fallback_image.png/content/dam/fom-website/drivers/C/CHALEC01_Charles_Leclerc/chalec01.png.transform/1col/image.png,MON,,,,,,,,,
2024,Miami Grand Prix,Practice 1,Lance Stroll,Aston Martin,,28.780519480519484,49.958441558441564,56.27272727272727,3.0090909090909084,18,L STROLL,STR,stroll,229971,aston_martin,Lance,Stroll,https://media.formula1.com/d_driver_fallback_image.png/content/dam/fom-website/drivers/L/LANSTR01_Lance_Stroll/lanstr01.png.transform/1col/image.png,CAN,,,,,,,,,
2024,Miami Grand Prix,Practice 1,Kevin Magnussen,Haas F1 Team,,28.780519480519484,49.958441558441564,56.27272727272727,3.0090909090909084,20,K MAGNUSSEN,MAG,kevin_magnussen,B6BABD,haas,Kevin,Magnussen,https://media.formula1.com/d_driver_fallback_image.png/content/dam/fom-website/drivers/K/KEVMAG01_Kevin_Magnussen/kevmag01.png.transform/1col/image.png,DEN,,,,,,,,,
2024,Miami Grand Prix,Practice 1,Yuki Tsunoda,RB,,28.780519480519484,49.958441558441564,56.27272727272727,3.0090909090909084,22,Y TSUNODA,TSU,tsunoda,6692FF,rb,Yuki,Tsunoda,https://media.formula1.com/d_driver_fallback_image.png/content/dam/fom-website/drivers/Y/YUKTSU01_Yuki_Tsunoda/yuktsu01.png.transform/1col/image.png,JPN,,,,,,,,,
2024,Miami Grand Prix,Practice 1,Alexander Albon,Williams,,28.780519480519484,49.958441558441564,56.27272727272727,3.0090909090909084,23,A ALBON,ALB,albon,64C4FF,williams,Alexander,Albon,https://media.formula1.com/d_driver_fallback_image.png/content/dam/fom-website/drivers/A/ALEALB01_Alexander_Albon/alealb01.png.transform/1col/image.png,THA,,,,,,,,,
2024,Miami Grand Prix,Practice 1,Guanyu Zhou,Kick Sauber,,28.780519480519484,49.958441558441564,56.27272727272727,3.0090909090909084,24,G ZHOU,ZHO,zhou,52e252,sauber,Guanyu,Zhou,https://media.formula1.com/d_driver_fallback_image.png/content/dam/fom-website/drivers/G/GUAZHO01_Guanyu_Zhou/guazho01.png.transform/1col/image.png,CHN,,,,,,,,,
2024,Miami Grand Prix,Practice 1,Nico Hulkenberg,Haas F1 Team,,28.780519480519484,49.958441558441564,56.27272727272727,3.0090909090909084,27,N HULKENBERG,HUL,hulkenberg,B6BABD,haas,Nico,Hulkenberg,https://media.formula1.com/d_driver_fallback_image.png/content/dam/fom-website/drivers/N/NICHUL01_Nico_Hulkenberg/nichul01.png.transform/1col/image.png,GER,,,,,,,,,
2024,Miami Grand Prix,Practice 1,Esteban Ocon,Alpine,,28.780519480519484,49.958441558441564,56.27272727272727,3.0090909090909084,31,E OCON,OCO,ocon,0093cc,alpine,Esteban,Ocon,https://media.formula1.com/d_driver_fallback_image.png/content/dam/fom-website/drivers/E/ESTOCO01_Esteban_Ocon/estoco01.png.transform/1col/image.png,FRA,,,,,,,,,
2024,Miami Grand Prix,Practice 1,Lewis Hamilton,Mercedes,,28.780519480519484,49.958441558441564,56.27272727272727,3.0090909090909084,44,L HAMILTON,HAM,hamilton,27F4D2,mercedes,Lewis,Hamilton,https://media.formula1.com/d_driver_fallback_image.png/content/dam/fom-website/drivers/L/LEWHAM01_Lewis_Hamilton/lewham01.png.transform/1col/image.png,GBR,,,,,,,,,
2024,Miami Grand Prix,Practice 1,Carlos Sainz,Ferrari,,28.780519480519484,49.958441558441564,56.27272727272727,3.0090909090909084,55,C SAINZ,SAI,sainz,E80020,ferrari,Carlos,Sainz,https://media.formula1.com/d_driver_fallback_image.png/content/dam/fom-website/drivers/C/CARSAI01_Carlos_Sainz/carsai01.png.transform/1col/image.png,ESP,,,,,,,,,
2024,Miami Grand Prix,Practice 1,George Russell,Mercedes,,28.780519480519484,49.958441558441564,56.27272727272727,3.0090909090909084,63,G RUSSELL,RUS,russell,27F4D2,mercedes,George,Russell,https://media.formula1.com/d_driver_fallback_image.png/content/dam/fom-website/drivers/G/GEORUS01_George_Russell/georus01.png.transform/1col/image.png,GBR,,,,,,,,,
2024,Miami Grand Prix,Practice 1,Valtteri Bottas,Kick Sauber,,28.780519480519484,49.958441558441564,56.27272727272727,3.0090909090909084,77,V BOTTAS,BOT,bottas,52e252,sauber,Valtteri,Bottas,https://media.formula1.com/d_driver_fallback_image.png/content/dam/fom-website/drivers/V/VALBOT01_Valtteri_Bottas/valbot01.png.transform/1col/image.png,FIN,,,,,,,,,
2024,Miami Grand Prix,Practice 1,Oscar Piastri,McLaren,,28.780519480519484,49.958441558441564,56.27272727272727,3.0090909090909084,81,O PIASTRI,PIA,piastri,FF8000,mclaren,Oscar,Piastri,https://media.formula1.com/d_driver_fallback_image.png/content/dam/fom-website/drivers/O/OSCPIA01_Oscar_Piastri/oscpia01.png.transform/1col/image.png,AUS,,,,,,,,,
2024,Emilia Romagna Grand Prix,Race,Max Verstappen,Red Bull Racing,1.0,25.113986013986015,42.023776223776224,48.42657342657343,2.141258741258741,1,M VERSTAPPEN,VER,max_verstappen,3671C6,red_bull,Max,Verstappen,https://media.formula1.com/d_driver_fallback_image.png/content/dam/fom-website/drivers/M/MAXVER01_Max_Verstappen/maxver01.png.transform/1col/image.png,NED,1,1.0,,,,0 days 01:25:25.252000,Finished,25.0,63.0
2024,Emilia Romagna Grand Prix,Race,Lando Norris,McLaren,2.0,25.113986013986015,42.023776223776224,48.42657342657343,2.141258741258741,4,L NORRIS,NOR,norris,FF8000,mclaren,Lando,Norris,https://media.formula1.com/d_driver_fallback_image.png/content/dam/fom-website/drivers/L/LANNOR01_Lando_Norris/lannor01.png.transform/1col/image.png,GBR,2,2.0,,,,0 days 00:00:00.725000,Finished,18.0,63.0
2024,Emilia Romagna Grand Prix,Race,Charles Leclerc,Ferrari,3.0,25.113986013986015,42.023776223776224,48.42657342657343,2.141258741258741,16,C LECLERC,LEC,leclerc,E80020,ferrari,Charles,Leclerc,https://media.formula1.com/d_driver_fallback_image.png/content/dam/fom-website/drivers/C/CHALEC01_Charles_Leclerc/chalec01.png.transform/1col/image.png,MON,3,3.0,,,,0 days 00:00:07.916000,Finished,15.0,63.0
2024,Emilia Romagna Grand Prix,Race,Oscar Piastri,McLaren,4.0,25.113986013986015,42.023776223776224,48.42657342657343,2.141258741258741,81,O PIASTRI,PIA,piastri,FF8000,mclaren,Oscar,Piastri,https://media.formula1.com/d_driver_fallback_image.png/content/dam/fom-website/drivers/O/OSCPIA01_Oscar_Piastri/oscpia01.png.transform/1col/image.png,AUS,4,5.0,,,,0 days 00:00:14.132000,Finished,12.0,63.0
2024,Emilia Romagna Grand Prix,Race,Carlos Sainz,Ferrari,5.0,25.113986013986015,42.023776223776224,48.42657342657343,2.141258741258741,55,C SAINZ,SAI,sainz,E80020,ferrari,Carlos,Sainz,https://media.formula1.com/d_driver_fallback_image.png/content/dam/fom-website/drivers/C/CARSAI01_Carlos_Sainz/carsai01.png.transform/1col/image.png,ESP,5,4.0,,,,0 days 00:00:22.325000,Finished,10.0,63.0
2024,Emilia Romagna Grand Prix,Race,Lewis Hamilton,Mercedes,6.0,25.113986013986015,42.023776223776224,48.42657342657343,2.141258741258741,44,L HAMILTON,HAM,hamilton,27F4D2,mercedes,Lewis,Hamilton,https://media.formula1.com/d_driver_fallback_image.png/content/dam/fom-website/drivers/L/LEWHAM01_Lewis_Hamilton/lewham01.png.transform/1col/image.png,GBR,6,8.0,,,,0 days 00:00:35.104000,Finished,8.0,63.0
2024,Emilia Romagna Grand Prix,Race,George Russell,Mercedes,7.0,25.113986013986015,42.023776223776224,48.42657342657343,2.141258741258741,63,G RUSSELL,RUS,russell,27F4D2,mercedes,George,Russell,https://media.formula1.com/d_driver_fallback_image.png/content/dam/fom-website/drivers/G/GEORUS01_George_Russell/georus01.png.transform/1col/image.png,GBR,7,6.0,,,,0 days 00:00:47.154000,Finished,7.0,63.0
2024,Emilia Romagna Grand Prix,Race,Sergio Perez,Red Bull Racing,8.0,25.113986013986015,42.023776223776224,48.42657342657343,2.141258741258741,11,S PEREZ,PER,perez,3671C6,red_bull,Sergio,Perez,https://media.formula1.com/d_driver_fallback_image.png/content/dam/fom-website/drivers/S/SERPER01_Sergio_Perez/serper01.png.transform/1col/image.png,MEX,8,11.0,,,,0 days 00:00:54.776000,Finished,4.0,63.0
2024,Emilia Romagna Grand Prix,Race,Lance Stroll,Aston Martin,9.0,25.113986013986015,42.023776223776224,48.42657342657343,2.141258741258741,18,L STROLL,STR,stroll,229971,aston_martin,Lance,Stroll,https://media.formula1.com/d_driver_fallback_image.png/content/dam/fom-website/drivers/L/LANSTR01_Lance_Stroll/lanstr01.png.transform/1col/image.png,CAN,9,13.0,,,,0 days 00:01:19.556000,Finished,2.0,63.0
2024,Emilia Romagna Grand Prix,Race,Yuki Tsunoda,RB,10.0,25.113986013986015,42.023776223776224,48.42657342657343,2.141258741258741,22,Y TSUNODA,TSU,tsunoda,6692FF,rb,Yuki,Tsunoda,https://media.formula1.com/d_driver_fallback_image.png/content/dam/fom-website/drivers/Y/YUKTSU01_Yuki_Tsunoda/yuktsu01.png.transform/1col/image.png,JPN,10,7.0,,,,0 days 00:00:17.856000,Lapped,1.0,62.0
2024,Emilia Romagna Grand Prix,Race,Nico Hulkenberg,Haas F1 Team,11.0,25.113986013986015,42.023776223776224,48.42657342657343,2.141258741258741,27,N HULKENBERG,HUL,hulkenberg,B6BABD,haas,Nico,Hulkenberg,https://media.formula1.com/d_driver_fallback_image.png/content/dam/fom-website/drivers/N/NICHUL01_Nico_Hulkenberg/nichul01.png.transform/1col/image.png,GER,11,10.0,,,,0 days 00:00:25.277000,Lapped,0.0,62.0
2024,Emilia Romagna Grand Prix,Race,Kevin Magnussen,Haas F1 Team,12.0,25.113986013986015,42.023776223776224,48.42657342657343,2.141258741258741,20,K MAGNUSSEN,MAG,kevin_magnussen,B6BABD,haas,Kevin,Magnussen,https://media.formula1.com/d_driver_fallback_image.png/content/dam/fom-website/drivers/K/KEVMAG01_Kevin_Magnussen/kevmag01.png.transform/1col/image.png,DEN,12,18.0,,,,0 days 00:00:26.434000,Lapped,0.0,62.0
2024,Emilia Romagna Grand Prix,Race,Daniel Ricciardo,RB,13.0,25.113986013986015,42.023776223776224,48.42657342657343,2.141258741258741,3,D RICCIARDO,RIC,ricciardo,6692FF,rb,Daniel,Ricciardo,https://media.formula1.com/d_driver_fallback_image.png/content/dam/fom-website/drivers/D/DANRIC01_Daniel_Ricciardo/danric01.png.transform/1col/image.png,AUS,13,9.0,,,,0 days 00:00:27.661000,Lapped,0.0,62.0
2024,Emilia Romagna Grand Prix,Race,Esteban Ocon,Alpine,14.0,25.113986013986015,42.023776223776224,48.42657342657343,2.141258741258741,31,E OCON,OCO,ocon,0093cc,alpine,Esteban,Ocon,https://media.formula1.com/d_driver_fallback_image.png/content/dam/fom-website/drivers/E/ESTOCO01_Esteban_Ocon/estoco01.png.transform/1col/image.png,FRA,14,12.0,,,,0 days 00:00:43.907000,Lapped,0.0,62.0
2024,Emilia Romagna Grand Prix,Race,Guanyu Zhou,Kick Sauber,15.0,25.113986013986015,42.023776223776224,48.42657342657343,2.141258741258741,24,G ZHOU,ZHO,zhou,52e252,sauber,Guanyu,Zhou,https://media.formula1.com/d_driver_fallback_image.png/content/dam/fom-website/drivers/G/GUAZHO01_Guanyu_Zhou/guazho01.png.transform/1col/image.png,CHN,15,17.0,,,,0 days 00:00:44.933000,Lapped,0.0,62.0
2024,Emilia Romagna Grand Prix,Race,Pierre Gasly,Alpine,16.0,25.113986013986015,42.023776223776224,48.42657342657343,2.141258741258741,10,P GASLY,GAS,gasly,0093cc,alpine,Pierre,Gasly,https://media.formula1.com/d_driver_fallback_image.png/content/dam/fom-website/drivers/P/PIEGAS01_Pierre_Gasly/piegas01.png.transform/1col/image.png,FRA,16,15.0,,,,0 days 00:00:49.715000,Lapped,0.0,62.0
2024,Emilia Romagna Grand Prix,Race,Logan Sargeant,Williams,17.0,25.113986013986015,42.023776223776224,48.42657342657343,2.141258741258741,2,L SARGEANT,SAR,sargeant,64C4FF,williams,Logan,Sargeant,https://media.formula1.com/d_driver_fallback_image.png/content/dam/fom-website/drivers/L/LOGSAR01_Logan_Sargeant/logsar01.png.transform/1col/image.png,USA,17,19.0,,,,0 days 00:00:51.051000,Lapped,0.0,62.0
2024,Emilia Romagna Grand Prix,Race,Valtteri Bottas,Kick Sauber,18.0,25.113986013986015,42.023776223776224,48.42657342657343,2.141258741258741,77,V BOTTAS,BOT,bottas,52e252,sauber,Valtteri,Bottas,https://media.formula1.com/d_driver_fallback_image.png/content/dam/fom-website/drivers/V/VALBOT01_Valtteri_Bottas/valbot01.png.transform/1col/image.png,FIN,18,16.0,,,,0 days 00:00:56.343000,Lapped,0.0,62.0
2024,Emilia Romagna Grand Prix,Race,Fernando Alonso,Aston Martin,19.0,25.113986013986015,42.023776223776224,48.42657342657343,2.141258741258741,14,F ALONSO,ALO,alonso,229971,aston_martin,Fernando,Alonso,https://media.formula1.com/d_driver_fallback_image.png/content/dam/fom-website/drivers/F/FERALO01_Fernando_Alonso/feralo01.png.transform/1col/image.png,ESP,19,20.0,,,,0 days 00:01:15.124000,Lapped,0.0,62.0
2024,Emilia Romagna Grand Prix,Race,Alexander Albon,Williams,20.0,25.113986013986015,42.023776223776224,48.42657342657343,2.141258741258741,23,A ALBON,ALB,albon,64C4FF,williams,Alexander,Albon,https://media.formula1.com/d_driver_fallback_image.png/content/dam/fom-website/drivers/A/ALEALB01_Alexander_Albon/alealb01.png.transform/1col/image.png,THA,R,14.0,,,,,Retired,0.0,51.0
2024,Emilia Romagna Grand Prix,Qualifying,Max Verstappen,Red Bull Racing,1.0,24.188,41.55866666666667,43.25333333333333,2.8986666666666663,1,M VERSTAPPEN,VER,max_verstappen,3671C6,red_bull,Max,Verstappen,https://media.formula1.com/d_driver_fallback_image.png/content/dam/fom-website/drivers/M/MAXVER01_Max_Verstappen/maxver01.png.transform/1col/image.png,NED,,,0 days 00:01:15.762000,0 days 00:01:15.176000,0 days 00:01:14.746000,,,,
2024,Emilia Romagna Grand Prix,Qualifying,Oscar Piastri,McLaren,2.0,24.188,41.55866666666667,43.25333333333333,2.8986666666666663,81,O PIASTRI,PIA,piastri,FF8000,mclaren,Oscar,Piastri,https://media.formula1.com/d_driver_fallback_image.png/content/dam/fom-website/drivers/O/OSCPIA01_Oscar_Piastri/oscpia01.png.transform/1col/image.png,AUS,,,0 days 00:01:15.940000,0 days 00:01:15.407000,0 days 00:01:14.820000,,,,
2024,Emilia Romagna Grand Prix,Qualifying,Lando Norris,McLaren,3.0,24.188,41.55866666666667,43.25333333333333,2.8986666666666663,4,L NORRIS,NOR,norris,FF8000,mclaren,Lando,Norris,https://media.formula1.com/d_driver_fallback_image.png/content/dam/fom-website/drivers/L/LANNOR01_Lando_Norris/lannor01.png.transform/1col/image.png,GBR,,,0 days 00:01:15.915000,0 days 00:01:15.371000,0 days 00:01:14.837000,,,,
2024,Emilia Romagna Grand Prix,Qualifying,Charles Leclerc,Ferrari,4.0,24.188,41.55866666666667,43.25333333333333,2.8986666666666663,16,C LECLERC,LEC,leclerc,E80020,ferrari,Charles,Leclerc,https://media.formula1.com/d_driver_fallback_image.png/content/dam/fom-website/drivers/C/CHALEC01_Charles_Leclerc/chalec01.png.transform/1col/image.png,MON,,,0 days 00:01:15.823000,0 days 00:01:15.328000,0 days 00:01:14.970000,,,,
2024,Emilia Romagna Grand Prix,Qualifying,Carlos Sainz,Ferrari,5.0,24.188,41.55866666666667,43.25333333333333,2.8986666666666663,55,C SAINZ,SAI,sainz,E80020,ferrari,Carlos,Sainz,https://media.formula1.com/d_driver_fallback_image.png/content/dam/fom-website/drivers/C/CARSAI01_Carlos_Sainz/carsai01.png.transform/1col/image.png,ESP,,,0 days 00:01:16.015000,0 days 00:01:15.512000,0 days 00:01:15.233000,,,,
2024,Emilia Romagna Grand Prix,Qualifying,George Russell,Mercedes,6.0,24.188,41.55866666666667,43.25333333333333,2.8986666666666663,63,G RUSSELL,RUS,russell,27F4D2,mercedes,George,Russell,https://media.formula1.com/d_driver_fallback_image.png/content/dam/fom-website/drivers/G/GEORUS01_George_Russell/georus01.png.transform/1col/image.png,GBR,,,0 days 00:01:16.107000,0 days 00:01:15.671000,0 days 00:01:15.234000,,,,
2024,Emilia Romagna Grand Prix,Qualifying,Yuki Tsunoda,RB,7.0,24.188,41.55866666666667,43.25333333333333,2.8986666666666663,22,Y TSUNODA,TSU,tsunoda,6692FF,rb,Yuki,Tsunoda,https://media.formula1.com/d_driver_fallback_image.png/content/dam/fom-website/drivers/Y/YUKTSU01_Yuki_Tsunoda/yuktsu01.png.transform/1col/image.png,JPN,,,0 days 00:01:15.894000,0 days 00:01:15.358000,0 days 00:01:15.465000,,,,
2024,Emilia Romagna Grand Prix,Qualifying,Lewis Hamilton,Mercedes,8.0,24.188,41.55866666666667,43.25333333333333,2.8986666666666663,44,L HAMILTON,HAM,hamilton,27F4D2,mercedes,Lewis,Hamilton,https://media.formula1.com/d_driver_fallback_image.png/content/dam/fom-website/drivers/L/LEWHAM01_Lewis_Hamilton/lewham01.png.transform/1col/image.png,GBR,,,0 days 00:01:16.604000,0 days 00:01:15.677000,0 days 00:01:15.504000,,,,
2024,Emilia Romagna Grand Prix,Qualifying,Daniel Ricciardo,RB,9.0,24.188,41.55866666666667,43.25333333333333,2.8986666666666663,3,D RICCIARDO,RIC,ricciardo,6692FF,rb,Daniel,Ricciardo,https://media.formula1.com/d_driver_fallback_image.png/content/dam/fom-website/drivers/D/DANRIC01_Daniel_Ricciardo/danric01.png.transform/1col/image.png,AUS,,,0 days 00:01:16.060000,0 days 00:01:15.691000,0 days 00:01:15.674000,,,,
2024,Emilia Romagna Grand Prix,Qualifying,Nico Hulkenberg,Haas F1 Team,10.0,24.188,41.55866666666667,43.25333333333333,2.8986666666666663,27,N HULKENBERG,HUL,hulkenberg,B6BABD,haas,Nico,Hulkenberg,https://media.formula1.com/d_driver_fallback_image.png/content/dam/fom-website/drivers/N/NICHUL01_Nico_Hulkenberg/nichul01.png.transform/1col/image.png,GER,,,0 days 00:01:15.841000,0 days 00:01:15.569000,0 days 00:01:15.980000,,,,
2024,Emilia Romagna Grand Prix,Qualifying,Sergio Perez,Red Bull Racing,11.0,24.188,41.55866666666667,43.25333333333333,2.8986666666666663,11,S PEREZ,PER,perez,3671C6,red_bull,Sergio,Perez,https://media.formula1.com/d_driver_fallback_image.png/content/dam/fom-website/drivers/S/SERPER01_Sergio_Perez/serper01.png.transform/1col/image.png,MEX,,,0 days 00:01:16.404000,0 days 00:01:15.706000,,,,,
2024,Emilia Romagna Grand Prix,Qualifying,Esteban Ocon,Alpine,12.0,24.188,41.55866666666667,43.25333333333333,2.8986666666666663,31,E OCON,OCO,ocon,0093cc,alpine,Esteban,Ocon,https://media.formula1.com/d_driver_fallback_image.png/content/dam/fom-website/drivers/E/ESTOCO01_Esteban_Ocon/estoco01.png.transform/1col/image.png,FRA,,,0 days 00:01:16.361000,0 days 00:01:15.906000,,,,,
2024,Emilia Romagna Grand Prix,Qualifying,Lance Stroll,Aston Martin,13.0,24.188,41.55866666666667,43.25333333333333,2.8986666666666663,18,L STROLL,STR,stroll,229971,aston_martin,Lance,Stroll,https://media.formula1.com/d_driver_fallback_image.png/content/dam/fom-website/drivers/L/LANSTR01_Lance_Stroll/lanstr01.png.transform/1col/image.png,CAN,,,0 days 00:01:16.458000,0 days 00:01:15.992000,,,,,
2024,Emilia Romagna Grand Prix,Qualifying,Alexander Albon,Williams,14.0,24.188,41.55866666666667,43.25333333333333,2.8986666666666663,23,A ALBON,ALB,albon,64C4FF,williams,Alexander,Albon,https://media.formula1.com/d_driver_fallback_image.png/content/dam/fom-website/drivers/A/ALEALB01_Alexander_Albon/alealb01.png.transform/1col/image.png,THA,,,0 days 00:01:16.524000,0 days 00:01:16.200000,,,,,
2024,Emilia Romagna Grand Prix,Qualifying,Pierre Gasly,Alpine,15.0,24.188,41.55866666666667,43.25333333333333,2.8986666666666663,10,P GASLY,GAS,gasly,0093cc,alpine,Pierre,Gasly,https://media.formula1.com/d_driver_fallback_image.png/content/dam/fom-website/drivers/P/PIEGAS01_Pierre_Gasly/piegas01.png.transform/1col/image.png,FRA,,,0 days 00:01:16.015000,0 days 00:01:16.381000,,,,,
2024,Emilia Romagna Grand Prix,Qualifying,Valtteri Bottas,Kick Sauber,16.0,24.188,41.55866666666667,43.25333333333333,2.8986666666666663,77,V BOTTAS,BOT,bottas,52e252,sauber,Valtteri,Bottas,https://media.formula1.com/d_driver_fallback_image.png/content/dam/fom-website/drivers/V/VALBOT01_Valtteri_Bottas/valbot01.png.transform/1col/image.png,FIN,,,0 days 00:01:16.626000,,,,,,
2024,Emilia Romagna Grand Prix,Qualifying,Guanyu Zhou,Kick Sauber,17.0,24.188,41.55866666666667,43.25333333333333,2.8986666666666663,24,G ZHOU,ZHO,zhou,52e252,sauber,Guanyu,Zhou,https://media.formula1.com/d_driver_fallback_image.png/content/dam/fom-website/drivers/G/GUAZHO01_Guanyu_Zhou/guazho01.png.transform/1col/image.png,CHN,,,0 days 00:01:16.834000,,,,,,
2024,Emilia Romagna Grand Prix,Qualifying,Kevin Magnussen,Haas F1 Team,18.0,24.188,41.55866666666667,43.25333333333333,2.8986666666666663,20,K MAGNUSSEN,MAG,kevin_magnussen,B6BABD,haas,Kevin,Magnussen,https://media.formula1.com/d_driver_fallback_image.png/content/dam/fom-website/drivers/K/KEVMAG01_Kevin_Magnussen/kevmag01.png.transform/1col/image.png,DEN,,,0 days 00:01:16.854000,,,,,,
2024,Emilia Romagna Grand Prix,Qualifying,Fernando Alonso,Aston Martin,19.0,24.188,41.55866666666667,43.25333333333333,2.8986666666666663,14,F ALONSO,ALO,alonso,229971,aston_martin,Fernando,Alonso,https://media.formula1.com/d_driver_fallback_image.png/content/dam/fom-website/drivers/F/FERALO01_Fernando_Alonso/feralo01.png.transform/1col/image.png,ESP,,,0 days 00:01:16.917000,,,,,,
2024,Emilia Romagna Grand Prix,Qualifying,Logan Sargeant,Williams,20.0,24.188,41.55866666666667,43.25333333333333,2.8986666666666663,2,L SARGEANT,SAR,sargeant,64C4FF,williams,Logan,Sargeant,https://media.formula1.com/d_driver_fallback_image.png/content/dam/fom-website/drivers/L/LOGSAR01_Logan_Sargeant/logsar01.png.transform/1col/image.png,USA,,,,,,,,,
2024,Emilia Romagna Grand Prix,Practice 1,Max Verstappen,Red Bull Racing,,23.972151898734175,43.45443037974684,32.53164556962025,3.951898734177215,1,M VERSTAPPEN,VER,max_verstappen,3671C6,red_bull,Max,Verstappen,https://media.formula1.com/d_driver_fallback_image.png/content/dam/fom-website/drivers/M/MAXVER01_Max_Verstappen/maxver01.png.transform/1col/image.png,NED,,,,,,,,,
2024,Emilia Romagna Grand Prix,Practice 1,Logan Sargeant,Williams,,23.972151898734175,43.45443037974684,32.53164556962025,3.951898734177215,2,L SARGEANT,SAR,sargeant,64C4FF,williams,Logan,Sargeant,https://media.formula1.com/d_driver_fallback_image.png/content/dam/fom-website/drivers/L/LOGSAR01_Logan_Sargeant/logsar01.png.transform/1col/image.png,USA,,,,,,,,,
2024,Emilia Romagna Grand Prix,Practice 1,Daniel Ricciardo,RB,,23.972151898734175,43.45443037974684,32.53164556962025,3.951898734177215,3,D RICCIARDO,RIC,ricciardo,6692FF,rb,Daniel,Ricciardo,https://media.formula1.com/d_driver_fallback_image.png/content/dam/fom-website/drivers/D/DANRIC01_Daniel_Ricciardo/danric01.png.transform/1col/image.png,AUS,,,,,,,,,
2024,Emilia Romagna Grand Prix,Practice 1,Lando Norris,McLaren,,23.972151898734175,43.45443037974684,32.53164556962025,3.951898734177215,4,L NORRIS,NOR,norris,FF8000,mclaren,Lando,Norris,https://media.formula1.com/d_driver_fallback_image.png/content/dam/fom-website/drivers/L/LANNOR01_Lando_Norris/lannor01.png.transform/1col/image.png,GBR,,,,,,,,,
2024,Emilia Romagna Grand Prix,Practice 1,Pierre Gasly,Alpine,,23.972151898734175,43.45443037974684,32.53164556962025,3.951898734177215,10,P GASLY,GAS,gasly,0093cc,alpine,Pierre,Gasly,https://media.formula1.com/d_driver_fallback_image.png/content/dam/fom-website/drivers/P/PIEGAS01_Pierre_Gasly/piegas01.png.transform/1col/image.png,FRA,,,,,,,,,
2024,Emilia Romagna Grand Prix,Practice 1,Sergio Perez,Red Bull Racing,,23.972151898734175,43.45443037974684,32.53164556962025,3.951898734177215,11,S PEREZ,PER,perez,3671C6,red_bull,Sergio,Perez,https://media.formula1.com/d_driver_fallback_image.png/content/dam/fom-website/drivers/S/SERPER01_Sergio_Perez/serper01.png.transform/1col/image.png,MEX,,,,,,,,,
2024,Emilia Romagna Grand Prix,Practice 1,Fernando Alonso,Aston Martin,,23.972151898734175,43.45443037974684,32.53164556962025,3.951898734177215,14,F ALONSO,ALO,alonso,229971,aston_martin,Fernando,Alonso,https://media.formula1.com/d_driver_fallback_image.png/content/dam/fom-website/drivers/F/FERALO01_Fernando_Alonso/feralo01.png.transform/1col/image.png,ESP,,,,,,,,,
2024,Emilia Romagna Grand Prix,Practice 1,Charles Leclerc,Ferrari,,23.972151898734175,43.45443037974684,32.53164556962025,3.951898734177215,16,C LECLERC,LEC,leclerc,E80020,ferrari,Charles,Leclerc,https://media.formula1.com/d_driver_fallback_image.png/content/dam/fom-website/drivers/C/CHALEC01_Charles_Leclerc/chalec01.png.transform/1col/image.png,MON,,,,,,,,,
2024,Emilia Romagna Grand Prix,Practice 1,Lance Stroll,Aston Martin,,23.972151898734175,43.45443037974684,32.53164556962025,3.951898734177215,18,L STROLL,STR,stroll,229971,aston_martin,Lance,Stroll,https://media.formula1.com/d_driver_fallback_image.png/content/dam/fom-website/drivers/L/LANSTR01_Lance_Stroll/lanstr01.png.transform/1col/image.png,CAN,,,,,,,,,
2024,Emilia Romagna Grand Prix,Practice 1,Yuki Tsunoda,RB,,23.972151898734175,43.45443037974684,32.53164556962025,3.951898734177215,22,Y TSUNODA,TSU,tsunoda,6692FF,rb,Yuki,Tsunoda,https://media.formula1.com/d_driver_fallback_image.png/content/dam/fom-website/drivers/Y/YUKTSU01_Yuki_Tsunoda/yuktsu01.png.transform/1col/image.png,JPN,,,,,,,,,
2024,Emilia Romagna Grand Prix,Practice 1,Alexander Albon,Williams,,23.972151898734175,43.45443037974684,32.53164556962025,3.951898734177215,23,A ALBON,ALB,albon,64C4FF,williams,Alexander,Albon,https://media.formula1.com/d_driver_fallback_image.png/content/dam/fom-website/drivers/A/ALEALB01_Alexander_Albon/alealb01.png.transform/1col/image.png,THA,,,,,,,,,
2024,Emilia Romagna Grand Prix,Practice 1,Guanyu Zhou,Kick Sauber,,23.972151898734175,43.45443037974684,32.53164556962025,3.951898734177215,24,G ZHOU,ZHO,zhou,52e252,sauber,Guanyu,Zhou,https://media.formula1.com/d_driver_fallback_image.png/content/dam/fom-website/drivers/G/GUAZHO01_Guanyu_Zhou/guazho01.png.transform/1col/image.png,CHN,,,,,,,,,
2024,Emilia Romagna Grand Prix,Practice 1,Nico Hulkenberg,Haas F1 Team,,23.972151898734175,43.45443037974684,32.53164556962025,3.951898734177215,27,N HULKENBERG,HUL,hulkenberg,B6BABD,haas,Nico,Hulkenberg,https://media.formula1.com/d_driver_fallback_image.png/content/dam/fom-website/drivers/N/NICHUL01_Nico_Hulkenberg/nichul01.png.transform/1col/image.png,GER,,,,,,,,,
2024,Emilia Romagna Grand Prix,Practice 1,Esteban Ocon,Alpine,,23.972151898734175,43.45443037974684,32.53164556962025,3.951898734177215,31,E OCON,OCO,ocon,0093cc,alpine,Esteban,Ocon,https://media.formula1.com/d_driver_fallback_image.png/content/dam/fom-website/drivers/E/ESTOCO01_Esteban_Ocon/estoco01.png.transform/1col/image.png,FRA,,,,,,,,,
2024,Emilia Romagna Grand Prix,Practice 1,Lewis Hamilton,Mercedes,,23.972151898734175,43.45443037974684,32.53164556962025,3.951898734177215,44,L HAMILTON,HAM,hamilton,27F4D2,mercedes,Lewis,Hamilton,https://media.formula1.com/d_driver_fallback_image.png/content/dam/fom-website/drivers/L/LEWHAM01_Lewis_Hamilton/lewham01.png.transform/1col/image.png,GBR,,,,,,,,,
2024,Emilia Romagna Grand Prix,Practice 1,Oliver Bearman,Haas F1 Team,,23.972151898734175,43.45443037974684,32.53164556962025,3.951898734177215,50,O BEARMAN,BEA,nan,B6BABD,nan,Oliver,Bearman,None,GBR,,,,,,,,,
2024,Emilia Romagna Grand Prix,Practice 1,Carlos Sainz,Ferrari,,23.972151898734175,43.45443037974684,32.53164556962025,3.951898734177215,55,C SAINZ,SAI,sainz,E80020,ferrari,Carlos,Sainz,https://media.formula1.com/d_driver_fallback_image.png/content/dam/fom-website/drivers/C/CARSAI01_Carlos_Sainz/carsai01.png.transform/1col/image.png,ESP,,,,,,,,,
2024,Emilia Romagna Grand Prix,Practice 1,George Russell,Mercedes,,23.972151898734175,43.45443037974684,32.53164556962025,3.951898734177215,63,G RUSSELL,RUS,russell,27F4D2,mercedes,George,Russell,https://media.formula1.com/d_driver_fallback_image.png/content/dam/fom-website/drivers/G/GEORUS01_George_Russell/georus01.png.transform/1col/image.png,GBR,,,,,,,,,
2024,Emilia Romagna Grand Prix,Practice 1,Valtteri Bottas,Kick Sauber,,23.972151898734175,43.45443037974684,32.53164556962025,3.951898734177215,77,V BOTTAS,BOT,bottas,52e252,sauber,Valtteri,Bottas,https://media.formula1.com/d_driver_fallback_image.png/content/dam/fom-website/drivers/V/VALBOT01_Valtteri_Bottas/valbot01.png.transform/1col/image.png,FIN,,,,,,,,,
2024,Emilia Romagna Grand Prix,Practice 1,Oscar Piastri,McLaren,,23.972151898734175,43.45443037974684,32.53164556962025,3.951898734177215,81,O PIASTRI,PIA,piastri,FF8000,mclaren,Oscar,Piastri,https://media.formula1.com/d_driver_fallback_image.png/content/dam/fom-website/drivers/O/OSCPIA01_Oscar_Piastri/oscpia01.png.transform/1col/image.png,AUS,,,,,,,,,
2024,Emilia Romagna Grand Prix,Practice 2,Max Verstappen,Red Bull Racing,,24.379487179487178,36.84230769230769,33.94871794871795,2.5230769230769234,1,M VERSTAPPEN,VER,max_verstappen,3671C6,red_bull,Max,Verstappen,https://media.formula1.com/d_driver_fallback_image.png/content/dam/fom-website/drivers/M/MAXVER01_Max_Verstappen/maxver01.png.transform/1col/image.png,NED,,,,,,,,,
2024,Emilia Romagna Grand Prix,Practice 2,Logan Sargeant,Williams,,24.379487179487178,36.84230769230769,33.94871794871795,2.5230769230769234,2,L SARGEANT,SAR,sargeant,64C4FF,williams,Logan,Sargeant,https://media.formula1.com/d_driver_fallback_image.png/content/dam/fom-website/drivers/L/LOGSAR01_Logan_Sargeant/logsar01.png.transform/1col/image.png,USA,,,,,,,,,
2024,Emilia Romagna Grand Prix,Practice 2,Daniel Ricciardo,RB,,24.379487179487178,36.84230769230769,33.94871794871795,2.5230769230769234,3,D RICCIARDO,RIC,ricciardo,6692FF,rb,Daniel,Ricciardo,https://media.formula1.com/d_driver_fallback_image.png/content/dam/fom-website/drivers/D/DANRIC01_Daniel_Ricciardo/danric01.png.transform/1col/image.png,AUS,,,,,,,,,
2024,Emilia Romagna Grand Prix,Practice 2,Lando Norris,McLaren,,24.379487179487178,36.84230769230769,33.94871794871795,2.5230769230769234,4,L NORRIS,NOR,norris,FF8000,mclaren,Lando,Norris,https://media.formula1.com/d_driver_fallback_image.png/content/dam/fom-website/drivers/L/LANNOR01_Lando_Norris/lannor01.png.transform/1col/image.png,GBR,,,,,,,,,
2024,Emilia Romagna Grand Prix,Practice 2,Pierre Gasly,Alpine,,24.379487179487178,36.84230769230769,33.94871794871795,2.5230769230769234,10,P GASLY,GAS,gasly,0093cc,alpine,Pierre,Gasly,https://media.formula1.com/d_driver_fallback_image.png/content/dam/fom-website/drivers/P/PIEGAS01_Pierre_Gasly/piegas01.png.transform/1col/image.png,FRA,,,,,,,,,
2024,Emilia Romagna Grand Prix,Practice 2,Sergio Perez,Red Bull Racing,,24.379487179487178,36.84230769230769,33.94871794871795,2.5230769230769234,11,S PEREZ,PER,perez,3671C6,red_bull,Sergio,Perez,https://media.formula1.com/d_driver_fallback_image.png/content/dam/fom-website/drivers/S/SERPER01_Sergio_Perez/serper01.png.transform/1col/image.png,MEX,,,,,,,,,
2024,Emilia Romagna Grand Prix,Practice 2,Fernando Alonso,Aston Martin,,24.379487179487178,36.84230769230769,33.94871794871795,2.5230769230769234,14,F ALONSO,ALO,alonso,229971,aston_martin,Fernando,Alonso,https://media.formula1.com/d_driver_fallback_image.png/content/dam/fom-website/drivers/F/FERALO01_Fernando_Alonso/feralo01.png.transform/1col/image.png,ESP,,,,,,,,,
2024,Emilia Romagna Grand Prix,Practice 2,Charles Leclerc,Ferrari,,24.379487179487178,36.84230769230769,33.94871794871795,2.5230769230769234,16,C LECLERC,LEC,leclerc,E80020,ferrari,Charles,Leclerc,https://media.formula1.com/d_driver_fallback_image.png/content/dam/fom-website/drivers/C/CHALEC01_Charles_Leclerc/chalec01.png.transform/1col/image.png,MON,,,,,,,,,
2024,Emilia Romagna Grand Prix,Practice 2,Lance Stroll,Aston Martin,,24.379487179487178,36.84230769230769,33.94871794871795,2.5230769230769234,18,L STROLL,STR,stroll,229971,aston_martin,Lance,Stroll,https://media.formula1.com/d_driver_fallback_image.png/content/dam/fom-website/drivers/L/LANSTR01_Lance_Stroll/lanstr01.png.transform/1col/image.png,CAN,,,,,,,,,
2024,Emilia Romagna Grand Prix,Practice 2,Kevin Magnussen,Haas F1 Team,,24.379487179487178,36.84230769230769,33.94871794871795,2.5230769230769234,20,K MAGNUSSEN,MAG,kevin_magnussen,B6BABD,haas,Kevin,Magnussen,https://media.formula1.com/d_driver_fallback_image.png/content/dam/fom-website/drivers/K/KEVMAG01_Kevin_Magnussen/kevmag01.png.transform/1col/image.png,DEN,,,,,,,,,
2024,Emilia Romagna Grand Prix,Practice 2,Yuki Tsunoda,RB,,24.379487179487178,36.84230769230769,33.94871794871795,2.5230769230769234,22,Y TSUNODA,TSU,tsunoda,6692FF,rb,Yuki,Tsunoda,https://media.formula1.com/d_driver_fallback_image.png/content/dam/fom-website/drivers/Y/YUKTSU01_Yuki_Tsunoda/yuktsu01.png.transform/1col/image.png,JPN,,,,,,,,,
2024,Emilia Romagna Grand Prix,Practice 2,Alexander Albon,Williams,,24.379487179487178,36.84230769230769,33.94871794871795,2.5230769230769234,23,A ALBON,ALB,albon,64C4FF,williams,Alexander,Albon,https://media.formula1.com/d_driver_fallback_image.png/content/dam/fom-website/drivers/A/ALEALB01_Alexander_Albon/alealb01.png.transform/1col/image.png,THA,,,,,,,,,
2024,Emilia Romagna Grand Prix,Practice 2,Guanyu Zhou,Kick Sauber,,24.379487179487178,36.84230769230769,33.94871794871795,2.5230769230769234,24,G ZHOU,ZHO,zhou,52e252,sauber,Guanyu,Zhou,https://media.formula1.com/d_driver_fallback_image.png/content/dam/fom-website/drivers/G/GUAZHO01_Guanyu_Zhou/guazho01.png.transform/1col/image.png,CHN,,,,,,,,,
2024,Emilia Romagna Grand Prix,Practice 2,Nico Hulkenberg,Haas F1 Team,,24.379487179487178,36.84230769230769,33.94871794871795,2.5230769230769234,27,N HULKENBERG,HUL,hulkenberg,B6BABD,haas,Nico,Hulkenberg,https://media.formula1.com/d_driver_fallback_image.png/content/dam/fom-website/drivers/N/NICHUL01_Nico_Hulkenberg/nichul01.png.transform/1col/image.png,GER,,,,,,,,,
2024,Emilia Romagna Grand Prix,Practice 2,Esteban Ocon,Alpine,,24.379487179487178,36.84230769230769,33.94871794871795,2.5230769230769234,31,E OCON,OCO,ocon,0093cc,alpine,Esteban,Ocon,https://media.formula1.com/d_driver_fallback_image.png/content/dam/fom-website/drivers/E/ESTOCO01_Esteban_Ocon/estoco01.png.transform/1col/image.png,FRA,,,,,,,,,
2024,Emilia Romagna Grand Prix,Practice 2,Lewis Hamilton,Mercedes,,24.379487179487178,36.84230769230769,33.94871794871795,2.5230769230769234,44,L HAMILTON,HAM,hamilton,27F4D2,mercedes,Lewis,Hamilton,https://media.formula1.com/d_driver_fallback_image.png/content/dam/fom-website/drivers/L/LEWHAM01_Lewis_Hamilton/lewham01.png.transform/1col/image.png,GBR,,,,,,,,,
2024,Emilia Romagna Grand Prix,Practice 2,Carlos Sainz,Ferrari,,24.379487179487178,36.84230769230769,33.94871794871795,2.5230769230769234,55,C SAINZ,SAI,sainz,E80020,ferrari,Carlos,Sainz,https://media.formula1.com/d_driver_fallback_image.png/content/dam/fom-website/drivers/C/CARSAI01_Carlos_Sainz/carsai01.png.transform/1col/image.png,ESP,,,,,,,,,
2024,Emilia Romagna Grand Prix,Practice 2,George Russell,Mercedes,,24.379487179487178,36.84230769230769,33.94871794871795,2.5230769230769234,63,G RUSSELL,RUS,russell,27F4D2,mercedes,George,Russell,https://media.formula1.com/d_driver_fallback_image.png/content/dam/fom-website/drivers/G/GEORUS01_George_Russell/georus01.png.transform/1col/image.png,GBR,,,,,,,,,
2024,Emilia Romagna Grand Prix,Practice 2,Valtteri Bottas,Kick Sauber,,24.379487179487178,36.84230769230769,33.94871794871795,2.5230769230769234,77,V BOTTAS,BOT,bottas,52e252,sauber,Valtteri,Bottas,https://media.formula1.com/d_driver_fallback_image.png/content/dam/fom-website/drivers/V/VALBOT01_Valtteri_Bottas/valbot01.png.transform/1col/image.png,FIN,,,,,,,,,
2024,Emilia Romagna Grand Prix,Practice 2,Oscar Piastri,McLaren,,24.379487179487178,36.84230769230769,33.94871794871795,2.5230769230769234,81,O PIASTRI,PIA,piastri,FF8000,mclaren,Oscar,Piastri,https://media.formula1.com/d_driver_fallback_image.png/content/dam/fom-website/drivers/O/OSCPIA01_Oscar_Piastri/oscpia01.png.transform/1col/image.png,AUS,,,,,,,,,
2024,Emilia Romagna Grand Prix,Practice 3,Max Verstappen,Red Bull Racing,,23.603846153846156,44.48076923076923,41.32051282051282,1.9025641025641027,1,M VERSTAPPEN,VER,max_verstappen,3671C6,red_bull,Max,Verstappen,https://media.formula1.com/d_driver_fallback_image.png/content/dam/fom-website/drivers/M/MAXVER01_Max_Verstappen/maxver01.png.transform/1col/image.png,NED,,,,,,,,,
2024,Emilia Romagna Grand Prix,Practice 3,Logan Sargeant,Williams,,23.603846153846156,44.48076923076923,41.32051282051282,1.9025641025641027,2,L SARGEANT,SAR,sargeant,64C4FF,williams,Logan,Sargeant,https://media.formula1.com/d_driver_fallback_image.png/content/dam/fom-website/drivers/L/LOGSAR01_Logan_Sargeant/logsar01.png.transform/1col/image.png,USA,,,,,,,,,
2024,Emilia Romagna Grand Prix,Practice 3,Daniel Ricciardo,RB,,23.603846153846156,44.48076923076923,41.32051282051282,1.9025641025641027,3,D RICCIARDO,RIC,ricciardo,6692FF,rb,Daniel,Ricciardo,https://media.formula1.com/d_driver_fallback_image.png/content/dam/fom-website/drivers/D/DANRIC01_Daniel_Ricciardo/danric01.png.transform/1col/image.png,AUS,,,,,,,,,
2024,Emilia Romagna Grand Prix,Practice 3,Lando Norris,McLaren,,23.603846153846156,44.48076923076923,41.32051282051282,1.9025641025641027,4,L NORRIS,NOR,norris,FF8000,mclaren,Lando,Norris,https://media.formula1.com/d_driver_fallback_image.png/content/dam/fom-website/drivers/L/LANNOR01_Lando_Norris/lannor01.png.transform/1col/image.png,GBR,,,,,,,,,
2024,Emilia Romagna Grand Prix,Practice 3,Pierre Gasly,Alpine,,23.603846153846156,44.48076923076923,41.32051282051282,1.9025641025641027,10,P GASLY,GAS,gasly,0093cc,alpine,Pierre,Gasly,https://media.formula1.com/d_driver_fallback_image.png/content/dam/fom-website/drivers/P/PIEGAS01_Pierre_Gasly/piegas01.png.transform/1col/image.png,FRA,,,,,,,,,
2024,Emilia Romagna Grand Prix,Practice 3,Sergio Perez,Red Bull Racing,,23.603846153846156,44.48076923076923,41.32051282051282,1.9025641025641027,11,S PEREZ,PER,perez,3671C6,red_bull,Sergio,Perez,https://media.formula1.com/d_driver_fallback_image.png/content/dam/fom-website/drivers/S/SERPER01_Sergio_Perez/serper01.png.transform/1col/image.png,MEX,,,,,,,,,
2024,Emilia Romagna Grand Prix,Practice 3,Fernando Alonso,Aston Martin,,23.603846153846156,44.48076923076923,41.32051282051282,1.9025641025641027,14,F ALONSO,ALO,alonso,229971,aston_martin,Fernando,Alonso,https://media.formula1.com/d_driver_fallback_image.png/content/dam/fom-website/drivers/F/FERALO01_Fernando_Alonso/feralo01.png.transform/1col/image.png,ESP,,,,,,,,,
2024,Emilia Romagna Grand Prix,Practice 3,Charles Leclerc,Ferrari,,23.603846153846156,44.48076923076923,41.32051282051282,1.9025641025641027,16,C LECLERC,LEC,leclerc,E80020,ferrari,Charles,Leclerc,https://media.formula1.com/d_driver_fallback_image.png/content/dam/fom-website/drivers/C/CHALEC01_Charles_Leclerc/chalec01.png.transform/1col/image.png,MON,,,,,,,,,
2024,Emilia Romagna Grand Prix,Practice 3,Lance Stroll,Aston Martin,,23.603846153846156,44.48076923076923,41.32051282051282,1.9025641025641027,18,L STROLL,STR,stroll,229971,aston_martin,Lance,Stroll,https://media.formula1.com/d_driver_fallback_image.png/content/dam/fom-website/drivers/L/LANSTR01_Lance_Stroll/lanstr01.png.transform/1col/image.png,CAN,,,,,,,,,
2024,Emilia Romagna Grand Prix,Practice 3,Kevin Magnussen,Haas F1 Team,,23.603846153846156,44.48076923076923,41.32051282051282,1.9025641025641027,20,K MAGNUSSEN,MAG,kevin_magnussen,B6BABD,haas,Kevin,Magnussen,https://media.formula1.com/d_driver_fallback_image.png/content/dam/fom-website/drivers/K/KEVMAG01_Kevin_Magnussen/kevmag01.png.transform/1col/image.png,DEN,,,,,,,,,
2024,Emilia Romagna Grand Prix,Practice 3,Yuki Tsunoda,RB,,23.603846153846156,44.48076923076923,41.32051282051282,1.9025641025641027,22,Y TSUNODA,TSU,tsunoda,6692FF,rb,Yuki,Tsunoda,https://media.formula1.com/d_driver_fallback_image.png/content/dam/fom-website/drivers/Y/YUKTSU01_Yuki_Tsunoda/yuktsu01.png.transform/1col/image.png,JPN,,,,,,,,,
2024,Emilia Romagna Grand Prix,Practice 3,Alexander Albon,Williams,,23.603846153846156,44.48076923076923,41.32051282051282,1.9025641025641027,23,A ALBON,ALB,albon,64C4FF,williams,Alexander,Albon,https://media.formula1.com/d_driver_fallback_image.png/content/dam/fom-website/drivers/A/ALEALB01_Alexander_Albon/alealb01.png.transform/1col/image.png,THA,,,,,,,,,
2024,Emilia Romagna Grand Prix,Practice 3,Guanyu Zhou,Kick Sauber,,23.603846153846156,44.48076923076923,41.32051282051282,1.9025641025641027,24,G ZHOU,ZHO,zhou,52e252,sauber,Guanyu,Zhou,https://media.formula1.com/d_driver_fallback_image.png/content/dam/fom-website/drivers/G/GUAZHO01_Guanyu_Zhou/guazho01.png.transform/1col/image.png,CHN,,,,,,,,,
2024,Emilia Romagna Grand Prix,Practice 3,Nico Hulkenberg,Haas F1 Team,,23.603846153846156,44.48076923076923,41.32051282051282,1.9025641025641027,27,N HULKENBERG,HUL,hulkenberg,B6BABD,haas,Nico,Hulkenberg,https://media.formula1.com/d_driver_fallback_image.png/content/dam/fom-website/drivers/N/NICHUL01_Nico_Hulkenberg/nichul01.png.transform/1col/image.png,GER,,,,,,,,,
2024,Emilia Romagna Grand Prix,Practice 3,Esteban Ocon,Alpine,,23.603846153846156,44.48076923076923,41.32051282051282,1.9025641025641027,31,E OCON,OCO,ocon,0093cc,alpine,Esteban,Ocon,https://media.formula1.com/d_driver_fallback_image.png/content/dam/fom-website/drivers/E/ESTOCO01_Esteban_Ocon/estoco01.png.transform/1col/image.png,FRA,,,,,,,,,
2024,Emilia Romagna Grand Prix,Practice 3,Lewis Hamilton,Mercedes,,23.603846153846156,44.48076923076923,41.32051282051282,1.9025641025641027,44,L HAMILTON,HAM,hamilton,27F4D2,mercedes,Lewis,Hamilton,https://media.formula1.com/d_driver_fallback_image.png/content/dam/fom-website/drivers/L/LEWHAM01_Lewis_Hamilton/lewham01.png.transform/1col/image.png,GBR,,,,,,,,,
2024,Emilia Romagna Grand Prix,Practice 3,Carlos Sainz,Ferrari,,23.603846153846156,44.48076923076923,41.32051282051282,1.9025641025641027,55,C SAINZ,SAI,sainz,E80020,ferrari,Carlos,Sainz,https://media.formula1.com/d_driver_fallback_image.png/content/dam/fom-website/drivers/C/CARSAI01_Carlos_Sainz/carsai01.png.transform/1col/image.png,ESP,,,,,,,,,
2024,Emilia Romagna Grand Prix,Practice 3,George Russell,Mercedes,,23.603846153846156,44.48076923076923,41.32051282051282,1.9025641025641027,63,G RUSSELL,RUS,russell,27F4D2,mercedes,George,Russell,https://media.formula1.com/d_driver_fallback_image.png/content/dam/fom-website/drivers/G/GEORUS01_George_Russell/georus01.png.transform/1col/image.png,GBR,,,,,,,,,
2024,Emilia Romagna Grand Prix,Practice 3,Valtteri Bottas,Kick Sauber,,23.603846153846156,44.48076923076923,41.32051282051282,1.9025641025641027,77,V BOTTAS,BOT,bottas,52e252,sauber,Valtteri,Bottas,https://media.formula1.com/d_driver_fallback_image.png/content/dam/fom-website/drivers/V/VALBOT01_Valtteri_Bottas/valbot01.png.transform/1col/image.png,FIN,,,,,,,,,
2024,Emilia Romagna Grand Prix,Practice 3,Oscar Piastri,McLaren,,23.603846153846156,44.48076923076923,41.32051282051282,1.9025641025641027,81,O PIASTRI,PIA,piastri,FF8000,mclaren,Oscar,Piastri,https://media.formula1.com/d_driver_fallback_image.png/content/dam/fom-website/drivers/O/OSCPIA01_Oscar_Piastri/oscpia01.png.transform/1col/image.png,AUS,,,,,,,,,
2024,Monaco Grand Prix,Race,Charles Leclerc,Ferrari,1.0,21.596499999999995,46.318000000000005,63.99,0.9795,16,C LECLERC,LEC,leclerc,E80020,ferrari,Charles,Leclerc,https://media.formula1.com/d_driver_fallback_image.png/content/dam/fom-website/drivers/C/CHALEC01_Charles_Leclerc/chalec01.png.transform/1col/image.png,MON,1,1.0,,,,0 days 02:23:15.554000,Finished,25.0,78.0
2024,Monaco Grand Prix,Race,Oscar Piastri,McLaren,2.0,21.596499999999995,46.318000000000005,63.99,0.9795,81,O PIASTRI,PIA,piastri,FF8000,mclaren,Oscar,Piastri,https://media.formula1.com/d_driver_fallback_image.png/content/dam/fom-website/drivers/O/OSCPIA01_Oscar_Piastri/oscpia01.png.transform/1col/image.png,AUS,2,2.0,,,,0 days 00:00:07.152000,Finished,18.0,78.0
2024,Monaco Grand Prix,Race,Carlos Sainz,Ferrari,3.0,21.596499999999995,46.318000000000005,63.99,0.9795,55,C SAINZ,SAI,sainz,E80020,ferrari,Carlos,Sainz,https://media.formula1.com/d_driver_fallback_image.png/content/dam/fom-website/drivers/C/CARSAI01_Carlos_Sainz/carsai01.png.transform/1col/image.png,ESP,3,3.0,,,,0 days 00:00:07.585000,Finished,15.0,78.0
2024,Monaco Grand Prix,Race,Lando Norris,McLaren,4.0,21.596499999999995,46.318000000000005,63.99,0.9795,4,L NORRIS,NOR,norris,FF8000,mclaren,Lando,Norris,https://media.formula1.com/d_driver_fallback_image.png/content/dam/fom-website/drivers/L/LANNOR01_Lando_Norris/lannor01.png.transform/1col/image.png,GBR,4,4.0,,,,0 days 00:00:08.650000,Finished,12.0,78.0
2024,Monaco Grand Prix,Race,George Russell,Mercedes,5.0,21.596499999999995,46.318000000000005,63.99,0.9795,63,G RUSSELL,RUS,russell,27F4D2,mercedes,George,Russell,https://media.formula1.com/d_driver_fallback_image.png/content/dam/fom-website/drivers/G/GEORUS01_George_Russell/georus01.png.transform/1col/image.png,GBR,5,5.0,,,,0 days 00:00:13.309000,Finished,10.0,78.0
2024,Monaco Grand Prix,Race,Max Verstappen,Red Bull Racing,6.0,21.596499999999995,46.318000000000005,63.99,0.9795,1,M VERSTAPPEN,VER,max_verstappen,3671C6,red_bull,Max,Verstappen,https://media.formula1.com/d_driver_fallback_image.png/content/dam/fom-website/drivers/M/MAXVER01_Max_Verstappen/maxver01.png.transform/1col/image.png,NED,6,6.0,,,,0 days 00:00:13.853000,Finished,8.0,78.0
2024,Monaco Grand Prix,Race,Lewis Hamilton,Mercedes,7.0,21.596499999999995,46.318000000000005,63.99,0.9795,44,L HAMILTON,HAM,hamilton,27F4D2,mercedes,Lewis,Hamilton,https://media.formula1.com/d_driver_fallback_image.png/content/dam/fom-website/drivers/L/LEWHAM01_Lewis_Hamilton/lewham01.png.transform/1col/image.png,GBR,7,7.0,,,,0 days 00:00:14.908000,Finished,7.0,78.0
2024,Monaco Grand Prix,Race,Yuki Tsunoda,RB,8.0,21.596499999999995,46.318000000000005,63.99,0.9795,22,Y TSUNODA,TSU,tsunoda,6692FF,rb,Yuki,Tsunoda,https://media.formula1.com/d_driver_fallback_image.png/content/dam/fom-website/drivers/Y/YUKTSU01_Yuki_Tsunoda/yuktsu01.png.transform/1col/image.png,JPN,8,8.0,,,,0 days 00:00:39.487000,Lapped,4.0,77.0
2024,Monaco Grand Prix,Race,Alexander Albon,Williams,9.0,21.596499999999995,46.318000000000005,63.99,0.9795,23,A ALBON,ALB,albon,64C4FF,williams,Alexander,Albon,https://media.formula1.com/d_driver_fallback_image.png/content/dam/fom-website/drivers/A/ALEALB01_Alexander_Albon/alealb01.png.transform/1col/image.png,THA,9,9.0,,,,0 days 00:00:54.052000,Lapped,2.0,77.0
2024,Monaco Grand Prix,Race,Pierre Gasly,Alpine,10.0,21.596499999999995,46.318000000000005,63.99,0.9795,10,P GASLY,GAS,gasly,0093cc,alpine,Pierre,Gasly,https://media.formula1.com/d_driver_fallback_image.png/content/dam/fom-website/drivers/P/PIEGAS01_Pierre_Gasly/piegas01.png.transform/1col/image.png,FRA,10,10.0,,,,0 days 00:01:00.241000,Lapped,1.0,77.0
2024,Monaco Grand Prix,Race,Fernando Alonso,Aston Martin,11.0,21.596499999999995,46.318000000000005,63.99,0.9795,14,F ALONSO,ALO,alonso,229971,aston_martin,Fernando,Alonso,https://media.formula1.com/d_driver_fallback_image.png/content/dam/fom-website/drivers/F/FERALO01_Fernando_Alonso/feralo01.png.transform/1col/image.png,ESP,11,14.0,,,,0 days 00:00:03.854000,Lapped,0.0,76.0
2024,Monaco Grand Prix,Race,Daniel Ricciardo,RB,12.0,21.596499999999995,46.318000000000005,63.99,0.9795,3,D RICCIARDO,RIC,ricciardo,6692FF,rb,Daniel,Ricciardo,https://media.formula1.com/d_driver_fallback_image.png/content/dam/fom-website/drivers/D/DANRIC01_Daniel_Ricciardo/danric01.png.transform/1col/image.png,AUS,12,12.0,,,,0 days 00:00:04.264000,Lapped,0.0,76.0
2024,Monaco Grand Prix,Race,Valtteri Bottas,Kick Sauber,13.0,21.596499999999995,46.318000000000005,63.99,0.9795,77,V BOTTAS,BOT,bottas,52e252,sauber,Valtteri,Bottas,https://media.formula1.com/d_driver_fallback_image.png/content/dam/fom-website/drivers/V/VALBOT01_Valtteri_Bottas/valbot01.png.transform/1col/image.png,FIN,13,17.0,,,,0 days 00:00:04.488000,Lapped,0.0,76.0
2024,Monaco Grand Prix,Race,Lance Stroll,Aston Martin,14.0,21.596499999999995,46.318000000000005,63.99,0.9795,18,L STROLL,STR,stroll,229971,aston_martin,Lance,Stroll,https://media.formula1.com/d_driver_fallback_image.png/content/dam/fom-website/drivers/L/LANSTR01_Lance_Stroll/lanstr01.png.transform/1col/image.png,CAN,14,13.0,,,,0 days 00:00:05.967000,Lapped,0.0,76.0
2024,Monaco Grand Prix,Race,Logan Sargeant,Williams,15.0,21.596499999999995,46.318000000000005,63.99,0.9795,2,L SARGEANT,SAR,sargeant,64C4FF,williams,Logan,Sargeant,https://media.formula1.com/d_driver_fallback_image.png/content/dam/fom-website/drivers/L/LOGSAR01_Logan_Sargeant/logsar01.png.transform/1col/image.png,USA,15,15.0,,,,0 days 00:00:09.026000,Lapped,0.0,76.0
2024,Monaco Grand Prix,Race,Guanyu Zhou,Kick Sauber,16.0,21.596499999999995,46.318000000000005,63.99,0.9795,24,G ZHOU,ZHO,zhou,52e252,sauber,Guanyu,Zhou,https://media.formula1.com/d_driver_fallback_image.png/content/dam/fom-website/drivers/G/GUAZHO01_Guanyu_Zhou/guazho01.png.transform/1col/image.png,CHN,16,18.0,,,,0 days 00:00:55.260000,Lapped,0.0,76.0
2024,Monaco Grand Prix,Race,Esteban Ocon,Alpine,17.0,21.596499999999995,46.318000000000005,63.99,0.9795,31,E OCON,OCO,ocon,0093cc,alpine,Esteban,Ocon,https://media.formula1.com/d_driver_fallback_image.png/content/dam/fom-website/drivers/E/ESTOCO01_Esteban_Ocon/estoco01.png.transform/1col/image.png,FRA,R,11.0,,,,,Retired,0.0,0.0
2024,Monaco Grand Prix,Race,Sergio Perez,Red Bull Racing,18.0,21.596499999999995,46.318000000000005,63.99,0.9795,11,S PEREZ,PER,perez,3671C6,red_bull,Sergio,Perez,https://media.formula1.com/d_driver_fallback_image.png/content/dam/fom-website/drivers/S/SERPER01_Sergio_Perez/serper01.png.transform/1col/image.png,MEX,R,16.0,,,,,Retired,0.0,0.0
2024,Monaco Grand Prix,Race,Nico Hulkenberg,Haas F1 Team,19.0,21.596499999999995,46.318000000000005,63.99,0.9795,27,N HULKENBERG,HUL,hulkenberg,B6BABD,haas,Nico,Hulkenberg,https://media.formula1.com/d_driver_fallback_image.png/content/dam/fom-website/drivers/N/NICHUL01_Nico_Hulkenberg/nichul01.png.transform/1col/image.png,GER,R,19.0,,,,,Retired,0.0,0.0
2024,Monaco Grand Prix,Race,Kevin Magnussen,Haas F1 Team,20.0,21.596499999999995,46.318000000000005,63.99,0.9795,20,K MAGNUSSEN,MAG,kevin_magnussen,B6BABD,haas,Kevin,Magnussen,https://media.formula1.com/d_driver_fallback_image.png/content/dam/fom-website/drivers/K/KEVMAG01_Kevin_Magnussen/kevmag01.png.transform/1col/image.png,DEN,R,20.0,,,,,Retired,0.0,0.0
2024,Monaco Grand Prix,Qualifying,Charles Leclerc,Ferrari,1.0,21.242105263157892,44.72631578947369,60.85526315789474,1.142105263157895,16,C LECLERC,LEC,leclerc,E80020,ferrari,Charles,Leclerc,https://media.formula1.com/d_driver_fallback_image.png/content/dam/fom-website/drivers/C/CHALEC01_Charles_Leclerc/chalec01.png.transform/1col/image.png,MON,,,0 days 00:01:11.584000,0 days 00:01:10.825000,0 days 00:01:10.270000,,,,
2024,Monaco Grand Prix,Qualifying,Oscar Piastri,McLaren,2.0,21.242105263157892,44.72631578947369,60.85526315789474,1.142105263157895,81,O PIASTRI,PIA,piastri,FF8000,mclaren,Oscar,Piastri,https://media.formula1.com/d_driver_fallback_image.png/content/dam/fom-website/drivers/O/OSCPIA01_Oscar_Piastri/oscpia01.png.transform/1col/image.png,AUS,,,0 days 00:01:11.500000,0 days 00:01:10.756000,0 days 00:01:10.424000,,,,
2024,Monaco Grand Prix,Qualifying,Carlos Sainz,Ferrari,3.0,21.242105263157892,44.72631578947369,60.85526315789474,1.142105263157895,55,C SAINZ,SAI,sainz,E80020,ferrari,Carlos,Sainz,https://media.formula1.com/d_driver_fallback_image.png/content/dam/fom-website/drivers/C/CARSAI01_Carlos_Sainz/carsai01.png.transform/1col/image.png,ESP,,,0 days 00:01:11.543000,0 days 00:01:11.075000,0 days 00:01:10.518000,,,,
2024,Monaco Grand Prix,Qualifying,Lando Norris,McLaren,4.0,21.242105263157892,44.72631578947369,60.85526315789474,1.142105263157895,4,L NORRIS,NOR,norris,FF8000,mclaren,Lando,Norris,https://media.formula1.com/d_driver_fallback_image.png/content/dam/fom-website/drivers/L/LANNOR01_Lando_Norris/lannor01.png.transform/1col/image.png,GBR,,,0 days 00:01:11.760000,0 days 00:01:10.732000,0 days 00:01:10.542000,,,,
2024,Monaco Grand Prix,Qualifying,George Russell,Mercedes,5.0,21.242105263157892,44.72631578947369,60.85526315789474,1.142105263157895,63,G RUSSELL,RUS,russell,27F4D2,mercedes,George,Russell,https://media.formula1.com/d_driver_fallback_image.png/content/dam/fom-website/drivers/G/GEORUS01_George_Russell/georus01.png.transform/1col/image.png,GBR,,,0 days 00:01:11.492000,0 days 00:01:10.929000,0 days 00:01:10.543000,,,,
2024,Monaco Grand Prix,Qualifying,Max Verstappen,Red Bull Racing,6.0,21.242105263157892,44.72631578947369,60.85526315789474,1.142105263157895,1,M VERSTAPPEN,VER,max_verstappen,3671C6,red_bull,Max,Verstappen,https://media.formula1.com/d_driver_fallback_image.png/content/dam/fom-website/drivers/M/MAXVER01_Max_Verstappen/maxver01.png.transform/1col/image.png,NED,,,0 days 00:01:11.711000,0 days 00:01:10.745000,0 days 00:01:10.567000,,,,
2024,Monaco Grand Prix,Qualifying,Lewis Hamilton,Mercedes,7.0,21.242105263157892,44.72631578947369,60.85526315789474,1.142105263157895,44,L HAMILTON,HAM,hamilton,27F4D2,mercedes,Lewis,Hamilton,https://media.formula1.com/d_driver_fallback_image.png/content/dam/fom-website/drivers/L/LEWHAM01_Lewis_Hamilton/lewham01.png.transform/1col/image.png,GBR,,,0 days 00:01:11.528000,0 days 00:01:11.056000,0 days 00:01:10.621000,,,,
2024,Monaco Grand Prix,Qualifying,Yuki Tsunoda,RB,8.0,21.242105263157892,44.72631578947369,60.85526315789474,1.142105263157895,22,Y TSUNODA,TSU,tsunoda,6692FF,rb,Yuki,Tsunoda,https://media.formula1.com/d_driver_fallback_image.png/content/dam/fom-website/drivers/Y/YUKTSU01_Yuki_Tsunoda/yuktsu01.png.transform/1col/image.png,JPN,,,0 days 00:01:11.852000,0 days 00:01:11.106000,0 days 00:01:10.858000,,,,
2024,Monaco Grand Prix,Qualifying,Alexander Albon,Williams,9.0,21.242105263157892,44.72631578947369,60.85526315789474,1.142105263157895,23,A ALBON,ALB,albon,64C4FF,williams,Alexander,Albon,https://media.formula1.com/d_driver_fallback_image.png/content/dam/fom-website/drivers/A/ALEALB01_Alexander_Albon/alealb01.png.transform/1col/image.png,THA,,,0 days 00:01:11.623000,0 days 00:01:11.216000,0 days 00:01:10.948000,,,,
2024,Monaco Grand Prix,Qualifying,Pierre Gasly,Alpine,10.0,21.242105263157892,44.72631578947369,60.85526315789474,1.142105263157895,10,P GASLY,GAS,gasly,0093cc,alpine,Pierre,Gasly,https://media.formula1.com/d_driver_fallback_image.png/content/dam/fom-website/drivers/P/PIEGAS01_Pierre_Gasly/piegas01.png.transform/1col/image.png,FRA,,,0 days 00:01:11.714000,0 days 00:01:10.896000,0 days 00:01:11.311000,,,,
2024,Monaco Grand Prix,Qualifying,Esteban Ocon,Alpine,11.0,21.242105263157892,44.72631578947369,60.85526315789474,1.142105263157895,31,E OCON,OCO,ocon,0093cc,alpine,Esteban,Ocon,https://media.formula1.com/d_driver_fallback_image.png/content/dam/fom-website/drivers/E/ESTOCO01_Esteban_Ocon/estoco01.png.transform/1col/image.png,FRA,,,0 days 00:01:11.887000,0 days 00:01:11.285000,,,,,
2024,Monaco Grand Prix,Qualifying,Daniel Ricciardo,RB,12.0,21.242105263157892,44.72631578947369,60.85526315789474,1.142105263157895,3,D RICCIARDO,RIC,ricciardo,6692FF,rb,Daniel,Ricciardo,https://media.formula1.com/d_driver_fallback_image.png/content/dam/fom-website/drivers/D/DANRIC01_Daniel_Ricciardo/danric01.png.transform/1col/image.png,AUS,,,0 days 00:01:11.785000,0 days 00:01:11.482000,,,,,
2024,Monaco Grand Prix,Qualifying,Lance Stroll,Aston Martin,13.0,21.242105263157892,44.72631578947369,60.85526315789474,1.142105263157895,18,L STROLL,STR,stroll,229971,aston_martin,Lance,Stroll,https://media.formula1.com/d_driver_fallback_image.png/content/dam/fom-website/drivers/L/LANSTR01_Lance_Stroll/lanstr01.png.transform/1col/image.png,CAN,,,0 days 00:01:11.728000,0 days 00:01:11.563000,,,,,
2024,Monaco Grand Prix,Qualifying,Nico Hulkenberg,Haas F1 Team,14.0,21.242105263157892,44.72631578947369,60.85526315789474,1.142105263157895,27,N HULKENBERG,HUL,hulkenberg,B6BABD,haas,Nico,Hulkenberg,https://media.formula1.com/d_driver_fallback_image.png/content/dam/fom-website/drivers/N/NICHUL01_Nico_Hulkenberg/nichul01.png.transform/1col/image.png,GER,,,0 days 00:01:11.876000,0 days 00:01:11.440000,,,,,
2024,Monaco Grand Prix,Qualifying,Fernando Alonso,Aston Martin,14.0,21.242105263157892,44.72631578947369,60.85526315789474,1.142105263157895,14,F ALONSO,ALO,alonso,229971,aston_martin,Fernando,Alonso,https://media.formula1.com/d_driver_fallback_image.png/content/dam/fom-website/drivers/F/FERALO01_Fernando_Alonso/feralo01.png.transform/1col/image.png,ESP,,,0 days 00:01:12.019000,,,,,,
2024,Monaco Grand Prix,Qualifying,Logan Sargeant,Williams,15.0,21.242105263157892,44.72631578947369,60.85526315789474,1.142105263157895,2,L SARGEANT,SAR,sargeant,64C4FF,williams,Logan,Sargeant,https://media.formula1.com/d_driver_fallback_image.png/content/dam/fom-website/drivers/L/LOGSAR01_Logan_Sargeant/logsar01.png.transform/1col/image.png,USA,,,0 days 00:01:12.020000,,,,,,
2024,Monaco Grand Prix,Qualifying,Kevin Magnussen,Haas F1 Team,15.0,21.242105263157892,44.72631578947369,60.85526315789474,1.142105263157895,20,K MAGNUSSEN,MAG,kevin_magnussen,B6BABD,haas,Kevin,Magnussen,https://media.formula1.com/d_driver_fallback_image.png/content/dam/fom-website/drivers/K/KEVMAG01_Kevin_Magnussen/kevmag01.png.transform/1col/image.png,DEN,,,0 days 00:01:11.832000,0 days 00:01:11.725000,,,,,
2024,Monaco Grand Prix,Qualifying,Sergio Perez,Red Bull Racing,16.0,21.242105263157892,44.72631578947369,60.85526315789474,1.142105263157895,11,S PEREZ,PER,perez,3671C6,red_bull,Sergio,Perez,https://media.formula1.com/d_driver_fallback_image.png/content/dam/fom-website/drivers/S/SERPER01_Sergio_Perez/serper01.png.transform/1col/image.png,MEX,,,0 days 00:01:12.060000,,,,,,
2024,Monaco Grand Prix,Qualifying,Valtteri Bottas,Kick Sauber,17.0,21.242105263157892,44.72631578947369,60.85526315789474,1.142105263157895,77,V BOTTAS,BOT,bottas,52e252,sauber,Valtteri,Bottas,https://media.formula1.com/d_driver_fallback_image.png/content/dam/fom-website/drivers/V/VALBOT01_Valtteri_Bottas/valbot01.png.transform/1col/image.png,FIN,,,0 days 00:01:12.512000,,,,,,
2024,Monaco Grand Prix,Qualifying,Guanyu Zhou,Kick Sauber,18.0,21.242105263157892,44.72631578947369,60.85526315789474,1.142105263157895,24,G ZHOU,ZHO,zhou,52e252,sauber,Guanyu,Zhou,https://media.formula1.com/d_driver_fallback_image.png/content/dam/fom-website/drivers/G/GUAZHO01_Guanyu_Zhou/guazho01.png.transform/1col/image.png,CHN,,,0 days 00:01:13.028000,,,,,,
2024,Monaco Grand Prix,Practice 1,Max Verstappen,Red Bull Racing,,20.71688311688312,35.56103896103896,66.72727272727273,0.7467532467532466,1,M VERSTAPPEN,VER,max_verstappen,3671C6,red_bull,Max,Verstappen,https://media.formula1.com/d_driver_fallback_image.png/content/dam/fom-website/drivers/M/MAXVER01_Max_Verstappen/maxver01.png.transform/1col/image.png,NED,,,,,,,,,
2024,Monaco Grand Prix,Practice 1,Logan Sargeant,Williams,,20.71688311688312,35.56103896103896,66.72727272727273,0.7467532467532466,2,L SARGEANT,SAR,sargeant,64C4FF,williams,Logan,Sargeant,https://media.formula1.com/d_driver_fallback_image.png/content/dam/fom-website/drivers/L/LOGSAR01_Logan_Sargeant/logsar01.png.transform/1col/image.png,USA,,,,,,,,,
2024,Monaco Grand Prix,Practice 1,Daniel Ricciardo,RB,,20.71688311688312,35.56103896103896,66.72727272727273,0.7467532467532466,3,D RICCIARDO,RIC,ricciardo,6692FF,rb,Daniel,Ricciardo,https://media.formula1.com/d_driver_fallback_image.png/content/dam/fom-website/drivers/D/DANRIC01_Daniel_Ricciardo/danric01.png.transform/1col/image.png,AUS,,,,,,,,,
2024,Monaco Grand Prix,Practice 1,Lando Norris,McLaren,,20.71688311688312,35.56103896103896,66.72727272727273,0.7467532467532466,4,L NORRIS,NOR,norris,FF8000,mclaren,Lando,Norris,https://media.formula1.com/d_driver_fallback_image.png/content/dam/fom-website/drivers/L/LANNOR01_Lando_Norris/lannor01.png.transform/1col/image.png,GBR,,,,,,,,,
2024,Monaco Grand Prix,Practice 1,Pierre Gasly,Alpine,,20.71688311688312,35.56103896103896,66.72727272727273,0.7467532467532466,10,P GASLY,GAS,gasly,0093cc,alpine,Pierre,Gasly,https://media.formula1.com/d_driver_fallback_image.png/content/dam/fom-website/drivers/P/PIEGAS01_Pierre_Gasly/piegas01.png.transform/1col/image.png,FRA,,,,,,,,,
2024,Monaco Grand Prix,Practice 1,Sergio Perez,Red Bull Racing,,20.71688311688312,35.56103896103896,66.72727272727273,0.7467532467532466,11,S PEREZ,PER,perez,3671C6,red_bull,Sergio,Perez,https://media.formula1.com/d_driver_fallback_image.png/content/dam/fom-website/drivers/S/SERPER01_Sergio_Perez/serper01.png.transform/1col/image.png,MEX,,,,,,,,,
2024,Monaco Grand Prix,Practice 1,Fernando Alonso,Aston Martin,,20.71688311688312,35.56103896103896,66.72727272727273,0.7467532467532466,14,F ALONSO,ALO,alonso,229971,aston_martin,Fernando,Alonso,https://media.formula1.com/d_driver_fallback_image.png/content/dam/fom-website/drivers/F/FERALO01_Fernando_Alonso/feralo01.png.transform/1col/image.png,ESP,,,,,,,,,
2024,Monaco Grand Prix,Practice 1,Charles Leclerc,Ferrari,,20.71688311688312,35.56103896103896,66.72727272727273,0.7467532467532466,16,C LECLERC,LEC,leclerc,E80020,ferrari,Charles,Leclerc,https://media.formula1.com/d_driver_fallback_image.png/content/dam/fom-website/drivers/C/CHALEC01_Charles_Leclerc/chalec01.png.transform/1col/image.png,MON,,,,,,,,,
2024,Monaco Grand Prix,Practice 1,Lance Stroll,Aston Martin,,20.71688311688312,35.56103896103896,66.72727272727273,0.7467532467532466,18,L STROLL,STR,stroll,229971,aston_martin,Lance,Stroll,https://media.formula1.com/d_driver_fallback_image.png/content/dam/fom-website/drivers/L/LANSTR01_Lance_Stroll/lanstr01.png.transform/1col/image.png,CAN,,,,,,,,,
2024,Monaco Grand Prix,Practice 1,Kevin Magnussen,Haas F1 Team,,20.71688311688312,35.56103896103896,66.72727272727273,0.7467532467532466,20,K MAGNUSSEN,MAG,kevin_magnussen,B6BABD,haas,Kevin,Magnussen,https://media.formula1.com/d_driver_fallback_image.png/content/dam/fom-website/drivers/K/KEVMAG01_Kevin_Magnussen/kevmag01.png.transform/1col/image.png,DEN,,,,,,,,,
2024,Monaco Grand Prix,Practice 1,Yuki Tsunoda,RB,,20.71688311688312,35.56103896103896,66.72727272727273,0.7467532467532466,22,Y TSUNODA,TSU,tsunoda,6692FF,rb,Yuki,Tsunoda,https://media.formula1.com/d_driver_fallback_image.png/content/dam/fom-website/drivers/Y/YUKTSU01_Yuki_Tsunoda/yuktsu01.png.transform/1col/image.png,JPN,,,,,,,,,
2024,Monaco Grand Prix,Practice 1,Alexander Albon,Williams,,20.71688311688312,35.56103896103896,66.72727272727273,0.7467532467532466,23,A ALBON,ALB,albon,64C4FF,williams,Alexander,Albon,https://media.formula1.com/d_driver_fallback_image.png/content/dam/fom-website/drivers/A/ALEALB01_Alexander_Albon/alealb01.png.transform/1col/image.png,THA,,,,,,,,,
2024,Monaco Grand Prix,Practice 1,Guanyu Zhou,Kick Sauber,,20.71688311688312,35.56103896103896,66.72727272727273,0.7467532467532466,24,G ZHOU,ZHO,zhou,52e252,sauber,Guanyu,Zhou,https://media.formula1.com/d_driver_fallback_image.png/content/dam/fom-website/drivers/G/GUAZHO01_Guanyu_Zhou/guazho01.png.transform/1col/image.png,CHN,,,,,,,,,
2024,Monaco Grand Prix,Practice 1,Nico Hulkenberg,Haas F1 Team,,20.71688311688312,35.56103896103896,66.72727272727273,0.7467532467532466,27,N HULKENBERG,HUL,hulkenberg,B6BABD,haas,Nico,Hulkenberg,https://media.formula1.com/d_driver_fallback_image.png/content/dam/fom-website/drivers/N/NICHUL01_Nico_Hulkenberg/nichul01.png.transform/1col/image.png,GER,,,,,,,,,
2024,Monaco Grand Prix,Practice 1,Esteban Ocon,Alpine,,20.71688311688312,35.56103896103896,66.72727272727273,0.7467532467532466,31,E OCON,OCO,ocon,0093cc,alpine,Esteban,Ocon,https://media.formula1.com/d_driver_fallback_image.png/content/dam/fom-website/drivers/E/ESTOCO01_Esteban_Ocon/estoco01.png.transform/1col/image.png,FRA,,,,,,,,,
2024,Monaco Grand Prix,Practice 1,Lewis Hamilton,Mercedes,,20.71688311688312,35.56103896103896,66.72727272727273,0.7467532467532466,44,L HAMILTON,HAM,hamilton,27F4D2,mercedes,Lewis,Hamilton,https://media.formula1.com/d_driver_fallback_image.png/content/dam/fom-website/drivers/L/LEWHAM01_Lewis_Hamilton/lewham01.png.transform/1col/image.png,GBR,,,,,,,,,
2024,Monaco Grand Prix,Practice 1,Carlos Sainz,Ferrari,,20.71688311688312,35.56103896103896,66.72727272727273,0.7467532467532466,55,C SAINZ,SAI,sainz,E80020,ferrari,Carlos,Sainz,https://media.formula1.com/d_driver_fallback_image.png/content/dam/fom-website/drivers/C/CARSAI01_Carlos_Sainz/carsai01.png.transform/1col/image.png,ESP,,,,,,,,,
2024,Monaco Grand Prix,Practice 1,George Russell,Mercedes,,20.71688311688312,35.56103896103896,66.72727272727273,0.7467532467532466,63,G RUSSELL,RUS,russell,27F4D2,mercedes,George,Russell,https://media.formula1.com/d_driver_fallback_image.png/content/dam/fom-website/drivers/G/GEORUS01_George_Russell/georus01.png.transform/1col/image.png,GBR,,,,,,,,,
2024,Monaco Grand Prix,Practice 1,Valtteri Bottas,Kick Sauber,,20.71688311688312,35.56103896103896,66.72727272727273,0.7467532467532466,77,V BOTTAS,BOT,bottas,52e252,sauber,Valtteri,Bottas,https://media.formula1.com/d_driver_fallback_image.png/content/dam/fom-website/drivers/V/VALBOT01_Valtteri_Bottas/valbot01.png.transform/1col/image.png,FIN,,,,,,,,,
2024,Monaco Grand Prix,Practice 1,Oscar Piastri,McLaren,,20.71688311688312,35.56103896103896,66.72727272727273,0.7467532467532466,81,O PIASTRI,PIA,piastri,FF8000,mclaren,Oscar,Piastri,https://media.formula1.com/d_driver_fallback_image.png/content/dam/fom-website/drivers/O/OSCPIA01_Oscar_Piastri/oscpia01.png.transform/1col/image.png,AUS,,,,,,,,,
2024,Monaco Grand Prix,Practice 2,Max Verstappen,Red Bull Racing,,20.76172839506173,31.30246913580247,66.44444444444444,0.7901234567901234,1,M VERSTAPPEN,VER,max_verstappen,3671C6,red_bull,Max,Verstappen,https://media.formula1.com/d_driver_fallback_image.png/content/dam/fom-website/drivers/M/MAXVER01_Max_Verstappen/maxver01.png.transform/1col/image.png,NED,,,,,,,,,
2024,Monaco Grand Prix,Practice 2,Logan Sargeant,Williams,,20.76172839506173,31.30246913580247,66.44444444444444,0.7901234567901234,2,L SARGEANT,SAR,sargeant,64C4FF,williams,Logan,Sargeant,https://media.formula1.com/d_driver_fallback_image.png/content/dam/fom-website/drivers/L/LOGSAR01_Logan_Sargeant/logsar01.png.transform/1col/image.png,USA,,,,,,,,,
2024,Monaco Grand Prix,Practice 2,Daniel Ricciardo,RB,,20.76172839506173,31.30246913580247,66.44444444444444,0.7901234567901234,3,D RICCIARDO,RIC,ricciardo,6692FF,rb,Daniel,Ricciardo,https://media.formula1.com/d_driver_fallback_image.png/content/dam/fom-website/drivers/D/DANRIC01_Daniel_Ricciardo/danric01.png.transform/1col/image.png,AUS,,,,,,,,,
2024,Monaco Grand Prix,Practice 2,Lando Norris,McLaren,,20.76172839506173,31.30246913580247,66.44444444444444,0.7901234567901234,4,L NORRIS,NOR,norris,FF8000,mclaren,Lando,Norris,https://media.formula1.com/d_driver_fallback_image.png/content/dam/fom-website/drivers/L/LANNOR01_Lando_Norris/lannor01.png.transform/1col/image.png,GBR,,,,,,,,,
2024,Monaco Grand Prix,Practice 2,Pierre Gasly,Alpine,,20.76172839506173,31.30246913580247,66.44444444444444,0.7901234567901234,10,P GASLY,GAS,gasly,0093cc,alpine,Pierre,Gasly,https://media.formula1.com/d_driver_fallback_image.png/content/dam/fom-website/drivers/P/PIEGAS01_Pierre_Gasly/piegas01.png.transform/1col/image.png,FRA,,,,,,,,,
2024,Monaco Grand Prix,Practice 2,Sergio Perez,Red Bull Racing,,20.76172839506173,31.30246913580247,66.44444444444444,0.7901234567901234,11,S PEREZ,PER,perez,3671C6,red_bull,Sergio,Perez,https://media.formula1.com/d_driver_fallback_image.png/content/dam/fom-website/drivers/S/SERPER01_Sergio_Perez/serper01.png.transform/1col/image.png,MEX,,,,,,,,,
2024,Monaco Grand Prix,Practice 2,Fernando Alonso,Aston Martin,,20.76172839506173,31.30246913580247,66.44444444444444,0.7901234567901234,14,F ALONSO,ALO,alonso,229971,aston_martin,Fernando,Alonso,https://media.formula1.com/d_driver_fallback_image.png/content/dam/fom-website/drivers/F/FERALO01_Fernando_Alonso/feralo01.png.transform/1col/image.png,ESP,,,,,,,,,
2024,Monaco Grand Prix,Practice 2,Charles Leclerc,Ferrari,,20.76172839506173,31.30246913580247,66.44444444444444,0.7901234567901234,16,C LECLERC,LEC,leclerc,E80020,ferrari,Charles,Leclerc,https://media.formula1.com/d_driver_fallback_image.png/content/dam/fom-website/drivers/C/CHALEC01_Charles_Leclerc/chalec01.png.transform/1col/image.png,MON,,,,,,,,,
2024,Monaco Grand Prix,Practice 2,Lance Stroll,Aston Martin,,20.76172839506173,31.30246913580247,66.44444444444444,0.7901234567901234,18,L STROLL,STR,stroll,229971,aston_martin,Lance,Stroll,https://media.formula1.com/d_driver_fallback_image.png/content/dam/fom-website/drivers/L/LANSTR01_Lance_Stroll/lanstr01.png.transform/1col/image.png,CAN,,,,,,,,,
2024,Monaco Grand Prix,Practice 2,Kevin Magnussen,Haas F1 Team,,20.76172839506173,31.30246913580247,66.44444444444444,0.7901234567901234,20,K MAGNUSSEN,MAG,kevin_magnussen,B6BABD,haas,Kevin,Magnussen,https://media.formula1.com/d_driver_fallback_image.png/content/dam/fom-website/drivers/K/KEVMAG01_Kevin_Magnussen/kevmag01.png.transform/1col/image.png,DEN,,,,,,,,,
2024,Monaco Grand Prix,Practice 2,Yuki Tsunoda,RB,,20.76172839506173,31.30246913580247,66.44444444444444,0.7901234567901234,22,Y TSUNODA,TSU,tsunoda,6692FF,rb,Yuki,Tsunoda,https://media.formula1.com/d_driver_fallback_image.png/content/dam/fom-website/drivers/Y/YUKTSU01_Yuki_Tsunoda/yuktsu01.png.transform/1col/image.png,JPN,,,,,,,,,
2024,Monaco Grand Prix,Practice 2,Alexander Albon,Williams,,20.76172839506173,31.30246913580247,66.44444444444444,0.7901234567901234,23,A ALBON,ALB,albon,64C4FF,williams,Alexander,Albon,https://media.formula1.com/d_driver_fallback_image.png/content/dam/fom-website/drivers/A/ALEALB01_Alexander_Albon/alealb01.png.transform/1col/image.png,THA,,,,,,,,,
2024,Monaco Grand Prix,Practice 2,Guanyu Zhou,Kick Sauber,,20.76172839506173,31.30246913580247,66.44444444444444,0.7901234567901234,24,G ZHOU,ZHO,zhou,52e252,sauber,Guanyu,Zhou,https://media.formula1.com/d_driver_fallback_image.png/content/dam/fom-website/drivers/G/GUAZHO01_Guanyu_Zhou/guazho01.png.transform/1col/image.png,CHN,,,,,,,,,
2024,Monaco Grand Prix,Practice 2,Nico Hulkenberg,Haas F1 Team,,20.76172839506173,31.30246913580247,66.44444444444444,0.7901234567901234,27,N HULKENBERG,HUL,hulkenberg,B6BABD,haas,Nico,Hulkenberg,https://media.formula1.com/d_driver_fallback_image.png/content/dam/fom-website/drivers/N/NICHUL01_Nico_Hulkenberg/nichul01.png.transform/1col/image.png,GER,,,,,,,,,
2024,Monaco Grand Prix,Practice 2,Esteban Ocon,Alpine,,20.76172839506173,31.30246913580247,66.44444444444444,0.7901234567901234,31,E OCON,OCO,ocon,0093cc,alpine,Esteban,Ocon,https://media.formula1.com/d_driver_fallback_image.png/content/dam/fom-website/drivers/E/ESTOCO01_Esteban_Ocon/estoco01.png.transform/1col/image.png,FRA,,,,,,,,,
2024,Monaco Grand Prix,Practice 2,Lewis Hamilton,Mercedes,,20.76172839506173,31.30246913580247,66.44444444444444,0.7901234567901234,44,L HAMILTON,HAM,hamilton,27F4D2,mercedes,Lewis,Hamilton,https://media.formula1.com/d_driver_fallback_image.png/content/dam/fom-website/drivers/L/LEWHAM01_Lewis_Hamilton/lewham01.png.transform/1col/image.png,GBR,,,,,,,,,
2024,Monaco Grand Prix,Practice 2,Carlos Sainz,Ferrari,,20.76172839506173,31.30246913580247,66.44444444444444,0.7901234567901234,55,C SAINZ,SAI,sainz,E80020,ferrari,Carlos,Sainz,https://media.formula1.com/d_driver_fallback_image.png/content/dam/fom-website/drivers/C/CARSAI01_Carlos_Sainz/carsai01.png.transform/1col/image.png,ESP,,,,,,,,,
2024,Monaco Grand Prix,Practice 2,George Russell,Mercedes,,20.76172839506173,31.30246913580247,66.44444444444444,0.7901234567901234,63,G RUSSELL,RUS,russell,27F4D2,mercedes,George,Russell,https://media.formula1.com/d_driver_fallback_image.png/content/dam/fom-website/drivers/G/GEORUS01_George_Russell/georus01.png.transform/1col/image.png,GBR,,,,,,,,,
2024,Monaco Grand Prix,Practice 2,Valtteri Bottas,Kick Sauber,,20.76172839506173,31.30246913580247,66.44444444444444,0.7901234567901234,77,V BOTTAS,BOT,bottas,52e252,sauber,Valtteri,Bottas,https://media.formula1.com/d_driver_fallback_image.png/content/dam/fom-website/drivers/V/VALBOT01_Valtteri_Bottas/valbot01.png.transform/1col/image.png,FIN,,,,,,,,,
2024,Monaco Grand Prix,Practice 2,Oscar Piastri,McLaren,,20.76172839506173,31.30246913580247,66.44444444444444,0.7901234567901234,81,O PIASTRI,PIA,piastri,FF8000,mclaren,Oscar,Piastri,https://media.formula1.com/d_driver_fallback_image.png/content/dam/fom-website/drivers/O/OSCPIA01_Oscar_Piastri/oscpia01.png.transform/1col/image.png,AUS,,,,,,,,,
2024,Monaco Grand Prix,Practice 3,Max Verstappen,Red Bull Racing,,21.67468354430379,46.86202531645569,57.40506329113924,0.8240506329113924,1,M VERSTAPPEN,VER,max_verstappen,3671C6,red_bull,Max,Verstappen,https://media.formula1.com/d_driver_fallback_image.png/content/dam/fom-website/drivers/M/MAXVER01_Max_Verstappen/maxver01.png.transform/1col/image.png,NED,,,,,,,,,
2024,Monaco Grand Prix,Practice 3,Logan Sargeant,Williams,,21.67468354430379,46.86202531645569,57.40506329113924,0.8240506329113924,2,L SARGEANT,SAR,sargeant,64C4FF,williams,Logan,Sargeant,https://media.formula1.com/d_driver_fallback_image.png/content/dam/fom-website/drivers/L/LOGSAR01_Logan_Sargeant/logsar01.png.transform/1col/image.png,USA,,,,,,,,,
2024,Monaco Grand Prix,Practice 3,Daniel Ricciardo,RB,,21.67468354430379,46.86202531645569,57.40506329113924,0.8240506329113924,3,D RICCIARDO,RIC,ricciardo,6692FF,rb,Daniel,Ricciardo,https://media.formula1.com/d_driver_fallback_image.png/content/dam/fom-website/drivers/D/DANRIC01_Daniel_Ricciardo/danric01.png.transform/1col/image.png,AUS,,,,,,,,,
2024,Monaco Grand Prix,Practice 3,Lando Norris,McLaren,,21.67468354430379,46.86202531645569,57.40506329113924,0.8240506329113924,4,L NORRIS,NOR,norris,FF8000,mclaren,Lando,Norris,https://media.formula1.com/d_driver_fallback_image.png/content/dam/fom-website/drivers/L/LANNOR01_Lando_Norris/lannor01.png.transform/1col/image.png,GBR,,,,,,,,,
2024,Monaco Grand Prix,Practice 3,Pierre Gasly,Alpine,,21.67468354430379,46.86202531645569,57.40506329113924,0.8240506329113924,10,P GASLY,GAS,gasly,0093cc,alpine,Pierre,Gasly,https://media.formula1.com/d_driver_fallback_image.png/content/dam/fom-website/drivers/P/PIEGAS01_Pierre_Gasly/piegas01.png.transform/1col/image.png,FRA,,,,,,,,,
2024,Monaco Grand Prix,Practice 3,Sergio Perez,Red Bull Racing,,21.67468354430379,46.86202531645569,57.40506329113924,0.8240506329113924,11,S PEREZ,PER,perez,3671C6,red_bull,Sergio,Perez,https://media.formula1.com/d_driver_fallback_image.png/content/dam/fom-website/drivers/S/SERPER01_Sergio_Perez/serper01.png.transform/1col/image.png,MEX,,,,,,,,,
2024,Monaco Grand Prix,Practice 3,Fernando Alonso,Aston Martin,,21.67468354430379,46.86202531645569,57.40506329113924,0.8240506329113924,14,F ALONSO,ALO,alonso,229971,aston_martin,Fernando,Alonso,https://media.formula1.com/d_driver_fallback_image.png/content/dam/fom-website/drivers/F/FERALO01_Fernando_Alonso/feralo01.png.transform/1col/image.png,ESP,,,,,,,,,
2024,Monaco Grand Prix,Practice 3,Charles Leclerc,Ferrari,,21.67468354430379,46.86202531645569,57.40506329113924,0.8240506329113924,16,C LECLERC,LEC,leclerc,E80020,ferrari,Charles,Leclerc,https://media.formula1.com/d_driver_fallback_image.png/content/dam/fom-website/drivers/C/CHALEC01_Charles_Leclerc/chalec01.png.transform/1col/image.png,MON,,,,,,,,,
2024,Monaco Grand Prix,Practice 3,Lance Stroll,Aston Martin,,21.67468354430379,46.86202531645569,57.40506329113924,0.8240506329113924,18,L STROLL,STR,stroll,229971,aston_martin,Lance,Stroll,https://media.formula1.com/d_driver_fallback_image.png/content/dam/fom-website/drivers/L/LANSTR01_Lance_Stroll/lanstr01.png.transform/1col/image.png,CAN,,,,,,,,,
2024,Monaco Grand Prix,Practice 3,Kevin Magnussen,Haas F1 Team,,21.67468354430379,46.86202531645569,57.40506329113924,0.8240506329113924,20,K MAGNUSSEN,MAG,kevin_magnussen,B6BABD,haas,Kevin,Magnussen,https://media.formula1.com/d_driver_fallback_image.png/content/dam/fom-website/drivers/K/KEVMAG01_Kevin_Magnussen/kevmag01.png.transform/1col/image.png,DEN,,,,,,,,,
2024,Monaco Grand Prix,Practice 3,Yuki Tsunoda,RB,,21.67468354430379,46.86202531645569,57.40506329113924,0.8240506329113924,22,Y TSUNODA,TSU,tsunoda,6692FF,rb,Yuki,Tsunoda,https://media.formula1.com/d_driver_fallback_image.png/content/dam/fom-website/drivers/Y/YUKTSU01_Yuki_Tsunoda/yuktsu01.png.transform/1col/image.png,JPN,,,,,,,,,
2024,Monaco Grand Prix,Practice 3,Alexander Albon,Williams,,21.67468354430379,46.86202531645569,57.40506329113924,0.8240506329113924,23,A ALBON,ALB,albon,64C4FF,williams,Alexander,Albon,https://media.formula1.com/d_driver_fallback_image.png/content/dam/fom-website/drivers/A/ALEALB01_Alexander_Albon/alealb01.png.transform/1col/image.png,THA,,,,,,,,,
2024,Monaco Grand Prix,Practice 3,Guanyu Zhou,Kick Sauber,,21.67468354430379,46.86202531645569,57.40506329113924,0.8240506329113924,24,G ZHOU,ZHO,zhou,52e252,sauber,Guanyu,Zhou,https://media.formula1.com/d_driver_fallback_image.png/content/dam/fom-website/drivers/G/GUAZHO01_Guanyu_Zhou/guazho01.png.transform/1col/image.png,CHN,,,,,,,,,
2024,Monaco Grand Prix,Practice 3,Nico Hulkenberg,Haas F1 Team,,21.67468354430379,46.86202531645569,57.40506329113924,0.8240506329113924,27,N HULKENBERG,HUL,hulkenberg,B6BABD,haas,Nico,Hulkenberg,https://media.formula1.com/d_driver_fallback_image.png/content/dam/fom-website/drivers/N/NICHUL01_Nico_Hulkenberg/nichul01.png.transform/1col/image.png,GER,,,,,,,,,
2024,Monaco Grand Prix,Practice 3,Esteban Ocon,Alpine,,21.67468354430379,46.86202531645569,57.40506329113924,0.8240506329113924,31,E OCON,OCO,ocon,0093cc,alpine,Esteban,Ocon,https://media.formula1.com/d_driver_fallback_image.png/content/dam/fom-website/drivers/E/ESTOCO01_Esteban_Ocon/estoco01.png.transform/1col/image.png,FRA,,,,,,,,,
2024,Monaco Grand Prix,Practice 3,Lewis Hamilton,Mercedes,,21.67468354430379,46.86202531645569,57.40506329113924,0.8240506329113924,44,L HAMILTON,HAM,hamilton,27F4D2,mercedes,Lewis,Hamilton,https://media.formula1.com/d_driver_fallback_image.png/content/dam/fom-website/drivers/L/LEWHAM01_Lewis_Hamilton/lewham01.png.transform/1col/image.png,GBR,,,,,,,,,
2024,Monaco Grand Prix,Practice 3,Carlos Sainz,Ferrari,,21.67468354430379,46.86202531645569,57.40506329113924,0.8240506329113924,55,C SAINZ,SAI,sainz,E80020,ferrari,Carlos,Sainz,https://media.formula1.com/d_driver_fallback_image.png/content/dam/fom-website/drivers/C/CARSAI01_Carlos_Sainz/carsai01.png.transform/1col/image.png,ESP,,,,,,,,,
2024,Monaco Grand Prix,Practice 3,George Russell,Mercedes,,21.67468354430379,46.86202531645569,57.40506329113924,0.8240506329113924,63,G RUSSELL,RUS,russell,27F4D2,mercedes,George,Russell,https://media.formula1.com/d_driver_fallback_image.png/content/dam/fom-website/drivers/G/GEORUS01_George_Russell/georus01.png.transform/1col/image.png,GBR,,,,,,,,,
2024,Monaco Grand Prix,Practice 3,Valtteri Bottas,Kick Sauber,,21.67468354430379,46.86202531645569,57.40506329113924,0.8240506329113924,77,V BOTTAS,BOT,bottas,52e252,sauber,Valtteri,Bottas,https://media.formula1.com/d_driver_fallback_image.png/content/dam/fom-website/drivers/V/VALBOT01_Valtteri_Bottas/valbot01.png.transform/1col/image.png,FIN,,,,,,,,,
2024,Monaco Grand Prix,Practice 3,Oscar Piastri,McLaren,,21.67468354430379,46.86202531645569,57.40506329113924,0.8240506329113924,81,O PIASTRI,PIA,piastri,FF8000,mclaren,Oscar,Piastri,https://media.formula1.com/d_driver_fallback_image.png/content/dam/fom-website/drivers/O/OSCPIA01_Oscar_Piastri/oscpia01.png.transform/1col/image.png,AUS,,,,,,,,,
2024,Canadian Grand Prix,Race,Max Verstappen,Red Bull Racing,1.0,17.797345132743363,24.569911504424784,73.38053097345133,1.169911504424779,1,M VERSTAPPEN,VER,max_verstappen,3671C6,red_bull,Max,Verstappen,https://media.formula1.com/d_driver_fallback_image.png/content/dam/fom-website/drivers/M/MAXVER01_Max_Verstappen/maxver01.png.transform/1col/image.png,NED,1,2.0,,,,0 days 01:45:47.927000,Finished,25.0,70.0
2024,Canadian Grand Prix,Race,Lando Norris,McLaren,2.0,17.797345132743363,24.569911504424784,73.38053097345133,1.169911504424779,4,L NORRIS,NOR,norris,FF8000,mclaren,Lando,Norris,https://media.formula1.com/d_driver_fallback_image.png/content/dam/fom-website/drivers/L/LANNOR01_Lando_Norris/lannor01.png.transform/1col/image.png,GBR,2,3.0,,,,0 days 00:00:03.879000,Finished,18.0,70.0
2024,Canadian Grand Prix,Race,George Russell,Mercedes,3.0,17.797345132743363,24.569911504424784,73.38053097345133,1.169911504424779,63,G RUSSELL,RUS,russell,27F4D2,mercedes,George,Russell,https://media.formula1.com/d_driver_fallback_image.png/content/dam/fom-website/drivers/G/GEORUS01_George_Russell/georus01.png.transform/1col/image.png,GBR,3,1.0,,,,0 days 00:00:04.317000,Finished,15.0,70.0
2024,Canadian Grand Prix,Race,Lewis Hamilton,Mercedes,4.0,17.797345132743363,24.569911504424784,73.38053097345133,1.169911504424779,44,L HAMILTON,HAM,hamilton,27F4D2,mercedes,Lewis,Hamilton,https://media.formula1.com/d_driver_fallback_image.png/content/dam/fom-website/drivers/L/LEWHAM01_Lewis_Hamilton/lewham01.png.transform/1col/image.png,GBR,4,7.0,,,,0 days 00:00:04.915000,Finished,13.0,70.0
2024,Canadian Grand Prix,Race,Oscar Piastri,McLaren,5.0,17.797345132743363,24.569911504424784,73.38053097345133,1.169911504424779,81,O PIASTRI,PIA,piastri,FF8000,mclaren,Oscar,Piastri,https://media.formula1.com/d_driver_fallback_image.png/content/dam/fom-website/drivers/O/OSCPIA01_Oscar_Piastri/oscpia01.png.transform/1col/image.png,AUS,5,4.0,,,,0 days 00:00:10.199000,Finished,10.0,70.0
2024,Canadian Grand Prix,Race,Fernando Alonso,Aston Martin,6.0,17.797345132743363,24.569911504424784,73.38053097345133,1.169911504424779,14,F ALONSO,ALO,alonso,229971,aston_martin,Fernando,Alonso,https://media.formula1.com/d_driver_fallback_image.png/content/dam/fom-website/drivers/F/FERALO01_Fernando_Alonso/feralo01.png.transform/1col/image.png,ESP,6,6.0,,,,0 days 00:00:17.510000,Finished,8.0,70.0
2024,Canadian Grand Prix,Race,Lance Stroll,Aston Martin,7.0,17.797345132743363,24.569911504424784,73.38053097345133,1.169911504424779,18,L STROLL,STR,stroll,229971,aston_martin,Lance,Stroll,https://media.formula1.com/d_driver_fallback_image.png/content/dam/fom-website/drivers/L/LANSTR01_Lance_Stroll/lanstr01.png.transform/1col/image.png,CAN,7,9.0,,,,0 days 00:00:23.625000,Finished,6.0,70.0
2024,Canadian Grand Prix,Race,Daniel Ricciardo,RB,8.0,17.797345132743363,24.569911504424784,73.38053097345133,1.169911504424779,3,D RICCIARDO,RIC,ricciardo,6692FF,rb,Daniel,Ricciardo,https://media.formula1.com/d_driver_fallback_image.png/content/dam/fom-website/drivers/D/DANRIC01_Daniel_Ricciardo/danric01.png.transform/1col/image.png,AUS,8,5.0,,,,0 days 00:00:28.672000,Finished,4.0,70.0
2024,Canadian Grand Prix,Race,Pierre Gasly,Alpine,9.0,17.797345132743363,24.569911504424784,73.38053097345133,1.169911504424779,10,P GASLY,GAS,gasly,0093CC,alpine,Pierre,Gasly,https://media.formula1.com/d_driver_fallback_image.png/content/dam/fom-website/drivers/P/PIEGAS01_Pierre_Gasly/piegas01.png.transform/1col/image.png,FRA,9,15.0,,,,0 days 00:00:30.021000,Finished,2.0,70.0
2024,Canadian Grand Prix,Race,Esteban Ocon,Alpine,10.0,17.797345132743363,24.569911504424784,73.38053097345133,1.169911504424779,31,E OCON,OCO,ocon,0093CC,alpine,Esteban,Ocon,https://media.formula1.com/d_driver_fallback_image.png/content/dam/fom-website/drivers/E/ESTOCO01_Esteban_Ocon/estoco01.png.transform/1col/image.png,FRA,10,18.0,,,,0 days 00:00:30.313000,Finished,1.0,70.0
2024,Canadian Grand Prix,Race,Nico Hulkenberg,Haas F1 Team,11.0,17.797345132743363,24.569911504424784,73.38053097345133,1.169911504424779,27,N HULKENBERG,HUL,hulkenberg,B6BABD,haas,Nico,Hulkenberg,https://media.formula1.com/d_driver_fallback_image.png/content/dam/fom-website/drivers/N/NICHUL01_Nico_Hulkenberg/nichul01.png.transform/1col/image.png,GER,11,17.0,,,,0 days 00:00:30.824000,Finished,0.0,70.0
2024,Canadian Grand Prix,Race,Kevin Magnussen,Haas F1 Team,12.0,17.797345132743363,24.569911504424784,73.38053097345133,1.169911504424779,20,K MAGNUSSEN,MAG,kevin_magnussen,B6BABD,haas,Kevin,Magnussen,https://media.formula1.com/d_driver_fallback_image.png/content/dam/fom-website/drivers/K/KEVMAG01_Kevin_Magnussen/kevmag01.png.transform/1col/image.png,DEN,12,14.0,,,,0 days 00:00:31.253000,Finished,0.0,70.0
2024,Canadian Grand Prix,Race,Valtteri Bottas,Kick Sauber,13.0,17.797345132743363,24.569911504424784,73.38053097345133,1.169911504424779,77,V BOTTAS,BOT,bottas,52e252,sauber,Valtteri,Bottas,https://media.formula1.com/d_driver_fallback_image.png/content/dam/fom-website/drivers/V/VALBOT01_Valtteri_Bottas/valbot01.png.transform/1col/image.png,FIN,13,19.0,,,,0 days 00:00:40.487000,Finished,0.0,70.0
2024,Canadian Grand Prix,Race,Yuki Tsunoda,RB,14.0,17.797345132743363,24.569911504424784,73.38053097345133,1.169911504424779,22,Y TSUNODA,TSU,tsunoda,6692FF,rb,Yuki,Tsunoda,https://media.formula1.com/d_driver_fallback_image.png/content/dam/fom-website/drivers/Y/YUKTSU01_Yuki_Tsunoda/yuktsu01.png.transform/1col/image.png,JPN,14,8.0,,,,0 days 00:00:52.694000,Finished,0.0,70.0
2024,Canadian Grand Prix,Race,Guanyu Zhou,Kick Sauber,15.0,17.797345132743363,24.569911504424784,73.38053097345133,1.169911504424779,24,G ZHOU,ZHO,zhou,52e252,sauber,Guanyu,Zhou,https://media.formula1.com/d_driver_fallback_image.png/content/dam/fom-website/drivers/G/GUAZHO01_Guanyu_Zhou/guazho01.png.transform/1col/image.png,CHN,15,20.0,,,,0 days 00:00:53.528000,Lapped,0.0,69.0
2024,Canadian Grand Prix,Race,Carlos Sainz,Ferrari,16.0,17.797345132743363,24.569911504424784,73.38053097345133,1.169911504424779,55,C SAINZ,SAI,sainz,E80020,ferrari,Carlos,Sainz,https://media.formula1.com/d_driver_fallback_image.png/content/dam/fom-website/drivers/C/CARSAI01_Carlos_Sainz/carsai01.png.transform/1col/image.png,ESP,R,12.0,,,,,Retired,0.0,52.0
2024,Canadian Grand Prix,Race,Alexander Albon,Williams,17.0,17.797345132743363,24.569911504424784,73.38053097345133,1.169911504424779,23,A ALBON,ALB,albon,64C4FF,williams,Alexander,Albon,https://media.formula1.com/d_driver_fallback_image.png/content/dam/fom-website/drivers/A/ALEALB01_Alexander_Albon/alealb01.png.transform/1col/image.png,THA,R,10.0,,,,,Retired,0.0,52.0
2024,Canadian Grand Prix,Race,Sergio Perez,Red Bull Racing,18.0,17.797345132743363,24.569911504424784,73.38053097345133,1.169911504424779,11,S PEREZ,PER,perez,3671C6,red_bull,Sergio,Perez,https://media.formula1.com/d_driver_fallback_image.png/content/dam/fom-website/drivers/S/SERPER01_Sergio_Perez/serper01.png.transform/1col/image.png,MEX,R,16.0,,,,,Retired,0.0,51.0
2024,Canadian Grand Prix,Race,Charles Leclerc,Ferrari,19.0,17.797345132743363,24.569911504424784,73.38053097345133,1.169911504424779,16,C LECLERC,LEC,leclerc,E80020,ferrari,Charles,Leclerc,https://media.formula1.com/d_driver_fallback_image.png/content/dam/fom-website/drivers/C/CHALEC01_Charles_Leclerc/chalec01.png.transform/1col/image.png,MON,R,11.0,,,,,Retired,0.0,40.0
2024,Canadian Grand Prix,Race,Logan Sargeant,Williams,20.0,17.797345132743363,24.569911504424784,73.38053097345133,1.169911504424779,2,L SARGEANT,SAR,sargeant,64C4FF,williams,Logan,Sargeant,https://media.formula1.com/d_driver_fallback_image.png/content/dam/fom-website/drivers/L/LOGSAR01_Logan_Sargeant/logsar01.png.transform/1col/image.png,USA,R,13.0,,,,,Retired,0.0,23.0
2024,Canadian Grand Prix,Qualifying,George Russell,Mercedes,1.0,20.55384615384616,31.116666666666653,66.88461538461539,1.8564102564102563,63,G RUSSELL,RUS,russell,27F4D2,mercedes,George,Russell,https://media.formula1.com/d_driver_fallback_image.png/content/dam/fom-website/drivers/G/GEORUS01_George_Russell/georus01.png.transform/1col/image.png,GBR,,,0 days 00:01:13.013000,0 days 00:01:11.742000,0 days 00:01:12,,,,
2024,Canadian Grand Prix,Qualifying,Max Verstappen,Red Bull Racing,2.0,20.55384615384616,31.116666666666653,66.88461538461539,1.8564102564102563,1,M VERSTAPPEN,VER,max_verstappen,3671C6,red_bull,Max,Verstappen,https://media.formula1.com/d_driver_fallback_image.png/content/dam/fom-website/drivers/M/MAXVER01_Max_Verstappen/maxver01.png.transform/1col/image.png,NED,,,0 days 00:01:12.360000,0 days 00:01:12.549000,0 days 00:01:12,,,,
2024,Canadian Grand Prix,Qualifying,Lando Norris,McLaren,3.0,20.55384615384616,31.116666666666653,66.88461538461539,1.8564102564102563,4,L NORRIS,NOR,norris,FF8000,mclaren,Lando,Norris,https://media.formula1.com/d_driver_fallback_image.png/content/dam/fom-website/drivers/L/LANNOR01_Lando_Norris/lannor01.png.transform/1col/image.png,GBR,,,0 days 00:01:12.959000,0 days 00:01:12.201000,0 days 00:01:12.021000,,,,
2024,Canadian Grand Prix,Qualifying,Oscar Piastri,McLaren,4.0,20.55384615384616,31.116666666666653,66.88461538461539,1.8564102564102563,81,O PIASTRI,PIA,piastri,FF8000,mclaren,Oscar,Piastri,https://media.formula1.com/d_driver_fallback_image.png/content/dam/fom-website/drivers/O/OSCPIA01_Oscar_Piastri/oscpia01.png.transform/1col/image.png,AUS,,,0 days 00:01:12.907000,0 days 00:01:12.462000,0 days 00:01:12.103000,,,,
2024,Canadian Grand Prix,Qualifying,Daniel Ricciardo,RB,5.0,20.55384615384616,31.116666666666653,66.88461538461539,1.8564102564102563,3,D RICCIARDO,RIC,ricciardo,6692FF,rb,Daniel,Ricciardo,https://media.formula1.com/d_driver_fallback_image.png/content/dam/fom-website/drivers/D/DANRIC01_Daniel_Ricciardo/danric01.png.transform/1col/image.png,AUS,,,0 days 00:01:13.240000,0 days 00:01:12.572000,0 days 00:01:12.178000,,,,
2024,Canadian Grand Prix,Qualifying,Fernando Alonso,Aston Martin,6.0,20.55384615384616,31.116666666666653,66.88461538461539,1.8564102564102563,14,F ALONSO,ALO,alonso,229971,aston_martin,Fernando,Alonso,https://media.formula1.com/d_driver_fallback_image.png/content/dam/fom-website/drivers/F/FERALO01_Fernando_Alonso/feralo01.png.transform/1col/image.png,ESP,,,0 days 00:01:13.117000,0 days 00:01:12.635000,0 days 00:01:12.228000,,,,
2024,Canadian Grand Prix,Qualifying,Lewis Hamilton,Mercedes,7.0,20.55384615384616,31.116666666666653,66.88461538461539,1.8564102564102563,44,L HAMILTON,HAM,hamilton,27F4D2,mercedes,Lewis,Hamilton,https://media.formula1.com/d_driver_fallback_image.png/content/dam/fom-website/drivers/L/LEWHAM01_Lewis_Hamilton/lewham01.png.transform/1col/image.png,GBR,,,0 days 00:01:12.851000,0 days 00:01:11.979000,0 days 00:01:12.280000,,,,
2024,Canadian Grand Prix,Qualifying,Yuki Tsunoda,RB,8.0,20.55384615384616,31.116666666666653,66.88461538461539,1.8564102564102563,22,Y TSUNODA,TSU,tsunoda,6692FF,rb,Yuki,Tsunoda,https://media.formula1.com/d_driver_fallback_image.png/content/dam/fom-website/drivers/Y/YUKTSU01_Yuki_Tsunoda/yuktsu01.png.transform/1col/image.png,JPN,,,0 days 00:01:12.748000,0 days 00:01:12.303000,0 days 00:01:12.414000,,,,
2024,Canadian Grand Prix,Qualifying,Lance Stroll,Aston Martin,9.0,20.55384615384616,31.116666666666653,66.88461538461539,1.8564102564102563,18,L STROLL,STR,stroll,229971,aston_martin,Lance,Stroll,https://media.formula1.com/d_driver_fallback_image.png/content/dam/fom-website/drivers/L/LANSTR01_Lance_Stroll/lanstr01.png.transform/1col/image.png,CAN,,,0 days 00:01:13.088000,0 days 00:01:12.659000,0 days 00:01:12.701000,,,,
2024,Canadian Grand Prix,Qualifying,Alexander Albon,Williams,10.0,20.55384615384616,31.116666666666653,66.88461538461539,1.8564102564102563,23,A ALBON,ALB,albon,64C4FF,williams,Alexander,Albon,https://media.formula1.com/d_driver_fallback_image.png/content/dam/fom-website/drivers/A/ALEALB01_Alexander_Albon/alealb01.png.transform/1col/image.png,THA,,,0 days 00:01:12.896000,0 days 00:01:12.485000,0 days 00:01:12.796000,,,,
2024,Canadian Grand Prix,Qualifying,Charles Leclerc,Ferrari,11.0,20.55384615384616,31.116666666666653,66.88461538461539,1.8564102564102563,16,C LECLERC,LEC,leclerc,E80020,ferrari,Charles,Leclerc,https://media.formula1.com/d_driver_fallback_image.png/content/dam/fom-website/drivers/C/CHALEC01_Charles_Leclerc/chalec01.png.transform/1col/image.png,MON,,,0 days 00:01:13.107000,0 days 00:01:12.691000,,,,,
2024,Canadian Grand Prix,Qualifying,Carlos Sainz,Ferrari,12.0,20.55384615384616,31.116666666666653,66.88461538461539,1.8564102564102563,55,C SAINZ,SAI,sainz,E80020,ferrari,Carlos,Sainz,https://media.formula1.com/d_driver_fallback_image.png/content/dam/fom-website/drivers/C/CARSAI01_Carlos_Sainz/carsai01.png.transform/1col/image.png,ESP,,,0 days 00:01:13.038000,0 days 00:01:12.728000,,,,,
2024,Canadian Grand Prix,Qualifying,Logan Sargeant,Williams,13.0,20.55384615384616,31.116666666666653,66.88461538461539,1.8564102564102563,2,L SARGEANT,SAR,sargeant,64C4FF,williams,Logan,Sargeant,https://media.formula1.com/d_driver_fallback_image.png/content/dam/fom-website/drivers/L/LOGSAR01_Logan_Sargeant/logsar01.png.transform/1col/image.png,USA,,,0 days 00:01:13.063000,0 days 00:01:12.736000,,,,,
2024,Canadian Grand Prix,Qualifying,Kevin Magnussen,Haas F1 Team,14.0,20.55384615384616,31.116666666666653,66.88461538461539,1.8564102564102563,20,K MAGNUSSEN,MAG,kevin_magnussen,B6BABD,haas,Kevin,Magnussen,https://media.formula1.com/d_driver_fallback_image.png/content/dam/fom-website/drivers/K/KEVMAG01_Kevin_Magnussen/kevmag01.png.transform/1col/image.png,DEN,,,0 days 00:01:13.217000,0 days 00:01:12.916000,,,,,
2024,Canadian Grand Prix,Qualifying,Pierre Gasly,Alpine,15.0,20.55384615384616,31.116666666666653,66.88461538461539,1.8564102564102563,10,P GASLY,GAS,gasly,0093cc,alpine,Pierre,Gasly,https://media.formula1.com/d_driver_fallback_image.png/content/dam/fom-website/drivers/P/PIEGAS01_Pierre_Gasly/piegas01.png.transform/1col/image.png,FRA,,,0 days 00:01:13.289000,0 days 00:01:12.940000,,,,,
2024,Canadian Grand Prix,Qualifying,Sergio Perez,Red Bull Racing,16.0,20.55384615384616,31.116666666666653,66.88461538461539,1.8564102564102563,11,S PEREZ,PER,perez,3671C6,red_bull,Sergio,Perez,https://media.formula1.com/d_driver_fallback_image.png/content/dam/fom-website/drivers/S/SERPER01_Sergio_Perez/serper01.png.transform/1col/image.png,MEX,,,0 days 00:01:13.326000,,,,,,
2024,Canadian Grand Prix,Qualifying,Valtteri Bottas,Kick Sauber,17.0,20.55384615384616,31.116666666666653,66.88461538461539,1.8564102564102563,77,V BOTTAS,BOT,bottas,52e252,sauber,Valtteri,Bottas,https://media.formula1.com/d_driver_fallback_image.png/content/dam/fom-website/drivers/V/VALBOT01_Valtteri_Bottas/valbot01.png.transform/1col/image.png,FIN,,,0 days 00:01:13.366000,,,,,,
2024,Canadian Grand Prix,Qualifying,Esteban Ocon,Alpine,18.0,20.55384615384616,31.116666666666653,66.88461538461539,1.8564102564102563,31,E OCON,OCO,ocon,0093cc,alpine,Esteban,Ocon,https://media.formula1.com/d_driver_fallback_image.png/content/dam/fom-website/drivers/E/ESTOCO01_Esteban_Ocon/estoco01.png.transform/1col/image.png,FRA,,,0 days 00:01:13.435000,,,,,,
2024,Canadian Grand Prix,Qualifying,Nico Hulkenberg,Haas F1 Team,19.0,20.55384615384616,31.116666666666653,66.88461538461539,1.8564102564102563,27,N HULKENBERG,HUL,hulkenberg,B6BABD,haas,Nico,Hulkenberg,https://media.formula1.com/d_driver_fallback_image.png/content/dam/fom-website/drivers/N/NICHUL01_Nico_Hulkenberg/nichul01.png.transform/1col/image.png,GER,,,0 days 00:01:13.978000,,,,,,
2024,Canadian Grand Prix,Qualifying,Guanyu Zhou,Kick Sauber,20.0,20.55384615384616,31.116666666666653,66.88461538461539,1.8564102564102563,24,G ZHOU,ZHO,zhou,52e252,sauber,Guanyu,Zhou,https://media.formula1.com/d_driver_fallback_image.png/content/dam/fom-website/drivers/G/GUAZHO01_Guanyu_Zhou/guazho01.png.transform/1col/image.png,CHN,,,0 days 00:01:14.292000,,,,,,
2024,Canadian Grand Prix,Practice 1,Max Verstappen,Red Bull Racing,,18.237179487179485,28.68205128205127,83.57692307692308,1.2474358974358977,1,M VERSTAPPEN,VER,max_verstappen,3671C6,red_bull,Max,Verstappen,https://media.formula1.com/d_driver_fallback_image.png/content/dam/fom-website/drivers/M/MAXVER01_Max_Verstappen/maxver01.png.transform/1col/image.png,NED,,,,,,,,,
2024,Canadian Grand Prix,Practice 1,Logan Sargeant,Williams,,18.237179487179485,28.68205128205127,83.57692307692308,1.2474358974358977,2,L SARGEANT,SAR,sargeant,64C4FF,williams,Logan,Sargeant,https://media.formula1.com/d_driver_fallback_image.png/content/dam/fom-website/drivers/L/LOGSAR01_Logan_Sargeant/logsar01.png.transform/1col/image.png,USA,,,,,,,,,
2024,Canadian Grand Prix,Practice 1,Daniel Ricciardo,RB,,18.237179487179485,28.68205128205127,83.57692307692308,1.2474358974358977,3,D RICCIARDO,RIC,ricciardo,6692FF,rb,Daniel,Ricciardo,https://media.formula1.com/d_driver_fallback_image.png/content/dam/fom-website/drivers/D/DANRIC01_Daniel_Ricciardo/danric01.png.transform/1col/image.png,AUS,,,,,,,,,
2024,Canadian Grand Prix,Practice 1,Lando Norris,McLaren,,18.237179487179485,28.68205128205127,83.57692307692308,1.2474358974358977,4,L NORRIS,NOR,norris,FF8000,mclaren,Lando,Norris,https://media.formula1.com/d_driver_fallback_image.png/content/dam/fom-website/drivers/L/LANNOR01_Lando_Norris/lannor01.png.transform/1col/image.png,GBR,,,,,,,,,
2024,Canadian Grand Prix,Practice 1,Pierre Gasly,Alpine,,18.237179487179485,28.68205128205127,83.57692307692308,1.2474358974358977,10,P GASLY,GAS,gasly,0093cc,alpine,Pierre,Gasly,https://media.formula1.com/d_driver_fallback_image.png/content/dam/fom-website/drivers/P/PIEGAS01_Pierre_Gasly/piegas01.png.transform/1col/image.png,FRA,,,,,,,,,
2024,Canadian Grand Prix,Practice 1,Sergio Perez,Red Bull Racing,,18.237179487179485,28.68205128205127,83.57692307692308,1.2474358974358977,11,S PEREZ,PER,perez,3671C6,red_bull,Sergio,Perez,https://media.formula1.com/d_driver_fallback_image.png/content/dam/fom-website/drivers/S/SERPER01_Sergio_Perez/serper01.png.transform/1col/image.png,MEX,,,,,,,,,
2024,Canadian Grand Prix,Practice 1,Fernando Alonso,Aston Martin,,18.237179487179485,28.68205128205127,83.57692307692308,1.2474358974358977,14,F ALONSO,ALO,alonso,229971,aston_martin,Fernando,Alonso,https://media.formula1.com/d_driver_fallback_image.png/content/dam/fom-website/drivers/F/FERALO01_Fernando_Alonso/feralo01.png.transform/1col/image.png,ESP,,,,,,,,,
2024,Canadian Grand Prix,Practice 1,Charles Leclerc,Ferrari,,18.237179487179485,28.68205128205127,83.57692307692308,1.2474358974358977,16,C LECLERC,LEC,leclerc,E80020,ferrari,Charles,Leclerc,https://media.formula1.com/d_driver_fallback_image.png/content/dam/fom-website/drivers/C/CHALEC01_Charles_Leclerc/chalec01.png.transform/1col/image.png,MON,,,,,,,,,
2024,Canadian Grand Prix,Practice 1,Lance Stroll,Aston Martin,,18.237179487179485,28.68205128205127,83.57692307692308,1.2474358974358977,18,L STROLL,STR,stroll,229971,aston_martin,Lance,Stroll,https://media.formula1.com/d_driver_fallback_image.png/content/dam/fom-website/drivers/L/LANSTR01_Lance_Stroll/lanstr01.png.transform/1col/image.png,CAN,,,,,,,,,
2024,Canadian Grand Prix,Practice 1,Kevin Magnussen,Haas F1 Team,,18.237179487179485,28.68205128205127,83.57692307692308,1.2474358974358977,20,K MAGNUSSEN,MAG,kevin_magnussen,B6BABD,haas,Kevin,Magnussen,https://media.formula1.com/d_driver_fallback_image.png/content/dam/fom-website/drivers/K/KEVMAG01_Kevin_Magnussen/kevmag01.png.transform/1col/image.png,DEN,,,,,,,,,
2024,Canadian Grand Prix,Practice 1,Yuki Tsunoda,RB,,18.237179487179485,28.68205128205127,83.57692307692308,1.2474358974358977,22,Y TSUNODA,TSU,tsunoda,6692FF,rb,Yuki,Tsunoda,https://media.formula1.com/d_driver_fallback_image.png/content/dam/fom-website/drivers/Y/YUKTSU01_Yuki_Tsunoda/yuktsu01.png.transform/1col/image.png,JPN,,,,,,,,,
2024,Canadian Grand Prix,Practice 1,Alexander Albon,Williams,,18.237179487179485,28.68205128205127,83.57692307692308,1.2474358974358977,23,A ALBON,ALB,albon,64C4FF,williams,Alexander,Albon,https://media.formula1.com/d_driver_fallback_image.png/content/dam/fom-website/drivers/A/ALEALB01_Alexander_Albon/alealb01.png.transform/1col/image.png,THA,,,,,,,,,
2024,Canadian Grand Prix,Practice 1,Guanyu Zhou,Kick Sauber,,18.237179487179485,28.68205128205127,83.57692307692308,1.2474358974358977,24,G ZHOU,ZHO,zhou,52e252,sauber,Guanyu,Zhou,https://media.formula1.com/d_driver_fallback_image.png/content/dam/fom-website/drivers/G/GUAZHO01_Guanyu_Zhou/guazho01.png.transform/1col/image.png,CHN,,,,,,,,,
2024,Canadian Grand Prix,Practice 1,Nico Hulkenberg,Haas F1 Team,,18.237179487179485,28.68205128205127,83.57692307692308,1.2474358974358977,27,N HULKENBERG,HUL,hulkenberg,B6BABD,haas,Nico,Hulkenberg,https://media.formula1.com/d_driver_fallback_image.png/content/dam/fom-website/drivers/N/NICHUL01_Nico_Hulkenberg/nichul01.png.transform/1col/image.png,GER,,,,,,,,,
2024,Canadian Grand Prix,Practice 1,Lewis Hamilton,Mercedes,,18.237179487179485,28.68205128205127,83.57692307692308,1.2474358974358977,44,L HAMILTON,HAM,hamilton,27F4D2,mercedes,Lewis,Hamilton,https://media.formula1.com/d_driver_fallback_image.png/content/dam/fom-website/drivers/L/LEWHAM01_Lewis_Hamilton/lewham01.png.transform/1col/image.png,GBR,,,,,,,,,
2024,Canadian Grand Prix,Practice 1,Carlos Sainz,Ferrari,,18.237179487179485,28.68205128205127,83.57692307692308,1.2474358974358977,55,C SAINZ,SAI,sainz,E80020,ferrari,Carlos,Sainz,https://media.formula1.com/d_driver_fallback_image.png/content/dam/fom-website/drivers/C/CARSAI01_Carlos_Sainz/carsai01.png.transform/1col/image.png,ESP,,,,,,,,,
2024,Canadian Grand Prix,Practice 1,Jack Doohan,Alpine,,18.237179487179485,28.68205128205127,83.57692307692308,1.2474358974358977,61,J DOOHAN,DOO,nan,0093cc,nan,Jack,Doohan,None,AUS,,,,,,,,,
2024,Canadian Grand Prix,Practice 1,George Russell,Mercedes,,18.237179487179485,28.68205128205127,83.57692307692308,1.2474358974358977,63,G RUSSELL,RUS,russell,27F4D2,mercedes,George,Russell,https://media.formula1.com/d_driver_fallback_image.png/content/dam/fom-website/drivers/G/GEORUS01_George_Russell/georus01.png.transform/1col/image.png,GBR,,,,,,,,,
2024,Canadian Grand Prix,Practice 1,Valtteri Bottas,Kick Sauber,,18.237179487179485,28.68205128205127,83.57692307692308,1.2474358974358977,77,V BOTTAS,BOT,bottas,52e252,sauber,Valtteri,Bottas,https://media.formula1.com/d_driver_fallback_image.png/content/dam/fom-website/drivers/V/VALBOT01_Valtteri_Bottas/valbot01.png.transform/1col/image.png,FIN,,,,,,,,,
2024,Canadian Grand Prix,Practice 1,Oscar Piastri,McLaren,,18.237179487179485,28.68205128205127,83.57692307692308,1.2474358974358977,81,O PIASTRI,PIA,piastri,FF8000,mclaren,Oscar,Piastri,https://media.formula1.com/d_driver_fallback_image.png/content/dam/fom-website/drivers/O/OSCPIA01_Oscar_Piastri/oscpia01.png.transform/1col/image.png,AUS,,,,,,,,,
2024,Canadian Grand Prix,Practice 2,Max Verstappen,Red Bull Racing,,18.99625,25.546249999999997,68.5,1.2925,1,M VERSTAPPEN,VER,max_verstappen,3671C6,red_bull,Max,Verstappen,https://media.formula1.com/d_driver_fallback_image.png/content/dam/fom-website/drivers/M/MAXVER01_Max_Verstappen/maxver01.png.transform/1col/image.png,NED,,,,,,,,,
2024,Canadian Grand Prix,Practice 2,Logan Sargeant,Williams,,18.99625,25.546249999999997,68.5,1.2925,2,L SARGEANT,SAR,sargeant,64C4FF,williams,Logan,Sargeant,https://media.formula1.com/d_driver_fallback_image.png/content/dam/fom-website/drivers/L/LOGSAR01_Logan_Sargeant/logsar01.png.transform/1col/image.png,USA,,,,,,,,,
2024,Canadian Grand Prix,Practice 2,Daniel Ricciardo,RB,,18.99625,25.546249999999997,68.5,1.2925,3,D RICCIARDO,RIC,ricciardo,6692FF,rb,Daniel,Ricciardo,https://media.formula1.com/d_driver_fallback_image.png/content/dam/fom-website/drivers/D/DANRIC01_Daniel_Ricciardo/danric01.png.transform/1col/image.png,AUS,,,,,,,,,
2024,Canadian Grand Prix,Practice 2,Lando Norris,McLaren,,18.99625,25.546249999999997,68.5,1.2925,4,L NORRIS,NOR,norris,FF8000,mclaren,Lando,Norris,https://media.formula1.com/d_driver_fallback_image.png/content/dam/fom-website/drivers/L/LANNOR01_Lando_Norris/lannor01.png.transform/1col/image.png,GBR,,,,,,,,,
2024,Canadian Grand Prix,Practice 2,Pierre Gasly,Alpine,,18.99625,25.546249999999997,68.5,1.2925,10,P GASLY,GAS,gasly,0093cc,alpine,Pierre,Gasly,https://media.formula1.com/d_driver_fallback_image.png/content/dam/fom-website/drivers/P/PIEGAS01_Pierre_Gasly/piegas01.png.transform/1col/image.png,FRA,,,,,,,,,
2024,Canadian Grand Prix,Practice 2,Sergio Perez,Red Bull Racing,,18.99625,25.546249999999997,68.5,1.2925,11,S PEREZ,PER,perez,3671C6,red_bull,Sergio,Perez,https://media.formula1.com/d_driver_fallback_image.png/content/dam/fom-website/drivers/S/SERPER01_Sergio_Perez/serper01.png.transform/1col/image.png,MEX,,,,,,,,,
2024,Canadian Grand Prix,Practice 2,Fernando Alonso,Aston Martin,,18.99625,25.546249999999997,68.5,1.2925,14,F ALONSO,ALO,alonso,229971,aston_martin,Fernando,Alonso,https://media.formula1.com/d_driver_fallback_image.png/content/dam/fom-website/drivers/F/FERALO01_Fernando_Alonso/feralo01.png.transform/1col/image.png,ESP,,,,,,,,,
2024,Canadian Grand Prix,Practice 2,Charles Leclerc,Ferrari,,18.99625,25.546249999999997,68.5,1.2925,16,C LECLERC,LEC,leclerc,E80020,ferrari,Charles,Leclerc,https://media.formula1.com/d_driver_fallback_image.png/content/dam/fom-website/drivers/C/CHALEC01_Charles_Leclerc/chalec01.png.transform/1col/image.png,MON,,,,,,,,,
2024,Canadian Grand Prix,Practice 2,Lance Stroll,Aston Martin,,18.99625,25.546249999999997,68.5,1.2925,18,L STROLL,STR,stroll,229971,aston_martin,Lance,Stroll,https://media.formula1.com/d_driver_fallback_image.png/content/dam/fom-website/drivers/L/LANSTR01_Lance_Stroll/lanstr01.png.transform/1col/image.png,CAN,,,,,,,,,
2024,Canadian Grand Prix,Practice 2,Kevin Magnussen,Haas F1 Team,,18.99625,25.546249999999997,68.5,1.2925,20,K MAGNUSSEN,MAG,kevin_magnussen,B6BABD,haas,Kevin,Magnussen,https://media.formula1.com/d_driver_fallback_image.png/content/dam/fom-website/drivers/K/KEVMAG01_Kevin_Magnussen/kevmag01.png.transform/1col/image.png,DEN,,,,,,,,,
2024,Canadian Grand Prix,Practice 2,Yuki Tsunoda,RB,,18.99625,25.546249999999997,68.5,1.2925,22,Y TSUNODA,TSU,tsunoda,6692FF,rb,Yuki,Tsunoda,https://media.formula1.com/d_driver_fallback_image.png/content/dam/fom-website/drivers/Y/YUKTSU01_Yuki_Tsunoda/yuktsu01.png.transform/1col/image.png,JPN,,,,,,,,,
2024,Canadian Grand Prix,Practice 2,Alexander Albon,Williams,,18.99625,25.546249999999997,68.5,1.2925,23,A ALBON,ALB,albon,64C4FF,williams,Alexander,Albon,https://media.formula1.com/d_driver_fallback_image.png/content/dam/fom-website/drivers/A/ALEALB01_Alexander_Albon/alealb01.png.transform/1col/image.png,THA,,,,,,,,,
2024,Canadian Grand Prix,Practice 2,Guanyu Zhou,Kick Sauber,,18.99625,25.546249999999997,68.5,1.2925,24,G ZHOU,ZHO,zhou,52e252,sauber,Guanyu,Zhou,https://media.formula1.com/d_driver_fallback_image.png/content/dam/fom-website/drivers/G/GUAZHO01_Guanyu_Zhou/guazho01.png.transform/1col/image.png,CHN,,,,,,,,,
2024,Canadian Grand Prix,Practice 2,Nico Hulkenberg,Haas F1 Team,,18.99625,25.546249999999997,68.5,1.2925,27,N HULKENBERG,HUL,hulkenberg,B6BABD,haas,Nico,Hulkenberg,https://media.formula1.com/d_driver_fallback_image.png/content/dam/fom-website/drivers/N/NICHUL01_Nico_Hulkenberg/nichul01.png.transform/1col/image.png,GER,,,,,,,,,
2024,Canadian Grand Prix,Practice 2,Esteban Ocon,Alpine,,18.99625,25.546249999999997,68.5,1.2925,31,E OCON,OCO,ocon,0093cc,alpine,Esteban,Ocon,https://media.formula1.com/d_driver_fallback_image.png/content/dam/fom-website/drivers/E/ESTOCO01_Esteban_Ocon/estoco01.png.transform/1col/image.png,FRA,,,,,,,,,
2024,Canadian Grand Prix,Practice 2,Lewis Hamilton,Mercedes,,18.99625,25.546249999999997,68.5,1.2925,44,L HAMILTON,HAM,hamilton,27F4D2,mercedes,Lewis,Hamilton,https://media.formula1.com/d_driver_fallback_image.png/content/dam/fom-website/drivers/L/LEWHAM01_Lewis_Hamilton/lewham01.png.transform/1col/image.png,GBR,,,,,,,,,
2024,Canadian Grand Prix,Practice 2,Carlos Sainz,Ferrari,,18.99625,25.546249999999997,68.5,1.2925,55,C SAINZ,SAI,sainz,E80020,ferrari,Carlos,Sainz,https://media.formula1.com/d_driver_fallback_image.png/content/dam/fom-website/drivers/C/CARSAI01_Carlos_Sainz/carsai01.png.transform/1col/image.png,ESP,,,,,,,,,
2024,Canadian Grand Prix,Practice 2,George Russell,Mercedes,,18.99625,25.546249999999997,68.5,1.2925,63,G RUSSELL,RUS,russell,27F4D2,mercedes,George,Russell,https://media.formula1.com/d_driver_fallback_image.png/content/dam/fom-website/drivers/G/GEORUS01_George_Russell/georus01.png.transform/1col/image.png,GBR,,,,,,,,,
2024,Canadian Grand Prix,Practice 2,Valtteri Bottas,Kick Sauber,,18.99625,25.546249999999997,68.5,1.2925,77,V BOTTAS,BOT,bottas,52e252,sauber,Valtteri,Bottas,https://media.formula1.com/d_driver_fallback_image.png/content/dam/fom-website/drivers/V/VALBOT01_Valtteri_Bottas/valbot01.png.transform/1col/image.png,FIN,,,,,,,,,
2024,Canadian Grand Prix,Practice 2,Oscar Piastri,McLaren,,18.99625,25.546249999999997,68.5,1.2925,81,O PIASTRI,PIA,piastri,FF8000,mclaren,Oscar,Piastri,https://media.formula1.com/d_driver_fallback_image.png/content/dam/fom-website/drivers/O/OSCPIA01_Oscar_Piastri/oscpia01.png.transform/1col/image.png,AUS,,,,,,,,,
2024,Canadian Grand Prix,Practice 3,Max Verstappen,Red Bull Racing,,20.854320987654322,36.4,61.925925925925924,1.6790123456790123,1,M VERSTAPPEN,VER,max_verstappen,3671C6,red_bull,Max,Verstappen,https://media.formula1.com/d_driver_fallback_image.png/content/dam/fom-website/drivers/M/MAXVER01_Max_Verstappen/maxver01.png.transform/1col/image.png,NED,,,,,,,,,
2024,Canadian Grand Prix,Practice 3,Logan Sargeant,Williams,,20.854320987654322,36.4,61.925925925925924,1.6790123456790123,2,L SARGEANT,SAR,sargeant,64C4FF,williams,Logan,Sargeant,https://media.formula1.com/d_driver_fallback_image.png/content/dam/fom-website/drivers/L/LOGSAR01_Logan_Sargeant/logsar01.png.transform/1col/image.png,USA,,,,,,,,,
2024,Canadian Grand Prix,Practice 3,Daniel Ricciardo,RB,,20.854320987654322,36.4,61.925925925925924,1.6790123456790123,3,D RICCIARDO,RIC,ricciardo,6692FF,rb,Daniel,Ricciardo,https://media.formula1.com/d_driver_fallback_image.png/content/dam/fom-website/drivers/D/DANRIC01_Daniel_Ricciardo/danric01.png.transform/1col/image.png,AUS,,,,,,,,,
2024,Canadian Grand Prix,Practice 3,Lando Norris,McLaren,,20.854320987654322,36.4,61.925925925925924,1.6790123456790123,4,L NORRIS,NOR,norris,FF8000,mclaren,Lando,Norris,https://media.formula1.com/d_driver_fallback_image.png/content/dam/fom-website/drivers/L/LANNOR01_Lando_Norris/lannor01.png.transform/1col/image.png,GBR,,,,,,,,,
2024,Canadian Grand Prix,Practice 3,Pierre Gasly,Alpine,,20.854320987654322,36.4,61.925925925925924,1.6790123456790123,10,P GASLY,GAS,gasly,0093cc,alpine,Pierre,Gasly,https://media.formula1.com/d_driver_fallback_image.png/content/dam/fom-website/drivers/P/PIEGAS01_Pierre_Gasly/piegas01.png.transform/1col/image.png,FRA,,,,,,,,,
2024,Canadian Grand Prix,Practice 3,Sergio Perez,Red Bull Racing,,20.854320987654322,36.4,61.925925925925924,1.6790123456790123,11,S PEREZ,PER,perez,3671C6,red_bull,Sergio,Perez,https://media.formula1.com/d_driver_fallback_image.png/content/dam/fom-website/drivers/S/SERPER01_Sergio_Perez/serper01.png.transform/1col/image.png,MEX,,,,,,,,,
2024,Canadian Grand Prix,Practice 3,Fernando Alonso,Aston Martin,,20.854320987654322,36.4,61.925925925925924,1.6790123456790123,14,F ALONSO,ALO,alonso,229971,aston_martin,Fernando,Alonso,https://media.formula1.com/d_driver_fallback_image.png/content/dam/fom-website/drivers/F/FERALO01_Fernando_Alonso/feralo01.png.transform/1col/image.png,ESP,,,,,,,,,
2024,Canadian Grand Prix,Practice 3,Charles Leclerc,Ferrari,,20.854320987654322,36.4,61.925925925925924,1.6790123456790123,16,C LECLERC,LEC,leclerc,E80020,ferrari,Charles,Leclerc,https://media.formula1.com/d_driver_fallback_image.png/content/dam/fom-website/drivers/C/CHALEC01_Charles_Leclerc/chalec01.png.transform/1col/image.png,MON,,,,,,,,,
2024,Canadian Grand Prix,Practice 3,Lance Stroll,Aston Martin,,20.854320987654322,36.4,61.925925925925924,1.6790123456790123,18,L STROLL,STR,stroll,229971,aston_martin,Lance,Stroll,https://media.formula1.com/d_driver_fallback_image.png/content/dam/fom-website/drivers/L/LANSTR01_Lance_Stroll/lanstr01.png.transform/1col/image.png,CAN,,,,,,,,,
2024,Canadian Grand Prix,Practice 3,Kevin Magnussen,Haas F1 Team,,20.854320987654322,36.4,61.925925925925924,1.6790123456790123,20,K MAGNUSSEN,MAG,kevin_magnussen,B6BABD,haas,Kevin,Magnussen,https://media.formula1.com/d_driver_fallback_image.png/content/dam/fom-website/drivers/K/KEVMAG01_Kevin_Magnussen/kevmag01.png.transform/1col/image.png,DEN,,,,,,,,,
2024,Canadian Grand Prix,Practice 3,Yuki Tsunoda,RB,,20.854320987654322,36.4,61.925925925925924,1.6790123456790123,22,Y TSUNODA,TSU,tsunoda,6692FF,rb,Yuki,Tsunoda,https://media.formula1.com/d_driver_fallback_image.png/content/dam/fom-website/drivers/Y/YUKTSU01_Yuki_Tsunoda/yuktsu01.png.transform/1col/image.png,JPN,,,,,,,,,
2024,Canadian Grand Prix,Practice 3,Alexander Albon,Williams,,20.854320987654322,36.4,61.925925925925924,1.6790123456790123,23,A ALBON,ALB,albon,64C4FF,williams,Alexander,Albon,https://media.formula1.com/d_driver_fallback_image.png/content/dam/fom-website/drivers/A/ALEALB01_Alexander_Albon/alealb01.png.transform/1col/image.png,THA,,,,,,,,,
2024,Canadian Grand Prix,Practice 3,Guanyu Zhou,Kick Sauber,,20.854320987654322,36.4,61.925925925925924,1.6790123456790123,24,G ZHOU,ZHO,zhou,52e252,sauber,Guanyu,Zhou,https://media.formula1.com/d_driver_fallback_image.png/content/dam/fom-website/drivers/G/GUAZHO01_Guanyu_Zhou/guazho01.png.transform/1col/image.png,CHN,,,,,,,,,
2024,Canadian Grand Prix,Practice 3,Nico Hulkenberg,Haas F1 Team,,20.854320987654322,36.4,61.925925925925924,1.6790123456790123,27,N HULKENBERG,HUL,hulkenberg,B6BABD,haas,Nico,Hulkenberg,https://media.formula1.com/d_driver_fallback_image.png/content/dam/fom-website/drivers/N/NICHUL01_Nico_Hulkenberg/nichul01.png.transform/1col/image.png,GER,,,,,,,,,
2024,Canadian Grand Prix,Practice 3,Esteban Ocon,Alpine,,20.854320987654322,36.4,61.925925925925924,1.6790123456790123,31,E OCON,OCO,ocon,0093cc,alpine,Esteban,Ocon,https://media.formula1.com/d_driver_fallback_image.png/content/dam/fom-website/drivers/E/ESTOCO01_Esteban_Ocon/estoco01.png.transform/1col/image.png,FRA,,,,,,,,,
2024,Canadian Grand Prix,Practice 3,Lewis Hamilton,Mercedes,,20.854320987654322,36.4,61.925925925925924,1.6790123456790123,44,L HAMILTON,HAM,hamilton,27F4D2,mercedes,Lewis,Hamilton,https://media.formula1.com/d_driver_fallback_image.png/content/dam/fom-website/drivers/L/LEWHAM01_Lewis_Hamilton/lewham01.png.transform/1col/image.png,GBR,,,,,,,,,
2024,Canadian Grand Prix,Practice 3,Carlos Sainz,Ferrari,,20.854320987654322,36.4,61.925925925925924,1.6790123456790123,55,C SAINZ,SAI,sainz,E80020,ferrari,Carlos,Sainz,https://media.formula1.com/d_driver_fallback_image.png/content/dam/fom-website/drivers/C/CARSAI01_Carlos_Sainz/carsai01.png.transform/1col/image.png,ESP,,,,,,,,,
2024,Canadian Grand Prix,Practice 3,George Russell,Mercedes,,20.854320987654322,36.4,61.925925925925924,1.6790123456790123,63,G RUSSELL,RUS,russell,27F4D2,mercedes,George,Russell,https://media.formula1.com/d_driver_fallback_image.png/content/dam/fom-website/drivers/G/GEORUS01_George_Russell/georus01.png.transform/1col/image.png,GBR,,,,,,,,,
2024,Canadian Grand Prix,Practice 3,Valtteri Bottas,Kick Sauber,,20.854320987654322,36.4,61.925925925925924,1.6790123456790123,77,V BOTTAS,BOT,bottas,52e252,sauber,Valtteri,Bottas,https://media.formula1.com/d_driver_fallback_image.png/content/dam/fom-website/drivers/V/VALBOT01_Valtteri_Bottas/valbot01.png.transform/1col/image.png,FIN,,,,,,,,,
2024,Canadian Grand Prix,Practice 3,Oscar Piastri,McLaren,,20.854320987654322,36.4,61.925925925925924,1.6790123456790123,81,O PIASTRI,PIA,piastri,FF8000,mclaren,Oscar,Piastri,https://media.formula1.com/d_driver_fallback_image.png/content/dam/fom-website/drivers/O/OSCPIA01_Oscar_Piastri/oscpia01.png.transform/1col/image.png,AUS,,,,,,,,,
2024,Spanish Grand Prix,Race,Max Verstappen,Red Bull Racing,1.0,24.132467532467533,41.096103896103905,63.44155844155844,2.1233766233766236,1,M VERSTAPPEN,VER,max_verstappen,3671C6,red_bull,Max,Verstappen,https://media.formula1.com/d_driver_fallback_image.png/content/dam/fom-website/drivers/M/MAXVER01_Max_Verstappen/maxver01.png.transform/1col/image.png,NED,1,2.0,,,,0 days 01:28:20.227000,Finished,25.0,66.0
2024,Spanish Grand Prix,Race,Lando Norris,McLaren,2.0,24.132467532467533,41.096103896103905,63.44155844155844,2.1233766233766236,4,L NORRIS,NOR,norris,FF8000,mclaren,Lando,Norris,https://media.formula1.com/d_driver_fallback_image.png/content/dam/fom-website/drivers/L/LANNOR01_Lando_Norris/lannor01.png.transform/1col/image.png,GBR,2,1.0,,,,0 days 00:00:02.219000,Finished,19.0,66.0
2024,Spanish Grand Prix,Race,Lewis Hamilton,Mercedes,3.0,24.132467532467533,41.096103896103905,63.44155844155844,2.1233766233766236,44,L HAMILTON,HAM,hamilton,27F4D2,mercedes,Lewis,Hamilton,https://media.formula1.com/d_driver_fallback_image.png/content/dam/fom-website/drivers/L/LEWHAM01_Lewis_Hamilton/lewham01.png.transform/1col/image.png,GBR,3,3.0,,,,0 days 00:00:17.790000,Finished,15.0,66.0
2024,Spanish Grand Prix,Race,George Russell,Mercedes,4.0,24.132467532467533,41.096103896103905,63.44155844155844,2.1233766233766236,63,G RUSSELL,RUS,russell,27F4D2,mercedes,George,Russell,https://media.formula1.com/d_driver_fallback_image.png/content/dam/fom-website/drivers/G/GEORUS01_George_Russell/georus01.png.transform/1col/image.png,GBR,4,4.0,,,,0 days 00:00:22.320000,Finished,12.0,66.0
2024,Spanish Grand Prix,Race,Charles Leclerc,Ferrari,5.0,24.132467532467533,41.096103896103905,63.44155844155844,2.1233766233766236,16,C LECLERC,LEC,leclerc,E80020,ferrari,Charles,Leclerc,https://media.formula1.com/d_driver_fallback_image.png/content/dam/fom-website/drivers/C/CHALEC01_Charles_Leclerc/chalec01.png.transform/1col/image.png,MON,5,5.0,,,,0 days 00:00:22.709000,Finished,10.0,66.0
2024,Spanish Grand Prix,Race,Carlos Sainz,Ferrari,6.0,24.132467532467533,41.096103896103905,63.44155844155844,2.1233766233766236,55,C SAINZ,SAI,sainz,E80020,ferrari,Carlos,Sainz,https://media.formula1.com/d_driver_fallback_image.png/content/dam/fom-website/drivers/C/CARSAI01_Carlos_Sainz/carsai01.png.transform/1col/image.png,ESP,6,6.0,,,,0 days 00:00:31.028000,Finished,8.0,66.0
2024,Spanish Grand Prix,Race,Oscar Piastri,McLaren,7.0,24.132467532467533,41.096103896103905,63.44155844155844,2.1233766233766236,81,O PIASTRI,PIA,piastri,FF8000,mclaren,Oscar,Piastri,https://media.formula1.com/d_driver_fallback_image.png/content/dam/fom-website/drivers/O/OSCPIA01_Oscar_Piastri/oscpia01.png.transform/1col/image.png,AUS,7,9.0,,,,0 days 00:00:33.760000,Finished,6.0,66.0
2024,Spanish Grand Prix,Race,Sergio Perez,Red Bull Racing,8.0,24.132467532467533,41.096103896103905,63.44155844155844,2.1233766233766236,11,S PEREZ,PER,perez,3671C6,red_bull,Sergio,Perez,https://media.formula1.com/d_driver_fallback_image.png/content/dam/fom-website/drivers/S/SERPER01_Sergio_Perez/serper01.png.transform/1col/image.png,MEX,8,11.0,,,,0 days 00:00:59.524000,Finished,4.0,66.0
2024,Spanish Grand Prix,Race,Pierre Gasly,Alpine,9.0,24.132467532467533,41.096103896103905,63.44155844155844,2.1233766233766236,10,P GASLY,GAS,gasly,0093cc,alpine,Pierre,Gasly,https://media.formula1.com/d_driver_fallback_image.png/content/dam/fom-website/drivers/P/PIEGAS01_Pierre_Gasly/piegas01.png.transform/1col/image.png,FRA,9,7.0,,,,0 days 00:01:02.025000,Finished,2.0,66.0
2024,Spanish Grand Prix,Race,Esteban Ocon,Alpine,10.0,24.132467532467533,41.096103896103905,63.44155844155844,2.1233766233766236,31,E OCON,OCO,ocon,0093cc,alpine,Esteban,Ocon,https://media.formula1.com/d_driver_fallback_image.png/content/dam/fom-website/drivers/E/ESTOCO01_Esteban_Ocon/estoco01.png.transform/1col/image.png,FRA,10,8.0,,,,0 days 00:01:11.889000,Finished,1.0,66.0
2024,Spanish Grand Prix,Race,Nico Hulkenberg,Haas F1 Team,11.0,24.132467532467533,41.096103896103905,63.44155844155844,2.1233766233766236,27,N HULKENBERG,HUL,hulkenberg,B6BABD,haas,Nico,Hulkenberg,https://media.formula1.com/d_driver_fallback_image.png/content/dam/fom-website/drivers/N/NICHUL01_Nico_Hulkenberg/nichul01.png.transform/1col/image.png,GER,11,13.0,,,,0 days 00:01:19.215000,Finished,0.0,66.0
2024,Spanish Grand Prix,Race,Fernando Alonso,Aston Martin,12.0,24.132467532467533,41.096103896103905,63.44155844155844,2.1233766233766236,14,F ALONSO,ALO,alonso,229971,aston_martin,Fernando,Alonso,https://media.formula1.com/d_driver_fallback_image.png/content/dam/fom-website/drivers/F/FERALO01_Fernando_Alonso/feralo01.png.transform/1col/image.png,ESP,12,10.0,,,,0 days 00:00:09.497000,Lapped,0.0,65.0
2024,Spanish Grand Prix,Race,Guanyu Zhou,Kick Sauber,13.0,24.132467532467533,41.096103896103905,63.44155844155844,2.1233766233766236,24,G ZHOU,ZHO,zhou,52e252,sauber,Guanyu,Zhou,https://media.formula1.com/d_driver_fallback_image.png/content/dam/fom-website/drivers/G/GUAZHO01_Guanyu_Zhou/guazho01.png.transform/1col/image.png,CHN,13,15.0,,,,0 days 00:00:15.476000,Lapped,0.0,65.0
2024,Spanish Grand Prix,Race,Lance Stroll,Aston Martin,14.0,24.132467532467533,41.096103896103905,63.44155844155844,2.1233766233766236,18,L STROLL,STR,stroll,229971,aston_martin,Lance,Stroll,https://media.formula1.com/d_driver_fallback_image.png/content/dam/fom-website/drivers/L/LANSTR01_Lance_Stroll/lanstr01.png.transform/1col/image.png,CAN,14,14.0,,,,0 days 00:00:25.252000,Lapped,0.0,65.0
2024,Spanish Grand Prix,Race,Daniel Ricciardo,RB,15.0,24.132467532467533,41.096103896103905,63.44155844155844,2.1233766233766236,3,D RICCIARDO,RIC,ricciardo,6692FF,rb,Daniel,Ricciardo,https://media.formula1.com/d_driver_fallback_image.png/content/dam/fom-website/drivers/D/DANRIC01_Daniel_Ricciardo/danric01.png.transform/1col/image.png,AUS,15,18.0,,,,0 days 00:00:44.050000,Lapped,0.0,65.0
2024,Spanish Grand Prix,Race,Valtteri Bottas,Kick Sauber,16.0,24.132467532467533,41.096103896103905,63.44155844155844,2.1233766233766236,77,V BOTTAS,BOT,bottas,52e252,sauber,Valtteri,Bottas,https://media.formula1.com/d_driver_fallback_image.png/content/dam/fom-website/drivers/V/VALBOT01_Valtteri_Bottas/valbot01.png.transform/1col/image.png,FIN,16,12.0,,,,0 days 00:00:53.313000,Lapped,0.0,65.0
2024,Spanish Grand Prix,Race,Kevin Magnussen,Haas F1 Team,17.0,24.132467532467533,41.096103896103905,63.44155844155844,2.1233766233766236,20,K MAGNUSSEN,MAG,kevin_magnussen,B6BABD,haas,Kevin,Magnussen,https://media.formula1.com/d_driver_fallback_image.png/content/dam/fom-website/drivers/K/KEVMAG01_Kevin_Magnussen/kevmag01.png.transform/1col/image.png,DEN,17,16.0,,,,0 days 00:00:54.788000,Lapped,0.0,65.0
2024,Spanish Grand Prix,Race,Alexander Albon,Williams,18.0,24.132467532467533,41.096103896103905,63.44155844155844,2.1233766233766236,23,A ALBON,ALB,albon,64C4FF,williams,Alexander,Albon,https://media.formula1.com/d_driver_fallback_image.png/content/dam/fom-website/drivers/A/ALEALB01_Alexander_Albon/alealb01.png.transform/1col/image.png,THA,18,20.0,,,,0 days 00:00:58.149000,Lapped,0.0,65.0
2024,Spanish Grand Prix,Race,Yuki Tsunoda,RB,19.0,24.132467532467533,41.096103896103905,63.44155844155844,2.1233766233766236,22,Y TSUNODA,TSU,tsunoda,6692FF,rb,Yuki,Tsunoda,https://media.formula1.com/d_driver_fallback_image.png/content/dam/fom-website/drivers/Y/YUKTSU01_Yuki_Tsunoda/yuktsu01.png.transform/1col/image.png,JPN,19,17.0,,,,0 days 00:01:08.904000,Lapped,0.0,65.0
2024,Spanish Grand Prix,Race,Logan Sargeant,Williams,20.0,24.132467532467533,41.096103896103905,63.44155844155844,2.1233766233766236,2,L SARGEANT,SAR,sargeant,64C4FF,williams,Logan,Sargeant,https://media.formula1.com/d_driver_fallback_image.png/content/dam/fom-website/drivers/L/LOGSAR01_Logan_Sargeant/logsar01.png.transform/1col/image.png,USA,20,19.0,,,,0 days 00:00:04.866000,Lapped,0.0,64.0
2024,Spanish Grand Prix,Qualifying,Lando Norris,McLaren,1.0,24.089473684210525,36.535526315789475,68.35526315789474,1.3618421052631582,4,L NORRIS,NOR,norris,FF8000,mclaren,Lando,Norris,https://media.formula1.com/d_driver_fallback_image.png/content/dam/fom-website/drivers/L/LANNOR01_Lando_Norris/lannor01.png.transform/1col/image.png,GBR,,,0 days 00:01:12.386000,0 days 00:01:11.872000,0 days 00:01:11.383000,,,,
2024,Spanish Grand Prix,Qualifying,Max Verstappen,Red Bull Racing,2.0,24.089473684210525,36.535526315789475,68.35526315789474,1.3618421052631582,1,M VERSTAPPEN,VER,max_verstappen,3671C6,red_bull,Max,Verstappen,https://media.formula1.com/d_driver_fallback_image.png/content/dam/fom-website/drivers/M/MAXVER01_Max_Verstappen/maxver01.png.transform/1col/image.png,NED,,,0 days 00:01:12.306000,0 days 00:01:11.653000,0 days 00:01:11.403000,,,,
2024,Spanish Grand Prix,Qualifying,Lewis Hamilton,Mercedes,3.0,24.089473684210525,36.535526315789475,68.35526315789474,1.3618421052631582,44,L HAMILTON,HAM,hamilton,27F4D2,mercedes,Lewis,Hamilton,https://media.formula1.com/d_driver_fallback_image.png/content/dam/fom-website/drivers/L/LEWHAM01_Lewis_Hamilton/lewham01.png.transform/1col/image.png,GBR,,,0 days 00:01:12.143000,0 days 00:01:11.792000,0 days 00:01:11.701000,,,,
2024,Spanish Grand Prix,Qualifying,George Russell,Mercedes,4.0,24.089473684210525,36.535526315789475,68.35526315789474,1.3618421052631582,63,G RUSSELL,RUS,russell,27F4D2,mercedes,George,Russell,https://media.formula1.com/d_driver_fallback_image.png/content/dam/fom-website/drivers/G/GEORUS01_George_Russell/georus01.png.transform/1col/image.png,GBR,,,0 days 00:01:12.456000,0 days 00:01:11.812000,0 days 00:01:11.703000,,,,
2024,Spanish Grand Prix,Qualifying,Charles Leclerc,Ferrari,5.0,24.089473684210525,36.535526315789475,68.35526315789474,1.3618421052631582,16,C LECLERC,LEC,leclerc,E80020,ferrari,Charles,Leclerc,https://media.formula1.com/d_driver_fallback_image.png/content/dam/fom-website/drivers/C/CHALEC01_Charles_Leclerc/chalec01.png.transform/1col/image.png,MON,,,0 days 00:01:12.257000,0 days 00:01:12.038000,0 days 00:01:11.731000,,,,
2024,Spanish Grand Prix,Qualifying,Carlos Sainz,Ferrari,6.0,24.089473684210525,36.535526315789475,68.35526315789474,1.3618421052631582,55,C SAINZ,SAI,sainz,E80020,ferrari,Carlos,Sainz,https://media.formula1.com/d_driver_fallback_image.png/content/dam/fom-website/drivers/C/CARSAI01_Carlos_Sainz/carsai01.png.transform/1col/image.png,ESP,,,0 days 00:01:12.403000,0 days 00:01:11.874000,0 days 00:01:11.736000,,,,
2024,Spanish Grand Prix,Qualifying,Pierre Gasly,Alpine,7.0,24.089473684210525,36.535526315789475,68.35526315789474,1.3618421052631582,10,P GASLY,GAS,gasly,0093cc,alpine,Pierre,Gasly,https://media.formula1.com/d_driver_fallback_image.png/content/dam/fom-website/drivers/P/PIEGAS01_Pierre_Gasly/piegas01.png.transform/1col/image.png,FRA,,,0 days 00:01:12.651000,0 days 00:01:12.079000,0 days 00:01:11.857000,,,,
2024,Spanish Grand Prix,Qualifying,Sergio Perez,Red Bull Racing,8.0,24.089473684210525,36.535526315789475,68.35526315789474,1.3618421052631582,11,S PEREZ,PER,perez,3671C6,red_bull,Sergio,Perez,https://media.formula1.com/d_driver_fallback_image.png/content/dam/fom-website/drivers/S/SERPER01_Sergio_Perez/serper01.png.transform/1col/image.png,MEX,,,0 days 00:01:12.477000,0 days 00:01:12.054000,0 days 00:01:12.061000,,,,
2024,Spanish Grand Prix,Qualifying,Esteban Ocon,Alpine,9.0,24.089473684210525,36.535526315789475,68.35526315789474,1.3618421052631582,31,E OCON,OCO,ocon,0093cc,alpine,Esteban,Ocon,https://media.formula1.com/d_driver_fallback_image.png/content/dam/fom-website/drivers/E/ESTOCO01_Esteban_Ocon/estoco01.png.transform/1col/image.png,FRA,,,0 days 00:01:12.691000,0 days 00:01:12.109000,0 days 00:01:12.125000,,,,
2024,Spanish Grand Prix,Qualifying,Oscar Piastri,McLaren,10.0,24.089473684210525,36.535526315789475,68.35526315789474,1.3618421052631582,81,O PIASTRI,PIA,piastri,FF8000,mclaren,Oscar,Piastri,https://media.formula1.com/d_driver_fallback_image.png/content/dam/fom-website/drivers/O/OSCPIA01_Oscar_Piastri/oscpia01.png.transform/1col/image.png,AUS,,,0 days 00:01:12.460000,0 days 00:01:12.011000,,,,,
2024,Spanish Grand Prix,Qualifying,Fernando Alonso,Aston Martin,11.0,24.089473684210525,36.535526315789475,68.35526315789474,1.3618421052631582,14,F ALONSO,ALO,alonso,229971,aston_martin,Fernando,Alonso,https://media.formula1.com/d_driver_fallback_image.png/content/dam/fom-website/drivers/F/FERALO01_Fernando_Alonso/feralo01.png.transform/1col/image.png,ESP,,,0 days 00:01:12.505000,0 days 00:01:12.128000,,,,,
2024,Spanish Grand Prix,Qualifying,Valtteri Bottas,Kick Sauber,12.0,24.089473684210525,36.535526315789475,68.35526315789474,1.3618421052631582,77,V BOTTAS,BOT,bottas,52e252,sauber,Valtteri,Bottas,https://media.formula1.com/d_driver_fallback_image.png/content/dam/fom-website/drivers/V/VALBOT01_Valtteri_Bottas/valbot01.png.transform/1col/image.png,FIN,,,0 days 00:01:12.758000,0 days 00:01:12.227000,,,,,
2024,Spanish Grand Prix,Qualifying,Nico Hulkenberg,Haas F1 Team,13.0,24.089473684210525,36.535526315789475,68.35526315789474,1.3618421052631582,27,N HULKENBERG,HUL,hulkenberg,B6BABD,haas,Nico,Hulkenberg,https://media.formula1.com/d_driver_fallback_image.png/content/dam/fom-website/drivers/N/NICHUL01_Nico_Hulkenberg/nichul01.png.transform/1col/image.png,GER,,,0 days 00:01:12.708000,0 days 00:01:12.310000,,,,,
2024,Spanish Grand Prix,Qualifying,Lance Stroll,Aston Martin,14.0,24.089473684210525,36.535526315789475,68.35526315789474,1.3618421052631582,18,L STROLL,STR,stroll,229971,aston_martin,Lance,Stroll,https://media.formula1.com/d_driver_fallback_image.png/content/dam/fom-website/drivers/L/LANSTR01_Lance_Stroll/lanstr01.png.transform/1col/image.png,CAN,,,0 days 00:01:12.881000,0 days 00:01:12.372000,,,,,
2024,Spanish Grand Prix,Qualifying,Guanyu Zhou,Kick Sauber,15.0,24.089473684210525,36.535526315789475,68.35526315789474,1.3618421052631582,24,G ZHOU,ZHO,zhou,52e252,sauber,Guanyu,Zhou,https://media.formula1.com/d_driver_fallback_image.png/content/dam/fom-website/drivers/G/GUAZHO01_Guanyu_Zhou/guazho01.png.transform/1col/image.png,CHN,,,0 days 00:01:12.880000,0 days 00:01:12.738000,,,,,
2024,Spanish Grand Prix,Qualifying,Kevin Magnussen,Haas F1 Team,16.0,24.089473684210525,36.535526315789475,68.35526315789474,1.3618421052631582,20,K MAGNUSSEN,MAG,kevin_magnussen,B6BABD,haas,Kevin,Magnussen,https://media.formula1.com/d_driver_fallback_image.png/content/dam/fom-website/drivers/K/KEVMAG01_Kevin_Magnussen/kevmag01.png.transform/1col/image.png,DEN,,,0 days 00:01:12.937000,,,,,,
2024,Spanish Grand Prix,Qualifying,Yuki Tsunoda,RB,17.0,24.089473684210525,36.535526315789475,68.35526315789474,1.3618421052631582,22,Y TSUNODA,TSU,tsunoda,6692FF,rb,Yuki,Tsunoda,https://media.formula1.com/d_driver_fallback_image.png/content/dam/fom-website/drivers/Y/YUKTSU01_Yuki_Tsunoda/yuktsu01.png.transform/1col/image.png,JPN,,,0 days 00:01:12.985000,,,,,,
2024,Spanish Grand Prix,Qualifying,Daniel Ricciardo,RB,18.0,24.089473684210525,36.535526315789475,68.35526315789474,1.3618421052631582,3,D RICCIARDO,RIC,ricciardo,6692FF,rb,Daniel,Ricciardo,https://media.formula1.com/d_driver_fallback_image.png/content/dam/fom-website/drivers/D/DANRIC01_Daniel_Ricciardo/danric01.png.transform/1col/image.png,AUS,,,0 days 00:01:13.075000,,,,,,
2024,Spanish Grand Prix,Qualifying,Alexander Albon,Williams,19.0,24.089473684210525,36.535526315789475,68.35526315789474,1.3618421052631582,23,A ALBON,ALB,albon,64C4FF,williams,Alexander,Albon,https://media.formula1.com/d_driver_fallback_image.png/content/dam/fom-website/drivers/A/ALEALB01_Alexander_Albon/alealb01.png.transform/1col/image.png,THA,,,0 days 00:01:13.153000,,,,,,
2024,Spanish Grand Prix,Qualifying,Logan Sargeant,Williams,20.0,24.089473684210525,36.535526315789475,68.35526315789474,1.3618421052631582,2,L SARGEANT,SAR,sargeant,64C4FF,williams,Logan,Sargeant,https://media.formula1.com/d_driver_fallback_image.png/content/dam/fom-website/drivers/L/LOGSAR01_Logan_Sargeant/logsar01.png.transform/1col/image.png,USA,,,0 days 00:01:13.509000,,,,,,
2024,Spanish Grand Prix,Practice 1,Max Verstappen,Red Bull Racing,,28.16543209876543,47.092592592592595,33.666666666666664,2.0950617283950614,1,M VERSTAPPEN,VER,max_verstappen,3671C6,red_bull,Max,Verstappen,https://media.formula1.com/d_driver_fallback_image.png/content/dam/fom-website/drivers/M/MAXVER01_Max_Verstappen/maxver01.png.transform/1col/image.png,NED,,,,,,,,,
2024,Spanish Grand Prix,Practice 1,Logan Sargeant,Williams,,28.16543209876543,47.092592592592595,33.666666666666664,2.0950617283950614,2,L SARGEANT,SAR,sargeant,64C4FF,williams,Logan,Sargeant,https://media.formula1.com/d_driver_fallback_image.png/content/dam/fom-website/drivers/L/LOGSAR01_Logan_Sargeant/logsar01.png.transform/1col/image.png,USA,,,,,,,,,
2024,Spanish Grand Prix,Practice 1,Daniel Ricciardo,RB,,28.16543209876543,47.092592592592595,33.666666666666664,2.0950617283950614,3,D RICCIARDO,RIC,ricciardo,6692FF,rb,Daniel,Ricciardo,https://media.formula1.com/d_driver_fallback_image.png/content/dam/fom-website/drivers/D/DANRIC01_Daniel_Ricciardo/danric01.png.transform/1col/image.png,AUS,,,,,,,,,
2024,Spanish Grand Prix,Practice 1,Lando Norris,McLaren,,28.16543209876543,47.092592592592595,33.666666666666664,2.0950617283950614,4,L NORRIS,NOR,norris,FF8000,mclaren,Lando,Norris,https://media.formula1.com/d_driver_fallback_image.png/content/dam/fom-website/drivers/L/LANNOR01_Lando_Norris/lannor01.png.transform/1col/image.png,GBR,,,,,,,,,
2024,Spanish Grand Prix,Practice 1,Pierre Gasly,Alpine,,28.16543209876543,47.092592592592595,33.666666666666664,2.0950617283950614,10,P GASLY,GAS,gasly,0093cc,alpine,Pierre,Gasly,https://media.formula1.com/d_driver_fallback_image.png/content/dam/fom-website/drivers/P/PIEGAS01_Pierre_Gasly/piegas01.png.transform/1col/image.png,FRA,,,,,,,,,
2024,Spanish Grand Prix,Practice 1,Sergio Perez,Red Bull Racing,,28.16543209876543,47.092592592592595,33.666666666666664,2.0950617283950614,11,S PEREZ,PER,perez,3671C6,red_bull,Sergio,Perez,https://media.formula1.com/d_driver_fallback_image.png/content/dam/fom-website/drivers/S/SERPER01_Sergio_Perez/serper01.png.transform/1col/image.png,MEX,,,,,,,,,
2024,Spanish Grand Prix,Practice 1,Fernando Alonso,Aston Martin,,28.16543209876543,47.092592592592595,33.666666666666664,2.0950617283950614,14,F ALONSO,ALO,alonso,229971,aston_martin,Fernando,Alonso,https://media.formula1.com/d_driver_fallback_image.png/content/dam/fom-website/drivers/F/FERALO01_Fernando_Alonso/feralo01.png.transform/1col/image.png,ESP,,,,,,,,,
2024,Spanish Grand Prix,Practice 1,Charles Leclerc,Ferrari,,28.16543209876543,47.092592592592595,33.666666666666664,2.0950617283950614,16,C LECLERC,LEC,leclerc,E80020,ferrari,Charles,Leclerc,https://media.formula1.com/d_driver_fallback_image.png/content/dam/fom-website/drivers/C/CHALEC01_Charles_Leclerc/chalec01.png.transform/1col/image.png,MON,,,,,,,,,
2024,Spanish Grand Prix,Practice 1,Lance Stroll,Aston Martin,,28.16543209876543,47.092592592592595,33.666666666666664,2.0950617283950614,18,L STROLL,STR,stroll,229971,aston_martin,Lance,Stroll,https://media.formula1.com/d_driver_fallback_image.png/content/dam/fom-website/drivers/L/LANSTR01_Lance_Stroll/lanstr01.png.transform/1col/image.png,CAN,,,,,,,,,
2024,Spanish Grand Prix,Practice 1,Kevin Magnussen,Haas F1 Team,,28.16543209876543,47.092592592592595,33.666666666666664,2.0950617283950614,20,K MAGNUSSEN,MAG,kevin_magnussen,B6BABD,haas,Kevin,Magnussen,https://media.formula1.com/d_driver_fallback_image.png/content/dam/fom-website/drivers/K/KEVMAG01_Kevin_Magnussen/kevmag01.png.transform/1col/image.png,DEN,,,,,,,,,
2024,Spanish Grand Prix,Practice 1,Yuki Tsunoda,RB,,28.16543209876543,47.092592592592595,33.666666666666664,2.0950617283950614,22,Y TSUNODA,TSU,tsunoda,6692FF,rb,Yuki,Tsunoda,https://media.formula1.com/d_driver_fallback_image.png/content/dam/fom-website/drivers/Y/YUKTSU01_Yuki_Tsunoda/yuktsu01.png.transform/1col/image.png,JPN,,,,,,,,,
2024,Spanish Grand Prix,Practice 1,Alexander Albon,Williams,,28.16543209876543,47.092592592592595,33.666666666666664,2.0950617283950614,23,A ALBON,ALB,albon,64C4FF,williams,Alexander,Albon,https://media.formula1.com/d_driver_fallback_image.png/content/dam/fom-website/drivers/A/ALEALB01_Alexander_Albon/alealb01.png.transform/1col/image.png,THA,,,,,,,,,
2024,Spanish Grand Prix,Practice 1,Guanyu Zhou,Kick Sauber,,28.16543209876543,47.092592592592595,33.666666666666664,2.0950617283950614,24,G ZHOU,ZHO,zhou,52e252,sauber,Guanyu,Zhou,https://media.formula1.com/d_driver_fallback_image.png/content/dam/fom-website/drivers/G/GUAZHO01_Guanyu_Zhou/guazho01.png.transform/1col/image.png,CHN,,,,,,,,,
2024,Spanish Grand Prix,Practice 1,Esteban Ocon,Alpine,,28.16543209876543,47.092592592592595,33.666666666666664,2.0950617283950614,31,E OCON,OCO,ocon,0093cc,alpine,Esteban,Ocon,https://media.formula1.com/d_driver_fallback_image.png/content/dam/fom-website/drivers/E/ESTOCO01_Esteban_Ocon/estoco01.png.transform/1col/image.png,FRA,,,,,,,,,
2024,Spanish Grand Prix,Practice 1,Lewis Hamilton,Mercedes,,28.16543209876543,47.092592592592595,33.666666666666664,2.0950617283950614,44,L HAMILTON,HAM,hamilton,27F4D2,mercedes,Lewis,Hamilton,https://media.formula1.com/d_driver_fallback_image.png/content/dam/fom-website/drivers/L/LEWHAM01_Lewis_Hamilton/lewham01.png.transform/1col/image.png,GBR,,,,,,,,,
2024,Spanish Grand Prix,Practice 1,Oliver Bearman,Haas F1 Team,,28.16543209876543,47.092592592592595,33.666666666666664,2.0950617283950614,50,O BEARMAN,BEA,nan,B6BABD,nan,Oliver,Bearman,None,GBR,,,,,,,,,
2024,Spanish Grand Prix,Practice 1,Carlos Sainz,Ferrari,,28.16543209876543,47.092592592592595,33.666666666666664,2.0950617283950614,55,C SAINZ,SAI,sainz,E80020,ferrari,Carlos,Sainz,https://media.formula1.com/d_driver_fallback_image.png/content/dam/fom-website/drivers/C/CARSAI01_Carlos_Sainz/carsai01.png.transform/1col/image.png,ESP,,,,,,,,,
2024,Spanish Grand Prix,Practice 1,George Russell,Mercedes,,28.16543209876543,47.092592592592595,33.666666666666664,2.0950617283950614,63,G RUSSELL,RUS,russell,27F4D2,mercedes,George,Russell,https://media.formula1.com/d_driver_fallback_image.png/content/dam/fom-website/drivers/G/GEORUS01_George_Russell/georus01.png.transform/1col/image.png,GBR,,,,,,,,,
2024,Spanish Grand Prix,Practice 1,Valtteri Bottas,Kick Sauber,,28.16543209876543,47.092592592592595,33.666666666666664,2.0950617283950614,77,V BOTTAS,BOT,bottas,52e252,sauber,Valtteri,Bottas,https://media.formula1.com/d_driver_fallback_image.png/content/dam/fom-website/drivers/V/VALBOT01_Valtteri_Bottas/valbot01.png.transform/1col/image.png,FIN,,,,,,,,,
2024,Spanish Grand Prix,Practice 1,Oscar Piastri,McLaren,,28.16543209876543,47.092592592592595,33.666666666666664,2.0950617283950614,81,O PIASTRI,PIA,piastri,FF8000,mclaren,Oscar,Piastri,https://media.formula1.com/d_driver_fallback_image.png/content/dam/fom-website/drivers/O/OSCPIA01_Oscar_Piastri/oscpia01.png.transform/1col/image.png,AUS,,,,,,,,,
2024,Spanish Grand Prix,Practice 2,Max Verstappen,Red Bull Racing,,24.86543209876543,43.05185185185185,49.901234567901234,1.8407407407407406,1,M VERSTAPPEN,VER,max_verstappen,3671C6,red_bull,Max,Verstappen,https://media.formula1.com/d_driver_fallback_image.png/content/dam/fom-website/drivers/M/MAXVER01_Max_Verstappen/maxver01.png.transform/1col/image.png,NED,,,,,,,,,
2024,Spanish Grand Prix,Practice 2,Logan Sargeant,Williams,,24.86543209876543,43.05185185185185,49.901234567901234,1.8407407407407406,2,L SARGEANT,SAR,sargeant,64C4FF,williams,Logan,Sargeant,https://media.formula1.com/d_driver_fallback_image.png/content/dam/fom-website/drivers/L/LOGSAR01_Logan_Sargeant/logsar01.png.transform/1col/image.png,USA,,,,,,,,,
2024,Spanish Grand Prix,Practice 2,Daniel Ricciardo,RB,,24.86543209876543,43.05185185185185,49.901234567901234,1.8407407407407406,3,D RICCIARDO,RIC,ricciardo,6692FF,rb,Daniel,Ricciardo,https://media.formula1.com/d_driver_fallback_image.png/content/dam/fom-website/drivers/D/DANRIC01_Daniel_Ricciardo/danric01.png.transform/1col/image.png,AUS,,,,,,,,,
2024,Spanish Grand Prix,Practice 2,Lando Norris,McLaren,,24.86543209876543,43.05185185185185,49.901234567901234,1.8407407407407406,4,L NORRIS,NOR,norris,FF8000,mclaren,Lando,Norris,https://media.formula1.com/d_driver_fallback_image.png/content/dam/fom-website/drivers/L/LANNOR01_Lando_Norris/lannor01.png.transform/1col/image.png,GBR,,,,,,,,,
2024,Spanish Grand Prix,Practice 2,Pierre Gasly,Alpine,,24.86543209876543,43.05185185185185,49.901234567901234,1.8407407407407406,10,P GASLY,GAS,gasly,0093cc,alpine,Pierre,Gasly,https://media.formula1.com/d_driver_fallback_image.png/content/dam/fom-website/drivers/P/PIEGAS01_Pierre_Gasly/piegas01.png.transform/1col/image.png,FRA,,,,,,,,,
2024,Spanish Grand Prix,Practice 2,Sergio Perez,Red Bull Racing,,24.86543209876543,43.05185185185185,49.901234567901234,1.8407407407407406,11,S PEREZ,PER,perez,3671C6,red_bull,Sergio,Perez,https://media.formula1.com/d_driver_fallback_image.png/content/dam/fom-website/drivers/S/SERPER01_Sergio_Perez/serper01.png.transform/1col/image.png,MEX,,,,,,,,,
2024,Spanish Grand Prix,Practice 2,Fernando Alonso,Aston Martin,,24.86543209876543,43.05185185185185,49.901234567901234,1.8407407407407406,14,F ALONSO,ALO,alonso,229971,aston_martin,Fernando,Alonso,https://media.formula1.com/d_driver_fallback_image.png/content/dam/fom-website/drivers/F/FERALO01_Fernando_Alonso/feralo01.png.transform/1col/image.png,ESP,,,,,,,,,
2024,Spanish Grand Prix,Practice 2,Charles Leclerc,Ferrari,,24.86543209876543,43.05185185185185,49.901234567901234,1.8407407407407406,16,C LECLERC,LEC,leclerc,E80020,ferrari,Charles,Leclerc,https://media.formula1.com/d_driver_fallback_image.png/content/dam/fom-website/drivers/C/CHALEC01_Charles_Leclerc/chalec01.png.transform/1col/image.png,MON,,,,,,,,,
2024,Spanish Grand Prix,Practice 2,Lance Stroll,Aston Martin,,24.86543209876543,43.05185185185185,49.901234567901234,1.8407407407407406,18,L STROLL,STR,stroll,229971,aston_martin,Lance,Stroll,https://media.formula1.com/d_driver_fallback_image.png/content/dam/fom-website/drivers/L/LANSTR01_Lance_Stroll/lanstr01.png.transform/1col/image.png,CAN,,,,,,,,,
2024,Spanish Grand Prix,Practice 2,Kevin Magnussen,Haas F1 Team,,24.86543209876543,43.05185185185185,49.901234567901234,1.8407407407407406,20,K MAGNUSSEN,MAG,kevin_magnussen,B6BABD,haas,Kevin,Magnussen,https://media.formula1.com/d_driver_fallback_image.png/content/dam/fom-website/drivers/K/KEVMAG01_Kevin_Magnussen/kevmag01.png.transform/1col/image.png,DEN,,,,,,,,,
2024,Spanish Grand Prix,Practice 2,Yuki Tsunoda,RB,,24.86543209876543,43.05185185185185,49.901234567901234,1.8407407407407406,22,Y TSUNODA,TSU,tsunoda,6692FF,rb,Yuki,Tsunoda,https://media.formula1.com/d_driver_fallback_image.png/content/dam/fom-website/drivers/Y/YUKTSU01_Yuki_Tsunoda/yuktsu01.png.transform/1col/image.png,JPN,,,,,,,,,
2024,Spanish Grand Prix,Practice 2,Alexander Albon,Williams,,24.86543209876543,43.05185185185185,49.901234567901234,1.8407407407407406,23,A ALBON,ALB,albon,64C4FF,williams,Alexander,Albon,https://media.formula1.com/d_driver_fallback_image.png/content/dam/fom-website/drivers/A/ALEALB01_Alexander_Albon/alealb01.png.transform/1col/image.png,THA,,,,,,,,,
2024,Spanish Grand Prix,Practice 2,Guanyu Zhou,Kick Sauber,,24.86543209876543,43.05185185185185,49.901234567901234,1.8407407407407406,24,G ZHOU,ZHO,zhou,52e252,sauber,Guanyu,Zhou,https://media.formula1.com/d_driver_fallback_image.png/content/dam/fom-website/drivers/G/GUAZHO01_Guanyu_Zhou/guazho01.png.transform/1col/image.png,CHN,,,,,,,,,
2024,Spanish Grand Prix,Practice 2,Nico Hulkenberg,Haas F1 Team,,24.86543209876543,43.05185185185185,49.901234567901234,1.8407407407407406,27,N HULKENBERG,HUL,hulkenberg,B6BABD,haas,Nico,Hulkenberg,https://media.formula1.com/d_driver_fallback_image.png/content/dam/fom-website/drivers/N/NICHUL01_Nico_Hulkenberg/nichul01.png.transform/1col/image.png,GER,,,,,,,,,
2024,Spanish Grand Prix,Practice 2,Esteban Ocon,Alpine,,24.86543209876543,43.05185185185185,49.901234567901234,1.8407407407407406,31,E OCON,OCO,ocon,0093cc,alpine,Esteban,Ocon,https://media.formula1.com/d_driver_fallback_image.png/content/dam/fom-website/drivers/E/ESTOCO01_Esteban_Ocon/estoco01.png.transform/1col/image.png,FRA,,,,,,,,,
2024,Spanish Grand Prix,Practice 2,Lewis Hamilton,Mercedes,,24.86543209876543,43.05185185185185,49.901234567901234,1.8407407407407406,44,L HAMILTON,HAM,hamilton,27F4D2,mercedes,Lewis,Hamilton,https://media.formula1.com/d_driver_fallback_image.png/content/dam/fom-website/drivers/L/LEWHAM01_Lewis_Hamilton/lewham01.png.transform/1col/image.png,GBR,,,,,,,,,
2024,Spanish Grand Prix,Practice 2,Carlos Sainz,Ferrari,,24.86543209876543,43.05185185185185,49.901234567901234,1.8407407407407406,55,C SAINZ,SAI,sainz,E80020,ferrari,Carlos,Sainz,https://media.formula1.com/d_driver_fallback_image.png/content/dam/fom-website/drivers/C/CARSAI01_Carlos_Sainz/carsai01.png.transform/1col/image.png,ESP,,,,,,,,,
2024,Spanish Grand Prix,Practice 2,George Russell,Mercedes,,24.86543209876543,43.05185185185185,49.901234567901234,1.8407407407407406,63,G RUSSELL,RUS,russell,27F4D2,mercedes,George,Russell,https://media.formula1.com/d_driver_fallback_image.png/content/dam/fom-website/drivers/G/GEORUS01_George_Russell/georus01.png.transform/1col/image.png,GBR,,,,,,,,,
2024,Spanish Grand Prix,Practice 2,Valtteri Bottas,Kick Sauber,,24.86543209876543,43.05185185185185,49.901234567901234,1.8407407407407406,77,V BOTTAS,BOT,bottas,52e252,sauber,Valtteri,Bottas,https://media.formula1.com/d_driver_fallback_image.png/content/dam/fom-website/drivers/V/VALBOT01_Valtteri_Bottas/valbot01.png.transform/1col/image.png,FIN,,,,,,,,,
2024,Spanish Grand Prix,Practice 2,Oscar Piastri,McLaren,,24.86543209876543,43.05185185185185,49.901234567901234,1.8407407407407406,81,O PIASTRI,PIA,piastri,FF8000,mclaren,Oscar,Piastri,https://media.formula1.com/d_driver_fallback_image.png/content/dam/fom-website/drivers/O/OSCPIA01_Oscar_Piastri/oscpia01.png.transform/1col/image.png,AUS,,,,,,,,,
2024,Spanish Grand Prix,Practice 3,Max Verstappen,Red Bull Racing,,26.441250000000004,43.355000000000004,57.7125,1.6612500000000001,1,M VERSTAPPEN,VER,max_verstappen,3671C6,red_bull,Max,Verstappen,https://media.formula1.com/d_driver_fallback_image.png/content/dam/fom-website/drivers/M/MAXVER01_Max_Verstappen/maxver01.png.transform/1col/image.png,NED,,,,,,,,,
2024,Spanish Grand Prix,Practice 3,Logan Sargeant,Williams,,26.441250000000004,43.355000000000004,57.7125,1.6612500000000001,2,L SARGEANT,SAR,sargeant,64C4FF,williams,Logan,Sargeant,https://media.formula1.com/d_driver_fallback_image.png/content/dam/fom-website/drivers/L/LOGSAR01_Logan_Sargeant/logsar01.png.transform/1col/image.png,USA,,,,,,,,,
2024,Spanish Grand Prix,Practice 3,Daniel Ricciardo,RB,,26.441250000000004,43.355000000000004,57.7125,1.6612500000000001,3,D RICCIARDO,RIC,ricciardo,6692FF,rb,Daniel,Ricciardo,https://media.formula1.com/d_driver_fallback_image.png/content/dam/fom-website/drivers/D/DANRIC01_Daniel_Ricciardo/danric01.png.transform/1col/image.png,AUS,,,,,,,,,
2024,Spanish Grand Prix,Practice 3,Lando Norris,McLaren,,26.441250000000004,43.355000000000004,57.7125,1.6612500000000001,4,L NORRIS,NOR,norris,FF8000,mclaren,Lando,Norris,https://media.formula1.com/d_driver_fallback_image.png/content/dam/fom-website/drivers/L/LANNOR01_Lando_Norris/lannor01.png.transform/1col/image.png,GBR,,,,,,,,,
2024,Spanish Grand Prix,Practice 3,Pierre Gasly,Alpine,,26.441250000000004,43.355000000000004,57.7125,1.6612500000000001,10,P GASLY,GAS,gasly,0093cc,alpine,Pierre,Gasly,https://media.formula1.com/d_driver_fallback_image.png/content/dam/fom-website/drivers/P/PIEGAS01_Pierre_Gasly/piegas01.png.transform/1col/image.png,FRA,,,,,,,,,
2024,Spanish Grand Prix,Practice 3,Sergio Perez,Red Bull Racing,,26.441250000000004,43.355000000000004,57.7125,1.6612500000000001,11,S PEREZ,PER,perez,3671C6,red_bull,Sergio,Perez,https://media.formula1.com/d_driver_fallback_image.png/content/dam/fom-website/drivers/S/SERPER01_Sergio_Perez/serper01.png.transform/1col/image.png,MEX,,,,,,,,,
2024,Spanish Grand Prix,Practice 3,Fernando Alonso,Aston Martin,,26.441250000000004,43.355000000000004,57.7125,1.6612500000000001,14,F ALONSO,ALO,alonso,229971,aston_martin,Fernando,Alonso,https://media.formula1.com/d_driver_fallback_image.png/content/dam/fom-website/drivers/F/FERALO01_Fernando_Alonso/feralo01.png.transform/1col/image.png,ESP,,,,,,,,,
2024,Spanish Grand Prix,Practice 3,Charles Leclerc,Ferrari,,26.441250000000004,43.355000000000004,57.7125,1.6612500000000001,16,C LECLERC,LEC,leclerc,E80020,ferrari,Charles,Leclerc,https://media.formula1.com/d_driver_fallback_image.png/content/dam/fom-website/drivers/C/CHALEC01_Charles_Leclerc/chalec01.png.transform/1col/image.png,MON,,,,,,,,,
2024,Spanish Grand Prix,Practice 3,Lance Stroll,Aston Martin,,26.441250000000004,43.355000000000004,57.7125,1.6612500000000001,18,L STROLL,STR,stroll,229971,aston_martin,Lance,Stroll,https://media.formula1.com/d_driver_fallback_image.png/content/dam/fom-website/drivers/L/LANSTR01_Lance_Stroll/lanstr01.png.transform/1col/image.png,CAN,,,,,,,,,
2024,Spanish Grand Prix,Practice 3,Kevin Magnussen,Haas F1 Team,,26.441250000000004,43.355000000000004,57.7125,1.6612500000000001,20,K MAGNUSSEN,MAG,kevin_magnussen,B6BABD,haas,Kevin,Magnussen,https://media.formula1.com/d_driver_fallback_image.png/content/dam/fom-website/drivers/K/KEVMAG01_Kevin_Magnussen/kevmag01.png.transform/1col/image.png,DEN,,,,,,,,,
2024,Spanish Grand Prix,Practice 3,Yuki Tsunoda,RB,,26.441250000000004,43.355000000000004,57.7125,1.6612500000000001,22,Y TSUNODA,TSU,tsunoda,6692FF,rb,Yuki,Tsunoda,https://media.formula1.com/d_driver_fallback_image.png/content/dam/fom-website/drivers/Y/YUKTSU01_Yuki_Tsunoda/yuktsu01.png.transform/1col/image.png,JPN,,,,,,,,,
2024,Spanish Grand Prix,Practice 3,Alexander Albon,Williams,,26.441250000000004,43.355000000000004,57.7125,1.6612500000000001,23,A ALBON,ALB,albon,64C4FF,williams,Alexander,Albon,https://media.formula1.com/d_driver_fallback_image.png/content/dam/fom-website/drivers/A/ALEALB01_Alexander_Albon/alealb01.png.transform/1col/image.png,THA,,,,,,,,,
2024,Spanish Grand Prix,Practice 3,Guanyu Zhou,Kick Sauber,,26.441250000000004,43.355000000000004,57.7125,1.6612500000000001,24,G ZHOU,ZHO,zhou,52e252,sauber,Guanyu,Zhou,https://media.formula1.com/d_driver_fallback_image.png/content/dam/fom-website/drivers/G/GUAZHO01_Guanyu_Zhou/guazho01.png.transform/1col/image.png,CHN,,,,,,,,,
2024,Spanish Grand Prix,Practice 3,Nico Hulkenberg,Haas F1 Team,,26.441250000000004,43.355000000000004,57.7125,1.6612500000000001,27,N HULKENBERG,HUL,hulkenberg,B6BABD,haas,Nico,Hulkenberg,https://media.formula1.com/d_driver_fallback_image.png/content/dam/fom-website/drivers/N/NICHUL01_Nico_Hulkenberg/nichul01.png.transform/1col/image.png,GER,,,,,,,,,
2024,Spanish Grand Prix,Practice 3,Esteban Ocon,Alpine,,26.441250000000004,43.355000000000004,57.7125,1.6612500000000001,31,E OCON,OCO,ocon,0093cc,alpine,Esteban,Ocon,https://media.formula1.com/d_driver_fallback_image.png/content/dam/fom-website/drivers/E/ESTOCO01_Esteban_Ocon/estoco01.png.transform/1col/image.png,FRA,,,,,,,,,
2024,Spanish Grand Prix,Practice 3,Lewis Hamilton,Mercedes,,26.441250000000004,43.355000000000004,57.7125,1.6612500000000001,44,L HAMILTON,HAM,hamilton,27F4D2,mercedes,Lewis,Hamilton,https://media.formula1.com/d_driver_fallback_image.png/content/dam/fom-website/drivers/L/LEWHAM01_Lewis_Hamilton/lewham01.png.transform/1col/image.png,GBR,,,,,,,,,
2024,Spanish Grand Prix,Practice 3,Carlos Sainz,Ferrari,,26.441250000000004,43.355000000000004,57.7125,1.6612500000000001,55,C SAINZ,SAI,sainz,E80020,ferrari,Carlos,Sainz,https://media.formula1.com/d_driver_fallback_image.png/content/dam/fom-website/drivers/C/CARSAI01_Carlos_Sainz/carsai01.png.transform/1col/image.png,ESP,,,,,,,,,
2024,Spanish Grand Prix,Practice 3,George Russell,Mercedes,,26.441250000000004,43.355000000000004,57.7125,1.6612500000000001,63,G RUSSELL,RUS,russell,27F4D2,mercedes,George,Russell,https://media.formula1.com/d_driver_fallback_image.png/content/dam/fom-website/drivers/G/GEORUS01_George_Russell/georus01.png.transform/1col/image.png,GBR,,,,,,,,,
2024,Spanish Grand Prix,Practice 3,Valtteri Bottas,Kick Sauber,,26.441250000000004,43.355000000000004,57.7125,1.6612500000000001,77,V BOTTAS,BOT,bottas,52e252,sauber,Valtteri,Bottas,https://media.formula1.com/d_driver_fallback_image.png/content/dam/fom-website/drivers/V/VALBOT01_Valtteri_Bottas/valbot01.png.transform/1col/image.png,FIN,,,,,,,,,
2024,Spanish Grand Prix,Practice 3,Oscar Piastri,McLaren,,26.441250000000004,43.355000000000004,57.7125,1.6612500000000001,81,O PIASTRI,PIA,piastri,FF8000,mclaren,Oscar,Piastri,https://media.formula1.com/d_driver_fallback_image.png/content/dam/fom-website/drivers/O/OSCPIA01_Oscar_Piastri/oscpia01.png.transform/1col/image.png,AUS,,,,,,,,,
2024,Austrian Grand Prix,Race,George Russell,Mercedes,1.0,29.42587412587413,46.420979020979026,35.00699300699301,1.667832167832168,63,G RUSSELL,RUS,russell,27F4D2,mercedes,George,Russell,https://media.formula1.com/d_driver_fallback_image.png/content/dam/fom-website/drivers/G/GEORUS01_George_Russell/georus01.png.transform/1col/image.png,GBR,1,3.0,,,,0 days 01:24:22.798000,Finished,25.0,71.0
2024,Austrian Grand Prix,Race,Oscar Piastri,McLaren,2.0,29.42587412587413,46.420979020979026,35.00699300699301,1.667832167832168,81,O PIASTRI,PIA,piastri,FF8000,mclaren,Oscar,Piastri,https://media.formula1.com/d_driver_fallback_image.png/content/dam/fom-website/drivers/O/OSCPIA01_Oscar_Piastri/oscpia01.png.transform/1col/image.png,AUS,2,7.0,,,,0 days 00:00:01.906000,Finished,18.0,71.0
2024,Austrian Grand Prix,Race,Carlos Sainz,Ferrari,3.0,29.42587412587413,46.420979020979026,35.00699300699301,1.667832167832168,55,C SAINZ,SAI,sainz,E80020,ferrari,Carlos,Sainz,https://media.formula1.com/d_driver_fallback_image.png/content/dam/fom-website/drivers/C/CARSAI01_Carlos_Sainz/carsai01.png.transform/1col/image.png,ESP,3,4.0,,,,0 days 00:00:04.533000,Finished,15.0,71.0
2024,Austrian Grand Prix,Race,Lewis Hamilton,Mercedes,4.0,29.42587412587413,46.420979020979026,35.00699300699301,1.667832167832168,44,L HAMILTON,HAM,hamilton,27F4D2,mercedes,Lewis,Hamilton,https://media.formula1.com/d_driver_fallback_image.png/content/dam/fom-website/drivers/L/LEWHAM01_Lewis_Hamilton/lewham01.png.transform/1col/image.png,GBR,4,5.0,,,,0 days 00:00:23.142000,Finished,12.0,71.0
2024,Austrian Grand Prix,Race,Max Verstappen,Red Bull Racing,5.0,29.42587412587413,46.420979020979026,35.00699300699301,1.667832167832168,1,M VERSTAPPEN,VER,max_verstappen,3671C6,red_bull,Max,Verstappen,https://media.formula1.com/d_driver_fallback_image.png/content/dam/fom-website/drivers/M/MAXVER01_Max_Verstappen/maxver01.png.transform/1col/image.png,NED,5,1.0,,,,0 days 00:00:37.253000,Finished,10.0,71.0
2024,Austrian Grand Prix,Race,Nico Hulkenberg,Haas F1 Team,6.0,29.42587412587413,46.420979020979026,35.00699300699301,1.667832167832168,27,N HULKENBERG,HUL,hulkenberg,B6BABD,haas,Nico,Hulkenberg,https://media.formula1.com/d_driver_fallback_image.png/content/dam/fom-website/drivers/N/NICHUL01_Nico_Hulkenberg/nichul01.png.transform/1col/image.png,GER,6,9.0,,,,0 days 00:00:54.088000,Finished,8.0,71.0
2024,Austrian Grand Prix,Race,Sergio Perez,Red Bull Racing,7.0,29.42587412587413,46.420979020979026,35.00699300699301,1.667832167832168,11,S PEREZ,PER,perez,3671C6,red_bull,Sergio,Perez,https://media.formula1.com/d_driver_fallback_image.png/content/dam/fom-website/drivers/S/SERPER01_Sergio_Perez/serper01.png.transform/1col/image.png,MEX,7,8.0,,,,0 days 00:00:54.672000,Finished,6.0,71.0
2024,Austrian Grand Prix,Race,Kevin Magnussen,Haas F1 Team,8.0,29.42587412587413,46.420979020979026,35.00699300699301,1.667832167832168,20,K MAGNUSSEN,MAG,kevin_magnussen,B6BABD,haas,Kevin,Magnussen,https://media.formula1.com/d_driver_fallback_image.png/content/dam/fom-website/drivers/K/KEVMAG01_Kevin_Magnussen/kevmag01.png.transform/1col/image.png,DEN,8,12.0,,,,0 days 00:01:00.355000,Finished,4.0,71.0
2024,Austrian Grand Prix,Race,Daniel Ricciardo,RB,9.0,29.42587412587413,46.420979020979026,35.00699300699301,1.667832167832168,3,D RICCIARDO,RIC,ricciardo,6692FF,rb,Daniel,Ricciardo,https://media.formula1.com/d_driver_fallback_image.png/content/dam/fom-website/drivers/D/DANRIC01_Daniel_Ricciardo/danric01.png.transform/1col/image.png,AUS,9,11.0,,,,0 days 00:01:01.169000,Finished,2.0,71.0
2024,Austrian Grand Prix,Race,Pierre Gasly,Alpine,10.0,29.42587412587413,46.420979020979026,35.00699300699301,1.667832167832168,10,P GASLY,GAS,gasly,0093cc,alpine,Pierre,Gasly,https://media.formula1.com/d_driver_fallback_image.png/content/dam/fom-website/drivers/P/PIEGAS01_Pierre_Gasly/piegas01.png.transform/1col/image.png,FRA,10,13.0,,,,0 days 00:01:01.766000,Finished,1.0,71.0
2024,Austrian Grand Prix,Race,Charles Leclerc,Ferrari,11.0,29.42587412587413,46.420979020979026,35.00699300699301,1.667832167832168,16,C LECLERC,LEC,leclerc,E80020,ferrari,Charles,Leclerc,https://media.formula1.com/d_driver_fallback_image.png/content/dam/fom-website/drivers/C/CHALEC01_Charles_Leclerc/chalec01.png.transform/1col/image.png,MON,11,6.0,,,,0 days 00:01:07.056000,Finished,0.0,71.0
2024,Austrian Grand Prix,Race,Esteban Ocon,Alpine,12.0,29.42587412587413,46.420979020979026,35.00699300699301,1.667832167832168,31,E OCON,OCO,ocon,0093cc,alpine,Esteban,Ocon,https://media.formula1.com/d_driver_fallback_image.png/content/dam/fom-website/drivers/E/ESTOCO01_Esteban_Ocon/estoco01.png.transform/1col/image.png,FRA,12,10.0,,,,0 days 00:01:08.325000,Finished,0.0,71.0
2024,Austrian Grand Prix,Race,Lance Stroll,Aston Martin,13.0,29.42587412587413,46.420979020979026,35.00699300699301,1.667832167832168,18,L STROLL,STR,stroll,229971,aston_martin,Lance,Stroll,https://media.formula1.com/d_driver_fallback_image.png/content/dam/fom-website/drivers/L/LANSTR01_Lance_Stroll/lanstr01.png.transform/1col/image.png,CAN,13,17.0,,,,0 days 00:00:10.234000,Lapped,0.0,70.0
2024,Austrian Grand Prix,Race,Yuki Tsunoda,RB,14.0,29.42587412587413,46.420979020979026,35.00699300699301,1.667832167832168,22,Y TSUNODA,TSU,tsunoda,6692FF,rb,Yuki,Tsunoda,https://media.formula1.com/d_driver_fallback_image.png/content/dam/fom-website/drivers/Y/YUKTSU01_Yuki_Tsunoda/yuktsu01.png.transform/1col/image.png,JPN,14,14.0,,,,0 days 00:00:13.145000,Lapped,0.0,70.0
2024,Austrian Grand Prix,Race,Alexander Albon,Williams,15.0,29.42587412587413,46.420979020979026,35.00699300699301,1.667832167832168,23,A ALBON,ALB,albon,64C4FF,williams,Alexander,Albon,https://media.formula1.com/d_driver_fallback_image.png/content/dam/fom-website/drivers/A/ALEALB01_Alexander_Albon/alealb01.png.transform/1col/image.png,THA,15,16.0,,,,0 days 00:00:15.866000,Lapped,0.0,70.0
2024,Austrian Grand Prix,Race,Valtteri Bottas,Kick Sauber,16.0,29.42587412587413,46.420979020979026,35.00699300699301,1.667832167832168,77,V BOTTAS,BOT,bottas,52e252,sauber,Valtteri,Bottas,https://media.formula1.com/d_driver_fallback_image.png/content/dam/fom-website/drivers/V/VALBOT01_Valtteri_Bottas/valbot01.png.transform/1col/image.png,FIN,16,18.0,,,,0 days 00:00:19.375000,Lapped,0.0,70.0
2024,Austrian Grand Prix,Race,Guanyu Zhou,Kick Sauber,17.0,29.42587412587413,46.420979020979026,35.00699300699301,1.667832167832168,24,G ZHOU,ZHO,zhou,52e252,sauber,Guanyu,Zhou,https://media.formula1.com/d_driver_fallback_image.png/content/dam/fom-website/drivers/G/GUAZHO01_Guanyu_Zhou/guazho01.png.transform/1col/image.png,CHN,17,20.0,,,,0 days 00:00:44.882000,Lapped,0.0,70.0
2024,Austrian Grand Prix,Race,Fernando Alonso,Aston Martin,18.0,29.42587412587413,46.420979020979026,35.00699300699301,1.667832167832168,14,F ALONSO,ALO,alonso,229971,aston_martin,Fernando,Alonso,https://media.formula1.com/d_driver_fallback_image.png/content/dam/fom-website/drivers/F/FERALO01_Fernando_Alonso/feralo01.png.transform/1col/image.png,ESP,18,15.0,,,,0 days 00:00:47.660000,Lapped,0.0,70.0
2024,Austrian Grand Prix,Race,Logan Sargeant,Williams,19.0,29.42587412587413,46.420979020979026,35.00699300699301,1.667832167832168,2,L SARGEANT,SAR,sargeant,64C4FF,williams,Logan,Sargeant,https://media.formula1.com/d_driver_fallback_image.png/content/dam/fom-website/drivers/L/LOGSAR01_Logan_Sargeant/logsar01.png.transform/1col/image.png,USA,19,19.0,,,,0 days 00:00:06.309000,Lapped,0.0,69.0
2024,Austrian Grand Prix,Race,Lando Norris,McLaren,20.0,29.42587412587413,46.420979020979026,35.00699300699301,1.667832167832168,4,L NORRIS,NOR,norris,FF8000,mclaren,Lando,Norris,https://media.formula1.com/d_driver_fallback_image.png/content/dam/fom-website/drivers/L/LANNOR01_Lando_Norris/lannor01.png.transform/1col/image.png,GBR,20,2.0,,,,,Lapped,0.0,64.0
2024,Austrian Grand Prix,Qualifying,Max Verstappen,Red Bull Racing,1.0,31.32894736842105,46.107894736842105,37.69736842105263,1.335526315789474,1,M VERSTAPPEN,VER,max_verstappen,3671C6,red_bull,Max,Verstappen,https://media.formula1.com/d_driver_fallback_image.png/content/dam/fom-website/drivers/M/MAXVER01_Max_Verstappen/maxver01.png.transform/1col/image.png,NED,,,0 days 00:01:05.336000,0 days 00:01:04.469000,0 days 00:01:04.314000,,,,
2024,Austrian Grand Prix,Qualifying,Lando Norris,McLaren,2.0,31.32894736842105,46.107894736842105,37.69736842105263,1.335526315789474,4,L NORRIS,NOR,norris,FF8000,mclaren,Lando,Norris,https://media.formula1.com/d_driver_fallback_image.png/content/dam/fom-website/drivers/L/LANNOR01_Lando_Norris/lannor01.png.transform/1col/image.png,GBR,,,0 days 00:01:05.450000,0 days 00:01:05.103000,0 days 00:01:04.718000,,,,
2024,Austrian Grand Prix,Qualifying,George Russell,Mercedes,3.0,31.32894736842105,46.107894736842105,37.69736842105263,1.335526315789474,63,G RUSSELL,RUS,russell,27F4D2,mercedes,George,Russell,https://media.formula1.com/d_driver_fallback_image.png/content/dam/fom-website/drivers/G/GEORUS01_George_Russell/georus01.png.transform/1col/image.png,GBR,,,0 days 00:01:05.585000,0 days 00:01:05.016000,0 days 00:01:04.840000,,,,
2024,Austrian Grand Prix,Qualifying,Carlos Sainz,Ferrari,4.0,31.32894736842105,46.107894736842105,37.69736842105263,1.335526315789474,55,C SAINZ,SAI,sainz,E80020,ferrari,Carlos,Sainz,https://media.formula1.com/d_driver_fallback_image.png/content/dam/fom-website/drivers/C/CARSAI01_Carlos_Sainz/carsai01.png.transform/1col/image.png,ESP,,,0 days 00:01:05.263000,0 days 00:01:05.016000,0 days 00:01:04.851000,,,,
2024,Austrian Grand Prix,Qualifying,Lewis Hamilton,Mercedes,5.0,31.32894736842105,46.107894736842105,37.69736842105263,1.335526315789474,44,L HAMILTON,HAM,hamilton,27F4D2,mercedes,Lewis,Hamilton,https://media.formula1.com/d_driver_fallback_image.png/content/dam/fom-website/drivers/L/LEWHAM01_Lewis_Hamilton/lewham01.png.transform/1col/image.png,GBR,,,0 days 00:01:05.541000,0 days 00:01:05.053000,0 days 00:01:04.903000,,,,
2024,Austrian Grand Prix,Qualifying,Charles Leclerc,Ferrari,6.0,31.32894736842105,46.107894736842105,37.69736842105263,1.335526315789474,16,C LECLERC,LEC,leclerc,E80020,ferrari,Charles,Leclerc,https://media.formula1.com/d_driver_fallback_image.png/content/dam/fom-website/drivers/C/CHALEC01_Charles_Leclerc/chalec01.png.transform/1col/image.png,MON,,,0 days 00:01:05.509000,0 days 00:01:05.104000,0 days 00:01:05.044000,,,,
2024,Austrian Grand Prix,Qualifying,Oscar Piastri,McLaren,7.0,31.32894736842105,46.107894736842105,37.69736842105263,1.335526315789474,81,O PIASTRI,PIA,piastri,FF8000,mclaren,Oscar,Piastri,https://media.formula1.com/d_driver_fallback_image.png/content/dam/fom-website/drivers/O/OSCPIA01_Oscar_Piastri/oscpia01.png.transform/1col/image.png,AUS,,,0 days 00:01:05.311000,0 days 00:01:05.070000,0 days 00:01:05.048000,,,,
2024,Austrian Grand Prix,Qualifying,Sergio Perez,Red Bull Racing,8.0,31.32894736842105,46.107894736842105,37.69736842105263,1.335526315789474,11,S PEREZ,PER,perez,3671C6,red_bull,Sergio,Perez,https://media.formula1.com/d_driver_fallback_image.png/content/dam/fom-website/drivers/S/SERPER01_Sergio_Perez/serper01.png.transform/1col/image.png,MEX,,,0 days 00:01:05.587000,0 days 00:01:05.144000,0 days 00:01:05.202000,,,,
2024,Austrian Grand Prix,Qualifying,Nico Hulkenberg,Haas F1 Team,9.0,31.32894736842105,46.107894736842105,37.69736842105263,1.335526315789474,27,N HULKENBERG,HUL,hulkenberg,B6BABD,haas,Nico,Hulkenberg,https://media.formula1.com/d_driver_fallback_image.png/content/dam/fom-website/drivers/N/NICHUL01_Nico_Hulkenberg/nichul01.png.transform/1col/image.png,GER,,,0 days 00:01:05.596000,0 days 00:01:05.262000,0 days 00:01:05.385000,,,,
2024,Austrian Grand Prix,Qualifying,Esteban Ocon,Alpine,10.0,31.32894736842105,46.107894736842105,37.69736842105263,1.335526315789474,31,E OCON,OCO,ocon,0093cc,alpine,Esteban,Ocon,https://media.formula1.com/d_driver_fallback_image.png/content/dam/fom-website/drivers/E/ESTOCO01_Esteban_Ocon/estoco01.png.transform/1col/image.png,FRA,,,0 days 00:01:05.574000,0 days 00:01:05.274000,0 days 00:01:05.883000,,,,
2024,Austrian Grand Prix,Qualifying,Daniel Ricciardo,RB,11.0,31.32894736842105,46.107894736842105,37.69736842105263,1.335526315789474,3,D RICCIARDO,RIC,ricciardo,6692FF,rb,Daniel,Ricciardo,https://media.formula1.com/d_driver_fallback_image.png/content/dam/fom-website/drivers/D/DANRIC01_Daniel_Ricciardo/danric01.png.transform/1col/image.png,AUS,,,0 days 00:01:05.569000,0 days 00:01:05.289000,,,,,
2024,Austrian Grand Prix,Qualifying,Kevin Magnussen,Haas F1 Team,12.0,31.32894736842105,46.107894736842105,37.69736842105263,1.335526315789474,20,K MAGNUSSEN,MAG,kevin_magnussen,B6BABD,haas,Kevin,Magnussen,https://media.formula1.com/d_driver_fallback_image.png/content/dam/fom-website/drivers/K/KEVMAG01_Kevin_Magnussen/kevmag01.png.transform/1col/image.png,DEN,,,0 days 00:01:05.508000,0 days 00:01:05.347000,,,,,
2024,Austrian Grand Prix,Qualifying,Pierre Gasly,Alpine,13.0,31.32894736842105,46.107894736842105,37.69736842105263,1.335526315789474,10,P GASLY,GAS,gasly,0093cc,alpine,Pierre,Gasly,https://media.formula1.com/d_driver_fallback_image.png/content/dam/fom-website/drivers/P/PIEGAS01_Pierre_Gasly/piegas01.png.transform/1col/image.png,FRA,,,0 days 00:01:05.598000,0 days 00:01:05.359000,,,,,
2024,Austrian Grand Prix,Qualifying,Yuki Tsunoda,RB,14.0,31.32894736842105,46.107894736842105,37.69736842105263,1.335526315789474,22,Y TSUNODA,TSU,tsunoda,6692FF,rb,Yuki,Tsunoda,https://media.formula1.com/d_driver_fallback_image.png/content/dam/fom-website/drivers/Y/YUKTSU01_Yuki_Tsunoda/yuktsu01.png.transform/1col/image.png,JPN,,,0 days 00:01:05.563000,0 days 00:01:05.412000,,,,,
2024,Austrian Grand Prix,Qualifying,Fernando Alonso,Aston Martin,15.0,31.32894736842105,46.107894736842105,37.69736842105263,1.335526315789474,14,F ALONSO,ALO,alonso,229971,aston_martin,Fernando,Alonso,https://media.formula1.com/d_driver_fallback_image.png/content/dam/fom-website/drivers/F/FERALO01_Fernando_Alonso/feralo01.png.transform/1col/image.png,ESP,,,0 days 00:01:05.656000,0 days 00:01:05.639000,,,,,
2024,Austrian Grand Prix,Qualifying,Alexander Albon,Williams,16.0,31.32894736842105,46.107894736842105,37.69736842105263,1.335526315789474,23,A ALBON,ALB,albon,64C4FF,williams,Alexander,Albon,https://media.formula1.com/d_driver_fallback_image.png/content/dam/fom-website/drivers/A/ALEALB01_Alexander_Albon/alealb01.png.transform/1col/image.png,THA,,,0 days 00:01:05.736000,,,,,,
2024,Austrian Grand Prix,Qualifying,Lance Stroll,Aston Martin,17.0,31.32894736842105,46.107894736842105,37.69736842105263,1.335526315789474,18,L STROLL,STR,stroll,229971,aston_martin,Lance,Stroll,https://media.formula1.com/d_driver_fallback_image.png/content/dam/fom-website/drivers/L/LANSTR01_Lance_Stroll/lanstr01.png.transform/1col/image.png,CAN,,,0 days 00:01:05.819000,,,,,,
2024,Austrian Grand Prix,Qualifying,Valtteri Bottas,Kick Sauber,18.0,31.32894736842105,46.107894736842105,37.69736842105263,1.335526315789474,77,V BOTTAS,BOT,bottas,52e252,sauber,Valtteri,Bottas,https://media.formula1.com/d_driver_fallback_image.png/content/dam/fom-website/drivers/V/VALBOT01_Valtteri_Bottas/valbot01.png.transform/1col/image.png,FIN,,,0 days 00:01:05.847000,,,,,,
2024,Austrian Grand Prix,Qualifying,Logan Sargeant,Williams,19.0,31.32894736842105,46.107894736842105,37.69736842105263,1.335526315789474,2,L SARGEANT,SAR,sargeant,64C4FF,williams,Logan,Sargeant,https://media.formula1.com/d_driver_fallback_image.png/content/dam/fom-website/drivers/L/LOGSAR01_Logan_Sargeant/logsar01.png.transform/1col/image.png,USA,,,0 days 00:01:05.856000,,,,,,
2024,Austrian Grand Prix,Qualifying,Guanyu Zhou,Kick Sauber,20.0,31.32894736842105,46.107894736842105,37.69736842105263,1.335526315789474,24,G ZHOU,ZHO,zhou,52e252,sauber,Guanyu,Zhou,https://media.formula1.com/d_driver_fallback_image.png/content/dam/fom-website/drivers/G/GUAZHO01_Guanyu_Zhou/guazho01.png.transform/1col/image.png,CHN,,,0 days 00:01:06.061000,,,,,,
2024,Austrian Grand Prix,Sprint,Max Verstappen,Red Bull Racing,1.0,28.164102564102567,42.68846153846154,47.37179487179487,1.0435897435897437,1,M VERSTAPPEN,VER,max_verstappen,3671C6,red_bull,Max,Verstappen,https://media.formula1.com/d_driver_fallback_image.png/content/dam/fom-website/drivers/M/MAXVER01_Max_Verstappen/maxver01.png.transform/1col/image.png,NED,1,1.0,,,,0 days 00:26:41.389000,Finished,8.0,23.0
2024,Austrian Grand Prix,Sprint,Oscar Piastri,McLaren,2.0,28.164102564102567,42.68846153846154,47.37179487179487,1.0435897435897437,81,O PIASTRI,PIA,piastri,FF8000,mclaren,Oscar,Piastri,https://media.formula1.com/d_driver_fallback_image.png/content/dam/fom-website/drivers/O/OSCPIA01_Oscar_Piastri/oscpia01.png.transform/1col/image.png,AUS,2,3.0,,,,0 days 00:00:04.616000,Finished,7.0,23.0
2024,Austrian Grand Prix,Sprint,Lando Norris,McLaren,3.0,28.164102564102567,42.68846153846154,47.37179487179487,1.0435897435897437,4,L NORRIS,NOR,norris,FF8000,mclaren,Lando,Norris,https://media.formula1.com/d_driver_fallback_image.png/content/dam/fom-website/drivers/L/LANNOR01_Lando_Norris/lannor01.png.transform/1col/image.png,GBR,3,2.0,,,,0 days 00:00:05.348000,Finished,6.0,23.0
2024,Austrian Grand Prix,Sprint,George Russell,Mercedes,4.0,28.164102564102567,42.68846153846154,47.37179487179487,1.0435897435897437,63,G RUSSELL,RUS,russell,27F4D2,mercedes,George,Russell,https://media.formula1.com/d_driver_fallback_image.png/content/dam/fom-website/drivers/G/GEORUS01_George_Russell/georus01.png.transform/1col/image.png,GBR,4,4.0,,,,0 days 00:00:08.354000,Finished,5.0,23.0
2024,Austrian Grand Prix,Sprint,Carlos Sainz,Ferrari,5.0,28.164102564102567,42.68846153846154,47.37179487179487,1.0435897435897437,55,C SAINZ,SAI,sainz,E80020,ferrari,Carlos,Sainz,https://media.formula1.com/d_driver_fallback_image.png/content/dam/fom-website/drivers/C/CARSAI01_Carlos_Sainz/carsai01.png.transform/1col/image.png,ESP,5,5.0,,,,0 days 00:00:09.989000,Finished,4.0,23.0
2024,Austrian Grand Prix,Sprint,Lewis Hamilton,Mercedes,6.0,28.164102564102567,42.68846153846154,47.37179487179487,1.0435897435897437,44,L HAMILTON,HAM,hamilton,27F4D2,mercedes,Lewis,Hamilton,https://media.formula1.com/d_driver_fallback_image.png/content/dam/fom-website/drivers/L/LEWHAM01_Lewis_Hamilton/lewham01.png.transform/1col/image.png,GBR,6,6.0,,,,0 days 00:00:11.207000,Finished,3.0,23.0
2024,Austrian Grand Prix,Sprint,Charles Leclerc,Ferrari,7.0,28.164102564102567,42.68846153846154,47.37179487179487,1.0435897435897437,16,C LECLERC,LEC,leclerc,E80020,ferrari,Charles,Leclerc,https://media.formula1.com/d_driver_fallback_image.png/content/dam/fom-website/drivers/C/CHALEC01_Charles_Leclerc/chalec01.png.transform/1col/image.png,MON,7,10.0,,,,0 days 00:00:13.424000,Finished,2.0,23.0
2024,Austrian Grand Prix,Sprint,Sergio Perez,Red Bull Racing,8.0,28.164102564102567,42.68846153846154,47.37179487179487,1.0435897435897437,11,S PEREZ,PER,perez,3671C6,red_bull,Sergio,Perez,https://media.formula1.com/d_driver_fallback_image.png/content/dam/fom-website/drivers/S/SERPER01_Sergio_Perez/serper01.png.transform/1col/image.png,MEX,8,7.0,,,,0 days 00:00:17.409000,Finished,1.0,23.0
2024,Austrian Grand Prix,Sprint,Kevin Magnussen,Haas F1 Team,9.0,28.164102564102567,42.68846153846154,47.37179487179487,1.0435897435897437,20,K MAGNUSSEN,MAG,kevin_magnussen,B6BABD,haas,Kevin,Magnussen,https://media.formula1.com/d_driver_fallback_image.png/content/dam/fom-website/drivers/K/KEVMAG01_Kevin_Magnussen/kevmag01.png.transform/1col/image.png,DEN,9,11.0,,,,0 days 00:00:24.067000,Finished,0.0,23.0
2024,Austrian Grand Prix,Sprint,Lance Stroll,Aston Martin,10.0,28.164102564102567,42.68846153846154,47.37179487179487,1.0435897435897437,18,L STROLL,STR,stroll,229971,aston_martin,Lance,Stroll,https://media.formula1.com/d_driver_fallback_image.png/content/dam/fom-website/drivers/L/LANSTR01_Lance_Stroll/lanstr01.png.transform/1col/image.png,CAN,10,12.0,,,,0 days 00:00:30.175000,Finished,0.0,23.0
2024,Austrian Grand Prix,Sprint,Esteban Ocon,Alpine,11.0,28.164102564102567,42.68846153846154,47.37179487179487,1.0435897435897437,31,E OCON,OCO,ocon,0093cc,alpine,Esteban,Ocon,https://media.formula1.com/d_driver_fallback_image.png/content/dam/fom-website/drivers/E/ESTOCO01_Esteban_Ocon/estoco01.png.transform/1col/image.png,FRA,11,8.0,,,,0 days 00:00:30.839000,Finished,0.0,23.0
2024,Austrian Grand Prix,Sprint,Pierre Gasly,Alpine,12.0,28.164102564102567,42.68846153846154,47.37179487179487,1.0435897435897437,10,P GASLY,GAS,gasly,0093cc,alpine,Pierre,Gasly,https://media.formula1.com/d_driver_fallback_image.png/content/dam/fom-website/drivers/P/PIEGAS01_Pierre_Gasly/piegas01.png.transform/1col/image.png,FRA,12,9.0,,,,0 days 00:00:31.308000,Finished,0.0,23.0
2024,Austrian Grand Prix,Sprint,Yuki Tsunoda,RB,13.0,28.164102564102567,42.68846153846154,47.37179487179487,1.0435897435897437,22,Y TSUNODA,TSU,tsunoda,6692FF,rb,Yuki,Tsunoda,https://media.formula1.com/d_driver_fallback_image.png/content/dam/fom-website/drivers/Y/YUKTSU01_Yuki_Tsunoda/yuktsu01.png.transform/1col/image.png,JPN,13,14.0,,,,0 days 00:00:35.452000,Finished,0.0,23.0
2024,Austrian Grand Prix,Sprint,Daniel Ricciardo,RB,14.0,28.164102564102567,42.68846153846154,47.37179487179487,1.0435897435897437,3,D RICCIARDO,RIC,ricciardo,6692FF,rb,Daniel,Ricciardo,https://media.formula1.com/d_driver_fallback_image.png/content/dam/fom-website/drivers/D/DANRIC01_Daniel_Ricciardo/danric01.png.transform/1col/image.png,AUS,14,16.0,,,,0 days 00:00:39.397000,Finished,0.0,23.0
2024,Austrian Grand Prix,Sprint,Fernando Alonso,Aston Martin,15.0,28.164102564102567,42.68846153846154,47.37179487179487,1.0435897435897437,14,F ALONSO,ALO,alonso,229971,aston_martin,Fernando,Alonso,https://media.formula1.com/d_driver_fallback_image.png/content/dam/fom-website/drivers/F/FERALO01_Fernando_Alonso/feralo01.png.transform/1col/image.png,ESP,15,13.0,,,,0 days 00:00:43.155000,Finished,0.0,23.0
2024,Austrian Grand Prix,Sprint,Logan Sargeant,Williams,16.0,28.164102564102567,42.68846153846154,47.37179487179487,1.0435897435897437,2,L SARGEANT,SAR,sargeant,64C4FF,williams,Logan,Sargeant,https://media.formula1.com/d_driver_fallback_image.png/content/dam/fom-website/drivers/L/LOGSAR01_Logan_Sargeant/logsar01.png.transform/1col/image.png,USA,16,15.0,,,,0 days 00:00:44.076000,Finished,0.0,23.0
2024,Austrian Grand Prix,Sprint,Alexander Albon,Williams,17.0,28.164102564102567,42.68846153846154,47.37179487179487,1.0435897435897437,23,A ALBON,ALB,albon,64C4FF,williams,Alexander,Albon,https://media.formula1.com/d_driver_fallback_image.png/content/dam/fom-website/drivers/A/ALEALB01_Alexander_Albon/alealb01.png.transform/1col/image.png,THA,17,20.0,,,,0 days 00:00:44.673000,Finished,0.0,23.0
2024,Austrian Grand Prix,Sprint,Valtteri Bottas,Kick Sauber,18.0,28.164102564102567,42.68846153846154,47.37179487179487,1.0435897435897437,77,V BOTTAS,BOT,bottas,52e252,sauber,Valtteri,Bottas,https://media.formula1.com/d_driver_fallback_image.png/content/dam/fom-website/drivers/V/VALBOT01_Valtteri_Bottas/valbot01.png.transform/1col/image.png,FIN,18,18.0,,,,0 days 00:00:46.511000,Finished,0.0,23.0
2024,Austrian Grand Prix,Sprint,Nico Hulkenberg,Haas F1 Team,19.0,28.164102564102567,42.68846153846154,47.37179487179487,1.0435897435897437,27,N HULKENBERG,HUL,hulkenberg,B6BABD,haas,Nico,Hulkenberg,https://media.formula1.com/d_driver_fallback_image.png/content/dam/fom-website/drivers/N/NICHUL01_Nico_Hulkenberg/nichul01.png.transform/1col/image.png,GER,19,17.0,,,,0 days 00:00:48.423000,Finished,0.0,23.0
2024,Austrian Grand Prix,Sprint,Guanyu Zhou,Kick Sauber,20.0,28.164102564102567,42.68846153846154,47.37179487179487,1.0435897435897437,24,G ZHOU,ZHO,zhou,52e252,sauber,Guanyu,Zhou,https://media.formula1.com/d_driver_fallback_image.png/content/dam/fom-website/drivers/G/GUAZHO01_Guanyu_Zhou/guazho01.png.transform/1col/image.png,CHN,20,19.0,,,,0 days 00:00:53.143000,Finished,0.0,23.0
2024,Austrian Grand Prix,Practice 1,Max Verstappen,Red Bull Racing,,23.24430379746836,36.88354430379747,59.54430379746835,2.6,1,M VERSTAPPEN,VER,max_verstappen,3671C6,red_bull,Max,Verstappen,https://media.formula1.com/d_driver_fallback_image.png/content/dam/fom-website/drivers/M/MAXVER01_Max_Verstappen/maxver01.png.transform/1col/image.png,NED,,,,,,,,,
2024,Austrian Grand Prix,Practice 1,Logan Sargeant,Williams,,23.24430379746836,36.88354430379747,59.54430379746835,2.6,2,L SARGEANT,SAR,sargeant,64C4FF,williams,Logan,Sargeant,https://media.formula1.com/d_driver_fallback_image.png/content/dam/fom-website/drivers/L/LOGSAR01_Logan_Sargeant/logsar01.png.transform/1col/image.png,USA,,,,,,,,,
2024,Austrian Grand Prix,Practice 1,Daniel Ricciardo,RB,,23.24430379746836,36.88354430379747,59.54430379746835,2.6,3,D RICCIARDO,RIC,ricciardo,6692FF,rb,Daniel,Ricciardo,https://media.formula1.com/d_driver_fallback_image.png/content/dam/fom-website/drivers/D/DANRIC01_Daniel_Ricciardo/danric01.png.transform/1col/image.png,AUS,,,,,,,,,
2024,Austrian Grand Prix,Practice 1,Lando Norris,McLaren,,23.24430379746836,36.88354430379747,59.54430379746835,2.6,4,L NORRIS,NOR,norris,FF8000,mclaren,Lando,Norris,https://media.formula1.com/d_driver_fallback_image.png/content/dam/fom-website/drivers/L/LANNOR01_Lando_Norris/lannor01.png.transform/1col/image.png,GBR,,,,,,,,,
2024,Austrian Grand Prix,Practice 1,Pierre Gasly,Alpine,,23.24430379746836,36.88354430379747,59.54430379746835,2.6,10,P GASLY,GAS,gasly,0093cc,alpine,Pierre,Gasly,https://media.formula1.com/d_driver_fallback_image.png/content/dam/fom-website/drivers/P/PIEGAS01_Pierre_Gasly/piegas01.png.transform/1col/image.png,FRA,,,,,,,,,
2024,Austrian Grand Prix,Practice 1,Sergio Perez,Red Bull Racing,,23.24430379746836,36.88354430379747,59.54430379746835,2.6,11,S PEREZ,PER,perez,3671C6,red_bull,Sergio,Perez,https://media.formula1.com/d_driver_fallback_image.png/content/dam/fom-website/drivers/S/SERPER01_Sergio_Perez/serper01.png.transform/1col/image.png,MEX,,,,,,,,,
2024,Austrian Grand Prix,Practice 1,Fernando Alonso,Aston Martin,,23.24430379746836,36.88354430379747,59.54430379746835,2.6,14,F ALONSO,ALO,alonso,229971,aston_martin,Fernando,Alonso,https://media.formula1.com/d_driver_fallback_image.png/content/dam/fom-website/drivers/F/FERALO01_Fernando_Alonso/feralo01.png.transform/1col/image.png,ESP,,,,,,,,,
2024,Austrian Grand Prix,Practice 1,Charles Leclerc,Ferrari,,23.24430379746836,36.88354430379747,59.54430379746835,2.6,16,C LECLERC,LEC,leclerc,E80020,ferrari,Charles,Leclerc,https://media.formula1.com/d_driver_fallback_image.png/content/dam/fom-website/drivers/C/CHALEC01_Charles_Leclerc/chalec01.png.transform/1col/image.png,MON,,,,,,,,,
2024,Austrian Grand Prix,Practice 1,Lance Stroll,Aston Martin,,23.24430379746836,36.88354430379747,59.54430379746835,2.6,18,L STROLL,STR,stroll,229971,aston_martin,Lance,Stroll,https://media.formula1.com/d_driver_fallback_image.png/content/dam/fom-website/drivers/L/LANSTR01_Lance_Stroll/lanstr01.png.transform/1col/image.png,CAN,,,,,,,,,
2024,Austrian Grand Prix,Practice 1,Kevin Magnussen,Haas F1 Team,,23.24430379746836,36.88354430379747,59.54430379746835,2.6,20,K MAGNUSSEN,MAG,kevin_magnussen,B6BABD,haas,Kevin,Magnussen,https://media.formula1.com/d_driver_fallback_image.png/content/dam/fom-website/drivers/K/KEVMAG01_Kevin_Magnussen/kevmag01.png.transform/1col/image.png,DEN,,,,,,,,,
2024,Austrian Grand Prix,Practice 1,Yuki Tsunoda,RB,,23.24430379746836,36.88354430379747,59.54430379746835,2.6,22,Y TSUNODA,TSU,tsunoda,6692FF,rb,Yuki,Tsunoda,https://media.formula1.com/d_driver_fallback_image.png/content/dam/fom-website/drivers/Y/YUKTSU01_Yuki_Tsunoda/yuktsu01.png.transform/1col/image.png,JPN,,,,,,,,,
2024,Austrian Grand Prix,Practice 1,Alexander Albon,Williams,,23.24430379746836,36.88354430379747,59.54430379746835,2.6,23,A ALBON,ALB,albon,64C4FF,williams,Alexander,Albon,https://media.formula1.com/d_driver_fallback_image.png/content/dam/fom-website/drivers/A/ALEALB01_Alexander_Albon/alealb01.png.transform/1col/image.png,THA,,,,,,,,,
2024,Austrian Grand Prix,Practice 1,Guanyu Zhou,Kick Sauber,,23.24430379746836,36.88354430379747,59.54430379746835,2.6,24,G ZHOU,ZHO,zhou,52e252,sauber,Guanyu,Zhou,https://media.formula1.com/d_driver_fallback_image.png/content/dam/fom-website/drivers/G/GUAZHO01_Guanyu_Zhou/guazho01.png.transform/1col/image.png,CHN,,,,,,,,,
2024,Austrian Grand Prix,Practice 1,Nico Hulkenberg,Haas F1 Team,,23.24430379746836,36.88354430379747,59.54430379746835,2.6,27,N HULKENBERG,HUL,hulkenberg,B6BABD,haas,Nico,Hulkenberg,https://media.formula1.com/d_driver_fallback_image.png/content/dam/fom-website/drivers/N/NICHUL01_Nico_Hulkenberg/nichul01.png.transform/1col/image.png,GER,,,,,,,,,
2024,Austrian Grand Prix,Practice 1,Esteban Ocon,Alpine,,23.24430379746836,36.88354430379747,59.54430379746835,2.6,31,E OCON,OCO,ocon,0093cc,alpine,Esteban,Ocon,https://media.formula1.com/d_driver_fallback_image.png/content/dam/fom-website/drivers/E/ESTOCO01_Esteban_Ocon/estoco01.png.transform/1col/image.png,FRA,,,,,,,,,
2024,Austrian Grand Prix,Practice 1,Lewis Hamilton,Mercedes,,23.24430379746836,36.88354430379747,59.54430379746835,2.6,44,L HAMILTON,HAM,hamilton,27F4D2,mercedes,Lewis,Hamilton,https://media.formula1.com/d_driver_fallback_image.png/content/dam/fom-website/drivers/L/LEWHAM01_Lewis_Hamilton/lewham01.png.transform/1col/image.png,GBR,,,,,,,,,
2024,Austrian Grand Prix,Practice 1,Carlos Sainz,Ferrari,,23.24430379746836,36.88354430379747,59.54430379746835,2.6,55,C SAINZ,SAI,sainz,E80020,ferrari,Carlos,Sainz,https://media.formula1.com/d_driver_fallback_image.png/content/dam/fom-website/drivers/C/CARSAI01_Carlos_Sainz/carsai01.png.transform/1col/image.png,ESP,,,,,,,,,
2024,Austrian Grand Prix,Practice 1,George Russell,Mercedes,,23.24430379746836,36.88354430379747,59.54430379746835,2.6,63,G RUSSELL,RUS,russell,27F4D2,mercedes,George,Russell,https://media.formula1.com/d_driver_fallback_image.png/content/dam/fom-website/drivers/G/GEORUS01_George_Russell/georus01.png.transform/1col/image.png,GBR,,,,,,,,,
2024,Austrian Grand Prix,Practice 1,Valtteri Bottas,Kick Sauber,,23.24430379746836,36.88354430379747,59.54430379746835,2.6,77,V BOTTAS,BOT,bottas,52e252,sauber,Valtteri,Bottas,https://media.formula1.com/d_driver_fallback_image.png/content/dam/fom-website/drivers/V/VALBOT01_Valtteri_Bottas/valbot01.png.transform/1col/image.png,FIN,,,,,,,,,
2024,Austrian Grand Prix,Practice 1,Oscar Piastri,McLaren,,23.24430379746836,36.88354430379747,59.54430379746835,2.6,81,O PIASTRI,PIA,piastri,FF8000,mclaren,Oscar,Piastri,https://media.formula1.com/d_driver_fallback_image.png/content/dam/fom-website/drivers/O/OSCPIA01_Oscar_Piastri/oscpia01.png.transform/1col/image.png,AUS,,,,,,,,,
2024,British Grand Prix,Race,Lewis Hamilton,Mercedes,1.0,15.77074829931973,27.670068027210885,67.33333333333333,1.3482993197278912,44,L HAMILTON,HAM,hamilton,27F4D2,mercedes,Lewis,Hamilton,https://media.formula1.com/d_driver_fallback_image.png/content/dam/fom-website/drivers/L/LEWHAM01_Lewis_Hamilton/lewham01.png.transform/1col/image.png,GBR,1,2.0,,,,0 days 01:22:27.059000,Finished,25.0,52.0
2024,British Grand Prix,Race,Max Verstappen,Red Bull Racing,2.0,15.77074829931973,27.670068027210885,67.33333333333333,1.3482993197278912,1,M VERSTAPPEN,VER,max_verstappen,3671C6,red_bull,Max,Verstappen,https://media.formula1.com/d_driver_fallback_image.png/content/dam/fom-website/drivers/M/MAXVER01_Max_Verstappen/maxver01.png.transform/1col/image.png,NED,2,4.0,,,,0 days 00:00:01.465000,Finished,18.0,52.0
2024,British Grand Prix,Race,Lando Norris,McLaren,3.0,15.77074829931973,27.670068027210885,67.33333333333333,1.3482993197278912,4,L NORRIS,NOR,norris,FF8000,mclaren,Lando,Norris,https://media.formula1.com/d_driver_fallback_image.png/content/dam/fom-website/drivers/L/LANNOR01_Lando_Norris/lannor01.png.transform/1col/image.png,GBR,3,3.0,,,,0 days 00:00:07.547000,Finished,15.0,52.0
2024,British Grand Prix,Race,Oscar Piastri,McLaren,4.0,15.77074829931973,27.670068027210885,67.33333333333333,1.3482993197278912,81,O PIASTRI,PIA,piastri,FF8000,mclaren,Oscar,Piastri,https://media.formula1.com/d_driver_fallback_image.png/content/dam/fom-website/drivers/O/OSCPIA01_Oscar_Piastri/oscpia01.png.transform/1col/image.png,AUS,4,5.0,,,,0 days 00:00:12.429000,Finished,12.0,52.0
2024,British Grand Prix,Race,Carlos Sainz,Ferrari,5.0,15.77074829931973,27.670068027210885,67.33333333333333,1.3482993197278912,55,C SAINZ,SAI,sainz,E80020,ferrari,Carlos,Sainz,https://media.formula1.com/d_driver_fallback_image.png/content/dam/fom-website/drivers/C/CARSAI01_Carlos_Sainz/carsai01.png.transform/1col/image.png,ESP,5,7.0,,,,0 days 00:00:47.318000,Finished,11.0,52.0
2024,British Grand Prix,Race,Nico Hulkenberg,Haas F1 Team,6.0,15.77074829931973,27.670068027210885,67.33333333333333,1.3482993197278912,27,N HULKENBERG,HUL,hulkenberg,B6BABD,haas,Nico,Hulkenberg,https://media.formula1.com/d_driver_fallback_image.png/content/dam/fom-website/drivers/N/NICHUL01_Nico_Hulkenberg/nichul01.png.transform/1col/image.png,GER,6,6.0,,,,0 days 00:00:55.722000,Finished,8.0,52.0
2024,British Grand Prix,Race,Lance Stroll,Aston Martin,7.0,15.77074829931973,27.670068027210885,67.33333333333333,1.3482993197278912,18,L STROLL,STR,stroll,229971,aston_martin,Lance,Stroll,https://media.formula1.com/d_driver_fallback_image.png/content/dam/fom-website/drivers/L/LANSTR01_Lance_Stroll/lanstr01.png.transform/1col/image.png,CAN,7,8.0,,,,0 days 00:00:56.569000,Finished,6.0,52.0
2024,British Grand Prix,Race,Fernando Alonso,Aston Martin,8.0,15.77074829931973,27.670068027210885,67.33333333333333,1.3482993197278912,14,F ALONSO,ALO,alonso,229971,aston_martin,Fernando,Alonso,https://media.formula1.com/d_driver_fallback_image.png/content/dam/fom-website/drivers/F/FERALO01_Fernando_Alonso/feralo01.png.transform/1col/image.png,ESP,8,10.0,,,,0 days 00:01:03.577000,Finished,4.0,52.0
2024,British Grand Prix,Race,Alexander Albon,Williams,9.0,15.77074829931973,27.670068027210885,67.33333333333333,1.3482993197278912,23,A ALBON,ALB,albon,64C4FF,williams,Alexander,Albon,https://media.formula1.com/d_driver_fallback_image.png/content/dam/fom-website/drivers/A/ALEALB01_Alexander_Albon/alealb01.png.transform/1col/image.png,THA,9,9.0,,,,0 days 00:01:08.387000,Finished,2.0,52.0
2024,British Grand Prix,Race,Yuki Tsunoda,RB,10.0,15.77074829931973,27.670068027210885,67.33333333333333,1.3482993197278912,22,Y TSUNODA,TSU,tsunoda,6692FF,rb,Yuki,Tsunoda,https://media.formula1.com/d_driver_fallback_image.png/content/dam/fom-website/drivers/Y/YUKTSU01_Yuki_Tsunoda/yuktsu01.png.transform/1col/image.png,JPN,10,13.0,,,,0 days 00:01:19.303000,Finished,1.0,52.0
2024,British Grand Prix,Race,Logan Sargeant,Williams,11.0,15.77074829931973,27.670068027210885,67.33333333333333,1.3482993197278912,2,L SARGEANT,SAR,sargeant,64C4FF,williams,Logan,Sargeant,https://media.formula1.com/d_driver_fallback_image.png/content/dam/fom-website/drivers/L/LOGSAR01_Logan_Sargeant/logsar01.png.transform/1col/image.png,USA,11,12.0,,,,0 days 00:01:28.960000,Finished,0.0,52.0
2024,British Grand Prix,Race,Kevin Magnussen,Haas F1 Team,12.0,15.77074829931973,27.670068027210885,67.33333333333333,1.3482993197278912,20,K MAGNUSSEN,MAG,kevin_magnussen,B6BABD,haas,Kevin,Magnussen,https://media.formula1.com/d_driver_fallback_image.png/content/dam/fom-website/drivers/K/KEVMAG01_Kevin_Magnussen/kevmag01.png.transform/1col/image.png,DEN,12,17.0,,,,0 days 00:01:30.153000,Finished,0.0,52.0
2024,British Grand Prix,Race,Daniel Ricciardo,RB,13.0,15.77074829931973,27.670068027210885,67.33333333333333,1.3482993197278912,3,D RICCIARDO,RIC,ricciardo,6692FF,rb,Daniel,Ricciardo,https://media.formula1.com/d_driver_fallback_image.png/content/dam/fom-website/drivers/D/DANRIC01_Daniel_Ricciardo/danric01.png.transform/1col/image.png,AUS,13,15.0,,,,0 days 00:00:09.937000,Lapped,0.0,51.0
2024,British Grand Prix,Race,Charles Leclerc,Ferrari,14.0,15.77074829931973,27.670068027210885,67.33333333333333,1.3482993197278912,16,C LECLERC,LEC,leclerc,E80020,ferrari,Charles,Leclerc,https://media.formula1.com/d_driver_fallback_image.png/content/dam/fom-website/drivers/C/CHALEC01_Charles_Leclerc/chalec01.png.transform/1col/image.png,MON,14,11.0,,,,0 days 00:00:40.473000,Lapped,0.0,51.0
2024,British Grand Prix,Race,Valtteri Bottas,Kick Sauber,15.0,15.77074829931973,27.670068027210885,67.33333333333333,1.3482993197278912,77,V BOTTAS,BOT,bottas,52e252,sauber,Valtteri,Bottas,https://media.formula1.com/d_driver_fallback_image.png/content/dam/fom-website/drivers/V/VALBOT01_Valtteri_Bottas/valbot01.png.transform/1col/image.png,FIN,15,16.0,,,,0 days 00:00:41.821000,Lapped,0.0,51.0
2024,British Grand Prix,Race,Esteban Ocon,Alpine,16.0,15.77074829931973,27.670068027210885,67.33333333333333,1.3482993197278912,31,E OCON,OCO,ocon,0093cc,alpine,Esteban,Ocon,https://media.formula1.com/d_driver_fallback_image.png/content/dam/fom-website/drivers/E/ESTOCO01_Esteban_Ocon/estoco01.png.transform/1col/image.png,FRA,16,18.0,,,,0 days 00:00:10.682000,Lapped,0.0,50.0
2024,British Grand Prix,Race,Sergio Perez,Red Bull Racing,17.0,15.77074829931973,27.670068027210885,67.33333333333333,1.3482993197278912,11,S PEREZ,PER,perez,3671C6,red_bull,Sergio,Perez,https://media.formula1.com/d_driver_fallback_image.png/content/dam/fom-website/drivers/S/SERPER01_Sergio_Perez/serper01.png.transform/1col/image.png,MEX,17,20.0,,,,0 days 00:00:18.005000,Lapped,0.0,50.0
2024,British Grand Prix,Race,Guanyu Zhou,Kick Sauber,18.0,15.77074829931973,27.670068027210885,67.33333333333333,1.3482993197278912,24,G ZHOU,ZHO,zhou,52e252,sauber,Guanyu,Zhou,https://media.formula1.com/d_driver_fallback_image.png/content/dam/fom-website/drivers/G/GUAZHO01_Guanyu_Zhou/guazho01.png.transform/1col/image.png,CHN,18,14.0,,,,0 days 00:00:54.476000,Lapped,0.0,50.0
2024,British Grand Prix,Race,George Russell,Mercedes,19.0,15.77074829931973,27.670068027210885,67.33333333333333,1.3482993197278912,63,G RUSSELL,RUS,russell,27F4D2,mercedes,George,Russell,https://media.formula1.com/d_driver_fallback_image.png/content/dam/fom-website/drivers/G/GEORUS01_George_Russell/georus01.png.transform/1col/image.png,GBR,R,1.0,,,,,Retired,0.0,33.0
2024,British Grand Prix,Race,Pierre Gasly,Alpine,20.0,15.77074829931973,27.670068027210885,67.33333333333333,1.3482993197278912,10,P GASLY,GAS,gasly,0093cc,alpine,Pierre,Gasly,https://media.formula1.com/d_driver_fallback_image.png/content/dam/fom-website/drivers/P/PIEGAS01_Pierre_Gasly/piegas01.png.transform/1col/image.png,FRA,W,19.0,,,,,Did not start,0.0,0.0
2024,British Grand Prix,Qualifying,George Russell,Mercedes,1.0,13.69764705882353,21.21529411764706,74.38823529411765,1.7694117647058825,63,G RUSSELL,RUS,russell,27F4D2,mercedes,George,Russell,https://media.formula1.com/d_driver_fallback_image.png/content/dam/fom-website/drivers/G/GEORUS01_George_Russell/georus01.png.transform/1col/image.png,GBR,,,0 days 00:01:30.106000,0 days 00:01:26.723000,0 days 00:01:25.819000,,,,
2024,British Grand Prix,Qualifying,Lewis Hamilton,Mercedes,2.0,13.69764705882353,21.21529411764706,74.38823529411765,1.7694117647058825,44,L HAMILTON,HAM,hamilton,27F4D2,mercedes,Lewis,Hamilton,https://media.formula1.com/d_driver_fallback_image.png/content/dam/fom-website/drivers/L/LEWHAM01_Lewis_Hamilton/lewham01.png.transform/1col/image.png,GBR,,,0 days 00:01:29.547000,0 days 00:01:26.770000,0 days 00:01:25.990000,,,,
2024,British Grand Prix,Qualifying,Lando Norris,McLaren,3.0,13.69764705882353,21.21529411764706,74.38823529411765,1.7694117647058825,4,L NORRIS,NOR,norris,FF8000,mclaren,Lando,Norris,https://media.formula1.com/d_driver_fallback_image.png/content/dam/fom-website/drivers/L/LANNOR01_Lando_Norris/lannor01.png.transform/1col/image.png,GBR,,,0 days 00:01:31.596000,0 days 00:01:26.559000,0 days 00:01:26.030000,,,,
2024,British Grand Prix,Qualifying,Max Verstappen,Red Bull Racing,4.0,13.69764705882353,21.21529411764706,74.38823529411765,1.7694117647058825,1,M VERSTAPPEN,VER,max_verstappen,3671C6,red_bull,Max,Verstappen,https://media.formula1.com/d_driver_fallback_image.png/content/dam/fom-website/drivers/M/MAXVER01_Max_Verstappen/maxver01.png.transform/1col/image.png,NED,,,0 days 00:01:31.342000,0 days 00:01:26.796000,0 days 00:01:26.203000,,,,
2024,British Grand Prix,Qualifying,Oscar Piastri,McLaren,5.0,13.69764705882353,21.21529411764706,74.38823529411765,1.7694117647058825,81,O PIASTRI,PIA,piastri,FF8000,mclaren,Oscar,Piastri,https://media.formula1.com/d_driver_fallback_image.png/content/dam/fom-website/drivers/O/OSCPIA01_Oscar_Piastri/oscpia01.png.transform/1col/image.png,AUS,,,0 days 00:01:30.895000,0 days 00:01:26.733000,0 days 00:01:26.237000,,,,
2024,British Grand Prix,Qualifying,Nico Hulkenberg,Haas F1 Team,6.0,13.69764705882353,21.21529411764706,74.38823529411765,1.7694117647058825,27,N HULKENBERG,HUL,hulkenberg,B6BABD,haas,Nico,Hulkenberg,https://media.formula1.com/d_driver_fallback_image.png/content/dam/fom-website/drivers/N/NICHUL01_Nico_Hulkenberg/nichul01.png.transform/1col/image.png,GER,,,0 days 00:01:31.929000,0 days 00:01:26.847000,0 days 00:01:26.338000,,,,
2024,British Grand Prix,Qualifying,Carlos Sainz,Ferrari,7.0,13.69764705882353,21.21529411764706,74.38823529411765,1.7694117647058825,55,C SAINZ,SAI,sainz,E80020,ferrari,Carlos,Sainz,https://media.formula1.com/d_driver_fallback_image.png/content/dam/fom-website/drivers/C/CARSAI01_Carlos_Sainz/carsai01.png.transform/1col/image.png,ESP,,,0 days 00:01:30.557000,0 days 00:01:26.843000,0 days 00:01:26.509000,,,,
2024,British Grand Prix,Qualifying,Lance Stroll,Aston Martin,8.0,13.69764705882353,21.21529411764706,74.38823529411765,1.7694117647058825,18,L STROLL,STR,stroll,229971,aston_martin,Lance,Stroll,https://media.formula1.com/d_driver_fallback_image.png/content/dam/fom-website/drivers/L/LANSTR01_Lance_Stroll/lanstr01.png.transform/1col/image.png,CAN,,,0 days 00:01:31.410000,0 days 00:01:26.938000,0 days 00:01:26.585000,,,,
2024,British Grand Prix,Qualifying,Alexander Albon,Williams,9.0,13.69764705882353,21.21529411764706,74.38823529411765,1.7694117647058825,23,A ALBON,ALB,albon,64C4FF,williams,Alexander,Albon,https://media.formula1.com/d_driver_fallback_image.png/content/dam/fom-website/drivers/A/ALEALB01_Alexander_Albon/alealb01.png.transform/1col/image.png,THA,,,0 days 00:01:31.135000,0 days 00:01:26.933000,0 days 00:01:26.640000,,,,
2024,British Grand Prix,Qualifying,Fernando Alonso,Aston Martin,10.0,13.69764705882353,21.21529411764706,74.38823529411765,1.7694117647058825,14,F ALONSO,ALO,alonso,229971,aston_martin,Fernando,Alonso,https://media.formula1.com/d_driver_fallback_image.png/content/dam/fom-website/drivers/F/FERALO01_Fernando_Alonso/feralo01.png.transform/1col/image.png,ESP,,,0 days 00:01:31.264000,0 days 00:01:26.730000,0 days 00:01:26.917000,,,,
2024,British Grand Prix,Qualifying,Charles Leclerc,Ferrari,11.0,13.69764705882353,21.21529411764706,74.38823529411765,1.7694117647058825,16,C LECLERC,LEC,leclerc,E80020,ferrari,Charles,Leclerc,https://media.formula1.com/d_driver_fallback_image.png/content/dam/fom-website/drivers/C/CHALEC01_Charles_Leclerc/chalec01.png.transform/1col/image.png,MON,,,0 days 00:01:30.496000,0 days 00:01:27.097000,,,,,
2024,British Grand Prix,Qualifying,Logan Sargeant,Williams,12.0,13.69764705882353,21.21529411764706,74.38823529411765,1.7694117647058825,2,L SARGEANT,SAR,sargeant,64C4FF,williams,Logan,Sargeant,https://media.formula1.com/d_driver_fallback_image.png/content/dam/fom-website/drivers/L/LOGSAR01_Logan_Sargeant/logsar01.png.transform/1col/image.png,USA,,,0 days 00:01:31.608000,0 days 00:01:27.175000,,,,,
2024,British Grand Prix,Qualifying,Yuki Tsunoda,RB,13.0,13.69764705882353,21.21529411764706,74.38823529411765,1.7694117647058825,22,Y TSUNODA,TSU,tsunoda,6692FF,rb,Yuki,Tsunoda,https://media.formula1.com/d_driver_fallback_image.png/content/dam/fom-website/drivers/Y/YUKTSU01_Yuki_Tsunoda/yuktsu01.png.transform/1col/image.png,JPN,,,0 days 00:01:30.994000,0 days 00:01:27.269000,,,,,
2024,British Grand Prix,Qualifying,Guanyu Zhou,Kick Sauber,14.0,13.69764705882353,21.21529411764706,74.38823529411765,1.7694117647058825,24,G ZHOU,ZHO,zhou,52e252,sauber,Guanyu,Zhou,https://media.formula1.com/d_driver_fallback_image.png/content/dam/fom-website/drivers/G/GUAZHO01_Guanyu_Zhou/guazho01.png.transform/1col/image.png,CHN,,,0 days 00:01:31.190000,0 days 00:01:27.867000,,,,,
2024,British Grand Prix,Qualifying,Daniel Ricciardo,RB,15.0,13.69764705882353,21.21529411764706,74.38823529411765,1.7694117647058825,3,D RICCIARDO,RIC,ricciardo,6692FF,rb,Daniel,Ricciardo,https://media.formula1.com/d_driver_fallback_image.png/content/dam/fom-website/drivers/D/DANRIC01_Daniel_Ricciardo/danric01.png.transform/1col/image.png,AUS,,,0 days 00:01:31.291000,0 days 00:01:27.949000,,,,,
2024,British Grand Prix,Qualifying,Valtteri Bottas,Kick Sauber,16.0,13.69764705882353,21.21529411764706,74.38823529411765,1.7694117647058825,77,V BOTTAS,BOT,bottas,52e252,sauber,Valtteri,Bottas,https://media.formula1.com/d_driver_fallback_image.png/content/dam/fom-website/drivers/V/VALBOT01_Valtteri_Bottas/valbot01.png.transform/1col/image.png,FIN,,,0 days 00:01:32.431000,,,,,,
2024,British Grand Prix,Qualifying,Kevin Magnussen,Haas F1 Team,17.0,13.69764705882353,21.21529411764706,74.38823529411765,1.7694117647058825,20,K MAGNUSSEN,MAG,kevin_magnussen,B6BABD,haas,Kevin,Magnussen,https://media.formula1.com/d_driver_fallback_image.png/content/dam/fom-website/drivers/K/KEVMAG01_Kevin_Magnussen/kevmag01.png.transform/1col/image.png,DEN,,,0 days 00:01:32.905000,,,,,,
2024,British Grand Prix,Qualifying,Esteban Ocon,Alpine,18.0,13.69764705882353,21.21529411764706,74.38823529411765,1.7694117647058825,31,E OCON,OCO,ocon,0093cc,alpine,Esteban,Ocon,https://media.formula1.com/d_driver_fallback_image.png/content/dam/fom-website/drivers/E/ESTOCO01_Esteban_Ocon/estoco01.png.transform/1col/image.png,FRA,,,0 days 00:01:34.557000,,,,,,
2024,British Grand Prix,Qualifying,Sergio Perez,Red Bull Racing,19.0,13.69764705882353,21.21529411764706,74.38823529411765,1.7694117647058825,11,S PEREZ,PER,perez,3671C6,red_bull,Sergio,Perez,https://media.formula1.com/d_driver_fallback_image.png/content/dam/fom-website/drivers/S/SERPER01_Sergio_Perez/serper01.png.transform/1col/image.png,MEX,,,0 days 00:01:38.348000,,,,,,
2024,British Grand Prix,Qualifying,Pierre Gasly,Alpine,20.0,13.69764705882353,21.21529411764706,74.38823529411765,1.7694117647058825,10,P GASLY,GAS,gasly,0093cc,alpine,Pierre,Gasly,https://media.formula1.com/d_driver_fallback_image.png/content/dam/fom-website/drivers/P/PIEGAS01_Pierre_Gasly/piegas01.png.transform/1col/image.png,FRA,,,0 days 00:01:39.804000,,,,,,
2024,British Grand Prix,Practice 1,Max Verstappen,Red Bull Racing,,16.386419753086418,24.554320987654318,75.61728395061728,1.3691358024691358,1,M VERSTAPPEN,VER,max_verstappen,3671C6,red_bull,Max,Verstappen,https://media.formula1.com/d_driver_fallback_image.png/content/dam/fom-website/drivers/M/MAXVER01_Max_Verstappen/maxver01.png.transform/1col/image.png,NED,,,,,,,,,
2024,British Grand Prix,Practice 1,Daniel Ricciardo,RB,,16.386419753086418,24.554320987654318,75.61728395061728,1.3691358024691358,3,D RICCIARDO,RIC,ricciardo,6692FF,rb,Daniel,Ricciardo,https://media.formula1.com/d_driver_fallback_image.png/content/dam/fom-website/drivers/D/DANRIC01_Daniel_Ricciardo/danric01.png.transform/1col/image.png,AUS,,,,,,,,,
2024,British Grand Prix,Practice 1,Lando Norris,McLaren,,16.386419753086418,24.554320987654318,75.61728395061728,1.3691358024691358,4,L NORRIS,NOR,norris,FF8000,mclaren,Lando,Norris,https://media.formula1.com/d_driver_fallback_image.png/content/dam/fom-website/drivers/L/LANNOR01_Lando_Norris/lannor01.png.transform/1col/image.png,GBR,,,,,,,,,
2024,British Grand Prix,Practice 1,Fernando Alonso,Aston Martin,,16.386419753086418,24.554320987654318,75.61728395061728,1.3691358024691358,14,F ALONSO,ALO,alonso,229971,aston_martin,Fernando,Alonso,https://media.formula1.com/d_driver_fallback_image.png/content/dam/fom-website/drivers/F/FERALO01_Fernando_Alonso/feralo01.png.transform/1col/image.png,ESP,,,,,,,,,
2024,British Grand Prix,Practice 1,Charles Leclerc,Ferrari,,16.386419753086418,24.554320987654318,75.61728395061728,1.3691358024691358,16,C LECLERC,LEC,leclerc,E80020,ferrari,Charles,Leclerc,https://media.formula1.com/d_driver_fallback_image.png/content/dam/fom-website/drivers/C/CHALEC01_Charles_Leclerc/chalec01.png.transform/1col/image.png,MON,,,,,,,,,
2024,British Grand Prix,Practice 1,Lance Stroll,Aston Martin,,16.386419753086418,24.554320987654318,75.61728395061728,1.3691358024691358,18,L STROLL,STR,stroll,229971,aston_martin,Lance,Stroll,https://media.formula1.com/d_driver_fallback_image.png/content/dam/fom-website/drivers/L/LANSTR01_Lance_Stroll/lanstr01.png.transform/1col/image.png,CAN,,,,,,,,,
2024,British Grand Prix,Practice 1,Yuki Tsunoda,RB,,16.386419753086418,24.554320987654318,75.61728395061728,1.3691358024691358,22,Y TSUNODA,TSU,tsunoda,6692FF,rb,Yuki,Tsunoda,https://media.formula1.com/d_driver_fallback_image.png/content/dam/fom-website/drivers/Y/YUKTSU01_Yuki_Tsunoda/yuktsu01.png.transform/1col/image.png,JPN,,,,,,,,,
2024,British Grand Prix,Practice 1,Alexander Albon,Williams,,16.386419753086418,24.554320987654318,75.61728395061728,1.3691358024691358,23,A ALBON,ALB,albon,64C4FF,williams,Alexander,Albon,https://media.formula1.com/d_driver_fallback_image.png/content/dam/fom-website/drivers/A/ALEALB01_Alexander_Albon/alealb01.png.transform/1col/image.png,THA,,,,,,,,,
2024,British Grand Prix,Practice 1,Guanyu Zhou,Kick Sauber,,16.386419753086418,24.554320987654318,75.61728395061728,1.3691358024691358,24,G ZHOU,ZHO,zhou,52e252,sauber,Guanyu,Zhou,https://media.formula1.com/d_driver_fallback_image.png/content/dam/fom-website/drivers/G/GUAZHO01_Guanyu_Zhou/guazho01.png.transform/1col/image.png,CHN,,,,,,,,,
2024,British Grand Prix,Practice 1,Nico Hulkenberg,Haas F1 Team,,16.386419753086418,24.554320987654318,75.61728395061728,1.3691358024691358,27,N HULKENBERG,HUL,hulkenberg,B6BABD,haas,Nico,Hulkenberg,https://media.formula1.com/d_driver_fallback_image.png/content/dam/fom-website/drivers/N/NICHUL01_Nico_Hulkenberg/nichul01.png.transform/1col/image.png,GER,,,,,,,,,
2024,British Grand Prix,Practice 1,Esteban Ocon,Alpine,,16.386419753086418,24.554320987654318,75.61728395061728,1.3691358024691358,31,E OCON,OCO,ocon,0093cc,alpine,Esteban,Ocon,https://media.formula1.com/d_driver_fallback_image.png/content/dam/fom-website/drivers/E/ESTOCO01_Esteban_Ocon/estoco01.png.transform/1col/image.png,FRA,,,,,,,,,
2024,British Grand Prix,Practice 1,Isack Hadjar,Red Bull Racing,,16.386419753086418,24.554320987654318,75.61728395061728,1.3691358024691358,37,I HADJAR,HAD,nan,3671C6,nan,Isack,Hadjar,None,FRA,,,,,,,,,
2024,British Grand Prix,Practice 1,Lewis Hamilton,Mercedes,,16.386419753086418,24.554320987654318,75.61728395061728,1.3691358024691358,44,L HAMILTON,HAM,hamilton,27F4D2,mercedes,Lewis,Hamilton,https://media.formula1.com/d_driver_fallback_image.png/content/dam/fom-website/drivers/L/LEWHAM01_Lewis_Hamilton/lewham01.png.transform/1col/image.png,GBR,,,,,,,,,
2024,British Grand Prix,Practice 1,Franco Colapinto,Williams,,16.386419753086418,24.554320987654318,75.61728395061728,1.3691358024691358,45,F COLAPINTO,COL,nan,64C4FF,nan,Franco,Colapinto,None,ARG,,,,,,,,,
2024,British Grand Prix,Practice 1,Oliver Bearman,Haas F1 Team,,16.386419753086418,24.554320987654318,75.61728395061728,1.3691358024691358,50,O BEARMAN,BEA,nan,B6BABD,nan,Oliver,Bearman,None,GBR,,,,,,,,,
2024,British Grand Prix,Practice 1,Carlos Sainz,Ferrari,,16.386419753086418,24.554320987654318,75.61728395061728,1.3691358024691358,55,C SAINZ,SAI,sainz,E80020,ferrari,Carlos,Sainz,https://media.formula1.com/d_driver_fallback_image.png/content/dam/fom-website/drivers/C/CARSAI01_Carlos_Sainz/carsai01.png.transform/1col/image.png,ESP,,,,,,,,,
2024,British Grand Prix,Practice 1,Jack Doohan,Alpine,,16.386419753086418,24.554320987654318,75.61728395061728,1.3691358024691358,61,J DOOHAN,DOO,nan,0093cc,nan,Jack,Doohan,None,AUS,,,,,,,,,
2024,British Grand Prix,Practice 1,George Russell,Mercedes,,16.386419753086418,24.554320987654318,75.61728395061728,1.3691358024691358,63,G RUSSELL,RUS,russell,27F4D2,mercedes,George,Russell,https://media.formula1.com/d_driver_fallback_image.png/content/dam/fom-website/drivers/G/GEORUS01_George_Russell/georus01.png.transform/1col/image.png,GBR,,,,,,,,,
2024,British Grand Prix,Practice 1,Valtteri Bottas,Kick Sauber,,16.386419753086418,24.554320987654318,75.61728395061728,1.3691358024691358,77,V BOTTAS,BOT,bottas,52e252,sauber,Valtteri,Bottas,https://media.formula1.com/d_driver_fallback_image.png/content/dam/fom-website/drivers/V/VALBOT01_Valtteri_Bottas/valbot01.png.transform/1col/image.png,FIN,,,,,,,,,
2024,British Grand Prix,Practice 1,Oscar Piastri,McLaren,,16.386419753086418,24.554320987654318,75.61728395061728,1.3691358024691358,81,O PIASTRI,PIA,piastri,FF8000,mclaren,Oscar,Piastri,https://media.formula1.com/d_driver_fallback_image.png/content/dam/fom-website/drivers/O/OSCPIA01_Oscar_Piastri/oscpia01.png.transform/1col/image.png,AUS,,,,,,,,,
2024,British Grand Prix,Practice 2,Max Verstappen,Red Bull Racing,,18.319753086419755,29.296296296296298,67.5679012345679,1.7185185185185183,1,M VERSTAPPEN,VER,max_verstappen,3671C6,red_bull,Max,Verstappen,https://media.formula1.com/d_driver_fallback_image.png/content/dam/fom-website/drivers/M/MAXVER01_Max_Verstappen/maxver01.png.transform/1col/image.png,NED,,,,,,,,,
2024,British Grand Prix,Practice 2,Logan Sargeant,Williams,,18.319753086419755,29.296296296296298,67.5679012345679,1.7185185185185183,2,L SARGEANT,SAR,sargeant,64C4FF,williams,Logan,Sargeant,https://media.formula1.com/d_driver_fallback_image.png/content/dam/fom-website/drivers/L/LOGSAR01_Logan_Sargeant/logsar01.png.transform/1col/image.png,USA,,,,,,,,,
2024,British Grand Prix,Practice 2,Daniel Ricciardo,RB,,18.319753086419755,29.296296296296298,67.5679012345679,1.7185185185185183,3,D RICCIARDO,RIC,ricciardo,6692FF,rb,Daniel,Ricciardo,https://media.formula1.com/d_driver_fallback_image.png/content/dam/fom-website/drivers/D/DANRIC01_Daniel_Ricciardo/danric01.png.transform/1col/image.png,AUS,,,,,,,,,
2024,British Grand Prix,Practice 2,Lando Norris,McLaren,,18.319753086419755,29.296296296296298,67.5679012345679,1.7185185185185183,4,L NORRIS,NOR,norris,FF8000,mclaren,Lando,Norris,https://media.formula1.com/d_driver_fallback_image.png/content/dam/fom-website/drivers/L/LANNOR01_Lando_Norris/lannor01.png.transform/1col/image.png,GBR,,,,,,,,,
2024,British Grand Prix,Practice 2,Pierre Gasly,Alpine,,18.319753086419755,29.296296296296298,67.5679012345679,1.7185185185185183,10,P GASLY,GAS,gasly,0093cc,alpine,Pierre,Gasly,https://media.formula1.com/d_driver_fallback_image.png/content/dam/fom-website/drivers/P/PIEGAS01_Pierre_Gasly/piegas01.png.transform/1col/image.png,FRA,,,,,,,,,
2024,British Grand Prix,Practice 2,Sergio Perez,Red Bull Racing,,18.319753086419755,29.296296296296298,67.5679012345679,1.7185185185185183,11,S PEREZ,PER,perez,3671C6,red_bull,Sergio,Perez,https://media.formula1.com/d_driver_fallback_image.png/content/dam/fom-website/drivers/S/SERPER01_Sergio_Perez/serper01.png.transform/1col/image.png,MEX,,,,,,,,,
2024,British Grand Prix,Practice 2,Fernando Alonso,Aston Martin,,18.319753086419755,29.296296296296298,67.5679012345679,1.7185185185185183,14,F ALONSO,ALO,alonso,229971,aston_martin,Fernando,Alonso,https://media.formula1.com/d_driver_fallback_image.png/content/dam/fom-website/drivers/F/FERALO01_Fernando_Alonso/feralo01.png.transform/1col/image.png,ESP,,,,,,,,,
2024,British Grand Prix,Practice 2,Charles Leclerc,Ferrari,,18.319753086419755,29.296296296296298,67.5679012345679,1.7185185185185183,16,C LECLERC,LEC,leclerc,E80020,ferrari,Charles,Leclerc,https://media.formula1.com/d_driver_fallback_image.png/content/dam/fom-website/drivers/C/CHALEC01_Charles_Leclerc/chalec01.png.transform/1col/image.png,MON,,,,,,,,,
2024,British Grand Prix,Practice 2,Lance Stroll,Aston Martin,,18.319753086419755,29.296296296296298,67.5679012345679,1.7185185185185183,18,L STROLL,STR,stroll,229971,aston_martin,Lance,Stroll,https://media.formula1.com/d_driver_fallback_image.png/content/dam/fom-website/drivers/L/LANSTR01_Lance_Stroll/lanstr01.png.transform/1col/image.png,CAN,,,,,,,,,
2024,British Grand Prix,Practice 2,Kevin Magnussen,Haas F1 Team,,18.319753086419755,29.296296296296298,67.5679012345679,1.7185185185185183,20,K MAGNUSSEN,MAG,kevin_magnussen,B6BABD,haas,Kevin,Magnussen,https://media.formula1.com/d_driver_fallback_image.png/content/dam/fom-website/drivers/K/KEVMAG01_Kevin_Magnussen/kevmag01.png.transform/1col/image.png,DEN,,,,,,,,,
2024,British Grand Prix,Practice 2,Yuki Tsunoda,RB,,18.319753086419755,29.296296296296298,67.5679012345679,1.7185185185185183,22,Y TSUNODA,TSU,tsunoda,6692FF,rb,Yuki,Tsunoda,https://media.formula1.com/d_driver_fallback_image.png/content/dam/fom-website/drivers/Y/YUKTSU01_Yuki_Tsunoda/yuktsu01.png.transform/1col/image.png,JPN,,,,,,,,,
2024,British Grand Prix,Practice 2,Alexander Albon,Williams,,18.319753086419755,29.296296296296298,67.5679012345679,1.7185185185185183,23,A ALBON,ALB,albon,64C4FF,williams,Alexander,Albon,https://media.formula1.com/d_driver_fallback_image.png/content/dam/fom-website/drivers/A/ALEALB01_Alexander_Albon/alealb01.png.transform/1col/image.png,THA,,,,,,,,,
2024,British Grand Prix,Practice 2,Guanyu Zhou,Kick Sauber,,18.319753086419755,29.296296296296298,67.5679012345679,1.7185185185185183,24,G ZHOU,ZHO,zhou,52e252,sauber,Guanyu,Zhou,https://media.formula1.com/d_driver_fallback_image.png/content/dam/fom-website/drivers/G/GUAZHO01_Guanyu_Zhou/guazho01.png.transform/1col/image.png,CHN,,,,,,,,,
2024,British Grand Prix,Practice 2,Nico Hulkenberg,Haas F1 Team,,18.319753086419755,29.296296296296298,67.5679012345679,1.7185185185185183,27,N HULKENBERG,HUL,hulkenberg,B6BABD,haas,Nico,Hulkenberg,https://media.formula1.com/d_driver_fallback_image.png/content/dam/fom-website/drivers/N/NICHUL01_Nico_Hulkenberg/nichul01.png.transform/1col/image.png,GER,,,,,,,,,
2024,British Grand Prix,Practice 2,Esteban Ocon,Alpine,,18.319753086419755,29.296296296296298,67.5679012345679,1.7185185185185183,31,E OCON,OCO,ocon,0093cc,alpine,Esteban,Ocon,https://media.formula1.com/d_driver_fallback_image.png/content/dam/fom-website/drivers/E/ESTOCO01_Esteban_Ocon/estoco01.png.transform/1col/image.png,FRA,,,,,,,,,
2024,British Grand Prix,Practice 2,Lewis Hamilton,Mercedes,,18.319753086419755,29.296296296296298,67.5679012345679,1.7185185185185183,44,L HAMILTON,HAM,hamilton,27F4D2,mercedes,Lewis,Hamilton,https://media.formula1.com/d_driver_fallback_image.png/content/dam/fom-website/drivers/L/LEWHAM01_Lewis_Hamilton/lewham01.png.transform/1col/image.png,GBR,,,,,,,,,
2024,British Grand Prix,Practice 2,Carlos Sainz,Ferrari,,18.319753086419755,29.296296296296298,67.5679012345679,1.7185185185185183,55,C SAINZ,SAI,sainz,E80020,ferrari,Carlos,Sainz,https://media.formula1.com/d_driver_fallback_image.png/content/dam/fom-website/drivers/C/CARSAI01_Carlos_Sainz/carsai01.png.transform/1col/image.png,ESP,,,,,,,,,
2024,British Grand Prix,Practice 2,George Russell,Mercedes,,18.319753086419755,29.296296296296298,67.5679012345679,1.7185185185185183,63,G RUSSELL,RUS,russell,27F4D2,mercedes,George,Russell,https://media.formula1.com/d_driver_fallback_image.png/content/dam/fom-website/drivers/G/GEORUS01_George_Russell/georus01.png.transform/1col/image.png,GBR,,,,,,,,,
2024,British Grand Prix,Practice 2,Valtteri Bottas,Kick Sauber,,18.319753086419755,29.296296296296298,67.5679012345679,1.7185185185185183,77,V BOTTAS,BOT,bottas,52e252,sauber,Valtteri,Bottas,https://media.formula1.com/d_driver_fallback_image.png/content/dam/fom-website/drivers/V/VALBOT01_Valtteri_Bottas/valbot01.png.transform/1col/image.png,FIN,,,,,,,,,
2024,British Grand Prix,Practice 2,Oscar Piastri,McLaren,,18.319753086419755,29.296296296296298,67.5679012345679,1.7185185185185183,81,O PIASTRI,PIA,piastri,FF8000,mclaren,Oscar,Piastri,https://media.formula1.com/d_driver_fallback_image.png/content/dam/fom-website/drivers/O/OSCPIA01_Oscar_Piastri/oscpia01.png.transform/1col/image.png,AUS,,,,,,,,,
2024,British Grand Prix,Practice 3,Max Verstappen,Red Bull Racing,,11.173170731707318,16.291463414634144,89.42682926829268,2.296341463414634,1,M VERSTAPPEN,VER,max_verstappen,3671C6,red_bull,Max,Verstappen,https://media.formula1.com/d_driver_fallback_image.png/content/dam/fom-website/drivers/M/MAXVER01_Max_Verstappen/maxver01.png.transform/1col/image.png,NED,,,,,,,,,
2024,British Grand Prix,Practice 3,Logan Sargeant,Williams,,11.173170731707318,16.291463414634144,89.42682926829268,2.296341463414634,2,L SARGEANT,SAR,sargeant,64C4FF,williams,Logan,Sargeant,https://media.formula1.com/d_driver_fallback_image.png/content/dam/fom-website/drivers/L/LOGSAR01_Logan_Sargeant/logsar01.png.transform/1col/image.png,USA,,,,,,,,,
2024,British Grand Prix,Practice 3,Daniel Ricciardo,RB,,11.173170731707318,16.291463414634144,89.42682926829268,2.296341463414634,3,D RICCIARDO,RIC,ricciardo,6692FF,rb,Daniel,Ricciardo,https://media.formula1.com/d_driver_fallback_image.png/content/dam/fom-website/drivers/D/DANRIC01_Daniel_Ricciardo/danric01.png.transform/1col/image.png,AUS,,,,,,,,,
2024,British Grand Prix,Practice 3,Lando Norris,McLaren,,11.173170731707318,16.291463414634144,89.42682926829268,2.296341463414634,4,L NORRIS,NOR,norris,FF8000,mclaren,Lando,Norris,https://media.formula1.com/d_driver_fallback_image.png/content/dam/fom-website/drivers/L/LANNOR01_Lando_Norris/lannor01.png.transform/1col/image.png,GBR,,,,,,,,,
2024,British Grand Prix,Practice 3,Pierre Gasly,Alpine,,11.173170731707318,16.291463414634144,89.42682926829268,2.296341463414634,10,P GASLY,GAS,gasly,0093cc,alpine,Pierre,Gasly,https://media.formula1.com/d_driver_fallback_image.png/content/dam/fom-website/drivers/P/PIEGAS01_Pierre_Gasly/piegas01.png.transform/1col/image.png,FRA,,,,,,,,,
2024,British Grand Prix,Practice 3,Sergio Perez,Red Bull Racing,,11.173170731707318,16.291463414634144,89.42682926829268,2.296341463414634,11,S PEREZ,PER,perez,3671C6,red_bull,Sergio,Perez,https://media.formula1.com/d_driver_fallback_image.png/content/dam/fom-website/drivers/S/SERPER01_Sergio_Perez/serper01.png.transform/1col/image.png,MEX,,,,,,,,,
2024,British Grand Prix,Practice 3,Fernando Alonso,Aston Martin,,11.173170731707318,16.291463414634144,89.42682926829268,2.296341463414634,14,F ALONSO,ALO,alonso,229971,aston_martin,Fernando,Alonso,https://media.formula1.com/d_driver_fallback_image.png/content/dam/fom-website/drivers/F/FERALO01_Fernando_Alonso/feralo01.png.transform/1col/image.png,ESP,,,,,,,,,
2024,British Grand Prix,Practice 3,Charles Leclerc,Ferrari,,11.173170731707318,16.291463414634144,89.42682926829268,2.296341463414634,16,C LECLERC,LEC,leclerc,E80020,ferrari,Charles,Leclerc,https://media.formula1.com/d_driver_fallback_image.png/content/dam/fom-website/drivers/C/CHALEC01_Charles_Leclerc/chalec01.png.transform/1col/image.png,MON,,,,,,,,,
2024,British Grand Prix,Practice 3,Lance Stroll,Aston Martin,,11.173170731707318,16.291463414634144,89.42682926829268,2.296341463414634,18,L STROLL,STR,stroll,229971,aston_martin,Lance,Stroll,https://media.formula1.com/d_driver_fallback_image.png/content/dam/fom-website/drivers/L/LANSTR01_Lance_Stroll/lanstr01.png.transform/1col/image.png,CAN,,,,,,,,,
2024,British Grand Prix,Practice 3,Kevin Magnussen,Haas F1 Team,,11.173170731707318,16.291463414634144,89.42682926829268,2.296341463414634,20,K MAGNUSSEN,MAG,kevin_magnussen,B6BABD,haas,Kevin,Magnussen,https://media.formula1.com/d_driver_fallback_image.png/content/dam/fom-website/drivers/K/KEVMAG01_Kevin_Magnussen/kevmag01.png.transform/1col/image.png,DEN,,,,,,,,,
2024,British Grand Prix,Practice 3,Yuki Tsunoda,RB,,11.173170731707318,16.291463414634144,89.42682926829268,2.296341463414634,22,Y TSUNODA,TSU,tsunoda,6692FF,rb,Yuki,Tsunoda,https://media.formula1.com/d_driver_fallback_image.png/content/dam/fom-website/drivers/Y/YUKTSU01_Yuki_Tsunoda/yuktsu01.png.transform/1col/image.png,JPN,,,,,,,,,
2024,British Grand Prix,Practice 3,Alexander Albon,Williams,,11.173170731707318,16.291463414634144,89.42682926829268,2.296341463414634,23,A ALBON,ALB,albon,64C4FF,williams,Alexander,Albon,https://media.formula1.com/d_driver_fallback_image.png/content/dam/fom-website/drivers/A/ALEALB01_Alexander_Albon/alealb01.png.transform/1col/image.png,THA,,,,,,,,,
2024,British Grand Prix,Practice 3,Guanyu Zhou,Kick Sauber,,11.173170731707318,16.291463414634144,89.42682926829268,2.296341463414634,24,G ZHOU,ZHO,zhou,52e252,sauber,Guanyu,Zhou,https://media.formula1.com/d_driver_fallback_image.png/content/dam/fom-website/drivers/G/GUAZHO01_Guanyu_Zhou/guazho01.png.transform/1col/image.png,CHN,,,,,,,,,
2024,British Grand Prix,Practice 3,Nico Hulkenberg,Haas F1 Team,,11.173170731707318,16.291463414634144,89.42682926829268,2.296341463414634,27,N HULKENBERG,HUL,hulkenberg,B6BABD,haas,Nico,Hulkenberg,https://media.formula1.com/d_driver_fallback_image.png/content/dam/fom-website/drivers/N/NICHUL01_Nico_Hulkenberg/nichul01.png.transform/1col/image.png,GER,,,,,,,,,
2024,British Grand Prix,Practice 3,Esteban Ocon,Alpine,,11.173170731707318,16.291463414634144,89.42682926829268,2.296341463414634,31,E OCON,OCO,ocon,0093cc,alpine,Esteban,Ocon,https://media.formula1.com/d_driver_fallback_image.png/content/dam/fom-website/drivers/E/ESTOCO01_Esteban_Ocon/estoco01.png.transform/1col/image.png,FRA,,,,,,,,,
2024,British Grand Prix,Practice 3,Lewis Hamilton,Mercedes,,11.173170731707318,16.291463414634144,89.42682926829268,2.296341463414634,44,L HAMILTON,HAM,hamilton,27F4D2,mercedes,Lewis,Hamilton,https://media.formula1.com/d_driver_fallback_image.png/content/dam/fom-website/drivers/L/LEWHAM01_Lewis_Hamilton/lewham01.png.transform/1col/image.png,GBR,,,,,,,,,
2024,British Grand Prix,Practice 3,Carlos Sainz,Ferrari,,11.173170731707318,16.291463414634144,89.42682926829268,2.296341463414634,55,C SAINZ,SAI,sainz,E80020,ferrari,Carlos,Sainz,https://media.formula1.com/d_driver_fallback_image.png/content/dam/fom-website/drivers/C/CARSAI01_Carlos_Sainz/carsai01.png.transform/1col/image.png,ESP,,,,,,,,,
2024,British Grand Prix,Practice 3,George Russell,Mercedes,,11.173170731707318,16.291463414634144,89.42682926829268,2.296341463414634,63,G RUSSELL,RUS,russell,27F4D2,mercedes,George,Russell,https://media.formula1.com/d_driver_fallback_image.png/content/dam/fom-website/drivers/G/GEORUS01_George_Russell/georus01.png.transform/1col/image.png,GBR,,,,,,,,,
2024,British Grand Prix,Practice 3,Valtteri Bottas,Kick Sauber,,11.173170731707318,16.291463414634144,89.42682926829268,2.296341463414634,77,V BOTTAS,BOT,bottas,52e252,sauber,Valtteri,Bottas,https://media.formula1.com/d_driver_fallback_image.png/content/dam/fom-website/drivers/V/VALBOT01_Valtteri_Bottas/valbot01.png.transform/1col/image.png,FIN,,,,,,,,,
2024,British Grand Prix,Practice 3,Oscar Piastri,McLaren,,11.173170731707318,16.291463414634144,89.42682926829268,2.296341463414634,81,O PIASTRI,PIA,piastri,FF8000,mclaren,Oscar,Piastri,https://media.formula1.com/d_driver_fallback_image.png/content/dam/fom-website/drivers/O/OSCPIA01_Oscar_Piastri/oscpia01.png.transform/1col/image.png,AUS,,,,,,,,,
2024,Hungarian Grand Prix,Race,Oscar Piastri,McLaren,1.0,28.82387096774194,44.91612903225806,46.92258064516129,1.2496774193548386,81,O PIASTRI,PIA,piastri,FF8000,mclaren,Oscar,Piastri,https://media.formula1.com/d_driver_fallback_image.png/content/dam/fom-website/drivers/O/OSCPIA01_Oscar_Piastri/oscpia01.png.transform/1col/image.png,AUS,1,2.0,,,,0 days 01:38:01.989000,Finished,25.0,70.0
2024,Hungarian Grand Prix,Race,Lando Norris,McLaren,2.0,28.82387096774194,44.91612903225806,46.92258064516129,1.2496774193548386,4,L NORRIS,NOR,norris,FF8000,mclaren,Lando,Norris,https://media.formula1.com/d_driver_fallback_image.png/content/dam/fom-website/drivers/L/LANNOR01_Lando_Norris/lannor01.png.transform/1col/image.png,GBR,2,1.0,,,,0 days 00:00:02.141000,Finished,18.0,70.0
2024,Hungarian Grand Prix,Race,Lewis Hamilton,Mercedes,3.0,28.82387096774194,44.91612903225806,46.92258064516129,1.2496774193548386,44,L HAMILTON,HAM,hamilton,27F4D2,mercedes,Lewis,Hamilton,https://media.formula1.com/d_driver_fallback_image.png/content/dam/fom-website/drivers/L/LEWHAM01_Lewis_Hamilton/lewham01.png.transform/1col/image.png,GBR,3,5.0,,,,0 days 00:00:14.880000,Finished,15.0,70.0
2024,Hungarian Grand Prix,Race,Charles Leclerc,Ferrari,4.0,28.82387096774194,44.91612903225806,46.92258064516129,1.2496774193548386,16,C LECLERC,LEC,leclerc,E80020,ferrari,Charles,Leclerc,https://media.formula1.com/d_driver_fallback_image.png/content/dam/fom-website/drivers/C/CHALEC01_Charles_Leclerc/chalec01.png.transform/1col/image.png,MON,4,6.0,,,,0 days 00:00:19.686000,Finished,12.0,70.0
2024,Hungarian Grand Prix,Race,Max Verstappen,Red Bull Racing,5.0,28.82387096774194,44.91612903225806,46.92258064516129,1.2496774193548386,1,M VERSTAPPEN,VER,max_verstappen,3671C6,red_bull,Max,Verstappen,https://media.formula1.com/d_driver_fallback_image.png/content/dam/fom-website/drivers/M/MAXVER01_Max_Verstappen/maxver01.png.transform/1col/image.png,NED,5,3.0,,,,0 days 00:00:21.349000,Finished,10.0,70.0
2024,Hungarian Grand Prix,Race,Carlos Sainz,Ferrari,6.0,28.82387096774194,44.91612903225806,46.92258064516129,1.2496774193548386,55,C SAINZ,SAI,sainz,E80020,ferrari,Carlos,Sainz,https://media.formula1.com/d_driver_fallback_image.png/content/dam/fom-website/drivers/C/CARSAI01_Carlos_Sainz/carsai01.png.transform/1col/image.png,ESP,6,4.0,,,,0 days 00:00:23.073000,Finished,8.0,70.0
2024,Hungarian Grand Prix,Race,Sergio Perez,Red Bull Racing,7.0,28.82387096774194,44.91612903225806,46.92258064516129,1.2496774193548386,11,S PEREZ,PER,perez,3671C6,red_bull,Sergio,Perez,https://media.formula1.com/d_driver_fallback_image.png/content/dam/fom-website/drivers/S/SERPER01_Sergio_Perez/serper01.png.transform/1col/image.png,MEX,7,16.0,,,,0 days 00:00:39.792000,Finished,6.0,70.0
2024,Hungarian Grand Prix,Race,George Russell,Mercedes,8.0,28.82387096774194,44.91612903225806,46.92258064516129,1.2496774193548386,63,G RUSSELL,RUS,russell,27F4D2,mercedes,George,Russell,https://media.formula1.com/d_driver_fallback_image.png/content/dam/fom-website/drivers/G/GEORUS01_George_Russell/georus01.png.transform/1col/image.png,GBR,8,17.0,,,,0 days 00:00:42.368000,Finished,5.0,70.0
2024,Hungarian Grand Prix,Race,Yuki Tsunoda,RB,9.0,28.82387096774194,44.91612903225806,46.92258064516129,1.2496774193548386,22,Y TSUNODA,TSU,tsunoda,6692FF,rb,Yuki,Tsunoda,https://media.formula1.com/d_driver_fallback_image.png/content/dam/fom-website/drivers/Y/YUKTSU01_Yuki_Tsunoda/yuktsu01.png.transform/1col/image.png,JPN,9,10.0,,,,0 days 00:01:17.259000,Finished,2.0,70.0
2024,Hungarian Grand Prix,Race,Lance Stroll,Aston Martin,10.0,28.82387096774194,44.91612903225806,46.92258064516129,1.2496774193548386,18,L STROLL,STR,stroll,229971,aston_martin,Lance,Stroll,https://media.formula1.com/d_driver_fallback_image.png/content/dam/fom-website/drivers/L/LANSTR01_Lance_Stroll/lanstr01.png.transform/1col/image.png,CAN,10,8.0,,,,0 days 00:01:17.976000,Finished,1.0,70.0
2024,Hungarian Grand Prix,Race,Fernando Alonso,Aston Martin,11.0,28.82387096774194,44.91612903225806,46.92258064516129,1.2496774193548386,14,F ALONSO,ALO,alonso,229971,aston_martin,Fernando,Alonso,https://media.formula1.com/d_driver_fallback_image.png/content/dam/fom-website/drivers/F/FERALO01_Fernando_Alonso/feralo01.png.transform/1col/image.png,ESP,11,7.0,,,,0 days 00:01:22.460000,Finished,0.0,70.0
2024,Hungarian Grand Prix,Race,Daniel Ricciardo,RB,12.0,28.82387096774194,44.91612903225806,46.92258064516129,1.2496774193548386,3,D RICCIARDO,RIC,ricciardo,6692FF,rb,Daniel,Ricciardo,https://media.formula1.com/d_driver_fallback_image.png/content/dam/fom-website/drivers/D/DANRIC01_Daniel_Ricciardo/danric01.png.transform/1col/image.png,AUS,12,9.0,,,,0 days 00:00:17.924000,Lapped,0.0,69.0
2024,Hungarian Grand Prix,Race,Nico Hulkenberg,Haas F1 Team,13.0,28.82387096774194,44.91612903225806,46.92258064516129,1.2496774193548386,27,N HULKENBERG,HUL,hulkenberg,B6BABD,haas,Nico,Hulkenberg,https://media.formula1.com/d_driver_fallback_image.png/content/dam/fom-website/drivers/N/NICHUL01_Nico_Hulkenberg/nichul01.png.transform/1col/image.png,GER,13,11.0,,,,0 days 00:00:33.184000,Lapped,0.0,69.0
2024,Hungarian Grand Prix,Race,Alexander Albon,Williams,14.0,28.82387096774194,44.91612903225806,46.92258064516129,1.2496774193548386,23,A ALBON,ALB,albon,64C4FF,williams,Alexander,Albon,https://media.formula1.com/d_driver_fallback_image.png/content/dam/fom-website/drivers/A/ALEALB01_Alexander_Albon/alealb01.png.transform/1col/image.png,THA,14,13.0,,,,0 days 00:00:36.769000,Lapped,0.0,69.0
2024,Hungarian Grand Prix,Race,Kevin Magnussen,Haas F1 Team,15.0,28.82387096774194,44.91612903225806,46.92258064516129,1.2496774193548386,20,K MAGNUSSEN,MAG,kevin_magnussen,B6BABD,haas,Kevin,Magnussen,https://media.formula1.com/d_driver_fallback_image.png/content/dam/fom-website/drivers/K/KEVMAG01_Kevin_Magnussen/kevmag01.png.transform/1col/image.png,DEN,15,15.0,,,,0 days 00:00:45.302000,Lapped,0.0,69.0
2024,Hungarian Grand Prix,Race,Valtteri Bottas,Kick Sauber,16.0,28.82387096774194,44.91612903225806,46.92258064516129,1.2496774193548386,77,V BOTTAS,BOT,bottas,52e252,sauber,Valtteri,Bottas,https://media.formula1.com/d_driver_fallback_image.png/content/dam/fom-website/drivers/V/VALBOT01_Valtteri_Bottas/valbot01.png.transform/1col/image.png,FIN,16,12.0,,,,0 days 00:00:45.409000,Lapped,0.0,69.0
2024,Hungarian Grand Prix,Race,Logan Sargeant,Williams,17.0,28.82387096774194,44.91612903225806,46.92258064516129,1.2496774193548386,2,L SARGEANT,SAR,sargeant,64C4FF,williams,Logan,Sargeant,https://media.formula1.com/d_driver_fallback_image.png/content/dam/fom-website/drivers/L/LOGSAR01_Logan_Sargeant/logsar01.png.transform/1col/image.png,USA,17,14.0,,,,0 days 00:00:52.591000,Lapped,0.0,69.0
2024,Hungarian Grand Prix,Race,Esteban Ocon,Alpine,18.0,28.82387096774194,44.91612903225806,46.92258064516129,1.2496774193548386,31,E OCON,OCO,ocon,0093cc,alpine,Esteban,Ocon,https://media.formula1.com/d_driver_fallback_image.png/content/dam/fom-website/drivers/E/ESTOCO01_Esteban_Ocon/estoco01.png.transform/1col/image.png,FRA,18,19.0,,,,0 days 00:01:00.929000,Lapped,0.0,69.0
2024,Hungarian Grand Prix,Race,Guanyu Zhou,Kick Sauber,19.0,28.82387096774194,44.91612903225806,46.92258064516129,1.2496774193548386,24,G ZHOU,ZHO,zhou,52e252,sauber,Guanyu,Zhou,https://media.formula1.com/d_driver_fallback_image.png/content/dam/fom-website/drivers/G/GUAZHO01_Guanyu_Zhou/guazho01.png.transform/1col/image.png,CHN,19,18.0,,,,0 days 00:01:03.598000,Lapped,0.0,69.0
2024,Hungarian Grand Prix,Race,Pierre Gasly,Alpine,20.0,28.82387096774194,44.91612903225806,46.92258064516129,1.2496774193548386,10,P GASLY,GAS,gasly,0093cc,alpine,Pierre,Gasly,https://media.formula1.com/d_driver_fallback_image.png/content/dam/fom-website/drivers/P/PIEGAS01_Pierre_Gasly/piegas01.png.transform/1col/image.png,FRA,R,20.0,,,,,Retired,0.0,33.0
2024,Hungarian Grand Prix,Qualifying,Lando Norris,McLaren,1.0,24.375238095238096,30.31333333333333,61.80952380952381,0.9419047619047618,4,L NORRIS,NOR,norris,FF8000,mclaren,Lando,Norris,https://media.formula1.com/d_driver_fallback_image.png/content/dam/fom-website/drivers/L/LANNOR01_Lando_Norris/lannor01.png.transform/1col/image.png,GBR,,,0 days 00:01:17.755000,0 days 00:01:15.540000,0 days 00:01:15.227000,,,,
2024,Hungarian Grand Prix,Qualifying,Oscar Piastri,McLaren,2.0,24.375238095238096,30.31333333333333,61.80952380952381,0.9419047619047618,81,O PIASTRI,PIA,piastri,FF8000,mclaren,Oscar,Piastri,https://media.formula1.com/d_driver_fallback_image.png/content/dam/fom-website/drivers/O/OSCPIA01_Oscar_Piastri/oscpia01.png.transform/1col/image.png,AUS,,,0 days 00:01:17.504000,0 days 00:01:15.785000,0 days 00:01:15.249000,,,,
2024,Hungarian Grand Prix,Qualifying,Max Verstappen,Red Bull Racing,3.0,24.375238095238096,30.31333333333333,61.80952380952381,0.9419047619047618,1,M VERSTAPPEN,VER,max_verstappen,3671C6,red_bull,Max,Verstappen,https://media.formula1.com/d_driver_fallback_image.png/content/dam/fom-website/drivers/M/MAXVER01_Max_Verstappen/maxver01.png.transform/1col/image.png,NED,,,0 days 00:01:17.087000,0 days 00:01:15.770000,0 days 00:01:15.273000,,,,
2024,Hungarian Grand Prix,Qualifying,Carlos Sainz,Ferrari,4.0,24.375238095238096,30.31333333333333,61.80952380952381,0.9419047619047618,55,C SAINZ,SAI,sainz,E80020,ferrari,Carlos,Sainz,https://media.formula1.com/d_driver_fallback_image.png/content/dam/fom-website/drivers/C/CARSAI01_Carlos_Sainz/carsai01.png.transform/1col/image.png,ESP,,,0 days 00:01:17.244000,0 days 00:01:15.885000,0 days 00:01:15.696000,,,,
2024,Hungarian Grand Prix,Qualifying,Lewis Hamilton,Mercedes,5.0,24.375238095238096,30.31333333333333,61.80952380952381,0.9419047619047618,44,L HAMILTON,HAM,hamilton,27F4D2,mercedes,Lewis,Hamilton,https://media.formula1.com/d_driver_fallback_image.png/content/dam/fom-website/drivers/L/LEWHAM01_Lewis_Hamilton/lewham01.png.transform/1col/image.png,GBR,,,0 days 00:01:17.087000,0 days 00:01:16.307000,0 days 00:01:15.854000,,,,
2024,Hungarian Grand Prix,Qualifying,Charles Leclerc,Ferrari,6.0,24.375238095238096,30.31333333333333,61.80952380952381,0.9419047619047618,16,C LECLERC,LEC,leclerc,E80020,ferrari,Charles,Leclerc,https://media.formula1.com/d_driver_fallback_image.png/content/dam/fom-website/drivers/C/CHALEC01_Charles_Leclerc/chalec01.png.transform/1col/image.png,MON,,,0 days 00:01:17.437000,0 days 00:01:15.891000,0 days 00:01:15.905000,,,,
2024,Hungarian Grand Prix,Qualifying,Fernando Alonso,Aston Martin,7.0,24.375238095238096,30.31333333333333,61.80952380952381,0.9419047619047618,14,F ALONSO,ALO,alonso,229971,aston_martin,Fernando,Alonso,https://media.formula1.com/d_driver_fallback_image.png/content/dam/fom-website/drivers/F/FERALO01_Fernando_Alonso/feralo01.png.transform/1col/image.png,ESP,,,0 days 00:01:17.624000,0 days 00:01:16.117000,0 days 00:01:16.043000,,,,
2024,Hungarian Grand Prix,Qualifying,Lance Stroll,Aston Martin,8.0,24.375238095238096,30.31333333333333,61.80952380952381,0.9419047619047618,18,L STROLL,STR,stroll,229971,aston_martin,Lance,Stroll,https://media.formula1.com/d_driver_fallback_image.png/content/dam/fom-website/drivers/L/LANSTR01_Lance_Stroll/lanstr01.png.transform/1col/image.png,CAN,,,0 days 00:01:17.405000,0 days 00:01:16.075000,0 days 00:01:16.244000,,,,
2024,Hungarian Grand Prix,Qualifying,Daniel Ricciardo,RB,9.0,24.375238095238096,30.31333333333333,61.80952380952381,0.9419047619047618,3,D RICCIARDO,RIC,ricciardo,6692FF,rb,Daniel,Ricciardo,https://media.formula1.com/d_driver_fallback_image.png/content/dam/fom-website/drivers/D/DANRIC01_Daniel_Ricciardo/danric01.png.transform/1col/image.png,AUS,,,0 days 00:01:17.050000,0 days 00:01:16.202000,0 days 00:01:16.447000,,,,
2024,Hungarian Grand Prix,Qualifying,Yuki Tsunoda,RB,10.0,24.375238095238096,30.31333333333333,61.80952380952381,0.9419047619047618,22,Y TSUNODA,TSU,tsunoda,6692FF,rb,Yuki,Tsunoda,https://media.formula1.com/d_driver_fallback_image.png/content/dam/fom-website/drivers/Y/YUKTSU01_Yuki_Tsunoda/yuktsu01.png.transform/1col/image.png,JPN,,,0 days 00:01:17.436000,0 days 00:01:16.121000,0 days 00:01:16.477000,,,,
2024,Hungarian Grand Prix,Qualifying,Nico Hulkenberg,Haas F1 Team,11.0,24.375238095238096,30.31333333333333,61.80952380952381,0.9419047619047618,27,N HULKENBERG,HUL,hulkenberg,B6BABD,haas,Nico,Hulkenberg,https://media.formula1.com/d_driver_fallback_image.png/content/dam/fom-website/drivers/N/NICHUL01_Nico_Hulkenberg/nichul01.png.transform/1col/image.png,GER,,,0 days 00:01:17.362000,0 days 00:01:16.317000,,,,,
2024,Hungarian Grand Prix,Qualifying,Valtteri Bottas,Kick Sauber,12.0,24.375238095238096,30.31333333333333,61.80952380952381,0.9419047619047618,77,V BOTTAS,BOT,bottas,52e252,sauber,Valtteri,Bottas,https://media.formula1.com/d_driver_fallback_image.png/content/dam/fom-website/drivers/V/VALBOT01_Valtteri_Bottas/valbot01.png.transform/1col/image.png,FIN,,,0 days 00:01:17.487000,0 days 00:01:16.384000,,,,,
2024,Hungarian Grand Prix,Qualifying,Alexander Albon,Williams,13.0,24.375238095238096,30.31333333333333,61.80952380952381,0.9419047619047618,23,A ALBON,ALB,albon,64C4FF,williams,Alexander,Albon,https://media.formula1.com/d_driver_fallback_image.png/content/dam/fom-website/drivers/A/ALEALB01_Alexander_Albon/alealb01.png.transform/1col/image.png,THA,,,0 days 00:01:17.280000,0 days 00:01:16.429000,,,,,
2024,Hungarian Grand Prix,Qualifying,Logan Sargeant,Williams,14.0,24.375238095238096,30.31333333333333,61.80952380952381,0.9419047619047618,2,L SARGEANT,SAR,sargeant,64C4FF,williams,Logan,Sargeant,https://media.formula1.com/d_driver_fallback_image.png/content/dam/fom-website/drivers/L/LOGSAR01_Logan_Sargeant/logsar01.png.transform/1col/image.png,USA,,,0 days 00:01:17.770000,0 days 00:01:16.543000,,,,,
2024,Hungarian Grand Prix,Qualifying,Kevin Magnussen,Haas F1 Team,15.0,24.375238095238096,30.31333333333333,61.80952380952381,0.9419047619047618,20,K MAGNUSSEN,MAG,kevin_magnussen,B6BABD,haas,Kevin,Magnussen,https://media.formula1.com/d_driver_fallback_image.png/content/dam/fom-website/drivers/K/KEVMAG01_Kevin_Magnussen/kevmag01.png.transform/1col/image.png,DEN,,,0 days 00:01:17.851000,0 days 00:01:16.548000,,,,,
2024,Hungarian Grand Prix,Qualifying,Sergio Perez,Red Bull Racing,16.0,24.375238095238096,30.31333333333333,61.80952380952381,0.9419047619047618,11,S PEREZ,PER,perez,3671C6,red_bull,Sergio,Perez,https://media.formula1.com/d_driver_fallback_image.png/content/dam/fom-website/drivers/S/SERPER01_Sergio_Perez/serper01.png.transform/1col/image.png,MEX,,,0 days 00:01:17.886000,,,,,,
2024,Hungarian Grand Prix,Qualifying,George Russell,Mercedes,17.0,24.375238095238096,30.31333333333333,61.80952380952381,0.9419047619047618,63,G RUSSELL,RUS,russell,27F4D2,mercedes,George,Russell,https://media.formula1.com/d_driver_fallback_image.png/content/dam/fom-website/drivers/G/GEORUS01_George_Russell/georus01.png.transform/1col/image.png,GBR,,,0 days 00:01:17.968000,,,,,,
2024,Hungarian Grand Prix,Qualifying,Guanyu Zhou,Kick Sauber,18.0,24.375238095238096,30.31333333333333,61.80952380952381,0.9419047619047618,24,G ZHOU,ZHO,zhou,52e252,sauber,Guanyu,Zhou,https://media.formula1.com/d_driver_fallback_image.png/content/dam/fom-website/drivers/G/GUAZHO01_Guanyu_Zhou/guazho01.png.transform/1col/image.png,CHN,,,0 days 00:01:18.037000,,,,,,
2024,Hungarian Grand Prix,Qualifying,Esteban Ocon,Alpine,19.0,24.375238095238096,30.31333333333333,61.80952380952381,0.9419047619047618,31,E OCON,OCO,ocon,0093cc,alpine,Esteban,Ocon,https://media.formula1.com/d_driver_fallback_image.png/content/dam/fom-website/drivers/E/ESTOCO01_Esteban_Ocon/estoco01.png.transform/1col/image.png,FRA,,,0 days 00:01:18.049000,,,,,,
2024,Hungarian Grand Prix,Qualifying,Pierre Gasly,Alpine,20.0,24.375238095238096,30.31333333333333,61.80952380952381,0.9419047619047618,10,P GASLY,GAS,gasly,0093cc,alpine,Pierre,Gasly,https://media.formula1.com/d_driver_fallback_image.png/content/dam/fom-website/drivers/P/PIEGAS01_Pierre_Gasly/piegas01.png.transform/1col/image.png,FRA,,,0 days 00:01:18.166000,,,,,,
2024,Hungarian Grand Prix,Practice 1,Max Verstappen,Red Bull Racing,,31.00487804878049,58.49878048780489,38.0,1.2621951219512195,1,M VERSTAPPEN,VER,max_verstappen,3671C6,red_bull,Max,Verstappen,https://media.formula1.com/d_driver_fallback_image.png/content/dam/fom-website/drivers/M/MAXVER01_Max_Verstappen/maxver01.png.transform/1col/image.png,NED,,,,,,,,,
2024,Hungarian Grand Prix,Practice 1,Logan Sargeant,Williams,,31.00487804878049,58.49878048780489,38.0,1.2621951219512195,2,L SARGEANT,SAR,sargeant,64C4FF,williams,Logan,Sargeant,https://media.formula1.com/d_driver_fallback_image.png/content/dam/fom-website/drivers/L/LOGSAR01_Logan_Sargeant/logsar01.png.transform/1col/image.png,USA,,,,,,,,,
2024,Hungarian Grand Prix,Practice 1,Daniel Ricciardo,RB,,31.00487804878049,58.49878048780489,38.0,1.2621951219512195,3,D RICCIARDO,RIC,ricciardo,6692FF,rb,Daniel,Ricciardo,https://media.formula1.com/d_driver_fallback_image.png/content/dam/fom-website/drivers/D/DANRIC01_Daniel_Ricciardo/danric01.png.transform/1col/image.png,AUS,,,,,,,,,
2024,Hungarian Grand Prix,Practice 1,Lando Norris,McLaren,,31.00487804878049,58.49878048780489,38.0,1.2621951219512195,4,L NORRIS,NOR,norris,FF8000,mclaren,Lando,Norris,https://media.formula1.com/d_driver_fallback_image.png/content/dam/fom-website/drivers/L/LANNOR01_Lando_Norris/lannor01.png.transform/1col/image.png,GBR,,,,,,,,,
2024,Hungarian Grand Prix,Practice 1,Pierre Gasly,Alpine,,31.00487804878049,58.49878048780489,38.0,1.2621951219512195,10,P GASLY,GAS,gasly,0093cc,alpine,Pierre,Gasly,https://media.formula1.com/d_driver_fallback_image.png/content/dam/fom-website/drivers/P/PIEGAS01_Pierre_Gasly/piegas01.png.transform/1col/image.png,FRA,,,,,,,,,
2024,Hungarian Grand Prix,Practice 1,Sergio Perez,Red Bull Racing,,31.00487804878049,58.49878048780489,38.0,1.2621951219512195,11,S PEREZ,PER,perez,3671C6,red_bull,Sergio,Perez,https://media.formula1.com/d_driver_fallback_image.png/content/dam/fom-website/drivers/S/SERPER01_Sergio_Perez/serper01.png.transform/1col/image.png,MEX,,,,,,,,,
2024,Hungarian Grand Prix,Practice 1,Fernando Alonso,Aston Martin,,31.00487804878049,58.49878048780489,38.0,1.2621951219512195,14,F ALONSO,ALO,alonso,229971,aston_martin,Fernando,Alonso,https://media.formula1.com/d_driver_fallback_image.png/content/dam/fom-website/drivers/F/FERALO01_Fernando_Alonso/feralo01.png.transform/1col/image.png,ESP,,,,,,,,,
2024,Hungarian Grand Prix,Practice 1,Charles Leclerc,Ferrari,,31.00487804878049,58.49878048780489,38.0,1.2621951219512195,16,C LECLERC,LEC,leclerc,E80020,ferrari,Charles,Leclerc,https://media.formula1.com/d_driver_fallback_image.png/content/dam/fom-website/drivers/C/CHALEC01_Charles_Leclerc/chalec01.png.transform/1col/image.png,MON,,,,,,,,,
2024,Hungarian Grand Prix,Practice 1,Lance Stroll,Aston Martin,,31.00487804878049,58.49878048780489,38.0,1.2621951219512195,18,L STROLL,STR,stroll,229971,aston_martin,Lance,Stroll,https://media.formula1.com/d_driver_fallback_image.png/content/dam/fom-website/drivers/L/LANSTR01_Lance_Stroll/lanstr01.png.transform/1col/image.png,CAN,,,,,,,,,
2024,Hungarian Grand Prix,Practice 1,Kevin Magnussen,Haas F1 Team,,31.00487804878049,58.49878048780489,38.0,1.2621951219512195,20,K MAGNUSSEN,MAG,kevin_magnussen,B6BABD,haas,Kevin,Magnussen,https://media.formula1.com/d_driver_fallback_image.png/content/dam/fom-website/drivers/K/KEVMAG01_Kevin_Magnussen/kevmag01.png.transform/1col/image.png,DEN,,,,,,,,,
2024,Hungarian Grand Prix,Practice 1,Yuki Tsunoda,RB,,31.00487804878049,58.49878048780489,38.0,1.2621951219512195,22,Y TSUNODA,TSU,tsunoda,6692FF,rb,Yuki,Tsunoda,https://media.formula1.com/d_driver_fallback_image.png/content/dam/fom-website/drivers/Y/YUKTSU01_Yuki_Tsunoda/yuktsu01.png.transform/1col/image.png,JPN,,,,,,,,,
2024,Hungarian Grand Prix,Practice 1,Alexander Albon,Williams,,31.00487804878049,58.49878048780489,38.0,1.2621951219512195,23,A ALBON,ALB,albon,64C4FF,williams,Alexander,Albon,https://media.formula1.com/d_driver_fallback_image.png/content/dam/fom-website/drivers/A/ALEALB01_Alexander_Albon/alealb01.png.transform/1col/image.png,THA,,,,,,,,,
2024,Hungarian Grand Prix,Practice 1,Guanyu Zhou,Kick Sauber,,31.00487804878049,58.49878048780489,38.0,1.2621951219512195,24,G ZHOU,ZHO,zhou,52e252,sauber,Guanyu,Zhou,https://media.formula1.com/d_driver_fallback_image.png/content/dam/fom-website/drivers/G/GUAZHO01_Guanyu_Zhou/guazho01.png.transform/1col/image.png,CHN,,,,,,,,,
2024,Hungarian Grand Prix,Practice 1,Esteban Ocon,Alpine,,31.00487804878049,58.49878048780489,38.0,1.2621951219512195,31,E OCON,OCO,ocon,0093cc,alpine,Esteban,Ocon,https://media.formula1.com/d_driver_fallback_image.png/content/dam/fom-website/drivers/E/ESTOCO01_Esteban_Ocon/estoco01.png.transform/1col/image.png,FRA,,,,,,,,,
2024,Hungarian Grand Prix,Practice 1,Lewis Hamilton,Mercedes,,31.00487804878049,58.49878048780489,38.0,1.2621951219512195,44,L HAMILTON,HAM,hamilton,27F4D2,mercedes,Lewis,Hamilton,https://media.formula1.com/d_driver_fallback_image.png/content/dam/fom-website/drivers/L/LEWHAM01_Lewis_Hamilton/lewham01.png.transform/1col/image.png,GBR,,,,,,,,,
2024,Hungarian Grand Prix,Practice 1,Oliver Bearman,Haas F1 Team,,31.00487804878049,58.49878048780489,38.0,1.2621951219512195,50,O BEARMAN,BEA,nan,B6BABD,nan,Oliver,Bearman,None,GBR,,,,,,,,,
2024,Hungarian Grand Prix,Practice 1,Carlos Sainz,Ferrari,,31.00487804878049,58.49878048780489,38.0,1.2621951219512195,55,C SAINZ,SAI,sainz,E80020,ferrari,Carlos,Sainz,https://media.formula1.com/d_driver_fallback_image.png/content/dam/fom-website/drivers/C/CARSAI01_Carlos_Sainz/carsai01.png.transform/1col/image.png,ESP,,,,,,,,,
2024,Hungarian Grand Prix,Practice 1,George Russell,Mercedes,,31.00487804878049,58.49878048780489,38.0,1.2621951219512195,63,G RUSSELL,RUS,russell,27F4D2,mercedes,George,Russell,https://media.formula1.com/d_driver_fallback_image.png/content/dam/fom-website/drivers/G/GEORUS01_George_Russell/georus01.png.transform/1col/image.png,GBR,,,,,,,,,
2024,Hungarian Grand Prix,Practice 1,Valtteri Bottas,Kick Sauber,,31.00487804878049,58.49878048780489,38.0,1.2621951219512195,77,V BOTTAS,BOT,bottas,52e252,sauber,Valtteri,Bottas,https://media.formula1.com/d_driver_fallback_image.png/content/dam/fom-website/drivers/V/VALBOT01_Valtteri_Bottas/valbot01.png.transform/1col/image.png,FIN,,,,,,,,,
2024,Hungarian Grand Prix,Practice 1,Oscar Piastri,McLaren,,31.00487804878049,58.49878048780489,38.0,1.2621951219512195,81,O PIASTRI,PIA,piastri,FF8000,mclaren,Oscar,Piastri,https://media.formula1.com/d_driver_fallback_image.png/content/dam/fom-website/drivers/O/OSCPIA01_Oscar_Piastri/oscpia01.png.transform/1col/image.png,AUS,,,,,,,,,
2024,Hungarian Grand Prix,Practice 2,Max Verstappen,Red Bull Racing,,31.196296296296293,45.81975308641975,37.17283950617284,1.008641975308642,1,M VERSTAPPEN,VER,max_verstappen,3671C6,red_bull,Max,Verstappen,https://media.formula1.com/d_driver_fallback_image.png/content/dam/fom-website/drivers/M/MAXVER01_Max_Verstappen/maxver01.png.transform/1col/image.png,NED,,,,,,,,,
2024,Hungarian Grand Prix,Practice 2,Logan Sargeant,Williams,,31.196296296296293,45.81975308641975,37.17283950617284,1.008641975308642,2,L SARGEANT,SAR,sargeant,64C4FF,williams,Logan,Sargeant,https://media.formula1.com/d_driver_fallback_image.png/content/dam/fom-website/drivers/L/LOGSAR01_Logan_Sargeant/logsar01.png.transform/1col/image.png,USA,,,,,,,,,
2024,Hungarian Grand Prix,Practice 2,Daniel Ricciardo,RB,,31.196296296296293,45.81975308641975,37.17283950617284,1.008641975308642,3,D RICCIARDO,RIC,ricciardo,6692FF,rb,Daniel,Ricciardo,https://media.formula1.com/d_driver_fallback_image.png/content/dam/fom-website/drivers/D/DANRIC01_Daniel_Ricciardo/danric01.png.transform/1col/image.png,AUS,,,,,,,,,
2024,Hungarian Grand Prix,Practice 2,Lando Norris,McLaren,,31.196296296296293,45.81975308641975,37.17283950617284,1.008641975308642,4,L NORRIS,NOR,norris,FF8000,mclaren,Lando,Norris,https://media.formula1.com/d_driver_fallback_image.png/content/dam/fom-website/drivers/L/LANNOR01_Lando_Norris/lannor01.png.transform/1col/image.png,GBR,,,,,,,,,
2024,Hungarian Grand Prix,Practice 2,Pierre Gasly,Alpine,,31.196296296296293,45.81975308641975,37.17283950617284,1.008641975308642,10,P GASLY,GAS,gasly,0093cc,alpine,Pierre,Gasly,https://media.formula1.com/d_driver_fallback_image.png/content/dam/fom-website/drivers/P/PIEGAS01_Pierre_Gasly/piegas01.png.transform/1col/image.png,FRA,,,,,,,,,
2024,Hungarian Grand Prix,Practice 2,Sergio Perez,Red Bull Racing,,31.196296296296293,45.81975308641975,37.17283950617284,1.008641975308642,11,S PEREZ,PER,perez,3671C6,red_bull,Sergio,Perez,https://media.formula1.com/d_driver_fallback_image.png/content/dam/fom-website/drivers/S/SERPER01_Sergio_Perez/serper01.png.transform/1col/image.png,MEX,,,,,,,,,
2024,Hungarian Grand Prix,Practice 2,Fernando Alonso,Aston Martin,,31.196296296296293,45.81975308641975,37.17283950617284,1.008641975308642,14,F ALONSO,ALO,alonso,229971,aston_martin,Fernando,Alonso,https://media.formula1.com/d_driver_fallback_image.png/content/dam/fom-website/drivers/F/FERALO01_Fernando_Alonso/feralo01.png.transform/1col/image.png,ESP,,,,,,,,,
2024,Hungarian Grand Prix,Practice 2,Charles Leclerc,Ferrari,,31.196296296296293,45.81975308641975,37.17283950617284,1.008641975308642,16,C LECLERC,LEC,leclerc,E80020,ferrari,Charles,Leclerc,https://media.formula1.com/d_driver_fallback_image.png/content/dam/fom-website/drivers/C/CHALEC01_Charles_Leclerc/chalec01.png.transform/1col/image.png,MON,,,,,,,,,
2024,Hungarian Grand Prix,Practice 2,Lance Stroll,Aston Martin,,31.196296296296293,45.81975308641975,37.17283950617284,1.008641975308642,18,L STROLL,STR,stroll,229971,aston_martin,Lance,Stroll,https://media.formula1.com/d_driver_fallback_image.png/content/dam/fom-website/drivers/L/LANSTR01_Lance_Stroll/lanstr01.png.transform/1col/image.png,CAN,,,,,,,,,
2024,Hungarian Grand Prix,Practice 2,Kevin Magnussen,Haas F1 Team,,31.196296296296293,45.81975308641975,37.17283950617284,1.008641975308642,20,K MAGNUSSEN,MAG,kevin_magnussen,B6BABD,haas,Kevin,Magnussen,https://media.formula1.com/d_driver_fallback_image.png/content/dam/fom-website/drivers/K/KEVMAG01_Kevin_Magnussen/kevmag01.png.transform/1col/image.png,DEN,,,,,,,,,
2024,Hungarian Grand Prix,Practice 2,Yuki Tsunoda,RB,,31.196296296296293,45.81975308641975,37.17283950617284,1.008641975308642,22,Y TSUNODA,TSU,tsunoda,6692FF,rb,Yuki,Tsunoda,https://media.formula1.com/d_driver_fallback_image.png/content/dam/fom-website/drivers/Y/YUKTSU01_Yuki_Tsunoda/yuktsu01.png.transform/1col/image.png,JPN,,,,,,,,,
2024,Hungarian Grand Prix,Practice 2,Alexander Albon,Williams,,31.196296296296293,45.81975308641975,37.17283950617284,1.008641975308642,23,A ALBON,ALB,albon,64C4FF,williams,Alexander,Albon,https://media.formula1.com/d_driver_fallback_image.png/content/dam/fom-website/drivers/A/ALEALB01_Alexander_Albon/alealb01.png.transform/1col/image.png,THA,,,,,,,,,
2024,Hungarian Grand Prix,Practice 2,Guanyu Zhou,Kick Sauber,,31.196296296296293,45.81975308641975,37.17283950617284,1.008641975308642,24,G ZHOU,ZHO,zhou,52e252,sauber,Guanyu,Zhou,https://media.formula1.com/d_driver_fallback_image.png/content/dam/fom-website/drivers/G/GUAZHO01_Guanyu_Zhou/guazho01.png.transform/1col/image.png,CHN,,,,,,,,,
2024,Hungarian Grand Prix,Practice 2,Nico Hulkenberg,Haas F1 Team,,31.196296296296293,45.81975308641975,37.17283950617284,1.008641975308642,27,N HULKENBERG,HUL,hulkenberg,B6BABD,haas,Nico,Hulkenberg,https://media.formula1.com/d_driver_fallback_image.png/content/dam/fom-website/drivers/N/NICHUL01_Nico_Hulkenberg/nichul01.png.transform/1col/image.png,GER,,,,,,,,,
2024,Hungarian Grand Prix,Practice 2,Esteban Ocon,Alpine,,31.196296296296293,45.81975308641975,37.17283950617284,1.008641975308642,31,E OCON,OCO,ocon,0093cc,alpine,Esteban,Ocon,https://media.formula1.com/d_driver_fallback_image.png/content/dam/fom-website/drivers/E/ESTOCO01_Esteban_Ocon/estoco01.png.transform/1col/image.png,FRA,,,,,,,,,
2024,Hungarian Grand Prix,Practice 2,Lewis Hamilton,Mercedes,,31.196296296296293,45.81975308641975,37.17283950617284,1.008641975308642,44,L HAMILTON,HAM,hamilton,27F4D2,mercedes,Lewis,Hamilton,https://media.formula1.com/d_driver_fallback_image.png/content/dam/fom-website/drivers/L/LEWHAM01_Lewis_Hamilton/lewham01.png.transform/1col/image.png,GBR,,,,,,,,,
2024,Hungarian Grand Prix,Practice 2,Carlos Sainz,Ferrari,,31.196296296296293,45.81975308641975,37.17283950617284,1.008641975308642,55,C SAINZ,SAI,sainz,E80020,ferrari,Carlos,Sainz,https://media.formula1.com/d_driver_fallback_image.png/content/dam/fom-website/drivers/C/CARSAI01_Carlos_Sainz/carsai01.png.transform/1col/image.png,ESP,,,,,,,,,
2024,Hungarian Grand Prix,Practice 2,George Russell,Mercedes,,31.196296296296293,45.81975308641975,37.17283950617284,1.008641975308642,63,G RUSSELL,RUS,russell,27F4D2,mercedes,George,Russell,https://media.formula1.com/d_driver_fallback_image.png/content/dam/fom-website/drivers/G/GEORUS01_George_Russell/georus01.png.transform/1col/image.png,GBR,,,,,,,,,
2024,Hungarian Grand Prix,Practice 2,Valtteri Bottas,Kick Sauber,,31.196296296296293,45.81975308641975,37.17283950617284,1.008641975308642,77,V BOTTAS,BOT,bottas,52e252,sauber,Valtteri,Bottas,https://media.formula1.com/d_driver_fallback_image.png/content/dam/fom-website/drivers/V/VALBOT01_Valtteri_Bottas/valbot01.png.transform/1col/image.png,FIN,,,,,,,,,
2024,Hungarian Grand Prix,Practice 2,Oscar Piastri,McLaren,,31.196296296296293,45.81975308641975,37.17283950617284,1.008641975308642,81,O PIASTRI,PIA,piastri,FF8000,mclaren,Oscar,Piastri,https://media.formula1.com/d_driver_fallback_image.png/content/dam/fom-website/drivers/O/OSCPIA01_Oscar_Piastri/oscpia01.png.transform/1col/image.png,AUS,,,,,,,,,
2024,Hungarian Grand Prix,Practice 3,Max Verstappen,Red Bull Racing,,26.839999999999996,39.0575,42.9375,0.92875,1,M VERSTAPPEN,VER,max_verstappen,3671C6,red_bull,Max,Verstappen,https://media.formula1.com/d_driver_fallback_image.png/content/dam/fom-website/drivers/M/MAXVER01_Max_Verstappen/maxver01.png.transform/1col/image.png,NED,,,,,,,,,
2024,Hungarian Grand Prix,Practice 3,Logan Sargeant,Williams,,26.839999999999996,39.0575,42.9375,0.92875,2,L SARGEANT,SAR,sargeant,64C4FF,williams,Logan,Sargeant,https://media.formula1.com/d_driver_fallback_image.png/content/dam/fom-website/drivers/L/LOGSAR01_Logan_Sargeant/logsar01.png.transform/1col/image.png,USA,,,,,,,,,
2024,Hungarian Grand Prix,Practice 3,Daniel Ricciardo,RB,,26.839999999999996,39.0575,42.9375,0.92875,3,D RICCIARDO,RIC,ricciardo,6692FF,rb,Daniel,Ricciardo,https://media.formula1.com/d_driver_fallback_image.png/content/dam/fom-website/drivers/D/DANRIC01_Daniel_Ricciardo/danric01.png.transform/1col/image.png,AUS,,,,,,,,,
2024,Hungarian Grand Prix,Practice 3,Lando Norris,McLaren,,26.839999999999996,39.0575,42.9375,0.92875,4,L NORRIS,NOR,norris,FF8000,mclaren,Lando,Norris,https://media.formula1.com/d_driver_fallback_image.png/content/dam/fom-website/drivers/L/LANNOR01_Lando_Norris/lannor01.png.transform/1col/image.png,GBR,,,,,,,,,
2024,Hungarian Grand Prix,Practice 3,Pierre Gasly,Alpine,,26.839999999999996,39.0575,42.9375,0.92875,10,P GASLY,GAS,gasly,0093cc,alpine,Pierre,Gasly,https://media.formula1.com/d_driver_fallback_image.png/content/dam/fom-website/drivers/P/PIEGAS01_Pierre_Gasly/piegas01.png.transform/1col/image.png,FRA,,,,,,,,,
2024,Hungarian Grand Prix,Practice 3,Sergio Perez,Red Bull Racing,,26.839999999999996,39.0575,42.9375,0.92875,11,S PEREZ,PER,perez,3671C6,red_bull,Sergio,Perez,https://media.formula1.com/d_driver_fallback_image.png/content/dam/fom-website/drivers/S/SERPER01_Sergio_Perez/serper01.png.transform/1col/image.png,MEX,,,,,,,,,
2024,Hungarian Grand Prix,Practice 3,Fernando Alonso,Aston Martin,,26.839999999999996,39.0575,42.9375,0.92875,14,F ALONSO,ALO,alonso,229971,aston_martin,Fernando,Alonso,https://media.formula1.com/d_driver_fallback_image.png/content/dam/fom-website/drivers/F/FERALO01_Fernando_Alonso/feralo01.png.transform/1col/image.png,ESP,,,,,,,,,
2024,Hungarian Grand Prix,Practice 3,Charles Leclerc,Ferrari,,26.839999999999996,39.0575,42.9375,0.92875,16,C LECLERC,LEC,leclerc,E80020,ferrari,Charles,Leclerc,https://media.formula1.com/d_driver_fallback_image.png/content/dam/fom-website/drivers/C/CHALEC01_Charles_Leclerc/chalec01.png.transform/1col/image.png,MON,,,,,,,,,
2024,Hungarian Grand Prix,Practice 3,Lance Stroll,Aston Martin,,26.839999999999996,39.0575,42.9375,0.92875,18,L STROLL,STR,stroll,229971,aston_martin,Lance,Stroll,https://media.formula1.com/d_driver_fallback_image.png/content/dam/fom-website/drivers/L/LANSTR01_Lance_Stroll/lanstr01.png.transform/1col/image.png,CAN,,,,,,,,,
2024,Hungarian Grand Prix,Practice 3,Kevin Magnussen,Haas F1 Team,,26.839999999999996,39.0575,42.9375,0.92875,20,K MAGNUSSEN,MAG,kevin_magnussen,B6BABD,haas,Kevin,Magnussen,https://media.formula1.com/d_driver_fallback_image.png/content/dam/fom-website/drivers/K/KEVMAG01_Kevin_Magnussen/kevmag01.png.transform/1col/image.png,DEN,,,,,,,,,
2024,Hungarian Grand Prix,Practice 3,Yuki Tsunoda,RB,,26.839999999999996,39.0575,42.9375,0.92875,22,Y TSUNODA,TSU,tsunoda,6692FF,rb,Yuki,Tsunoda,https://media.formula1.com/d_driver_fallback_image.png/content/dam/fom-website/drivers/Y/YUKTSU01_Yuki_Tsunoda/yuktsu01.png.transform/1col/image.png,JPN,,,,,,,,,
2024,Hungarian Grand Prix,Practice 3,Alexander Albon,Williams,,26.839999999999996,39.0575,42.9375,0.92875,23,A ALBON,ALB,albon,64C4FF,williams,Alexander,Albon,https://media.formula1.com/d_driver_fallback_image.png/content/dam/fom-website/drivers/A/ALEALB01_Alexander_Albon/alealb01.png.transform/1col/image.png,THA,,,,,,,,,
2024,Hungarian Grand Prix,Practice 3,Guanyu Zhou,Kick Sauber,,26.839999999999996,39.0575,42.9375,0.92875,24,G ZHOU,ZHO,zhou,52e252,sauber,Guanyu,Zhou,https://media.formula1.com/d_driver_fallback_image.png/content/dam/fom-website/drivers/G/GUAZHO01_Guanyu_Zhou/guazho01.png.transform/1col/image.png,CHN,,,,,,,,,
2024,Hungarian Grand Prix,Practice 3,Nico Hulkenberg,Haas F1 Team,,26.839999999999996,39.0575,42.9375,0.92875,27,N HULKENBERG,HUL,hulkenberg,B6BABD,haas,Nico,Hulkenberg,https://media.formula1.com/d_driver_fallback_image.png/content/dam/fom-website/drivers/N/NICHUL01_Nico_Hulkenberg/nichul01.png.transform/1col/image.png,GER,,,,,,,,,
2024,Hungarian Grand Prix,Practice 3,Esteban Ocon,Alpine,,26.839999999999996,39.0575,42.9375,0.92875,31,E OCON,OCO,ocon,0093cc,alpine,Esteban,Ocon,https://media.formula1.com/d_driver_fallback_image.png/content/dam/fom-website/drivers/E/ESTOCO01_Esteban_Ocon/estoco01.png.transform/1col/image.png,FRA,,,,,,,,,
2024,Hungarian Grand Prix,Practice 3,Lewis Hamilton,Mercedes,,26.839999999999996,39.0575,42.9375,0.92875,44,L HAMILTON,HAM,hamilton,27F4D2,mercedes,Lewis,Hamilton,https://media.formula1.com/d_driver_fallback_image.png/content/dam/fom-website/drivers/L/LEWHAM01_Lewis_Hamilton/lewham01.png.transform/1col/image.png,GBR,,,,,,,,,
2024,Hungarian Grand Prix,Practice 3,Carlos Sainz,Ferrari,,26.839999999999996,39.0575,42.9375,0.92875,55,C SAINZ,SAI,sainz,E80020,ferrari,Carlos,Sainz,https://media.formula1.com/d_driver_fallback_image.png/content/dam/fom-website/drivers/C/CARSAI01_Carlos_Sainz/carsai01.png.transform/1col/image.png,ESP,,,,,,,,,
2024,Hungarian Grand Prix,Practice 3,George Russell,Mercedes,,26.839999999999996,39.0575,42.9375,0.92875,63,G RUSSELL,RUS,russell,27F4D2,mercedes,George,Russell,https://media.formula1.com/d_driver_fallback_image.png/content/dam/fom-website/drivers/G/GEORUS01_George_Russell/georus01.png.transform/1col/image.png,GBR,,,,,,,,,
2024,Hungarian Grand Prix,Practice 3,Valtteri Bottas,Kick Sauber,,26.839999999999996,39.0575,42.9375,0.92875,77,V BOTTAS,BOT,bottas,52e252,sauber,Valtteri,Bottas,https://media.formula1.com/d_driver_fallback_image.png/content/dam/fom-website/drivers/V/VALBOT01_Valtteri_Bottas/valbot01.png.transform/1col/image.png,FIN,,,,,,,,,
2024,Hungarian Grand Prix,Practice 3,Oscar Piastri,McLaren,,26.839999999999996,39.0575,42.9375,0.92875,81,O PIASTRI,PIA,piastri,FF8000,mclaren,Oscar,Piastri,https://media.formula1.com/d_driver_fallback_image.png/content/dam/fom-website/drivers/O/OSCPIA01_Oscar_Piastri/oscpia01.png.transform/1col/image.png,AUS,,,,,,,,,
