Year,EventName,SessionName,FullName,TeamName,Position,AvgAirTemp,AvgTrackTemp,AvgHumidity,AvgWindSpeed,DriverNumber,BroadcastName,Abbreviation,DriverId,TeamColor,TeamId,FirstName,LastName,HeadshotUrl,CountryCode,ClassifiedPosition,GridPosition,Q1,Q2,Q3,Time,Status,Points,Laps
2023,Bahrain Grand Prix,Race,Max Verstappen,Red Bull Racing,1.0,27.43167701863354,31.01180124223602,21.496894409937887,0.6832298136645961,1,M VERSTAPPEN,VER,max_verstappen,3671C6,red_bull,Max,Verstappen,https://www.formula1.com/content/dam/fom-website/drivers/M/MAXVER01_Max_Verstappen/maxver01.png.transform/1col/image.png,NED,1,1.0,,,,0 days 01:33:56.736000,Finished,25.0,57.0
2023,Bahrain Grand Prix,Race,Sergio Perez,Red Bull Racing,2.0,27.43167701863354,31.01180124223602,21.496894409937887,0.6832298136645961,11,S PEREZ,PER,perez,3671C6,red_bull,Sergio,Perez,https://www.formula1.com/content/dam/fom-website/drivers/S/SERPER01_Sergio_Perez/serper01.png.transform/1col/image.png,MEX,2,2.0,,,,0 days 00:00:11.987000,Finished,18.0,57.0
2023,Bahrain Grand Prix,Race,Fernando Alonso,Aston Martin,3.0,27.43167701863354,31.01180124223602,21.496894409937887,0.6832298136645961,14,F ALONSO,ALO,alonso,358C75,aston_martin,Fernando,Alonso,https://www.formula1.com/content/dam/fom-website/drivers/F/FERALO01_Fernando_Alonso/feralo01.png.transform/1col/image.png,ESP,3,5.0,,,,0 days 00:00:38.637000,Finished,15.0,57.0
2023,Bahrain Grand Prix,Race,Carlos Sainz,Ferrari,4.0,27.43167701863354,31.01180124223602,21.496894409937887,0.6832298136645961,55,C SAINZ,SAI,sainz,F91536,ferrari,Carlos,Sainz,https://www.formula1.com/content/dam/fom-website/drivers/C/CARSAI01_Carlos_Sainz/carsai01.png.transform/1col/image.png,ESP,4,4.0,,,,0 days 00:00:48.052000,Finished,12.0,57.0
2023,Bahrain Grand Prix,Race,Lewis Hamilton,Mercedes,5.0,27.43167701863354,31.01180124223602,21.496894409937887,0.6832298136645961,44,L HAMILTON,HAM,hamilton,6CD3BF,mercedes,Lewis,Hamilton,https://www.formula1.com/content/dam/fom-website/drivers/L/LEWHAM01_Lewis_Hamilton/lewham01.png.transform/1col/image.png,GBR,5,7.0,,,,0 days 00:00:50.977000,Finished,10.0,57.0
2023,Bahrain Grand Prix,Race,Lance Stroll,Aston Martin,6.0,27.43167701863354,31.01180124223602,21.496894409937887,0.6832298136645961,18,L STROLL,STR,stroll,358C75,aston_martin,Lance,Stroll,https://www.formula1.com/content/dam/fom-website/drivers/L/LANSTR01_Lance_Stroll/lanstr01.png.transform/1col/image.png,CAN,6,8.0,,,,0 days 00:00:54.502000,Finished,8.0,57.0
2023,Bahrain Grand Prix,Race,George Russell,Mercedes,7.0,27.43167701863354,31.01180124223602,21.496894409937887,0.6832298136645961,63,G RUSSELL,RUS,russell,6CD3BF,mercedes,George,Russell,https://www.formula1.com/content/dam/fom-website/drivers/G/GEORUS01_George_Russell/georus01.png.transform/1col/image.png,GBR,7,6.0,,,,0 days 00:00:55.873000,Finished,6.0,57.0
2023,Bahrain Grand Prix,Race,Valtteri Bottas,Alfa Romeo,8.0,27.43167701863354,31.01180124223602,21.496894409937887,0.6832298136645961,77,V BOTTAS,BOT,bottas,C92D4B,alfa,Valtteri,Bottas,https://www.formula1.com/content/dam/fom-website/drivers/V/VALBOT01_Valtteri_Bottas/valbot01.png.transform/1col/image.png,FIN,8,12.0,,,,0 days 00:01:12.647000,Finished,4.0,57.0
2023,Bahrain Grand Prix,Race,Pierre Gasly,Alpine,9.0,27.43167701863354,31.01180124223602,21.496894409937887,0.6832298136645961,10,P GASLY,GAS,gasly,2293D1,alpine,Pierre,Gasly,https://www.formula1.com/content/dam/fom-website/drivers/P/PIEGAS01_Pierre_Gasly/piegas01.png.transform/1col/image.png,FRA,9,20.0,,,,0 days 00:01:13.753000,Finished,2.0,57.0
2023,Bahrain Grand Prix,Race,Alexander Albon,Williams,10.0,27.43167701863354,31.01180124223602,21.496894409937887,0.6832298136645961,23,A ALBON,ALB,albon,37BEDD,williams,Alexander,Albon,https://www.formula1.com/content/dam/fom-website/drivers/A/ALEALB01_Alexander_Albon/alealb01.png.transform/1col/image.png,THA,10,15.0,,,,0 days 00:01:29.774000,Finished,1.0,57.0
2023,Bahrain Grand Prix,Race,Yuki Tsunoda,AlphaTauri,11.0,27.43167701863354,31.01180124223602,21.496894409937887,0.6832298136645961,22,Y TSUNODA,TSU,tsunoda,5E8FAA,alphatauri,Yuki,Tsunoda,https://www.formula1.com/content/dam/fom-website/drivers/Y/YUKTSU01_Yuki_Tsunoda/yuktsu01.png.transform/1col/image.png,JPN,11,14.0,,,,0 days 00:01:30.870000,Finished,0.0,57.0
2023,Bahrain Grand Prix,Race,Logan Sargeant,Williams,12.0,27.43167701863354,31.01180124223602,21.496894409937887,0.6832298136645961,2,L SARGEANT,SAR,sargeant,37BEDD,williams,Logan,Sargeant,https://www.formula1.com/content/dam/fom-website/drivers/L/LOGSAR01_Logan_Sargeant/logsar01.png.transform/1col/image.png,USA,12,16.0,,,,0 days 00:00:01.136000,Lapped,0.0,56.0
2023,Bahrain Grand Prix,Race,Kevin Magnussen,Haas F1 Team,13.0,27.43167701863354,31.01180124223602,21.496894409937887,0.6832298136645961,20,K MAGNUSSEN,MAG,kevin_magnussen,B6BABD,haas,Kevin,Magnussen,https://www.formula1.com/content/dam/fom-website/drivers/K/KEVMAG01_Kevin_Magnussen/kevmag01.png.transform/1col/image.png,DEN,13,17.0,,,,0 days 00:00:16.757000,Lapped,0.0,56.0
2023,Bahrain Grand Prix,Race,Nyck De Vries,AlphaTauri,14.0,27.43167701863354,31.01180124223602,21.496894409937887,0.6832298136645961,21,N DE VRIES,DEV,de_vries,5E8FAA,alphatauri,Nyck,De Vries,https://www.formula1.com/content/dam/fom-website/drivers/N/NYCDEV01_Nyck_De%20Vries/nycdev01.png.transform/1col/image.png,NED,14,19.0,,,,0 days 00:00:22.523000,Lapped,0.0,56.0
2023,Bahrain Grand Prix,Race,Nico Hulkenberg,Haas F1 Team,15.0,27.43167701863354,31.01180124223602,21.496894409937887,0.6832298136645961,27,N HULKENBERG,HUL,hulkenberg,B6BABD,haas,Nico,Hulkenberg,https://www.formula1.com/content/dam/fom-website/drivers/N/NICHUL01_Nico_Hulkenberg/nichul01.png.transform/1col/image.png,GER,15,10.0,,,,0 days 00:00:38.911000,Lapped,0.0,56.0
2023,Bahrain Grand Prix,Race,Guanyu Zhou,Alfa Romeo,16.0,27.43167701863354,31.01180124223602,21.496894409937887,0.6832298136645961,24,G ZHOU,ZHO,zhou,C92D4B,alfa,Guanyu,Zhou,https://www.formula1.com/content/dam/fom-website/drivers/G/GUAZHO01_Guanyu_Zhou/guazho01.png.transform/1col/image.png,CHN,16,13.0,,,,0 days 00:00:39.649000,Lapped,0.0,56.0
2023,Bahrain Grand Prix,Race,Lando Norris,McLaren,17.0,27.43167701863354,31.01180124223602,21.496894409937887,0.6832298136645961,4,L NORRIS,NOR,norris,F58020,mclaren,Lando,Norris,https://www.formula1.com/content/dam/fom-website/drivers/L/LANNOR01_Lando_Norris/lannor01.png.transform/1col/image.png,GBR,17,11.0,,,,0 days 00:00:06.636000,Lapped,0.0,55.0
2023,Bahrain Grand Prix,Race,Esteban Ocon,Alpine,18.0,27.43167701863354,31.01180124223602,21.496894409937887,0.6832298136645961,31,E OCON,OCO,ocon,2293D1,alpine,Esteban,Ocon,https://www.formula1.com/content/dam/fom-website/drivers/E/ESTOCO01_Esteban_Ocon/estoco01.png.transform/1col/image.png,FRA,R,9.0,,,,,Retired,0.0,41.0
2023,Bahrain Grand Prix,Race,Charles Leclerc,Ferrari,19.0,27.43167701863354,31.01180124223602,21.496894409937887,0.6832298136645961,16,C LECLERC,LEC,leclerc,F91536,ferrari,Charles,Leclerc,https://www.formula1.com/content/dam/fom-website/drivers/C/CHALEC01_Charles_Leclerc/chalec01.png.transform/1col/image.png,MON,R,3.0,,,,,Retired,0.0,39.0
2023,Bahrain Grand Prix,Race,Oscar Piastri,McLaren,20.0,27.43167701863354,31.01180124223602,21.496894409937887,0.6832298136645961,81,O PIASTRI,PIA,piastri,F58020,mclaren,Oscar,Piastri,https://www.formula1.com/content/dam/fom-website/drivers/O/OSCPIA01_Oscar_Piastri/oscpia01.png.transform/1col/image.png,AUS,R,18.0,,,,,Retired,0.0,13.0
2023,Bahrain Grand Prix,Qualifying,Max Verstappen,Red Bull Racing,1.0,23.879999999999995,28.085263157894722,21.652631578947368,0.6073684210526317,1,M VERSTAPPEN,VER,max_verstappen,3671C6,red_bull,Max,Verstappen,https://www.formula1.com/content/dam/fom-website/drivers/M/MAXVER01_Max_Verstappen/maxver01.png.transform/1col/image.png,NED,,,0 days 00:01:31.295000,0 days 00:01:30.503000,0 days 00:01:29.708000,,,,
2023,Bahrain Grand Prix,Qualifying,Sergio Perez,Red Bull Racing,2.0,23.879999999999995,28.085263157894722,21.652631578947368,0.6073684210526317,11,S PEREZ,PER,perez,3671C6,red_bull,Sergio,Perez,https://www.formula1.com/content/dam/fom-website/drivers/S/SERPER01_Sergio_Perez/serper01.png.transform/1col/image.png,MEX,,,0 days 00:01:31.479000,0 days 00:01:30.746000,0 days 00:01:29.846000,,,,
2023,Bahrain Grand Prix,Qualifying,Charles Leclerc,Ferrari,3.0,23.879999999999995,28.085263157894722,21.652631578947368,0.6073684210526317,16,C LECLERC,LEC,leclerc,F91536,ferrari,Charles,Leclerc,https://www.formula1.com/content/dam/fom-website/drivers/C/CHALEC01_Charles_Leclerc/chalec01.png.transform/1col/image.png,MON,,,0 days 00:01:31.094000,0 days 00:01:30.282000,0 days 00:01:30,,,,
2023,Bahrain Grand Prix,Qualifying,Carlos Sainz,Ferrari,4.0,23.879999999999995,28.085263157894722,21.652631578947368,0.6073684210526317,55,C SAINZ,SAI,sainz,F91536,ferrari,Carlos,Sainz,https://www.formula1.com/content/dam/fom-website/drivers/C/CARSAI01_Carlos_Sainz/carsai01.png.transform/1col/image.png,ESP,,,0 days 00:01:30.993000,0 days 00:01:30.515000,0 days 00:01:30.154000,,,,
2023,Bahrain Grand Prix,Qualifying,Fernando Alonso,Aston Martin,5.0,23.879999999999995,28.085263157894722,21.652631578947368,0.6073684210526317,14,F ALONSO,ALO,alonso,358C75,aston_martin,Fernando,Alonso,https://www.formula1.com/content/dam/fom-website/drivers/F/FERALO01_Fernando_Alonso/feralo01.png.transform/1col/image.png,ESP,,,0 days 00:01:31.158000,0 days 00:01:30.645000,0 days 00:01:30.336000,,,,
2023,Bahrain Grand Prix,Qualifying,George Russell,Mercedes,6.0,23.879999999999995,28.085263157894722,21.652631578947368,0.6073684210526317,63,G RUSSELL,RUS,russell,6CD3BF,mercedes,George,Russell,https://www.formula1.com/content/dam/fom-website/drivers/G/GEORUS01_George_Russell/georus01.png.transform/1col/image.png,GBR,,,0 days 00:01:31.057000,0 days 00:01:30.507000,0 days 00:01:30.340000,,,,
2023,Bahrain Grand Prix,Qualifying,Lewis Hamilton,Mercedes,7.0,23.879999999999995,28.085263157894722,21.652631578947368,0.6073684210526317,44,L HAMILTON,HAM,hamilton,6CD3BF,mercedes,Lewis,Hamilton,https://www.formula1.com/content/dam/fom-website/drivers/L/LEWHAM01_Lewis_Hamilton/lewham01.png.transform/1col/image.png,GBR,,,0 days 00:01:31.543000,0 days 00:01:30.513000,0 days 00:01:30.384000,,,,
2023,Bahrain Grand Prix,Qualifying,Lance Stroll,Aston Martin,8.0,23.879999999999995,28.085263157894722,21.652631578947368,0.6073684210526317,18,L STROLL,STR,stroll,358C75,aston_martin,Lance,Stroll,https://www.formula1.com/content/dam/fom-website/drivers/L/LANSTR01_Lance_Stroll/lanstr01.png.transform/1col/image.png,CAN,,,0 days 00:01:31.184000,0 days 00:01:31.127000,0 days 00:01:30.836000,,,,
2023,Bahrain Grand Prix,Qualifying,Esteban Ocon,Alpine,9.0,23.879999999999995,28.085263157894722,21.652631578947368,0.6073684210526317,31,E OCON,OCO,ocon,2293D1,alpine,Esteban,Ocon,https://www.formula1.com/content/dam/fom-website/drivers/E/ESTOCO01_Esteban_Ocon/estoco01.png.transform/1col/image.png,FRA,,,0 days 00:01:31.508000,0 days 00:01:30.914000,0 days 00:01:30.984000,,,,
2023,Bahrain Grand Prix,Qualifying,Nico Hulkenberg,Haas F1 Team,10.0,23.879999999999995,28.085263157894722,21.652631578947368,0.6073684210526317,27,N HULKENBERG,HUL,hulkenberg,B6BABD,haas,Nico,Hulkenberg,https://www.formula1.com/content/dam/fom-website/drivers/N/NICHUL01_Nico_Hulkenberg/nichul01.png.transform/1col/image.png,GER,,,0 days 00:01:31.204000,0 days 00:01:30.809000,,,,,
2023,Bahrain Grand Prix,Qualifying,Lando Norris,McLaren,11.0,23.879999999999995,28.085263157894722,21.652631578947368,0.6073684210526317,4,L NORRIS,NOR,norris,F58020,mclaren,Lando,Norris,https://www.formula1.com/content/dam/fom-website/drivers/L/LANNOR01_Lando_Norris/lannor01.png.transform/1col/image.png,GBR,,,0 days 00:01:31.652000,0 days 00:01:31.381000,,,,,
2023,Bahrain Grand Prix,Qualifying,Valtteri Bottas,Alfa Romeo,12.0,23.879999999999995,28.085263157894722,21.652631578947368,0.6073684210526317,77,V BOTTAS,BOT,bottas,C92D4B,alfa,Valtteri,Bottas,https://www.formula1.com/content/dam/fom-website/drivers/V/VALBOT01_Valtteri_Bottas/valbot01.png.transform/1col/image.png,FIN,,,0 days 00:01:31.504000,0 days 00:01:31.443000,,,,,
2023,Bahrain Grand Prix,Qualifying,Guanyu Zhou,Alfa Romeo,13.0,23.879999999999995,28.085263157894722,21.652631578947368,0.6073684210526317,24,G ZHOU,ZHO,zhou,C92D4B,alfa,Guanyu,Zhou,https://www.formula1.com/content/dam/fom-website/drivers/G/GUAZHO01_Guanyu_Zhou/guazho01.png.transform/1col/image.png,CHN,,,0 days 00:01:31.615000,0 days 00:01:31.473000,,,,,
2023,Bahrain Grand Prix,Qualifying,Yuki Tsunoda,AlphaTauri,14.0,23.879999999999995,28.085263157894722,21.652631578947368,0.6073684210526317,22,Y TSUNODA,TSU,tsunoda,5E8FAA,alphatauri,Yuki,Tsunoda,https://www.formula1.com/content/dam/fom-website/drivers/Y/YUKTSU01_Yuki_Tsunoda/yuktsu01.png.transform/1col/image.png,JPN,,,0 days 00:01:31.400000,0 days 00:01:32.510000,,,,,
2023,Bahrain Grand Prix,Qualifying,Alexander Albon,Williams,15.0,23.879999999999995,28.085263157894722,21.652631578947368,0.6073684210526317,23,A ALBON,ALB,albon,37BEDD,williams,Alexander,Albon,https://www.formula1.com/content/dam/fom-website/drivers/A/ALEALB01_Alexander_Albon/alealb01.png.transform/1col/image.png,THA,,,0 days 00:01:31.461000,,,,,,
2023,Bahrain Grand Prix,Qualifying,Logan Sargeant,Williams,16.0,23.879999999999995,28.085263157894722,21.652631578947368,0.6073684210526317,2,L SARGEANT,SAR,sargeant,37BEDD,williams,Logan,Sargeant,https://www.formula1.com/content/dam/fom-website/drivers/L/LOGSAR01_Logan_Sargeant/logsar01.png.transform/1col/image.png,USA,,,0 days 00:01:31.652000,,,,,,
2023,Bahrain Grand Prix,Qualifying,Kevin Magnussen,Haas F1 Team,17.0,23.879999999999995,28.085263157894722,21.652631578947368,0.6073684210526317,20,K MAGNUSSEN,MAG,kevin_magnussen,B6BABD,haas,Kevin,Magnussen,https://www.formula1.com/content/dam/fom-website/drivers/K/KEVMAG01_Kevin_Magnussen/kevmag01.png.transform/1col/image.png,DEN,,,0 days 00:01:31.892000,,,,,,
2023,Bahrain Grand Prix,Qualifying,Oscar Piastri,McLaren,18.0,23.879999999999995,28.085263157894722,21.652631578947368,0.6073684210526317,81,O PIASTRI,PIA,piastri,F58020,mclaren,Oscar,Piastri,https://www.formula1.com/content/dam/fom-website/drivers/O/OSCPIA01_Oscar_Piastri/oscpia01.png.transform/1col/image.png,AUS,,,0 days 00:01:32.101000,,,,,,
2023,Bahrain Grand Prix,Qualifying,Nyck De Vries,AlphaTauri,19.0,23.879999999999995,28.085263157894722,21.652631578947368,0.6073684210526317,21,N DE VRIES,DEV,de_vries,5E8FAA,alphatauri,Nyck,De Vries,https://www.formula1.com/content/dam/fom-website/drivers/N/NYCDEV01_Nyck_De%20Vries/nycdev01.png.transform/1col/image.png,NED,,,0 days 00:01:32.121000,,,,,,
2023,Bahrain Grand Prix,Qualifying,Pierre Gasly,Alpine,20.0,23.879999999999995,28.085263157894722,21.652631578947368,0.6073684210526317,10,P GASLY,GAS,gasly,2293D1,alpine,Pierre,Gasly,https://www.formula1.com/content/dam/fom-website/drivers/P/PIEGAS01_Pierre_Gasly/piegas01.png.transform/1col/image.png,FRA,,,0 days 00:01:32.181000,,,,,,
2023,Bahrain Grand Prix,Practice 1,Max Verstappen,Red Bull Racing,,26.989285714285717,40.482142857142854,12.261904761904763,2.5797619047619045,1,M VERSTAPPEN,VER,max_verstappen,3671C6,red_bull,Max,Verstappen,https://www.formula1.com/content/dam/fom-website/drivers/M/MAXVER01_Max_Verstappen/maxver01.png.transform/1col/image.png,NED,,,,,,,,,
2023,Bahrain Grand Prix,Practice 1,Logan Sargeant,Williams,,26.989285714285717,40.482142857142854,12.261904761904763,2.5797619047619045,2,L SARGEANT,SAR,sargeant,37BEDD,williams,Logan,Sargeant,https://www.formula1.com/content/dam/fom-website/drivers/L/LOGSAR01_Logan_Sargeant/logsar01.png.transform/1col/image.png,USA,,,,,,,,,
2023,Bahrain Grand Prix,Practice 1,Lando Norris,McLaren,,26.989285714285717,40.482142857142854,12.261904761904763,2.5797619047619045,4,L NORRIS,NOR,norris,F58020,mclaren,Lando,Norris,https://www.formula1.com/content/dam/fom-website/drivers/L/LANNOR01_Lando_Norris/lannor01.png.transform/1col/image.png,GBR,,,,,,,,,
2023,Bahrain Grand Prix,Practice 1,Pierre Gasly,Alpine,,26.989285714285717,40.482142857142854,12.261904761904763,2.5797619047619045,10,P GASLY,GAS,gasly,2293D1,alpine,Pierre,Gasly,https://www.formula1.com/content/dam/fom-website/drivers/P/PIEGAS01_Pierre_Gasly/piegas01.png.transform/1col/image.png,FRA,,,,,,,,,
2023,Bahrain Grand Prix,Practice 1,Sergio Perez,Red Bull Racing,,26.989285714285717,40.482142857142854,12.261904761904763,2.5797619047619045,11,S PEREZ,PER,perez,3671C6,red_bull,Sergio,Perez,https://www.formula1.com/content/dam/fom-website/drivers/S/SERPER01_Sergio_Perez/serper01.png.transform/1col/image.png,MEX,,,,,,,,,
2023,Bahrain Grand Prix,Practice 1,Fernando Alonso,Aston Martin,,26.989285714285717,40.482142857142854,12.261904761904763,2.5797619047619045,14,F ALONSO,ALO,alonso,358C75,aston_martin,Fernando,Alonso,https://www.formula1.com/content/dam/fom-website/drivers/F/FERALO01_Fernando_Alonso/feralo01.png.transform/1col/image.png,ESP,,,,,,,,,
2023,Bahrain Grand Prix,Practice 1,Charles Leclerc,Ferrari,,26.989285714285717,40.482142857142854,12.261904761904763,2.5797619047619045,16,C LECLERC,LEC,leclerc,F91536,ferrari,Charles,Leclerc,https://www.formula1.com/content/dam/fom-website/drivers/C/CHALEC01_Charles_Leclerc/chalec01.png.transform/1col/image.png,MON,,,,,,,,,
2023,Bahrain Grand Prix,Practice 1,Lance Stroll,Aston Martin,,26.989285714285717,40.482142857142854,12.261904761904763,2.5797619047619045,18,L STROLL,STR,stroll,358C75,aston_martin,Lance,Stroll,https://www.formula1.com/content/dam/fom-website/drivers/L/LANSTR01_Lance_Stroll/lanstr01.png.transform/1col/image.png,CAN,,,,,,,,,
2023,Bahrain Grand Prix,Practice 1,Kevin Magnussen,Haas F1 Team,,26.989285714285717,40.482142857142854,12.261904761904763,2.5797619047619045,20,K MAGNUSSEN,MAG,kevin_magnussen,B6BABD,haas,Kevin,Magnussen,https://www.formula1.com/content/dam/fom-website/drivers/K/KEVMAG01_Kevin_Magnussen/kevmag01.png.transform/1col/image.png,DEN,,,,,,,,,
2023,Bahrain Grand Prix,Practice 1,Nyck De Vries,AlphaTauri,,26.989285714285717,40.482142857142854,12.261904761904763,2.5797619047619045,21,N DE VRIES,DEV,de_vries,5E8FAA,alphatauri,Nyck,De Vries,https://www.formula1.com/content/dam/fom-website/drivers/N/NYCDEV01_Nyck_De%20Vries/nycdev01.png.transform/1col/image.png,NED,,,,,,,,,
2023,Bahrain Grand Prix,Practice 1,Yuki Tsunoda,AlphaTauri,,26.989285714285717,40.482142857142854,12.261904761904763,2.5797619047619045,22,Y TSUNODA,TSU,tsunoda,5E8FAA,alphatauri,Yuki,Tsunoda,https://www.formula1.com/content/dam/fom-website/drivers/Y/YUKTSU01_Yuki_Tsunoda/yuktsu01.png.transform/1col/image.png,JPN,,,,,,,,,
2023,Bahrain Grand Prix,Practice 1,Alexander Albon,Williams,,26.989285714285717,40.482142857142854,12.261904761904763,2.5797619047619045,23,A ALBON,ALB,albon,37BEDD,williams,Alexander,Albon,https://www.formula1.com/content/dam/fom-website/drivers/A/ALEALB01_Alexander_Albon/alealb01.png.transform/1col/image.png,THA,,,,,,,,,
2023,Bahrain Grand Prix,Practice 1,Guanyu Zhou,Alfa Romeo,,26.989285714285717,40.482142857142854,12.261904761904763,2.5797619047619045,24,G ZHOU,ZHO,zhou,C92D4B,alfa,Guanyu,Zhou,https://www.formula1.com/content/dam/fom-website/drivers/G/GUAZHO01_Guanyu_Zhou/guazho01.png.transform/1col/image.png,CHN,,,,,,,,,
2023,Bahrain Grand Prix,Practice 1,Nico Hulkenberg,Haas F1 Team,,26.989285714285717,40.482142857142854,12.261904761904763,2.5797619047619045,27,N HULKENBERG,HUL,hulkenberg,B6BABD,haas,Nico,Hulkenberg,https://www.formula1.com/content/dam/fom-website/drivers/N/NICHUL01_Nico_Hulkenberg/nichul01.png.transform/1col/image.png,GER,,,,,,,,,
2023,Bahrain Grand Prix,Practice 1,Esteban Ocon,Alpine,,26.989285714285717,40.482142857142854,12.261904761904763,2.5797619047619045,31,E OCON,OCO,ocon,2293D1,alpine,Esteban,Ocon,https://www.formula1.com/content/dam/fom-website/drivers/E/ESTOCO01_Esteban_Ocon/estoco01.png.transform/1col/image.png,FRA,,,,,,,,,
2023,Bahrain Grand Prix,Practice 1,Lewis Hamilton,Mercedes,,26.989285714285717,40.482142857142854,12.261904761904763,2.5797619047619045,44,L HAMILTON,HAM,hamilton,6CD3BF,mercedes,Lewis,Hamilton,https://www.formula1.com/content/dam/fom-website/drivers/L/LEWHAM01_Lewis_Hamilton/lewham01.png.transform/1col/image.png,GBR,,,,,,,,,
2023,Bahrain Grand Prix,Practice 1,Carlos Sainz,Ferrari,,26.989285714285717,40.482142857142854,12.261904761904763,2.5797619047619045,55,C SAINZ,SAI,sainz,F91536,ferrari,Carlos,Sainz,https://www.formula1.com/content/dam/fom-website/drivers/C/CARSAI01_Carlos_Sainz/carsai01.png.transform/1col/image.png,ESP,,,,,,,,,
2023,Bahrain Grand Prix,Practice 1,George Russell,Mercedes,,26.989285714285717,40.482142857142854,12.261904761904763,2.5797619047619045,63,G RUSSELL,RUS,russell,6CD3BF,mercedes,George,Russell,https://www.formula1.com/content/dam/fom-website/drivers/G/GEORUS01_George_Russell/georus01.png.transform/1col/image.png,GBR,,,,,,,,,
2023,Bahrain Grand Prix,Practice 1,Valtteri Bottas,Alfa Romeo,,26.989285714285717,40.482142857142854,12.261904761904763,2.5797619047619045,77,V BOTTAS,BOT,bottas,C92D4B,alfa,Valtteri,Bottas,https://www.formula1.com/content/dam/fom-website/drivers/V/VALBOT01_Valtteri_Bottas/valbot01.png.transform/1col/image.png,FIN,,,,,,,,,
2023,Bahrain Grand Prix,Practice 1,Oscar Piastri,McLaren,,26.989285714285717,40.482142857142854,12.261904761904763,2.5797619047619045,81,O PIASTRI,PIA,piastri,F58020,mclaren,Oscar,Piastri,https://www.formula1.com/content/dam/fom-website/drivers/O/OSCPIA01_Oscar_Piastri/oscpia01.png.transform/1col/image.png,AUS,,,,,,,,,
2023,Bahrain Grand Prix,Practice 2,Max Verstappen,Red Bull Racing,,22.87294117647059,26.972941176470584,23.31764705882353,1.0823529411764705,1,M VERSTAPPEN,VER,max_verstappen,3671C6,red_bull,Max,Verstappen,https://www.formula1.com/content/dam/fom-website/drivers/M/MAXVER01_Max_Verstappen/maxver01.png.transform/1col/image.png,NED,,,,,,,,,
2023,Bahrain Grand Prix,Practice 2,Logan Sargeant,Williams,,22.87294117647059,26.972941176470584,23.31764705882353,1.0823529411764705,2,L SARGEANT,SAR,sargeant,37BEDD,williams,Logan,Sargeant,https://www.formula1.com/content/dam/fom-website/drivers/L/LOGSAR01_Logan_Sargeant/logsar01.png.transform/1col/image.png,USA,,,,,,,,,
2023,Bahrain Grand Prix,Practice 2,Lando Norris,McLaren,,22.87294117647059,26.972941176470584,23.31764705882353,1.0823529411764705,4,L NORRIS,NOR,norris,F58020,mclaren,Lando,Norris,https://www.formula1.com/content/dam/fom-website/drivers/L/LANNOR01_Lando_Norris/lannor01.png.transform/1col/image.png,GBR,,,,,,,,,
2023,Bahrain Grand Prix,Practice 2,Pierre Gasly,Alpine,,22.87294117647059,26.972941176470584,23.31764705882353,1.0823529411764705,10,P GASLY,GAS,gasly,2293D1,alpine,Pierre,Gasly,https://www.formula1.com/content/dam/fom-website/drivers/P/PIEGAS01_Pierre_Gasly/piegas01.png.transform/1col/image.png,FRA,,,,,,,,,
2023,Bahrain Grand Prix,Practice 2,Sergio Perez,Red Bull Racing,,22.87294117647059,26.972941176470584,23.31764705882353,1.0823529411764705,11,S PEREZ,PER,perez,3671C6,red_bull,Sergio,Perez,https://www.formula1.com/content/dam/fom-website/drivers/S/SERPER01_Sergio_Perez/serper01.png.transform/1col/image.png,MEX,,,,,,,,,
2023,Bahrain Grand Prix,Practice 2,Fernando Alonso,Aston Martin,,22.87294117647059,26.972941176470584,23.31764705882353,1.0823529411764705,14,F ALONSO,ALO,alonso,358C75,aston_martin,Fernando,Alonso,https://www.formula1.com/content/dam/fom-website/drivers/F/FERALO01_Fernando_Alonso/feralo01.png.transform/1col/image.png,ESP,,,,,,,,,
2023,Bahrain Grand Prix,Practice 2,Charles Leclerc,Ferrari,,22.87294117647059,26.972941176470584,23.31764705882353,1.0823529411764705,16,C LECLERC,LEC,leclerc,F91536,ferrari,Charles,Leclerc,https://www.formula1.com/content/dam/fom-website/drivers/C/CHALEC01_Charles_Leclerc/chalec01.png.transform/1col/image.png,MON,,,,,,,,,
2023,Bahrain Grand Prix,Practice 2,Lance Stroll,Aston Martin,,22.87294117647059,26.972941176470584,23.31764705882353,1.0823529411764705,18,L STROLL,STR,stroll,358C75,aston_martin,Lance,Stroll,https://www.formula1.com/content/dam/fom-website/drivers/L/LANSTR01_Lance_Stroll/lanstr01.png.transform/1col/image.png,CAN,,,,,,,,,
2023,Bahrain Grand Prix,Practice 2,Kevin Magnussen,Haas F1 Team,,22.87294117647059,26.972941176470584,23.31764705882353,1.0823529411764705,20,K MAGNUSSEN,MAG,kevin_magnussen,B6BABD,haas,Kevin,Magnussen,https://www.formula1.com/content/dam/fom-website/drivers/K/KEVMAG01_Kevin_Magnussen/kevmag01.png.transform/1col/image.png,DEN,,,,,,,,,
2023,Bahrain Grand Prix,Practice 2,Nyck De Vries,AlphaTauri,,22.87294117647059,26.972941176470584,23.31764705882353,1.0823529411764705,21,N DE VRIES,DEV,de_vries,5E8FAA,alphatauri,Nyck,De Vries,https://www.formula1.com/content/dam/fom-website/drivers/N/NYCDEV01_Nyck_De%20Vries/nycdev01.png.transform/1col/image.png,NED,,,,,,,,,
2023,Bahrain Grand Prix,Practice 2,Yuki Tsunoda,AlphaTauri,,22.87294117647059,26.972941176470584,23.31764705882353,1.0823529411764705,22,Y TSUNODA,TSU,tsunoda,5E8FAA,alphatauri,Yuki,Tsunoda,https://www.formula1.com/content/dam/fom-website/drivers/Y/YUKTSU01_Yuki_Tsunoda/yuktsu01.png.transform/1col/image.png,JPN,,,,,,,,,
2023,Bahrain Grand Prix,Practice 2,Alexander Albon,Williams,,22.87294117647059,26.972941176470584,23.31764705882353,1.0823529411764705,23,A ALBON,ALB,albon,37BEDD,williams,Alexander,Albon,https://www.formula1.com/content/dam/fom-website/drivers/A/ALEALB01_Alexander_Albon/alealb01.png.transform/1col/image.png,THA,,,,,,,,,
2023,Bahrain Grand Prix,Practice 2,Guanyu Zhou,Alfa Romeo,,22.87294117647059,26.972941176470584,23.31764705882353,1.0823529411764705,24,G ZHOU,ZHO,zhou,C92D4B,alfa,Guanyu,Zhou,https://www.formula1.com/content/dam/fom-website/drivers/G/GUAZHO01_Guanyu_Zhou/guazho01.png.transform/1col/image.png,CHN,,,,,,,,,
2023,Bahrain Grand Prix,Practice 2,Nico Hulkenberg,Haas F1 Team,,22.87294117647059,26.972941176470584,23.31764705882353,1.0823529411764705,27,N HULKENBERG,HUL,hulkenberg,B6BABD,haas,Nico,Hulkenberg,https://www.formula1.com/content/dam/fom-website/drivers/N/NICHUL01_Nico_Hulkenberg/nichul01.png.transform/1col/image.png,GER,,,,,,,,,
2023,Bahrain Grand Prix,Practice 2,Esteban Ocon,Alpine,,22.87294117647059,26.972941176470584,23.31764705882353,1.0823529411764705,31,E OCON,OCO,ocon,2293D1,alpine,Esteban,Ocon,https://www.formula1.com/content/dam/fom-website/drivers/E/ESTOCO01_Esteban_Ocon/estoco01.png.transform/1col/image.png,FRA,,,,,,,,,
2023,Bahrain Grand Prix,Practice 2,Lewis Hamilton,Mercedes,,22.87294117647059,26.972941176470584,23.31764705882353,1.0823529411764705,44,L HAMILTON,HAM,hamilton,6CD3BF,mercedes,Lewis,Hamilton,https://www.formula1.com/content/dam/fom-website/drivers/L/LEWHAM01_Lewis_Hamilton/lewham01.png.transform/1col/image.png,GBR,,,,,,,,,
2023,Bahrain Grand Prix,Practice 2,Carlos Sainz,Ferrari,,22.87294117647059,26.972941176470584,23.31764705882353,1.0823529411764705,55,C SAINZ,SAI,sainz,F91536,ferrari,Carlos,Sainz,https://www.formula1.com/content/dam/fom-website/drivers/C/CARSAI01_Carlos_Sainz/carsai01.png.transform/1col/image.png,ESP,,,,,,,,,
2023,Bahrain Grand Prix,Practice 2,George Russell,Mercedes,,22.87294117647059,26.972941176470584,23.31764705882353,1.0823529411764705,63,G RUSSELL,RUS,russell,6CD3BF,mercedes,George,Russell,https://www.formula1.com/content/dam/fom-website/drivers/G/GEORUS01_George_Russell/georus01.png.transform/1col/image.png,GBR,,,,,,,,,
2023,Bahrain Grand Prix,Practice 2,Valtteri Bottas,Alfa Romeo,,22.87294117647059,26.972941176470584,23.31764705882353,1.0823529411764705,77,V BOTTAS,BOT,bottas,C92D4B,alfa,Valtteri,Bottas,https://www.formula1.com/content/dam/fom-website/drivers/V/VALBOT01_Valtteri_Bottas/valbot01.png.transform/1col/image.png,FIN,,,,,,,,,
2023,Bahrain Grand Prix,Practice 2,Oscar Piastri,McLaren,,22.87294117647059,26.972941176470584,23.31764705882353,1.0823529411764705,81,O PIASTRI,PIA,piastri,F58020,mclaren,Oscar,Piastri,https://www.formula1.com/content/dam/fom-website/drivers/O/OSCPIA01_Oscar_Piastri/oscpia01.png.transform/1col/image.png,AUS,,,,,,,,,
2023,Bahrain Grand Prix,Practice 3,Max Verstappen,Red Bull Racing,,28.0,40.57093023255815,19.8953488372093,1.7779069767441857,1,M VERSTAPPEN,VER,max_verstappen,3671C6,red_bull,Max,Verstappen,https://www.formula1.com/content/dam/fom-website/drivers/M/MAXVER01_Max_Verstappen/maxver01.png.transform/1col/image.png,NED,,,,,,,,,
2023,Bahrain Grand Prix,Practice 3,Logan Sargeant,Williams,,28.0,40.57093023255815,19.8953488372093,1.7779069767441857,2,L SARGEANT,SAR,sargeant,37BEDD,williams,Logan,Sargeant,https://www.formula1.com/content/dam/fom-website/drivers/L/LOGSAR01_Logan_Sargeant/logsar01.png.transform/1col/image.png,USA,,,,,,,,,
2023,Bahrain Grand Prix,Practice 3,Lando Norris,McLaren,,28.0,40.57093023255815,19.8953488372093,1.7779069767441857,4,L NORRIS,NOR,norris,F58020,mclaren,Lando,Norris,https://www.formula1.com/content/dam/fom-website/drivers/L/LANNOR01_Lando_Norris/lannor01.png.transform/1col/image.png,GBR,,,,,,,,,
2023,Bahrain Grand Prix,Practice 3,Pierre Gasly,Alpine,,28.0,40.57093023255815,19.8953488372093,1.7779069767441857,10,P GASLY,GAS,gasly,2293D1,alpine,Pierre,Gasly,https://www.formula1.com/content/dam/fom-website/drivers/P/PIEGAS01_Pierre_Gasly/piegas01.png.transform/1col/image.png,FRA,,,,,,,,,
2023,Bahrain Grand Prix,Practice 3,Sergio Perez,Red Bull Racing,,28.0,40.57093023255815,19.8953488372093,1.7779069767441857,11,S PEREZ,PER,perez,3671C6,red_bull,Sergio,Perez,https://www.formula1.com/content/dam/fom-website/drivers/S/SERPER01_Sergio_Perez/serper01.png.transform/1col/image.png,MEX,,,,,,,,,
2023,Bahrain Grand Prix,Practice 3,Fernando Alonso,Aston Martin,,28.0,40.57093023255815,19.8953488372093,1.7779069767441857,14,F ALONSO,ALO,alonso,358C75,aston_martin,Fernando,Alonso,https://www.formula1.com/content/dam/fom-website/drivers/F/FERALO01_Fernando_Alonso/feralo01.png.transform/1col/image.png,ESP,,,,,,,,,
2023,Bahrain Grand Prix,Practice 3,Charles Leclerc,Ferrari,,28.0,40.57093023255815,19.8953488372093,1.7779069767441857,16,C LECLERC,LEC,leclerc,F91536,ferrari,Charles,Leclerc,https://www.formula1.com/content/dam/fom-website/drivers/C/CHALEC01_Charles_Leclerc/chalec01.png.transform/1col/image.png,MON,,,,,,,,,
2023,Bahrain Grand Prix,Practice 3,Lance Stroll,Aston Martin,,28.0,40.57093023255815,19.8953488372093,1.7779069767441857,18,L STROLL,STR,stroll,358C75,aston_martin,Lance,Stroll,https://www.formula1.com/content/dam/fom-website/drivers/L/LANSTR01_Lance_Stroll/lanstr01.png.transform/1col/image.png,CAN,,,,,,,,,
2023,Bahrain Grand Prix,Practice 3,Kevin Magnussen,Haas F1 Team,,28.0,40.57093023255815,19.8953488372093,1.7779069767441857,20,K MAGNUSSEN,MAG,kevin_magnussen,B6BABD,haas,Kevin,Magnussen,https://www.formula1.com/content/dam/fom-website/drivers/K/KEVMAG01_Kevin_Magnussen/kevmag01.png.transform/1col/image.png,DEN,,,,,,,,,
2023,Bahrain Grand Prix,Practice 3,Nyck De Vries,AlphaTauri,,28.0,40.57093023255815,19.8953488372093,1.7779069767441857,21,N DE VRIES,DEV,de_vries,5E8FAA,alphatauri,Nyck,De Vries,https://www.formula1.com/content/dam/fom-website/drivers/N/NYCDEV01_Nyck_De%20Vries/nycdev01.png.transform/1col/image.png,NED,,,,,,,,,
2023,Bahrain Grand Prix,Practice 3,Yuki Tsunoda,AlphaTauri,,28.0,40.57093023255815,19.8953488372093,1.7779069767441857,22,Y TSUNODA,TSU,tsunoda,5E8FAA,alphatauri,Yuki,Tsunoda,https://www.formula1.com/content/dam/fom-website/drivers/Y/YUKTSU01_Yuki_Tsunoda/yuktsu01.png.transform/1col/image.png,JPN,,,,,,,,,
2023,Bahrain Grand Prix,Practice 3,Alexander Albon,Williams,,28.0,40.57093023255815,19.8953488372093,1.7779069767441857,23,A ALBON,ALB,albon,37BEDD,williams,Alexander,Albon,https://www.formula1.com/content/dam/fom-website/drivers/A/ALEALB01_Alexander_Albon/alealb01.png.transform/1col/image.png,THA,,,,,,,,,
2023,Bahrain Grand Prix,Practice 3,Guanyu Zhou,Alfa Romeo,,28.0,40.57093023255815,19.8953488372093,1.7779069767441857,24,G ZHOU,ZHO,zhou,C92D4B,alfa,Guanyu,Zhou,https://www.formula1.com/content/dam/fom-website/drivers/G/GUAZHO01_Guanyu_Zhou/guazho01.png.transform/1col/image.png,CHN,,,,,,,,,
2023,Bahrain Grand Prix,Practice 3,Nico Hulkenberg,Haas F1 Team,,28.0,40.57093023255815,19.8953488372093,1.7779069767441857,27,N HULKENBERG,HUL,hulkenberg,B6BABD,haas,Nico,Hulkenberg,https://www.formula1.com/content/dam/fom-website/drivers/N/NICHUL01_Nico_Hulkenberg/nichul01.png.transform/1col/image.png,GER,,,,,,,,,
2023,Bahrain Grand Prix,Practice 3,Esteban Ocon,Alpine,,28.0,40.57093023255815,19.8953488372093,1.7779069767441857,31,E OCON,OCO,ocon,2293D1,alpine,Esteban,Ocon,https://www.formula1.com/content/dam/fom-website/drivers/E/ESTOCO01_Esteban_Ocon/estoco01.png.transform/1col/image.png,FRA,,,,,,,,,
2023,Bahrain Grand Prix,Practice 3,Lewis Hamilton,Mercedes,,28.0,40.57093023255815,19.8953488372093,1.7779069767441857,44,L HAMILTON,HAM,hamilton,6CD3BF,mercedes,Lewis,Hamilton,https://www.formula1.com/content/dam/fom-website/drivers/L/LEWHAM01_Lewis_Hamilton/lewham01.png.transform/1col/image.png,GBR,,,,,,,,,
2023,Bahrain Grand Prix,Practice 3,Carlos Sainz,Ferrari,,28.0,40.57093023255815,19.8953488372093,1.7779069767441857,55,C SAINZ,SAI,sainz,F91536,ferrari,Carlos,Sainz,https://www.formula1.com/content/dam/fom-website/drivers/C/CARSAI01_Carlos_Sainz/carsai01.png.transform/1col/image.png,ESP,,,,,,,,,
2023,Bahrain Grand Prix,Practice 3,George Russell,Mercedes,,28.0,40.57093023255815,19.8953488372093,1.7779069767441857,63,G RUSSELL,RUS,russell,6CD3BF,mercedes,George,Russell,https://www.formula1.com/content/dam/fom-website/drivers/G/GEORUS01_George_Russell/georus01.png.transform/1col/image.png,GBR,,,,,,,,,
2023,Bahrain Grand Prix,Practice 3,Valtteri Bottas,Alfa Romeo,,28.0,40.57093023255815,19.8953488372093,1.7779069767441857,77,V BOTTAS,BOT,bottas,C92D4B,alfa,Valtteri,Bottas,https://www.formula1.com/content/dam/fom-website/drivers/V/VALBOT01_Valtteri_Bottas/valbot01.png.transform/1col/image.png,FIN,,,,,,,,,
2023,Bahrain Grand Prix,Practice 3,Oscar Piastri,McLaren,,28.0,40.57093023255815,19.8953488372093,1.7779069767441857,81,O PIASTRI,PIA,piastri,F58020,mclaren,Oscar,Piastri,https://www.formula1.com/content/dam/fom-website/drivers/O/OSCPIA01_Oscar_Piastri/oscpia01.png.transform/1col/image.png,AUS,,,,,,,,,
2023,Saudi Arabian Grand Prix,Race,Sergio Perez,Red Bull Racing,1.0,26.09189189189189,31.79256756756757,57.79054054054054,1.772297297297297,11,S PEREZ,PER,perez,3671C6,red_bull,Sergio,Perez,https://www.formula1.com/content/dam/fom-website/drivers/S/SERPER01_Sergio_Perez/serper01.png.transform/1col/image.png,MEX,1,1.0,,,,0 days 01:21:14.894000,Finished,25.0,50.0
2023,Saudi Arabian Grand Prix,Race,Max Verstappen,Red Bull Racing,2.0,26.09189189189189,31.79256756756757,57.79054054054054,1.772297297297297,1,M VERSTAPPEN,VER,max_verstappen,3671C6,red_bull,Max,Verstappen,https://www.formula1.com/content/dam/fom-website/drivers/M/MAXVER01_Max_Verstappen/maxver01.png.transform/1col/image.png,NED,2,15.0,,,,0 days 00:00:05.355000,Finished,19.0,50.0
2023,Saudi Arabian Grand Prix,Race,Fernando Alonso,Aston Martin,3.0,26.09189189189189,31.79256756756757,57.79054054054054,1.772297297297297,14,F ALONSO,ALO,alonso,358C75,aston_martin,Fernando,Alonso,https://www.formula1.com/content/dam/fom-website/drivers/F/FERALO01_Fernando_Alonso/feralo01.png.transform/1col/image.png,ESP,3,2.0,,,,0 days 00:00:20.728000,Finished,15.0,50.0
2023,Saudi Arabian Grand Prix,Race,George Russell,Mercedes,4.0,26.09189189189189,31.79256756756757,57.79054054054054,1.772297297297297,63,G RUSSELL,RUS,russell,6CD3BF,mercedes,George,Russell,https://www.formula1.com/content/dam/fom-website/drivers/G/GEORUS01_George_Russell/georus01.png.transform/1col/image.png,GBR,4,3.0,,,,0 days 00:00:25.866000,Finished,12.0,50.0
2023,Saudi Arabian Grand Prix,Race,Lewis Hamilton,Mercedes,5.0,26.09189189189189,31.79256756756757,57.79054054054054,1.772297297297297,44,L HAMILTON,HAM,hamilton,6CD3BF,mercedes,Lewis,Hamilton,https://www.formula1.com/content/dam/fom-website/drivers/L/LEWHAM01_Lewis_Hamilton/lewham01.png.transform/1col/image.png,GBR,5,7.0,,,,0 days 00:00:31.065000,Finished,10.0,50.0
2023,Saudi Arabian Grand Prix,Race,Carlos Sainz,Ferrari,6.0,26.09189189189189,31.79256756756757,57.79054054054054,1.772297297297297,55,C SAINZ,SAI,sainz,F91536,ferrari,Carlos,Sainz,https://www.formula1.com/content/dam/fom-website/drivers/C/CARSAI01_Carlos_Sainz/carsai01.png.transform/1col/image.png,ESP,6,4.0,,,,0 days 00:00:35.876000,Finished,8.0,50.0
2023,Saudi Arabian Grand Prix,Race,Charles Leclerc,Ferrari,7.0,26.09189189189189,31.79256756756757,57.79054054054054,1.772297297297297,16,C LECLERC,LEC,leclerc,F91536,ferrari,Charles,Leclerc,https://www.formula1.com/content/dam/fom-website/drivers/C/CHALEC01_Charles_Leclerc/chalec01.png.transform/1col/image.png,MON,7,12.0,,,,0 days 00:00:43.162000,Finished,6.0,50.0
2023,Saudi Arabian Grand Prix,Race,Esteban Ocon,Alpine,8.0,26.09189189189189,31.79256756756757,57.79054054054054,1.772297297297297,31,E OCON,OCO,ocon,2293D1,alpine,Esteban,Ocon,https://www.formula1.com/content/dam/fom-website/drivers/E/ESTOCO01_Esteban_Ocon/estoco01.png.transform/1col/image.png,FRA,8,6.0,,,,0 days 00:00:52.832000,Finished,4.0,50.0
2023,Saudi Arabian Grand Prix,Race,Pierre Gasly,Alpine,9.0,26.09189189189189,31.79256756756757,57.79054054054054,1.772297297297297,10,P GASLY,GAS,gasly,2293D1,alpine,Pierre,Gasly,https://www.formula1.com/content/dam/fom-website/drivers/P/PIEGAS01_Pierre_Gasly/piegas01.png.transform/1col/image.png,FRA,9,9.0,,,,0 days 00:00:54.747000,Finished,2.0,50.0
2023,Saudi Arabian Grand Prix,Race,Kevin Magnussen,Haas F1 Team,10.0,26.09189189189189,31.79256756756757,57.79054054054054,1.772297297297297,20,K MAGNUSSEN,MAG,kevin_magnussen,B6BABD,haas,Kevin,Magnussen,https://www.formula1.com/content/dam/fom-website/drivers/K/KEVMAG01_Kevin_Magnussen/kevmag01.png.transform/1col/image.png,DEN,10,13.0,,,,0 days 00:01:04.826000,Finished,1.0,50.0
2023,Saudi Arabian Grand Prix,Race,Yuki Tsunoda,AlphaTauri,11.0,26.09189189189189,31.79256756756757,57.79054054054054,1.772297297297297,22,Y TSUNODA,TSU,tsunoda,5E8FAA,alphatauri,Yuki,Tsunoda,https://www.formula1.com/content/dam/fom-website/drivers/Y/YUKTSU01_Yuki_Tsunoda/yuktsu01.png.transform/1col/image.png,JPN,11,16.0,,,,0 days 00:01:07.494000,Finished,0.0,50.0
2023,Saudi Arabian Grand Prix,Race,Nico Hulkenberg,Haas F1 Team,12.0,26.09189189189189,31.79256756756757,57.79054054054054,1.772297297297297,27,N HULKENBERG,HUL,hulkenberg,B6BABD,haas,Nico,Hulkenberg,https://www.formula1.com/content/dam/fom-website/drivers/N/NICHUL01_Nico_Hulkenberg/nichul01.png.transform/1col/image.png,GER,12,10.0,,,,0 days 00:01:10.588000,Finished,0.0,50.0
2023,Saudi Arabian Grand Prix,Race,Guanyu Zhou,Alfa Romeo,13.0,26.09189189189189,31.79256756756757,57.79054054054054,1.772297297297297,24,G ZHOU,ZHO,zhou,C92D4B,alfa,Guanyu,Zhou,https://www.formula1.com/content/dam/fom-website/drivers/G/GUAZHO01_Guanyu_Zhou/guazho01.png.transform/1col/image.png,CHN,13,11.0,,,,0 days 00:01:16.060000,Finished,0.0,50.0
2023,Saudi Arabian Grand Prix,Race,Nyck De Vries,AlphaTauri,14.0,26.09189189189189,31.79256756756757,57.79054054054054,1.772297297297297,21,N DE VRIES,DEV,de_vries,5E8FAA,alphatauri,Nyck,De Vries,https://www.formula1.com/content/dam/fom-website/drivers/N/NYCDEV01_Nyck_De%20Vries/nycdev01.png.transform/1col/image.png,NED,14,18.0,,,,0 days 00:01:17.478000,Finished,0.0,50.0
2023,Saudi Arabian Grand Prix,Race,Oscar Piastri,McLaren,15.0,26.09189189189189,31.79256756756757,57.79054054054054,1.772297297297297,81,O PIASTRI,PIA,piastri,F58020,mclaren,Oscar,Piastri,https://www.formula1.com/content/dam/fom-website/drivers/O/OSCPIA01_Oscar_Piastri/oscpia01.png.transform/1col/image.png,AUS,15,8.0,,,,0 days 00:01:25.021000,Finished,0.0,50.0
2023,Saudi Arabian Grand Prix,Race,Logan Sargeant,Williams,16.0,26.09189189189189,31.79256756756757,57.79054054054054,1.772297297297297,2,L SARGEANT,SAR,sargeant,37BEDD,williams,Logan,Sargeant,https://www.formula1.com/content/dam/fom-website/drivers/L/LOGSAR01_Logan_Sargeant/logsar01.png.transform/1col/image.png,USA,16,20.0,,,,0 days 00:01:26.293000,Finished,0.0,50.0
2023,Saudi Arabian Grand Prix,Race,Lando Norris,McLaren,17.0,26.09189189189189,31.79256756756757,57.79054054054054,1.772297297297297,4,L NORRIS,NOR,norris,F58020,mclaren,Lando,Norris,https://www.formula1.com/content/dam/fom-website/drivers/L/LANNOR01_Lando_Norris/lannor01.png.transform/1col/image.png,GBR,17,19.0,,,,0 days 00:01:26.445000,Finished,0.0,50.0
2023,Saudi Arabian Grand Prix,Race,Valtteri Bottas,Alfa Romeo,18.0,26.09189189189189,31.79256756756757,57.79054054054054,1.772297297297297,77,V BOTTAS,BOT,bottas,C92D4B,alfa,Valtteri,Bottas,https://www.formula1.com/content/dam/fom-website/drivers/V/VALBOT01_Valtteri_Bottas/valbot01.png.transform/1col/image.png,FIN,18,14.0,,,,0 days 00:00:29.584000,Lapped,0.0,49.0
2023,Saudi Arabian Grand Prix,Race,Alexander Albon,Williams,19.0,26.09189189189189,31.79256756756757,57.79054054054054,1.772297297297297,23,A ALBON,ALB,albon,37BEDD,williams,Alexander,Albon,https://www.formula1.com/content/dam/fom-website/drivers/A/ALEALB01_Alexander_Albon/alealb01.png.transform/1col/image.png,THA,R,17.0,,,,,Retired,0.0,27.0
2023,Saudi Arabian Grand Prix,Race,Lance Stroll,Aston Martin,20.0,26.09189189189189,31.79256756756757,57.79054054054054,1.772297297297297,18,L STROLL,STR,stroll,358C75,aston_martin,Lance,Stroll,https://www.formula1.com/content/dam/fom-website/drivers/L/LANSTR01_Lance_Stroll/lanstr01.png.transform/1col/image.png,CAN,R,5.0,,,,,Retired,0.0,16.0
2023,Saudi Arabian Grand Prix,Qualifying,Sergio Perez,Red Bull Racing,1.0,27.02375,31.666249999999998,44.7375,1.5474999999999999,11,S PEREZ,PER,perez,3671C6,red_bull,Sergio,Perez,https://www.formula1.com/content/dam/fom-website/drivers/S/SERPER01_Sergio_Perez/serper01.png.transform/1col/image.png,MEX,,,0 days 00:01:29.244000,0 days 00:01:28.635000,0 days 00:01:28.265000,,,,
2023,Saudi Arabian Grand Prix,Qualifying,Charles Leclerc,Ferrari,2.0,27.02375,31.666249999999998,44.7375,1.5474999999999999,16,C LECLERC,LEC,leclerc,F91536,ferrari,Charles,Leclerc,https://www.formula1.com/content/dam/fom-website/drivers/C/CHALEC01_Charles_Leclerc/chalec01.png.transform/1col/image.png,MON,,,0 days 00:01:29.376000,0 days 00:01:28.903000,0 days 00:01:28.420000,,,,
2023,Saudi Arabian Grand Prix,Qualifying,Fernando Alonso,Aston Martin,3.0,27.02375,31.666249999999998,44.7375,1.5474999999999999,14,F ALONSO,ALO,alonso,358C75,aston_martin,Fernando,Alonso,https://www.formula1.com/content/dam/fom-website/drivers/F/FERALO01_Fernando_Alonso/feralo01.png.transform/1col/image.png,ESP,,,0 days 00:01:29.298000,0 days 00:01:28.757000,0 days 00:01:28.730000,,,,
2023,Saudi Arabian Grand Prix,Qualifying,George Russell,Mercedes,4.0,27.02375,31.666249999999998,44.7375,1.5474999999999999,63,G RUSSELL,RUS,russell,6CD3BF,mercedes,George,Russell,https://www.formula1.com/content/dam/fom-website/drivers/G/GEORUS01_George_Russell/georus01.png.transform/1col/image.png,GBR,,,0 days 00:01:29.592000,0 days 00:01:29.132000,0 days 00:01:28.857000,,,,
2023,Saudi Arabian Grand Prix,Qualifying,Carlos Sainz,Ferrari,5.0,27.02375,31.666249999999998,44.7375,1.5474999999999999,55,C SAINZ,SAI,sainz,F91536,ferrari,Carlos,Sainz,https://www.formula1.com/content/dam/fom-website/drivers/C/CARSAI01_Carlos_Sainz/carsai01.png.transform/1col/image.png,ESP,,,0 days 00:01:29.411000,0 days 00:01:28.957000,0 days 00:01:28.931000,,,,
2023,Saudi Arabian Grand Prix,Qualifying,Lance Stroll,Aston Martin,6.0,27.02375,31.666249999999998,44.7375,1.5474999999999999,18,L STROLL,STR,stroll,358C75,aston_martin,Lance,Stroll,https://www.formula1.com/content/dam/fom-website/drivers/L/LANSTR01_Lance_Stroll/lanstr01.png.transform/1col/image.png,CAN,,,0 days 00:01:29.335000,0 days 00:01:28.962000,0 days 00:01:28.945000,,,,
2023,Saudi Arabian Grand Prix,Qualifying,Esteban Ocon,Alpine,7.0,27.02375,31.666249999999998,44.7375,1.5474999999999999,31,E OCON,OCO,ocon,2293D1,alpine,Esteban,Ocon,https://www.formula1.com/content/dam/fom-website/drivers/E/ESTOCO01_Esteban_Ocon/estoco01.png.transform/1col/image.png,FRA,,,0 days 00:01:29.707000,0 days 00:01:29.255000,0 days 00:01:29.078000,,,,
2023,Saudi Arabian Grand Prix,Qualifying,Lewis Hamilton,Mercedes,8.0,27.02375,31.666249999999998,44.7375,1.5474999999999999,44,L HAMILTON,HAM,hamilton,6CD3BF,mercedes,Lewis,Hamilton,https://www.formula1.com/content/dam/fom-website/drivers/L/LEWHAM01_Lewis_Hamilton/lewham01.png.transform/1col/image.png,GBR,,,0 days 00:01:29.689000,0 days 00:01:29.374000,0 days 00:01:29.223000,,,,
2023,Saudi Arabian Grand Prix,Qualifying,Oscar Piastri,McLaren,9.0,27.02375,31.666249999999998,44.7375,1.5474999999999999,81,O PIASTRI,PIA,piastri,F58020,mclaren,Oscar,Piastri,https://www.formula1.com/content/dam/fom-website/drivers/O/OSCPIA01_Oscar_Piastri/oscpia01.png.transform/1col/image.png,AUS,,,0 days 00:01:29.706000,0 days 00:01:29.378000,0 days 00:01:29.243000,,,,
2023,Saudi Arabian Grand Prix,Qualifying,Pierre Gasly,Alpine,10.0,27.02375,31.666249999999998,44.7375,1.5474999999999999,10,P GASLY,GAS,gasly,2293D1,alpine,Pierre,Gasly,https://www.formula1.com/content/dam/fom-website/drivers/P/PIEGAS01_Pierre_Gasly/piegas01.png.transform/1col/image.png,FRA,,,0 days 00:01:29.890000,0 days 00:01:29.411000,0 days 00:01:29.357000,,,,
2023,Saudi Arabian Grand Prix,Qualifying,Nico Hulkenberg,Haas F1 Team,11.0,27.02375,31.666249999999998,44.7375,1.5474999999999999,27,N HULKENBERG,HUL,hulkenberg,B6BABD,haas,Nico,Hulkenberg,https://www.formula1.com/content/dam/fom-website/drivers/N/NICHUL01_Nico_Hulkenberg/nichul01.png.transform/1col/image.png,GER,,,0 days 00:01:29.547000,0 days 00:01:29.451000,,,,,
2023,Saudi Arabian Grand Prix,Qualifying,Guanyu Zhou,Alfa Romeo,12.0,27.02375,31.666249999999998,44.7375,1.5474999999999999,24,G ZHOU,ZHO,zhou,C92D4B,alfa,Guanyu,Zhou,https://www.formula1.com/content/dam/fom-website/drivers/G/GUAZHO01_Guanyu_Zhou/guazho01.png.transform/1col/image.png,CHN,,,0 days 00:01:29.654000,0 days 00:01:29.461000,,,,,
2023,Saudi Arabian Grand Prix,Qualifying,Kevin Magnussen,Haas F1 Team,13.0,27.02375,31.666249999999998,44.7375,1.5474999999999999,20,K MAGNUSSEN,MAG,kevin_magnussen,B6BABD,haas,Kevin,Magnussen,https://www.formula1.com/content/dam/fom-website/drivers/K/KEVMAG01_Kevin_Magnussen/kevmag01.png.transform/1col/image.png,DEN,,,0 days 00:01:29.744000,0 days 00:01:29.634000,,,,,
2023,Saudi Arabian Grand Prix,Qualifying,Valtteri Bottas,Alfa Romeo,14.0,27.02375,31.666249999999998,44.7375,1.5474999999999999,77,V BOTTAS,BOT,bottas,C92D4B,alfa,Valtteri,Bottas,https://www.formula1.com/content/dam/fom-website/drivers/V/VALBOT01_Valtteri_Bottas/valbot01.png.transform/1col/image.png,FIN,,,0 days 00:01:29.929000,0 days 00:01:29.668000,,,,,
2023,Saudi Arabian Grand Prix,Qualifying,Max Verstappen,Red Bull Racing,15.0,27.02375,31.666249999999998,44.7375,1.5474999999999999,1,M VERSTAPPEN,VER,max_verstappen,3671C6,red_bull,Max,Verstappen,https://www.formula1.com/content/dam/fom-website/drivers/M/MAXVER01_Max_Verstappen/maxver01.png.transform/1col/image.png,NED,,,0 days 00:01:28.761000,0 days 00:01:49.953000,,,,,
2023,Saudi Arabian Grand Prix,Qualifying,Yuki Tsunoda,AlphaTauri,16.0,27.02375,31.666249999999998,44.7375,1.5474999999999999,22,Y TSUNODA,TSU,tsunoda,5E8FAA,alphatauri,Yuki,Tsunoda,https://www.formula1.com/content/dam/fom-website/drivers/Y/YUKTSU01_Yuki_Tsunoda/yuktsu01.png.transform/1col/image.png,JPN,,,0 days 00:01:29.939000,,,,,,
2023,Saudi Arabian Grand Prix,Qualifying,Alexander Albon,Williams,17.0,27.02375,31.666249999999998,44.7375,1.5474999999999999,23,A ALBON,ALB,albon,37BEDD,williams,Alexander,Albon,https://www.formula1.com/content/dam/fom-website/drivers/A/ALEALB01_Alexander_Albon/alealb01.png.transform/1col/image.png,THA,,,0 days 00:01:29.994000,,,,,,
2023,Saudi Arabian Grand Prix,Qualifying,Nyck De Vries,AlphaTauri,18.0,27.02375,31.666249999999998,44.7375,1.5474999999999999,21,N DE VRIES,DEV,de_vries,5E8FAA,alphatauri,Nyck,De Vries,https://www.formula1.com/content/dam/fom-website/drivers/N/NYCDEV01_Nyck_De%20Vries/nycdev01.png.transform/1col/image.png,NED,,,0 days 00:01:30.244000,,,,,,
2023,Saudi Arabian Grand Prix,Qualifying,Lando Norris,McLaren,19.0,27.02375,31.666249999999998,44.7375,1.5474999999999999,4,L NORRIS,NOR,norris,F58020,mclaren,Lando,Norris,https://www.formula1.com/content/dam/fom-website/drivers/L/LANNOR01_Lando_Norris/lannor01.png.transform/1col/image.png,GBR,,,0 days 00:01:30.447000,,,,,,
2023,Saudi Arabian Grand Prix,Qualifying,Logan Sargeant,Williams,20.0,27.02375,31.666249999999998,44.7375,1.5474999999999999,2,L SARGEANT,SAR,sargeant,37BEDD,williams,Logan,Sargeant,https://www.formula1.com/content/dam/fom-website/drivers/L/LOGSAR01_Logan_Sargeant/logsar01.png.transform/1col/image.png,USA,,,0 days 00:02:08.510000,,,,,,
2023,Saudi Arabian Grand Prix,Practice 1,Max Verstappen,Red Bull Racing,,26.66219512195122,42.81707317073171,54.31707317073171,3.2621951219512195,1,M VERSTAPPEN,VER,max_verstappen,3671C6,red_bull,Max,Verstappen,https://www.formula1.com/content/dam/fom-website/drivers/M/MAXVER01_Max_Verstappen/maxver01.png.transform/1col/image.png,NED,,,,,,,,,
2023,Saudi Arabian Grand Prix,Practice 1,Logan Sargeant,Williams,,26.66219512195122,42.81707317073171,54.31707317073171,3.2621951219512195,2,L SARGEANT,SAR,sargeant,37BEDD,williams,Logan,Sargeant,https://www.formula1.com/content/dam/fom-website/drivers/L/LOGSAR01_Logan_Sargeant/logsar01.png.transform/1col/image.png,USA,,,,,,,,,
2023,Saudi Arabian Grand Prix,Practice 1,Lando Norris,McLaren,,26.66219512195122,42.81707317073171,54.31707317073171,3.2621951219512195,4,L NORRIS,NOR,norris,F58020,mclaren,Lando,Norris,https://www.formula1.com/content/dam/fom-website/drivers/L/LANNOR01_Lando_Norris/lannor01.png.transform/1col/image.png,GBR,,,,,,,,,
2023,Saudi Arabian Grand Prix,Practice 1,Pierre Gasly,Alpine,,26.66219512195122,42.81707317073171,54.31707317073171,3.2621951219512195,10,P GASLY,GAS,gasly,2293D1,alpine,Pierre,Gasly,https://www.formula1.com/content/dam/fom-website/drivers/P/PIEGAS01_Pierre_Gasly/piegas01.png.transform/1col/image.png,FRA,,,,,,,,,
2023,Saudi Arabian Grand Prix,Practice 1,Sergio Perez,Red Bull Racing,,26.66219512195122,42.81707317073171,54.31707317073171,3.2621951219512195,11,S PEREZ,PER,perez,3671C6,red_bull,Sergio,Perez,https://www.formula1.com/content/dam/fom-website/drivers/S/SERPER01_Sergio_Perez/serper01.png.transform/1col/image.png,MEX,,,,,,,,,
2023,Saudi Arabian Grand Prix,Practice 1,Fernando Alonso,Aston Martin,,26.66219512195122,42.81707317073171,54.31707317073171,3.2621951219512195,14,F ALONSO,ALO,alonso,358C75,aston_martin,Fernando,Alonso,https://www.formula1.com/content/dam/fom-website/drivers/F/FERALO01_Fernando_Alonso/feralo01.png.transform/1col/image.png,ESP,,,,,,,,,
2023,Saudi Arabian Grand Prix,Practice 1,Charles Leclerc,Ferrari,,26.66219512195122,42.81707317073171,54.31707317073171,3.2621951219512195,16,C LECLERC,LEC,leclerc,F91536,ferrari,Charles,Leclerc,https://www.formula1.com/content/dam/fom-website/drivers/C/CHALEC01_Charles_Leclerc/chalec01.png.transform/1col/image.png,MON,,,,,,,,,
2023,Saudi Arabian Grand Prix,Practice 1,Lance Stroll,Aston Martin,,26.66219512195122,42.81707317073171,54.31707317073171,3.2621951219512195,18,L STROLL,STR,stroll,358C75,aston_martin,Lance,Stroll,https://www.formula1.com/content/dam/fom-website/drivers/L/LANSTR01_Lance_Stroll/lanstr01.png.transform/1col/image.png,CAN,,,,,,,,,
2023,Saudi Arabian Grand Prix,Practice 1,Kevin Magnussen,Haas F1 Team,,26.66219512195122,42.81707317073171,54.31707317073171,3.2621951219512195,20,K MAGNUSSEN,MAG,kevin_magnussen,B6BABD,haas,Kevin,Magnussen,https://www.formula1.com/content/dam/fom-website/drivers/K/KEVMAG01_Kevin_Magnussen/kevmag01.png.transform/1col/image.png,DEN,,,,,,,,,
2023,Saudi Arabian Grand Prix,Practice 1,Nyck De Vries,AlphaTauri,,26.66219512195122,42.81707317073171,54.31707317073171,3.2621951219512195,21,N DE VRIES,DEV,de_vries,5E8FAA,alphatauri,Nyck,De Vries,https://www.formula1.com/content/dam/fom-website/drivers/N/NYCDEV01_Nyck_De%20Vries/nycdev01.png.transform/1col/image.png,NED,,,,,,,,,
2023,Saudi Arabian Grand Prix,Practice 1,Yuki Tsunoda,AlphaTauri,,26.66219512195122,42.81707317073171,54.31707317073171,3.2621951219512195,22,Y TSUNODA,TSU,tsunoda,5E8FAA,alphatauri,Yuki,Tsunoda,https://www.formula1.com/content/dam/fom-website/drivers/Y/YUKTSU01_Yuki_Tsunoda/yuktsu01.png.transform/1col/image.png,JPN,,,,,,,,,
2023,Saudi Arabian Grand Prix,Practice 1,Alexander Albon,Williams,,26.66219512195122,42.81707317073171,54.31707317073171,3.2621951219512195,23,A ALBON,ALB,albon,37BEDD,williams,Alexander,Albon,https://www.formula1.com/content/dam/fom-website/drivers/A/ALEALB01_Alexander_Albon/alealb01.png.transform/1col/image.png,THA,,,,,,,,,
2023,Saudi Arabian Grand Prix,Practice 1,Guanyu Zhou,Alfa Romeo,,26.66219512195122,42.81707317073171,54.31707317073171,3.2621951219512195,24,G ZHOU,ZHO,zhou,C92D4B,alfa,Guanyu,Zhou,https://www.formula1.com/content/dam/fom-website/drivers/G/GUAZHO01_Guanyu_Zhou/guazho01.png.transform/1col/image.png,CHN,,,,,,,,,
2023,Saudi Arabian Grand Prix,Practice 1,Nico Hulkenberg,Haas F1 Team,,26.66219512195122,42.81707317073171,54.31707317073171,3.2621951219512195,27,N HULKENBERG,HUL,hulkenberg,B6BABD,haas,Nico,Hulkenberg,https://www.formula1.com/content/dam/fom-website/drivers/N/NICHUL01_Nico_Hulkenberg/nichul01.png.transform/1col/image.png,GER,,,,,,,,,
2023,Saudi Arabian Grand Prix,Practice 1,Esteban Ocon,Alpine,,26.66219512195122,42.81707317073171,54.31707317073171,3.2621951219512195,31,E OCON,OCO,ocon,2293D1,alpine,Esteban,Ocon,https://www.formula1.com/content/dam/fom-website/drivers/E/ESTOCO01_Esteban_Ocon/estoco01.png.transform/1col/image.png,FRA,,,,,,,,,
2023,Saudi Arabian Grand Prix,Practice 1,Lewis Hamilton,Mercedes,,26.66219512195122,42.81707317073171,54.31707317073171,3.2621951219512195,44,L HAMILTON,HAM,hamilton,6CD3BF,mercedes,Lewis,Hamilton,https://www.formula1.com/content/dam/fom-website/drivers/L/LEWHAM01_Lewis_Hamilton/lewham01.png.transform/1col/image.png,GBR,,,,,,,,,
2023,Saudi Arabian Grand Prix,Practice 1,Carlos Sainz,Ferrari,,26.66219512195122,42.81707317073171,54.31707317073171,3.2621951219512195,55,C SAINZ,SAI,sainz,F91536,ferrari,Carlos,Sainz,https://www.formula1.com/content/dam/fom-website/drivers/C/CARSAI01_Carlos_Sainz/carsai01.png.transform/1col/image.png,ESP,,,,,,,,,
2023,Saudi Arabian Grand Prix,Practice 1,George Russell,Mercedes,,26.66219512195122,42.81707317073171,54.31707317073171,3.2621951219512195,63,G RUSSELL,RUS,russell,6CD3BF,mercedes,George,Russell,https://www.formula1.com/content/dam/fom-website/drivers/G/GEORUS01_George_Russell/georus01.png.transform/1col/image.png,GBR,,,,,,,,,
2023,Saudi Arabian Grand Prix,Practice 1,Valtteri Bottas,Alfa Romeo,,26.66219512195122,42.81707317073171,54.31707317073171,3.2621951219512195,77,V BOTTAS,BOT,bottas,C92D4B,alfa,Valtteri,Bottas,https://www.formula1.com/content/dam/fom-website/drivers/V/VALBOT01_Valtteri_Bottas/valbot01.png.transform/1col/image.png,FIN,,,,,,,,,
2023,Saudi Arabian Grand Prix,Practice 1,Oscar Piastri,McLaren,,26.66219512195122,42.81707317073171,54.31707317073171,3.2621951219512195,81,O PIASTRI,PIA,piastri,F58020,mclaren,Oscar,Piastri,https://www.formula1.com/content/dam/fom-website/drivers/O/OSCPIA01_Oscar_Piastri/oscpia01.png.transform/1col/image.png,AUS,,,,,,,,,
2023,Saudi Arabian Grand Prix,Practice 2,Max Verstappen,Red Bull Racing,,26.20240963855422,31.01927710843374,49.903614457831324,1.2349397590361444,1,M VERSTAPPEN,VER,max_verstappen,3671C6,red_bull,Max,Verstappen,https://www.formula1.com/content/dam/fom-website/drivers/M/MAXVER01_Max_Verstappen/maxver01.png.transform/1col/image.png,NED,,,,,,,,,
2023,Saudi Arabian Grand Prix,Practice 2,Logan Sargeant,Williams,,26.20240963855422,31.01927710843374,49.903614457831324,1.2349397590361444,2,L SARGEANT,SAR,sargeant,37BEDD,williams,Logan,Sargeant,https://www.formula1.com/content/dam/fom-website/drivers/L/LOGSAR01_Logan_Sargeant/logsar01.png.transform/1col/image.png,USA,,,,,,,,,
2023,Saudi Arabian Grand Prix,Practice 2,Lando Norris,McLaren,,26.20240963855422,31.01927710843374,49.903614457831324,1.2349397590361444,4,L NORRIS,NOR,norris,F58020,mclaren,Lando,Norris,https://www.formula1.com/content/dam/fom-website/drivers/L/LANNOR01_Lando_Norris/lannor01.png.transform/1col/image.png,GBR,,,,,,,,,
2023,Saudi Arabian Grand Prix,Practice 2,Pierre Gasly,Alpine,,26.20240963855422,31.01927710843374,49.903614457831324,1.2349397590361444,10,P GASLY,GAS,gasly,2293D1,alpine,Pierre,Gasly,https://www.formula1.com/content/dam/fom-website/drivers/P/PIEGAS01_Pierre_Gasly/piegas01.png.transform/1col/image.png,FRA,,,,,,,,,
2023,Saudi Arabian Grand Prix,Practice 2,Sergio Perez,Red Bull Racing,,26.20240963855422,31.01927710843374,49.903614457831324,1.2349397590361444,11,S PEREZ,PER,perez,3671C6,red_bull,Sergio,Perez,https://www.formula1.com/content/dam/fom-website/drivers/S/SERPER01_Sergio_Perez/serper01.png.transform/1col/image.png,MEX,,,,,,,,,
2023,Saudi Arabian Grand Prix,Practice 2,Fernando Alonso,Aston Martin,,26.20240963855422,31.01927710843374,49.903614457831324,1.2349397590361444,14,F ALONSO,ALO,alonso,358C75,aston_martin,Fernando,Alonso,https://www.formula1.com/content/dam/fom-website/drivers/F/FERALO01_Fernando_Alonso/feralo01.png.transform/1col/image.png,ESP,,,,,,,,,
2023,Saudi Arabian Grand Prix,Practice 2,Charles Leclerc,Ferrari,,26.20240963855422,31.01927710843374,49.903614457831324,1.2349397590361444,16,C LECLERC,LEC,leclerc,F91536,ferrari,Charles,Leclerc,https://www.formula1.com/content/dam/fom-website/drivers/C/CHALEC01_Charles_Leclerc/chalec01.png.transform/1col/image.png,MON,,,,,,,,,
2023,Saudi Arabian Grand Prix,Practice 2,Lance Stroll,Aston Martin,,26.20240963855422,31.01927710843374,49.903614457831324,1.2349397590361444,18,L STROLL,STR,stroll,358C75,aston_martin,Lance,Stroll,https://www.formula1.com/content/dam/fom-website/drivers/L/LANSTR01_Lance_Stroll/lanstr01.png.transform/1col/image.png,CAN,,,,,,,,,
2023,Saudi Arabian Grand Prix,Practice 2,Kevin Magnussen,Haas F1 Team,,26.20240963855422,31.01927710843374,49.903614457831324,1.2349397590361444,20,K MAGNUSSEN,MAG,kevin_magnussen,B6BABD,haas,Kevin,Magnussen,https://www.formula1.com/content/dam/fom-website/drivers/K/KEVMAG01_Kevin_Magnussen/kevmag01.png.transform/1col/image.png,DEN,,,,,,,,,
2023,Saudi Arabian Grand Prix,Practice 2,Nyck De Vries,AlphaTauri,,26.20240963855422,31.01927710843374,49.903614457831324,1.2349397590361444,21,N DE VRIES,DEV,de_vries,5E8FAA,alphatauri,Nyck,De Vries,https://www.formula1.com/content/dam/fom-website/drivers/N/NYCDEV01_Nyck_De%20Vries/nycdev01.png.transform/1col/image.png,NED,,,,,,,,,
2023,Saudi Arabian Grand Prix,Practice 2,Yuki Tsunoda,AlphaTauri,,26.20240963855422,31.01927710843374,49.903614457831324,1.2349397590361444,22,Y TSUNODA,TSU,tsunoda,5E8FAA,alphatauri,Yuki,Tsunoda,https://www.formula1.com/content/dam/fom-website/drivers/Y/YUKTSU01_Yuki_Tsunoda/yuktsu01.png.transform/1col/image.png,JPN,,,,,,,,,
2023,Saudi Arabian Grand Prix,Practice 2,Alexander Albon,Williams,,26.20240963855422,31.01927710843374,49.903614457831324,1.2349397590361444,23,A ALBON,ALB,albon,37BEDD,williams,Alexander,Albon,https://www.formula1.com/content/dam/fom-website/drivers/A/ALEALB01_Alexander_Albon/alealb01.png.transform/1col/image.png,THA,,,,,,,,,
2023,Saudi Arabian Grand Prix,Practice 2,Guanyu Zhou,Alfa Romeo,,26.20240963855422,31.01927710843374,49.903614457831324,1.2349397590361444,24,G ZHOU,ZHO,zhou,C92D4B,alfa,Guanyu,Zhou,https://www.formula1.com/content/dam/fom-website/drivers/G/GUAZHO01_Guanyu_Zhou/guazho01.png.transform/1col/image.png,CHN,,,,,,,,,
2023,Saudi Arabian Grand Prix,Practice 2,Nico Hulkenberg,Haas F1 Team,,26.20240963855422,31.01927710843374,49.903614457831324,1.2349397590361444,27,N HULKENBERG,HUL,hulkenberg,B6BABD,haas,Nico,Hulkenberg,https://www.formula1.com/content/dam/fom-website/drivers/N/NICHUL01_Nico_Hulkenberg/nichul01.png.transform/1col/image.png,GER,,,,,,,,,
2023,Saudi Arabian Grand Prix,Practice 2,Esteban Ocon,Alpine,,26.20240963855422,31.01927710843374,49.903614457831324,1.2349397590361444,31,E OCON,OCO,ocon,2293D1,alpine,Esteban,Ocon,https://www.formula1.com/content/dam/fom-website/drivers/E/ESTOCO01_Esteban_Ocon/estoco01.png.transform/1col/image.png,FRA,,,,,,,,,
2023,Saudi Arabian Grand Prix,Practice 2,Lewis Hamilton,Mercedes,,26.20240963855422,31.01927710843374,49.903614457831324,1.2349397590361444,44,L HAMILTON,HAM,hamilton,6CD3BF,mercedes,Lewis,Hamilton,https://www.formula1.com/content/dam/fom-website/drivers/L/LEWHAM01_Lewis_Hamilton/lewham01.png.transform/1col/image.png,GBR,,,,,,,,,
2023,Saudi Arabian Grand Prix,Practice 2,Carlos Sainz,Ferrari,,26.20240963855422,31.01927710843374,49.903614457831324,1.2349397590361444,55,C SAINZ,SAI,sainz,F91536,ferrari,Carlos,Sainz,https://www.formula1.com/content/dam/fom-website/drivers/C/CARSAI01_Carlos_Sainz/carsai01.png.transform/1col/image.png,ESP,,,,,,,,,
2023,Saudi Arabian Grand Prix,Practice 2,George Russell,Mercedes,,26.20240963855422,31.01927710843374,49.903614457831324,1.2349397590361444,63,G RUSSELL,RUS,russell,6CD3BF,mercedes,George,Russell,https://www.formula1.com/content/dam/fom-website/drivers/G/GEORUS01_George_Russell/georus01.png.transform/1col/image.png,GBR,,,,,,,,,
2023,Saudi Arabian Grand Prix,Practice 2,Valtteri Bottas,Alfa Romeo,,26.20240963855422,31.01927710843374,49.903614457831324,1.2349397590361444,77,V BOTTAS,BOT,bottas,C92D4B,alfa,Valtteri,Bottas,https://www.formula1.com/content/dam/fom-website/drivers/V/VALBOT01_Valtteri_Bottas/valbot01.png.transform/1col/image.png,FIN,,,,,,,,,
2023,Saudi Arabian Grand Prix,Practice 2,Oscar Piastri,McLaren,,26.20240963855422,31.01927710843374,49.903614457831324,1.2349397590361444,81,O PIASTRI,PIA,piastri,F58020,mclaren,Oscar,Piastri,https://www.formula1.com/content/dam/fom-website/drivers/O/OSCPIA01_Oscar_Piastri/oscpia01.png.transform/1col/image.png,AUS,,,,,,,,,
2023,Saudi Arabian Grand Prix,Practice 3,Max Verstappen,Red Bull Racing,,27.070731707317076,40.1719512195122,57.46341463414634,3.5353658536585364,1,M VERSTAPPEN,VER,max_verstappen,3671C6,red_bull,Max,Verstappen,https://www.formula1.com/content/dam/fom-website/drivers/M/MAXVER01_Max_Verstappen/maxver01.png.transform/1col/image.png,NED,,,,,,,,,
2023,Saudi Arabian Grand Prix,Practice 3,Logan Sargeant,Williams,,27.070731707317076,40.1719512195122,57.46341463414634,3.5353658536585364,2,L SARGEANT,SAR,sargeant,37BEDD,williams,Logan,Sargeant,https://www.formula1.com/content/dam/fom-website/drivers/L/LOGSAR01_Logan_Sargeant/logsar01.png.transform/1col/image.png,USA,,,,,,,,,
2023,Saudi Arabian Grand Prix,Practice 3,Lando Norris,McLaren,,27.070731707317076,40.1719512195122,57.46341463414634,3.5353658536585364,4,L NORRIS,NOR,norris,F58020,mclaren,Lando,Norris,https://www.formula1.com/content/dam/fom-website/drivers/L/LANNOR01_Lando_Norris/lannor01.png.transform/1col/image.png,GBR,,,,,,,,,
2023,Saudi Arabian Grand Prix,Practice 3,Pierre Gasly,Alpine,,27.070731707317076,40.1719512195122,57.46341463414634,3.5353658536585364,10,P GASLY,GAS,gasly,2293D1,alpine,Pierre,Gasly,https://www.formula1.com/content/dam/fom-website/drivers/P/PIEGAS01_Pierre_Gasly/piegas01.png.transform/1col/image.png,FRA,,,,,,,,,
2023,Saudi Arabian Grand Prix,Practice 3,Sergio Perez,Red Bull Racing,,27.070731707317076,40.1719512195122,57.46341463414634,3.5353658536585364,11,S PEREZ,PER,perez,3671C6,red_bull,Sergio,Perez,https://www.formula1.com/content/dam/fom-website/drivers/S/SERPER01_Sergio_Perez/serper01.png.transform/1col/image.png,MEX,,,,,,,,,
2023,Saudi Arabian Grand Prix,Practice 3,Fernando Alonso,Aston Martin,,27.070731707317076,40.1719512195122,57.46341463414634,3.5353658536585364,14,F ALONSO,ALO,alonso,358C75,aston_martin,Fernando,Alonso,https://www.formula1.com/content/dam/fom-website/drivers/F/FERALO01_Fernando_Alonso/feralo01.png.transform/1col/image.png,ESP,,,,,,,,,
2023,Saudi Arabian Grand Prix,Practice 3,Charles Leclerc,Ferrari,,27.070731707317076,40.1719512195122,57.46341463414634,3.5353658536585364,16,C LECLERC,LEC,leclerc,F91536,ferrari,Charles,Leclerc,https://www.formula1.com/content/dam/fom-website/drivers/C/CHALEC01_Charles_Leclerc/chalec01.png.transform/1col/image.png,MON,,,,,,,,,
2023,Saudi Arabian Grand Prix,Practice 3,Lance Stroll,Aston Martin,,27.070731707317076,40.1719512195122,57.46341463414634,3.5353658536585364,18,L STROLL,STR,stroll,358C75,aston_martin,Lance,Stroll,https://www.formula1.com/content/dam/fom-website/drivers/L/LANSTR01_Lance_Stroll/lanstr01.png.transform/1col/image.png,CAN,,,,,,,,,
2023,Saudi Arabian Grand Prix,Practice 3,Kevin Magnussen,Haas F1 Team,,27.070731707317076,40.1719512195122,57.46341463414634,3.5353658536585364,20,K MAGNUSSEN,MAG,kevin_magnussen,B6BABD,haas,Kevin,Magnussen,https://www.formula1.com/content/dam/fom-website/drivers/K/KEVMAG01_Kevin_Magnussen/kevmag01.png.transform/1col/image.png,DEN,,,,,,,,,
2023,Saudi Arabian Grand Prix,Practice 3,Nyck De Vries,AlphaTauri,,27.070731707317076,40.1719512195122,57.46341463414634,3.5353658536585364,21,N DE VRIES,DEV,de_vries,5E8FAA,alphatauri,Nyck,De Vries,https://www.formula1.com/content/dam/fom-website/drivers/N/NYCDEV01_Nyck_De%20Vries/nycdev01.png.transform/1col/image.png,NED,,,,,,,,,
2023,Saudi Arabian Grand Prix,Practice 3,Yuki Tsunoda,AlphaTauri,,27.070731707317076,40.1719512195122,57.46341463414634,3.5353658536585364,22,Y TSUNODA,TSU,tsunoda,5E8FAA,alphatauri,Yuki,Tsunoda,https://www.formula1.com/content/dam/fom-website/drivers/Y/YUKTSU01_Yuki_Tsunoda/yuktsu01.png.transform/1col/image.png,JPN,,,,,,,,,
2023,Saudi Arabian Grand Prix,Practice 3,Alexander Albon,Williams,,27.070731707317076,40.1719512195122,57.46341463414634,3.5353658536585364,23,A ALBON,ALB,albon,37BEDD,williams,Alexander,Albon,https://www.formula1.com/content/dam/fom-website/drivers/A/ALEALB01_Alexander_Albon/alealb01.png.transform/1col/image.png,THA,,,,,,,,,
2023,Saudi Arabian Grand Prix,Practice 3,Guanyu Zhou,Alfa Romeo,,27.070731707317076,40.1719512195122,57.46341463414634,3.5353658536585364,24,G ZHOU,ZHO,zhou,C92D4B,alfa,Guanyu,Zhou,https://www.formula1.com/content/dam/fom-website/drivers/G/GUAZHO01_Guanyu_Zhou/guazho01.png.transform/1col/image.png,CHN,,,,,,,,,
2023,Saudi Arabian Grand Prix,Practice 3,Nico Hulkenberg,Haas F1 Team,,27.070731707317076,40.1719512195122,57.46341463414634,3.5353658536585364,27,N HULKENBERG,HUL,hulkenberg,B6BABD,haas,Nico,Hulkenberg,https://www.formula1.com/content/dam/fom-website/drivers/N/NICHUL01_Nico_Hulkenberg/nichul01.png.transform/1col/image.png,GER,,,,,,,,,
2023,Saudi Arabian Grand Prix,Practice 3,Esteban Ocon,Alpine,,27.070731707317076,40.1719512195122,57.46341463414634,3.5353658536585364,31,E OCON,OCO,ocon,2293D1,alpine,Esteban,Ocon,https://www.formula1.com/content/dam/fom-website/drivers/E/ESTOCO01_Esteban_Ocon/estoco01.png.transform/1col/image.png,FRA,,,,,,,,,
2023,Saudi Arabian Grand Prix,Practice 3,Lewis Hamilton,Mercedes,,27.070731707317076,40.1719512195122,57.46341463414634,3.5353658536585364,44,L HAMILTON,HAM,hamilton,6CD3BF,mercedes,Lewis,Hamilton,https://www.formula1.com/content/dam/fom-website/drivers/L/LEWHAM01_Lewis_Hamilton/lewham01.png.transform/1col/image.png,GBR,,,,,,,,,
2023,Saudi Arabian Grand Prix,Practice 3,Carlos Sainz,Ferrari,,27.070731707317076,40.1719512195122,57.46341463414634,3.5353658536585364,55,C SAINZ,SAI,sainz,F91536,ferrari,Carlos,Sainz,https://www.formula1.com/content/dam/fom-website/drivers/C/CARSAI01_Carlos_Sainz/carsai01.png.transform/1col/image.png,ESP,,,,,,,,,
2023,Saudi Arabian Grand Prix,Practice 3,George Russell,Mercedes,,27.070731707317076,40.1719512195122,57.46341463414634,3.5353658536585364,63,G RUSSELL,RUS,russell,6CD3BF,mercedes,George,Russell,https://www.formula1.com/content/dam/fom-website/drivers/G/GEORUS01_George_Russell/georus01.png.transform/1col/image.png,GBR,,,,,,,,,
2023,Saudi Arabian Grand Prix,Practice 3,Valtteri Bottas,Alfa Romeo,,27.070731707317076,40.1719512195122,57.46341463414634,3.5353658536585364,77,V BOTTAS,BOT,bottas,C92D4B,alfa,Valtteri,Bottas,https://www.formula1.com/content/dam/fom-website/drivers/V/VALBOT01_Valtteri_Bottas/valbot01.png.transform/1col/image.png,FIN,,,,,,,,,
2023,Saudi Arabian Grand Prix,Practice 3,Oscar Piastri,McLaren,,27.070731707317076,40.1719512195122,57.46341463414634,3.5353658536585364,81,O PIASTRI,PIA,piastri,F58020,mclaren,Oscar,Piastri,https://www.formula1.com/content/dam/fom-website/drivers/O/OSCPIA01_Oscar_Piastri/oscpia01.png.transform/1col/image.png,AUS,,,,,,,,,
2023,Australian Grand Prix,Race,Max Verstappen,Red Bull Racing,1.0,17.449549549549552,30.13963963963964,54.15765765765766,1.1270270270270266,1,M VERSTAPPEN,VER,max_verstappen,3671C6,red_bull,Max,Verstappen,https://www.formula1.com/content/dam/fom-website/drivers/M/MAXVER01_Max_Verstappen/maxver01.png.transform/1col/image.png,NED,1,1.0,,,,0 days 02:32:38.371000,Finished,25.0,58.0
2023,Australian Grand Prix,Race,Lewis Hamilton,Mercedes,2.0,17.449549549549552,30.13963963963964,54.15765765765766,1.1270270270270266,44,L HAMILTON,HAM,hamilton,6CD3BF,mercedes,Lewis,Hamilton,https://www.formula1.com/content/dam/fom-website/drivers/L/LEWHAM01_Lewis_Hamilton/lewham01.png.transform/1col/image.png,GBR,2,3.0,,,,0 days 00:00:00.179000,Finished,18.0,58.0
2023,Australian Grand Prix,Race,Fernando Alonso,Aston Martin,3.0,17.449549549549552,30.13963963963964,54.15765765765766,1.1270270270270266,14,F ALONSO,ALO,alonso,358C75,aston_martin,Fernando,Alonso,https://www.formula1.com/content/dam/fom-website/drivers/F/FERALO01_Fernando_Alonso/feralo01.png.transform/1col/image.png,ESP,3,4.0,,,,0 days 00:00:00.769000,Finished,15.0,58.0
2023,Australian Grand Prix,Race,Lance Stroll,Aston Martin,4.0,17.449549549549552,30.13963963963964,54.15765765765766,1.1270270270270266,18,L STROLL,STR,stroll,358C75,aston_martin,Lance,Stroll,https://www.formula1.com/content/dam/fom-website/drivers/L/LANSTR01_Lance_Stroll/lanstr01.png.transform/1col/image.png,CAN,4,6.0,,,,0 days 00:00:03.082000,Finished,12.0,58.0
2023,Australian Grand Prix,Race,Sergio Perez,Red Bull Racing,5.0,17.449549549549552,30.13963963963964,54.15765765765766,1.1270270270270266,11,S PEREZ,PER,perez,3671C6,red_bull,Sergio,Perez,https://www.formula1.com/content/dam/fom-website/drivers/S/SERPER01_Sergio_Perez/serper01.png.transform/1col/image.png,MEX,5,20.0,,,,0 days 00:00:03.320000,Finished,11.0,58.0
2023,Australian Grand Prix,Race,Lando Norris,McLaren,6.0,17.449549549549552,30.13963963963964,54.15765765765766,1.1270270270270266,4,L NORRIS,NOR,norris,F58020,mclaren,Lando,Norris,https://www.formula1.com/content/dam/fom-website/drivers/L/LANNOR01_Lando_Norris/lannor01.png.transform/1col/image.png,GBR,6,13.0,,,,0 days 00:00:03.701000,Finished,8.0,58.0
2023,Australian Grand Prix,Race,Nico Hulkenberg,Haas F1 Team,7.0,17.449549549549552,30.13963963963964,54.15765765765766,1.1270270270270266,27,N HULKENBERG,HUL,hulkenberg,B6BABD,haas,Nico,Hulkenberg,https://www.formula1.com/content/dam/fom-website/drivers/N/NICHUL01_Nico_Hulkenberg/nichul01.png.transform/1col/image.png,GER,7,10.0,,,,0 days 00:00:04.939000,Finished,6.0,58.0
2023,Australian Grand Prix,Race,Oscar Piastri,McLaren,8.0,17.449549549549552,30.13963963963964,54.15765765765766,1.1270270270270266,81,O PIASTRI,PIA,piastri,F58020,mclaren,Oscar,Piastri,https://www.formula1.com/content/dam/fom-website/drivers/O/OSCPIA01_Oscar_Piastri/oscpia01.png.transform/1col/image.png,AUS,8,16.0,,,,0 days 00:00:05.382000,Finished,4.0,58.0
2023,Australian Grand Prix,Race,Guanyu Zhou,Alfa Romeo,9.0,17.449549549549552,30.13963963963964,54.15765765765766,1.1270270270270266,24,G ZHOU,ZHO,zhou,C92D4B,alfa,Guanyu,Zhou,https://www.formula1.com/content/dam/fom-website/drivers/G/GUAZHO01_Guanyu_Zhou/guazho01.png.transform/1col/image.png,CHN,9,17.0,,,,0 days 00:00:05.713000,Finished,2.0,58.0
2023,Australian Grand Prix,Race,Yuki Tsunoda,AlphaTauri,10.0,17.449549549549552,30.13963963963964,54.15765765765766,1.1270270270270266,22,Y TSUNODA,TSU,tsunoda,5E8FAA,alphatauri,Yuki,Tsunoda,https://www.formula1.com/content/dam/fom-website/drivers/Y/YUKTSU01_Yuki_Tsunoda/yuktsu01.png.transform/1col/image.png,JPN,10,12.0,,,,0 days 00:00:06.052000,Finished,1.0,58.0
2023,Australian Grand Prix,Race,Valtteri Bottas,Alfa Romeo,11.0,17.449549549549552,30.13963963963964,54.15765765765766,1.1270270270270266,77,V BOTTAS,BOT,bottas,C92D4B,alfa,Valtteri,Bottas,https://www.formula1.com/content/dam/fom-website/drivers/V/VALBOT01_Valtteri_Bottas/valbot01.png.transform/1col/image.png,FIN,11,19.0,,,,0 days 00:00:06.513000,Finished,0.0,58.0
2023,Australian Grand Prix,Race,Carlos Sainz,Ferrari,12.0,17.449549549549552,30.13963963963964,54.15765765765766,1.1270270270270266,55,C SAINZ,SAI,sainz,F91536,ferrari,Carlos,Sainz,https://www.formula1.com/content/dam/fom-website/drivers/C/CARSAI01_Carlos_Sainz/carsai01.png.transform/1col/image.png,ESP,12,5.0,,,,0 days 00:00:06.594000,Finished,0.0,58.0
2023,Australian Grand Prix,Race,Pierre Gasly,Alpine,13.0,17.449549549549552,30.13963963963964,54.15765765765766,1.1270270270270266,10,P GASLY,GAS,gasly,2293D1,alpine,Pierre,Gasly,https://www.formula1.com/content/dam/fom-website/drivers/P/PIEGAS01_Pierre_Gasly/piegas01.png.transform/1col/image.png,FRA,13,9.0,,,,,Finished,0.0,56.0
2023,Australian Grand Prix,Race,Esteban Ocon,Alpine,14.0,17.449549549549552,30.13963963963964,54.15765765765766,1.1270270270270266,31,E OCON,OCO,ocon,2293D1,alpine,Esteban,Ocon,https://www.formula1.com/content/dam/fom-website/drivers/E/ESTOCO01_Esteban_Ocon/estoco01.png.transform/1col/image.png,FRA,14,11.0,,,,,Finished,0.0,56.0
2023,Australian Grand Prix,Race,Nyck De Vries,AlphaTauri,15.0,17.449549549549552,30.13963963963964,54.15765765765766,1.1270270270270266,21,N DE VRIES,DEV,de_vries,5E8FAA,alphatauri,Nyck,De Vries,https://www.formula1.com/content/dam/fom-website/drivers/N/NYCDEV01_Nyck_De%20Vries/nycdev01.png.transform/1col/image.png,NED,15,15.0,,,,,Finished,0.0,56.0
2023,Australian Grand Prix,Race,Logan Sargeant,Williams,16.0,17.449549549549552,30.13963963963964,54.15765765765766,1.1270270270270266,2,L SARGEANT,SAR,sargeant,37BEDD,williams,Logan,Sargeant,https://www.formula1.com/content/dam/fom-website/drivers/L/LOGSAR01_Logan_Sargeant/logsar01.png.transform/1col/image.png,USA,16,18.0,,,,,Finished,0.0,56.0
2023,Australian Grand Prix,Race,Kevin Magnussen,Haas F1 Team,17.0,17.449549549549552,30.13963963963964,54.15765765765766,1.1270270270270266,20,K MAGNUSSEN,MAG,kevin_magnussen,B6BABD,haas,Kevin,Magnussen,https://www.formula1.com/content/dam/fom-website/drivers/K/KEVMAG01_Kevin_Magnussen/kevmag01.png.transform/1col/image.png,DEN,17,14.0,,,,,Finished,0.0,52.0
2023,Australian Grand Prix,Race,George Russell,Mercedes,18.0,17.449549549549552,30.13963963963964,54.15765765765766,1.1270270270270266,63,G RUSSELL,RUS,russell,6CD3BF,mercedes,George,Russell,https://www.formula1.com/content/dam/fom-website/drivers/G/GEORUS01_George_Russell/georus01.png.transform/1col/image.png,GBR,R,2.0,,,,,Retired,0.0,17.0
2023,Australian Grand Prix,Race,Alexander Albon,Williams,19.0,17.449549549549552,30.13963963963964,54.15765765765766,1.1270270270270266,23,A ALBON,ALB,albon,37BEDD,williams,Alexander,Albon,https://www.formula1.com/content/dam/fom-website/drivers/A/ALEALB01_Alexander_Albon/alealb01.png.transform/1col/image.png,THA,R,8.0,,,,,Retired,0.0,6.0
2023,Australian Grand Prix,Race,Charles Leclerc,Ferrari,20.0,17.449549549549552,30.13963963963964,54.15765765765766,1.1270270270270266,16,C LECLERC,LEC,leclerc,F91536,ferrari,Charles,Leclerc,https://www.formula1.com/content/dam/fom-website/drivers/C/CHALEC01_Charles_Leclerc/chalec01.png.transform/1col/image.png,MON,R,7.0,,,,,Retired,0.0,0.0
2023,Australian Grand Prix,Qualifying,Max Verstappen,Red Bull Racing,1.0,15.20421052631579,22.71263157894737,53.4,1.3221052631578945,1,M VERSTAPPEN,VER,max_verstappen,3671C6,red_bull,Max,Verstappen,https://www.formula1.com/content/dam/fom-website/drivers/M/MAXVER01_Max_Verstappen/maxver01.png.transform/1col/image.png,NED,,,0 days 00:01:17.384000,0 days 00:01:17.056000,0 days 00:01:16.732000,,,,
2023,Australian Grand Prix,Qualifying,George Russell,Mercedes,2.0,15.20421052631579,22.71263157894737,53.4,1.3221052631578945,63,G RUSSELL,RUS,russell,6CD3BF,mercedes,George,Russell,https://www.formula1.com/content/dam/fom-website/drivers/G/GEORUS01_George_Russell/georus01.png.transform/1col/image.png,GBR,,,0 days 00:01:17.654000,0 days 00:01:17.513000,0 days 00:01:16.968000,,,,
2023,Australian Grand Prix,Qualifying,Lewis Hamilton,Mercedes,3.0,15.20421052631579,22.71263157894737,53.4,1.3221052631578945,44,L HAMILTON,HAM,hamilton,6CD3BF,mercedes,Lewis,Hamilton,https://www.formula1.com/content/dam/fom-website/drivers/L/LEWHAM01_Lewis_Hamilton/lewham01.png.transform/1col/image.png,GBR,,,0 days 00:01:17.689000,0 days 00:01:17.551000,0 days 00:01:17.104000,,,,
2023,Australian Grand Prix,Qualifying,Fernando Alonso,Aston Martin,4.0,15.20421052631579,22.71263157894737,53.4,1.3221052631578945,14,F ALONSO,ALO,alonso,358C75,aston_martin,Fernando,Alonso,https://www.formula1.com/content/dam/fom-website/drivers/F/FERALO01_Fernando_Alonso/feralo01.png.transform/1col/image.png,ESP,,,0 days 00:01:17.832000,0 days 00:01:17.283000,0 days 00:01:17.139000,,,,
2023,Australian Grand Prix,Qualifying,Carlos Sainz,Ferrari,5.0,15.20421052631579,22.71263157894737,53.4,1.3221052631578945,55,C SAINZ,SAI,sainz,F91536,ferrari,Carlos,Sainz,https://www.formula1.com/content/dam/fom-website/drivers/C/CARSAI01_Carlos_Sainz/carsai01.png.transform/1col/image.png,ESP,,,0 days 00:01:17.928000,0 days 00:01:17.349000,0 days 00:01:17.270000,,,,
2023,Australian Grand Prix,Qualifying,Lance Stroll,Aston Martin,6.0,15.20421052631579,22.71263157894737,53.4,1.3221052631578945,18,L STROLL,STR,stroll,358C75,aston_martin,Lance,Stroll,https://www.formula1.com/content/dam/fom-website/drivers/L/LANSTR01_Lance_Stroll/lanstr01.png.transform/1col/image.png,CAN,,,0 days 00:01:17.873000,0 days 00:01:17.616000,0 days 00:01:17.308000,,,,
2023,Australian Grand Prix,Qualifying,Charles Leclerc,Ferrari,7.0,15.20421052631579,22.71263157894737,53.4,1.3221052631578945,16,C LECLERC,LEC,leclerc,F91536,ferrari,Charles,Leclerc,https://www.formula1.com/content/dam/fom-website/drivers/C/CHALEC01_Charles_Leclerc/chalec01.png.transform/1col/image.png,MON,,,0 days 00:01:18.218000,0 days 00:01:17.390000,0 days 00:01:17.369000,,,,
2023,Australian Grand Prix,Qualifying,Alexander Albon,Williams,8.0,15.20421052631579,22.71263157894737,53.4,1.3221052631578945,23,A ALBON,ALB,albon,37BEDD,williams,Alexander,Albon,https://www.formula1.com/content/dam/fom-website/drivers/A/ALEALB01_Alexander_Albon/alealb01.png.transform/1col/image.png,THA,,,0 days 00:01:17.962000,0 days 00:01:17.761000,0 days 00:01:17.609000,,,,
2023,Australian Grand Prix,Qualifying,Pierre Gasly,Alpine,9.0,15.20421052631579,22.71263157894737,53.4,1.3221052631578945,10,P GASLY,GAS,gasly,2293D1,alpine,Pierre,Gasly,https://www.formula1.com/content/dam/fom-website/drivers/P/PIEGAS01_Pierre_Gasly/piegas01.png.transform/1col/image.png,FRA,,,0 days 00:01:18.312000,0 days 00:01:17.574000,0 days 00:01:17.675000,,,,
2023,Australian Grand Prix,Qualifying,Nico Hulkenberg,Haas F1 Team,10.0,15.20421052631579,22.71263157894737,53.4,1.3221052631578945,27,N HULKENBERG,HUL,hulkenberg,B6BABD,haas,Nico,Hulkenberg,https://www.formula1.com/content/dam/fom-website/drivers/N/NICHUL01_Nico_Hulkenberg/nichul01.png.transform/1col/image.png,GER,,,0 days 00:01:18.029000,0 days 00:01:17.412000,0 days 00:01:17.735000,,,,
2023,Australian Grand Prix,Qualifying,Esteban Ocon,Alpine,11.0,15.20421052631579,22.71263157894737,53.4,1.3221052631578945,31,E OCON,OCO,ocon,2293D1,alpine,Esteban,Ocon,https://www.formula1.com/content/dam/fom-website/drivers/E/ESTOCO01_Esteban_Ocon/estoco01.png.transform/1col/image.png,FRA,,,0 days 00:01:17.770000,0 days 00:01:17.768000,,,,,
2023,Australian Grand Prix,Qualifying,Yuki Tsunoda,AlphaTauri,12.0,15.20421052631579,22.71263157894737,53.4,1.3221052631578945,22,Y TSUNODA,TSU,tsunoda,5E8FAA,alphatauri,Yuki,Tsunoda,https://www.formula1.com/content/dam/fom-website/drivers/Y/YUKTSU01_Yuki_Tsunoda/yuktsu01.png.transform/1col/image.png,JPN,,,0 days 00:01:18.471000,0 days 00:01:18.099000,,,,,
2023,Australian Grand Prix,Qualifying,Lando Norris,McLaren,13.0,15.20421052631579,22.71263157894737,53.4,1.3221052631578945,4,L NORRIS,NOR,norris,F58020,mclaren,Lando,Norris,https://www.formula1.com/content/dam/fom-website/drivers/L/LANNOR01_Lando_Norris/lannor01.png.transform/1col/image.png,GBR,,,0 days 00:01:18.243000,0 days 00:01:18.119000,,,,,
2023,Australian Grand Prix,Qualifying,Kevin Magnussen,Haas F1 Team,14.0,15.20421052631579,22.71263157894737,53.4,1.3221052631578945,20,K MAGNUSSEN,MAG,kevin_magnussen,B6BABD,haas,Kevin,Magnussen,https://www.formula1.com/content/dam/fom-website/drivers/K/KEVMAG01_Kevin_Magnussen/kevmag01.png.transform/1col/image.png,DEN,,,0 days 00:01:18.159000,0 days 00:01:18.129000,,,,,
2023,Australian Grand Prix,Qualifying,Nyck De Vries,AlphaTauri,15.0,15.20421052631579,22.71263157894737,53.4,1.3221052631578945,21,N DE VRIES,DEV,de_vries,5E8FAA,alphatauri,Nyck,De Vries,https://www.formula1.com/content/dam/fom-website/drivers/N/NYCDEV01_Nyck_De%20Vries/nycdev01.png.transform/1col/image.png,NED,,,0 days 00:01:18.450000,0 days 00:01:18.335000,,,,,
2023,Australian Grand Prix,Qualifying,Oscar Piastri,McLaren,16.0,15.20421052631579,22.71263157894737,53.4,1.3221052631578945,81,O PIASTRI,PIA,piastri,F58020,mclaren,Oscar,Piastri,https://www.formula1.com/content/dam/fom-website/drivers/O/OSCPIA01_Oscar_Piastri/oscpia01.png.transform/1col/image.png,AUS,,,0 days 00:01:18.517000,,,,,,
2023,Australian Grand Prix,Qualifying,Guanyu Zhou,Alfa Romeo,17.0,15.20421052631579,22.71263157894737,53.4,1.3221052631578945,24,G ZHOU,ZHO,zhou,C92D4B,alfa,Guanyu,Zhou,https://www.formula1.com/content/dam/fom-website/drivers/G/GUAZHO01_Guanyu_Zhou/guazho01.png.transform/1col/image.png,CHN,,,0 days 00:01:18.540000,,,,,,
2023,Australian Grand Prix,Qualifying,Logan Sargeant,Williams,18.0,15.20421052631579,22.71263157894737,53.4,1.3221052631578945,2,L SARGEANT,SAR,sargeant,37BEDD,williams,Logan,Sargeant,https://www.formula1.com/content/dam/fom-website/drivers/L/LOGSAR01_Logan_Sargeant/logsar01.png.transform/1col/image.png,USA,,,0 days 00:01:18.557000,,,,,,
2023,Australian Grand Prix,Qualifying,Valtteri Bottas,Alfa Romeo,19.0,15.20421052631579,22.71263157894737,53.4,1.3221052631578945,77,V BOTTAS,BOT,bottas,C92D4B,alfa,Valtteri,Bottas,https://www.formula1.com/content/dam/fom-website/drivers/V/VALBOT01_Valtteri_Bottas/valbot01.png.transform/1col/image.png,FIN,,,0 days 00:01:18.714000,,,,,,
2023,Australian Grand Prix,Qualifying,Sergio Perez,Red Bull Racing,20.0,15.20421052631579,22.71263157894737,53.4,1.3221052631578945,11,S PEREZ,PER,perez,3671C6,red_bull,Sergio,Perez,https://www.formula1.com/content/dam/fom-website/drivers/S/SERPER01_Sergio_Perez/serper01.png.transform/1col/image.png,MEX,,,,,,,,,
2023,Australian Grand Prix,Practice 1,Max Verstappen,Red Bull Racing,,18.069354838709682,32.34516129032258,61.83870967741935,1.1564516129032254,1,M VERSTAPPEN,VER,max_verstappen,3671C6,red_bull,Max,Verstappen,https://www.formula1.com/content/dam/fom-website/drivers/M/MAXVER01_Max_Verstappen/maxver01.png.transform/1col/image.png,NED,,,,,,,,,
2023,Australian Grand Prix,Practice 1,Logan Sargeant,Williams,,18.069354838709682,32.34516129032258,61.83870967741935,1.1564516129032254,2,L SARGEANT,SAR,sargeant,37BEDD,williams,Logan,Sargeant,https://www.formula1.com/content/dam/fom-website/drivers/L/LOGSAR01_Logan_Sargeant/logsar01.png.transform/1col/image.png,USA,,,,,,,,,
2023,Australian Grand Prix,Practice 1,Lando Norris,McLaren,,18.069354838709682,32.34516129032258,61.83870967741935,1.1564516129032254,4,L NORRIS,NOR,norris,F58020,mclaren,Lando,Norris,https://www.formula1.com/content/dam/fom-website/drivers/L/LANNOR01_Lando_Norris/lannor01.png.transform/1col/image.png,GBR,,,,,,,,,
2023,Australian Grand Prix,Practice 1,Pierre Gasly,Alpine,,18.069354838709682,32.34516129032258,61.83870967741935,1.1564516129032254,10,P GASLY,GAS,gasly,2293D1,alpine,Pierre,Gasly,https://www.formula1.com/content/dam/fom-website/drivers/P/PIEGAS01_Pierre_Gasly/piegas01.png.transform/1col/image.png,FRA,,,,,,,,,
2023,Australian Grand Prix,Practice 1,Sergio Perez,Red Bull Racing,,18.069354838709682,32.34516129032258,61.83870967741935,1.1564516129032254,11,S PEREZ,PER,perez,3671C6,red_bull,Sergio,Perez,https://www.formula1.com/content/dam/fom-website/drivers/S/SERPER01_Sergio_Perez/serper01.png.transform/1col/image.png,MEX,,,,,,,,,
2023,Australian Grand Prix,Practice 1,Fernando Alonso,Aston Martin,,18.069354838709682,32.34516129032258,61.83870967741935,1.1564516129032254,14,F ALONSO,ALO,alonso,358C75,aston_martin,Fernando,Alonso,https://www.formula1.com/content/dam/fom-website/drivers/F/FERALO01_Fernando_Alonso/feralo01.png.transform/1col/image.png,ESP,,,,,,,,,
2023,Australian Grand Prix,Practice 1,Charles Leclerc,Ferrari,,18.069354838709682,32.34516129032258,61.83870967741935,1.1564516129032254,16,C LECLERC,LEC,leclerc,F91536,ferrari,Charles,Leclerc,https://www.formula1.com/content/dam/fom-website/drivers/C/CHALEC01_Charles_Leclerc/chalec01.png.transform/1col/image.png,MON,,,,,,,,,
2023,Australian Grand Prix,Practice 1,Lance Stroll,Aston Martin,,18.069354838709682,32.34516129032258,61.83870967741935,1.1564516129032254,18,L STROLL,STR,stroll,358C75,aston_martin,Lance,Stroll,https://www.formula1.com/content/dam/fom-website/drivers/L/LANSTR01_Lance_Stroll/lanstr01.png.transform/1col/image.png,CAN,,,,,,,,,
2023,Australian Grand Prix,Practice 1,Kevin Magnussen,Haas F1 Team,,18.069354838709682,32.34516129032258,61.83870967741935,1.1564516129032254,20,K MAGNUSSEN,MAG,kevin_magnussen,B6BABD,haas,Kevin,Magnussen,https://www.formula1.com/content/dam/fom-website/drivers/K/KEVMAG01_Kevin_Magnussen/kevmag01.png.transform/1col/image.png,DEN,,,,,,,,,
2023,Australian Grand Prix,Practice 1,Nyck De Vries,AlphaTauri,,18.069354838709682,32.34516129032258,61.83870967741935,1.1564516129032254,21,N DE VRIES,DEV,de_vries,5E8FAA,alphatauri,Nyck,De Vries,https://www.formula1.com/content/dam/fom-website/drivers/N/NYCDEV01_Nyck_De%20Vries/nycdev01.png.transform/1col/image.png,NED,,,,,,,,,
2023,Australian Grand Prix,Practice 1,Yuki Tsunoda,AlphaTauri,,18.069354838709682,32.34516129032258,61.83870967741935,1.1564516129032254,22,Y TSUNODA,TSU,tsunoda,5E8FAA,alphatauri,Yuki,Tsunoda,https://www.formula1.com/content/dam/fom-website/drivers/Y/YUKTSU01_Yuki_Tsunoda/yuktsu01.png.transform/1col/image.png,JPN,,,,,,,,,
2023,Australian Grand Prix,Practice 1,Alexander Albon,Williams,,18.069354838709682,32.34516129032258,61.83870967741935,1.1564516129032254,23,A ALBON,ALB,albon,37BEDD,williams,Alexander,Albon,https://www.formula1.com/content/dam/fom-website/drivers/A/ALEALB01_Alexander_Albon/alealb01.png.transform/1col/image.png,THA,,,,,,,,,
2023,Australian Grand Prix,Practice 1,Guanyu Zhou,Alfa Romeo,,18.069354838709682,32.34516129032258,61.83870967741935,1.1564516129032254,24,G ZHOU,ZHO,zhou,C92D4B,alfa,Guanyu,Zhou,https://www.formula1.com/content/dam/fom-website/drivers/G/GUAZHO01_Guanyu_Zhou/guazho01.png.transform/1col/image.png,CHN,,,,,,,,,
2023,Australian Grand Prix,Practice 1,Nico Hulkenberg,Haas F1 Team,,18.069354838709682,32.34516129032258,61.83870967741935,1.1564516129032254,27,N HULKENBERG,HUL,hulkenberg,B6BABD,haas,Nico,Hulkenberg,https://www.formula1.com/content/dam/fom-website/drivers/N/NICHUL01_Nico_Hulkenberg/nichul01.png.transform/1col/image.png,GER,,,,,,,,,
2023,Australian Grand Prix,Practice 1,Esteban Ocon,Alpine,,18.069354838709682,32.34516129032258,61.83870967741935,1.1564516129032254,31,E OCON,OCO,ocon,2293D1,alpine,Esteban,Ocon,https://www.formula1.com/content/dam/fom-website/drivers/E/ESTOCO01_Esteban_Ocon/estoco01.png.transform/1col/image.png,FRA,,,,,,,,,
2023,Australian Grand Prix,Practice 1,Lewis Hamilton,Mercedes,,18.069354838709682,32.34516129032258,61.83870967741935,1.1564516129032254,44,L HAMILTON,HAM,hamilton,6CD3BF,mercedes,Lewis,Hamilton,https://www.formula1.com/content/dam/fom-website/drivers/L/LEWHAM01_Lewis_Hamilton/lewham01.png.transform/1col/image.png,GBR,,,,,,,,,
2023,Australian Grand Prix,Practice 1,Carlos Sainz,Ferrari,,18.069354838709682,32.34516129032258,61.83870967741935,1.1564516129032254,55,C SAINZ,SAI,sainz,F91536,ferrari,Carlos,Sainz,https://www.formula1.com/content/dam/fom-website/drivers/C/CARSAI01_Carlos_Sainz/carsai01.png.transform/1col/image.png,ESP,,,,,,,,,
2023,Australian Grand Prix,Practice 1,George Russell,Mercedes,,18.069354838709682,32.34516129032258,61.83870967741935,1.1564516129032254,63,G RUSSELL,RUS,russell,6CD3BF,mercedes,George,Russell,https://www.formula1.com/content/dam/fom-website/drivers/G/GEORUS01_George_Russell/georus01.png.transform/1col/image.png,GBR,,,,,,,,,
2023,Australian Grand Prix,Practice 1,Valtteri Bottas,Alfa Romeo,,18.069354838709682,32.34516129032258,61.83870967741935,1.1564516129032254,77,V BOTTAS,BOT,bottas,C92D4B,alfa,Valtteri,Bottas,https://www.formula1.com/content/dam/fom-website/drivers/V/VALBOT01_Valtteri_Bottas/valbot01.png.transform/1col/image.png,FIN,,,,,,,,,
2023,Australian Grand Prix,Practice 1,Oscar Piastri,McLaren,,18.069354838709682,32.34516129032258,61.83870967741935,1.1564516129032254,81,O PIASTRI,PIA,piastri,F58020,mclaren,Oscar,Piastri,https://www.formula1.com/content/dam/fom-website/drivers/O/OSCPIA01_Oscar_Piastri/oscpia01.png.transform/1col/image.png,AUS,,,,,,,,,
2023,Australian Grand Prix,Practice 2,Max Verstappen,Red Bull Racing,,15.930487804878046,23.851219512195122,77.36585365853658,1.3231707317073171,1,M VERSTAPPEN,VER,max_verstappen,3671C6,red_bull,Max,Verstappen,https://www.formula1.com/content/dam/fom-website/drivers/M/MAXVER01_Max_Verstappen/maxver01.png.transform/1col/image.png,NED,,,,,,,,,
2023,Australian Grand Prix,Practice 2,Logan Sargeant,Williams,,15.930487804878046,23.851219512195122,77.36585365853658,1.3231707317073171,2,L SARGEANT,SAR,sargeant,37BEDD,williams,Logan,Sargeant,https://www.formula1.com/content/dam/fom-website/drivers/L/LOGSAR01_Logan_Sargeant/logsar01.png.transform/1col/image.png,USA,,,,,,,,,
2023,Australian Grand Prix,Practice 2,Lando Norris,McLaren,,15.930487804878046,23.851219512195122,77.36585365853658,1.3231707317073171,4,L NORRIS,NOR,norris,F58020,mclaren,Lando,Norris,https://www.formula1.com/content/dam/fom-website/drivers/L/LANNOR01_Lando_Norris/lannor01.png.transform/1col/image.png,GBR,,,,,,,,,
2023,Australian Grand Prix,Practice 2,Pierre Gasly,Alpine,,15.930487804878046,23.851219512195122,77.36585365853658,1.3231707317073171,10,P GASLY,GAS,gasly,2293D1,alpine,Pierre,Gasly,https://www.formula1.com/content/dam/fom-website/drivers/P/PIEGAS01_Pierre_Gasly/piegas01.png.transform/1col/image.png,FRA,,,,,,,,,
2023,Australian Grand Prix,Practice 2,Sergio Perez,Red Bull Racing,,15.930487804878046,23.851219512195122,77.36585365853658,1.3231707317073171,11,S PEREZ,PER,perez,3671C6,red_bull,Sergio,Perez,https://www.formula1.com/content/dam/fom-website/drivers/S/SERPER01_Sergio_Perez/serper01.png.transform/1col/image.png,MEX,,,,,,,,,
2023,Australian Grand Prix,Practice 2,Fernando Alonso,Aston Martin,,15.930487804878046,23.851219512195122,77.36585365853658,1.3231707317073171,14,F ALONSO,ALO,alonso,358C75,aston_martin,Fernando,Alonso,https://www.formula1.com/content/dam/fom-website/drivers/F/FERALO01_Fernando_Alonso/feralo01.png.transform/1col/image.png,ESP,,,,,,,,,
2023,Australian Grand Prix,Practice 2,Charles Leclerc,Ferrari,,15.930487804878046,23.851219512195122,77.36585365853658,1.3231707317073171,16,C LECLERC,LEC,leclerc,F91536,ferrari,Charles,Leclerc,https://www.formula1.com/content/dam/fom-website/drivers/C/CHALEC01_Charles_Leclerc/chalec01.png.transform/1col/image.png,MON,,,,,,,,,
2023,Australian Grand Prix,Practice 2,Lance Stroll,Aston Martin,,15.930487804878046,23.851219512195122,77.36585365853658,1.3231707317073171,18,L STROLL,STR,stroll,358C75,aston_martin,Lance,Stroll,https://www.formula1.com/content/dam/fom-website/drivers/L/LANSTR01_Lance_Stroll/lanstr01.png.transform/1col/image.png,CAN,,,,,,,,,
2023,Australian Grand Prix,Practice 2,Kevin Magnussen,Haas F1 Team,,15.930487804878046,23.851219512195122,77.36585365853658,1.3231707317073171,20,K MAGNUSSEN,MAG,kevin_magnussen,B6BABD,haas,Kevin,Magnussen,https://www.formula1.com/content/dam/fom-website/drivers/K/KEVMAG01_Kevin_Magnussen/kevmag01.png.transform/1col/image.png,DEN,,,,,,,,,
2023,Australian Grand Prix,Practice 2,Nyck De Vries,AlphaTauri,,15.930487804878046,23.851219512195122,77.36585365853658,1.3231707317073171,21,N DE VRIES,DEV,de_vries,5E8FAA,alphatauri,Nyck,De Vries,https://www.formula1.com/content/dam/fom-website/drivers/N/NYCDEV01_Nyck_De%20Vries/nycdev01.png.transform/1col/image.png,NED,,,,,,,,,
2023,Australian Grand Prix,Practice 2,Yuki Tsunoda,AlphaTauri,,15.930487804878046,23.851219512195122,77.36585365853658,1.3231707317073171,22,Y TSUNODA,TSU,tsunoda,5E8FAA,alphatauri,Yuki,Tsunoda,https://www.formula1.com/content/dam/fom-website/drivers/Y/YUKTSU01_Yuki_Tsunoda/yuktsu01.png.transform/1col/image.png,JPN,,,,,,,,,
2023,Australian Grand Prix,Practice 2,Alexander Albon,Williams,,15.930487804878046,23.851219512195122,77.36585365853658,1.3231707317073171,23,A ALBON,ALB,albon,37BEDD,williams,Alexander,Albon,https://www.formula1.com/content/dam/fom-website/drivers/A/ALEALB01_Alexander_Albon/alealb01.png.transform/1col/image.png,THA,,,,,,,,,
2023,Australian Grand Prix,Practice 2,Guanyu Zhou,Alfa Romeo,,15.930487804878046,23.851219512195122,77.36585365853658,1.3231707317073171,24,G ZHOU,ZHO,zhou,C92D4B,alfa,Guanyu,Zhou,https://www.formula1.com/content/dam/fom-website/drivers/G/GUAZHO01_Guanyu_Zhou/guazho01.png.transform/1col/image.png,CHN,,,,,,,,,
2023,Australian Grand Prix,Practice 2,Nico Hulkenberg,Haas F1 Team,,15.930487804878046,23.851219512195122,77.36585365853658,1.3231707317073171,27,N HULKENBERG,HUL,hulkenberg,B6BABD,haas,Nico,Hulkenberg,https://www.formula1.com/content/dam/fom-website/drivers/N/NICHUL01_Nico_Hulkenberg/nichul01.png.transform/1col/image.png,GER,,,,,,,,,
2023,Australian Grand Prix,Practice 2,Esteban Ocon,Alpine,,15.930487804878046,23.851219512195122,77.36585365853658,1.3231707317073171,31,E OCON,OCO,ocon,2293D1,alpine,Esteban,Ocon,https://www.formula1.com/content/dam/fom-website/drivers/E/ESTOCO01_Esteban_Ocon/estoco01.png.transform/1col/image.png,FRA,,,,,,,,,
2023,Australian Grand Prix,Practice 2,Lewis Hamilton,Mercedes,,15.930487804878046,23.851219512195122,77.36585365853658,1.3231707317073171,44,L HAMILTON,HAM,hamilton,6CD3BF,mercedes,Lewis,Hamilton,https://www.formula1.com/content/dam/fom-website/drivers/L/LEWHAM01_Lewis_Hamilton/lewham01.png.transform/1col/image.png,GBR,,,,,,,,,
2023,Australian Grand Prix,Practice 2,Carlos Sainz,Ferrari,,15.930487804878046,23.851219512195122,77.36585365853658,1.3231707317073171,55,C SAINZ,SAI,sainz,F91536,ferrari,Carlos,Sainz,https://www.formula1.com/content/dam/fom-website/drivers/C/CARSAI01_Carlos_Sainz/carsai01.png.transform/1col/image.png,ESP,,,,,,,,,
2023,Australian Grand Prix,Practice 2,George Russell,Mercedes,,15.930487804878046,23.851219512195122,77.36585365853658,1.3231707317073171,63,G RUSSELL,RUS,russell,6CD3BF,mercedes,George,Russell,https://www.formula1.com/content/dam/fom-website/drivers/G/GEORUS01_George_Russell/georus01.png.transform/1col/image.png,GBR,,,,,,,,,
2023,Australian Grand Prix,Practice 2,Valtteri Bottas,Alfa Romeo,,15.930487804878046,23.851219512195122,77.36585365853658,1.3231707317073171,77,V BOTTAS,BOT,bottas,C92D4B,alfa,Valtteri,Bottas,https://www.formula1.com/content/dam/fom-website/drivers/V/VALBOT01_Valtteri_Bottas/valbot01.png.transform/1col/image.png,FIN,,,,,,,,,
2023,Australian Grand Prix,Practice 2,Oscar Piastri,McLaren,,15.930487804878046,23.851219512195122,77.36585365853658,1.3231707317073171,81,O PIASTRI,PIA,piastri,F58020,mclaren,Oscar,Piastri,https://www.formula1.com/content/dam/fom-website/drivers/O/OSCPIA01_Oscar_Piastri/oscpia01.png.transform/1col/image.png,AUS,,,,,,,,,
2023,Australian Grand Prix,Practice 3,Max Verstappen,Red Bull Racing,,14.895238095238094,23.510714285714283,59.654761904761905,1.4059523809523806,1,M VERSTAPPEN,VER,max_verstappen,3671C6,red_bull,Max,Verstappen,https://www.formula1.com/content/dam/fom-website/drivers/M/MAXVER01_Max_Verstappen/maxver01.png.transform/1col/image.png,NED,,,,,,,,,
2023,Australian Grand Prix,Practice 3,Logan Sargeant,Williams,,14.895238095238094,23.510714285714283,59.654761904761905,1.4059523809523806,2,L SARGEANT,SAR,sargeant,37BEDD,williams,Logan,Sargeant,https://www.formula1.com/content/dam/fom-website/drivers/L/LOGSAR01_Logan_Sargeant/logsar01.png.transform/1col/image.png,USA,,,,,,,,,
2023,Australian Grand Prix,Practice 3,Lando Norris,McLaren,,14.895238095238094,23.510714285714283,59.654761904761905,1.4059523809523806,4,L NORRIS,NOR,norris,F58020,mclaren,Lando,Norris,https://www.formula1.com/content/dam/fom-website/drivers/L/LANNOR01_Lando_Norris/lannor01.png.transform/1col/image.png,GBR,,,,,,,,,
2023,Australian Grand Prix,Practice 3,Pierre Gasly,Alpine,,14.895238095238094,23.510714285714283,59.654761904761905,1.4059523809523806,10,P GASLY,GAS,gasly,2293D1,alpine,Pierre,Gasly,https://www.formula1.com/content/dam/fom-website/drivers/P/PIEGAS01_Pierre_Gasly/piegas01.png.transform/1col/image.png,FRA,,,,,,,,,
2023,Australian Grand Prix,Practice 3,Sergio Perez,Red Bull Racing,,14.895238095238094,23.510714285714283,59.654761904761905,1.4059523809523806,11,S PEREZ,PER,perez,3671C6,red_bull,Sergio,Perez,https://www.formula1.com/content/dam/fom-website/drivers/S/SERPER01_Sergio_Perez/serper01.png.transform/1col/image.png,MEX,,,,,,,,,
2023,Australian Grand Prix,Practice 3,Fernando Alonso,Aston Martin,,14.895238095238094,23.510714285714283,59.654761904761905,1.4059523809523806,14,F ALONSO,ALO,alonso,358C75,aston_martin,Fernando,Alonso,https://www.formula1.com/content/dam/fom-website/drivers/F/FERALO01_Fernando_Alonso/feralo01.png.transform/1col/image.png,ESP,,,,,,,,,
2023,Australian Grand Prix,Practice 3,Charles Leclerc,Ferrari,,14.895238095238094,23.510714285714283,59.654761904761905,1.4059523809523806,16,C LECLERC,LEC,leclerc,F91536,ferrari,Charles,Leclerc,https://www.formula1.com/content/dam/fom-website/drivers/C/CHALEC01_Charles_Leclerc/chalec01.png.transform/1col/image.png,MON,,,,,,,,,
2023,Australian Grand Prix,Practice 3,Lance Stroll,Aston Martin,,14.895238095238094,23.510714285714283,59.654761904761905,1.4059523809523806,18,L STROLL,STR,stroll,358C75,aston_martin,Lance,Stroll,https://www.formula1.com/content/dam/fom-website/drivers/L/LANSTR01_Lance_Stroll/lanstr01.png.transform/1col/image.png,CAN,,,,,,,,,
2023,Australian Grand Prix,Practice 3,Kevin Magnussen,Haas F1 Team,,14.895238095238094,23.510714285714283,59.654761904761905,1.4059523809523806,20,K MAGNUSSEN,MAG,kevin_magnussen,B6BABD,haas,Kevin,Magnussen,https://www.formula1.com/content/dam/fom-website/drivers/K/KEVMAG01_Kevin_Magnussen/kevmag01.png.transform/1col/image.png,DEN,,,,,,,,,
2023,Australian Grand Prix,Practice 3,Nyck De Vries,AlphaTauri,,14.895238095238094,23.510714285714283,59.654761904761905,1.4059523809523806,21,N DE VRIES,DEV,de_vries,5E8FAA,alphatauri,Nyck,De Vries,https://www.formula1.com/content/dam/fom-website/drivers/N/NYCDEV01_Nyck_De%20Vries/nycdev01.png.transform/1col/image.png,NED,,,,,,,,,
2023,Australian Grand Prix,Practice 3,Yuki Tsunoda,AlphaTauri,,14.895238095238094,23.510714285714283,59.654761904761905,1.4059523809523806,22,Y TSUNODA,TSU,tsunoda,5E8FAA,alphatauri,Yuki,Tsunoda,https://www.formula1.com/content/dam/fom-website/drivers/Y/YUKTSU01_Yuki_Tsunoda/yuktsu01.png.transform/1col/image.png,JPN,,,,,,,,,
2023,Australian Grand Prix,Practice 3,Alexander Albon,Williams,,14.895238095238094,23.510714285714283,59.654761904761905,1.4059523809523806,23,A ALBON,ALB,albon,37BEDD,williams,Alexander,Albon,https://www.formula1.com/content/dam/fom-website/drivers/A/ALEALB01_Alexander_Albon/alealb01.png.transform/1col/image.png,THA,,,,,,,,,
2023,Australian Grand Prix,Practice 3,Guanyu Zhou,Alfa Romeo,,14.895238095238094,23.510714285714283,59.654761904761905,1.4059523809523806,24,G ZHOU,ZHO,zhou,C92D4B,alfa,Guanyu,Zhou,https://www.formula1.com/content/dam/fom-website/drivers/G/GUAZHO01_Guanyu_Zhou/guazho01.png.transform/1col/image.png,CHN,,,,,,,,,
2023,Australian Grand Prix,Practice 3,Nico Hulkenberg,Haas F1 Team,,14.895238095238094,23.510714285714283,59.654761904761905,1.4059523809523806,27,N HULKENBERG,HUL,hulkenberg,B6BABD,haas,Nico,Hulkenberg,https://www.formula1.com/content/dam/fom-website/drivers/N/NICHUL01_Nico_Hulkenberg/nichul01.png.transform/1col/image.png,GER,,,,,,,,,
2023,Australian Grand Prix,Practice 3,Esteban Ocon,Alpine,,14.895238095238094,23.510714285714283,59.654761904761905,1.4059523809523806,31,E OCON,OCO,ocon,2293D1,alpine,Esteban,Ocon,https://www.formula1.com/content/dam/fom-website/drivers/E/ESTOCO01_Esteban_Ocon/estoco01.png.transform/1col/image.png,FRA,,,,,,,,,
2023,Australian Grand Prix,Practice 3,Lewis Hamilton,Mercedes,,14.895238095238094,23.510714285714283,59.654761904761905,1.4059523809523806,44,L HAMILTON,HAM,hamilton,6CD3BF,mercedes,Lewis,Hamilton,https://www.formula1.com/content/dam/fom-website/drivers/L/LEWHAM01_Lewis_Hamilton/lewham01.png.transform/1col/image.png,GBR,,,,,,,,,
2023,Australian Grand Prix,Practice 3,Carlos Sainz,Ferrari,,14.895238095238094,23.510714285714283,59.654761904761905,1.4059523809523806,55,C SAINZ,SAI,sainz,F91536,ferrari,Carlos,Sainz,https://www.formula1.com/content/dam/fom-website/drivers/C/CARSAI01_Carlos_Sainz/carsai01.png.transform/1col/image.png,ESP,,,,,,,,,
2023,Australian Grand Prix,Practice 3,George Russell,Mercedes,,14.895238095238094,23.510714285714283,59.654761904761905,1.4059523809523806,63,G RUSSELL,RUS,russell,6CD3BF,mercedes,George,Russell,https://www.formula1.com/content/dam/fom-website/drivers/G/GEORUS01_George_Russell/georus01.png.transform/1col/image.png,GBR,,,,,,,,,
2023,Australian Grand Prix,Practice 3,Valtteri Bottas,Alfa Romeo,,14.895238095238094,23.510714285714283,59.654761904761905,1.4059523809523806,77,V BOTTAS,BOT,bottas,C92D4B,alfa,Valtteri,Bottas,https://www.formula1.com/content/dam/fom-website/drivers/V/VALBOT01_Valtteri_Bottas/valbot01.png.transform/1col/image.png,FIN,,,,,,,,,
2023,Australian Grand Prix,Practice 3,Oscar Piastri,McLaren,,14.895238095238094,23.510714285714283,59.654761904761905,1.4059523809523806,81,O PIASTRI,PIA,piastri,F58020,mclaren,Oscar,Piastri,https://www.formula1.com/content/dam/fom-website/drivers/O/OSCPIA01_Oscar_Piastri/oscpia01.png.transform/1col/image.png,AUS,,,,,,,,,
2023,Azerbaijan Grand Prix,Race,Sergio Perez,Red Bull Racing,1.0,24.860625,41.209999999999994,49.225,1.083125,11,S PEREZ,PER,perez,3671C6,red_bull,Sergio,Perez,https://www.formula1.com/content/dam/fom-website/drivers/S/SERPER01_Sergio_Perez/serper01.png.transform/1col/image.png,MEX,1,3.0,,,,0 days 01:32:42.436000,Finished,25.0,51.0
2023,Azerbaijan Grand Prix,Race,Max Verstappen,Red Bull Racing,2.0,24.860625,41.209999999999994,49.225,1.083125,1,M VERSTAPPEN,VER,max_verstappen,3671C6,red_bull,Max,Verstappen,https://www.formula1.com/content/dam/fom-website/drivers/M/MAXVER01_Max_Verstappen/maxver01.png.transform/1col/image.png,NED,2,2.0,,,,0 days 00:00:02.137000,Finished,18.0,51.0
2023,Azerbaijan Grand Prix,Race,Charles Leclerc,Ferrari,3.0,24.860625,41.209999999999994,49.225,1.083125,16,C LECLERC,LEC,leclerc,F91536,ferrari,Charles,Leclerc,https://www.formula1.com/content/dam/fom-website/drivers/C/CHALEC01_Charles_Leclerc/chalec01.png.transform/1col/image.png,MON,3,1.0,,,,0 days 00:00:21.217000,Finished,15.0,51.0
2023,Azerbaijan Grand Prix,Race,Fernando Alonso,Aston Martin,4.0,24.860625,41.209999999999994,49.225,1.083125,14,F ALONSO,ALO,alonso,358C75,aston_martin,Fernando,Alonso,https://www.formula1.com/content/dam/fom-website/drivers/F/FERALO01_Fernando_Alonso/feralo01.png.transform/1col/image.png,ESP,4,6.0,,,,0 days 00:00:22.024000,Finished,12.0,51.0
2023,Azerbaijan Grand Prix,Race,Carlos Sainz,Ferrari,5.0,24.860625,41.209999999999994,49.225,1.083125,55,C SAINZ,SAI,sainz,F91536,ferrari,Carlos,Sainz,https://www.formula1.com/content/dam/fom-website/drivers/C/CARSAI01_Carlos_Sainz/carsai01.png.transform/1col/image.png,ESP,5,4.0,,,,0 days 00:00:45.491000,Finished,10.0,51.0
2023,Azerbaijan Grand Prix,Race,Lewis Hamilton,Mercedes,6.0,24.860625,41.209999999999994,49.225,1.083125,44,L HAMILTON,HAM,hamilton,6CD3BF,mercedes,Lewis,Hamilton,https://www.formula1.com/content/dam/fom-website/drivers/L/LEWHAM01_Lewis_Hamilton/lewham01.png.transform/1col/image.png,GBR,6,5.0,,,,0 days 00:00:46.145000,Finished,8.0,51.0
2023,Azerbaijan Grand Prix,Race,Lance Stroll,Aston Martin,7.0,24.860625,41.209999999999994,49.225,1.083125,18,L STROLL,STR,stroll,358C75,aston_martin,Lance,Stroll,https://www.formula1.com/content/dam/fom-website/drivers/L/LANSTR01_Lance_Stroll/lanstr01.png.transform/1col/image.png,CAN,7,9.0,,,,0 days 00:00:51.617000,Finished,6.0,51.0
2023,Azerbaijan Grand Prix,Race,George Russell,Mercedes,8.0,24.860625,41.209999999999994,49.225,1.083125,63,G RUSSELL,RUS,russell,6CD3BF,mercedes,George,Russell,https://www.formula1.com/content/dam/fom-website/drivers/G/GEORUS01_George_Russell/georus01.png.transform/1col/image.png,GBR,8,11.0,,,,0 days 00:01:14.240000,Finished,5.0,51.0
2023,Azerbaijan Grand Prix,Race,Lando Norris,McLaren,9.0,24.860625,41.209999999999994,49.225,1.083125,4,L NORRIS,NOR,norris,F58020,mclaren,Lando,Norris,https://www.formula1.com/content/dam/fom-website/drivers/L/LANNOR01_Lando_Norris/lannor01.png.transform/1col/image.png,GBR,9,7.0,,,,0 days 00:01:20.376000,Finished,2.0,51.0
2023,Azerbaijan Grand Prix,Race,Yuki Tsunoda,AlphaTauri,10.0,24.860625,41.209999999999994,49.225,1.083125,22,Y TSUNODA,TSU,tsunoda,5E8FAA,alphatauri,Yuki,Tsunoda,https://www.formula1.com/content/dam/fom-website/drivers/Y/YUKTSU01_Yuki_Tsunoda/yuktsu01.png.transform/1col/image.png,JPN,10,8.0,,,,0 days 00:01:23.862000,Finished,1.0,51.0
2023,Azerbaijan Grand Prix,Race,Oscar Piastri,McLaren,11.0,24.860625,41.209999999999994,49.225,1.083125,81,O PIASTRI,PIA,piastri,F58020,mclaren,Oscar,Piastri,https://www.formula1.com/content/dam/fom-website/drivers/O/OSCPIA01_Oscar_Piastri/oscpia01.png.transform/1col/image.png,AUS,11,10.0,,,,0 days 00:01:26.501000,Finished,0.0,51.0
2023,Azerbaijan Grand Prix,Race,Alexander Albon,Williams,12.0,24.860625,41.209999999999994,49.225,1.083125,23,A ALBON,ALB,albon,37BEDD,williams,Alexander,Albon,https://www.formula1.com/content/dam/fom-website/drivers/A/ALEALB01_Alexander_Albon/alealb01.png.transform/1col/image.png,THA,12,12.0,,,,0 days 00:01:28.623000,Finished,0.0,51.0
2023,Azerbaijan Grand Prix,Race,Kevin Magnussen,Haas F1 Team,13.0,24.860625,41.209999999999994,49.225,1.083125,20,K MAGNUSSEN,MAG,kevin_magnussen,B6BABD,haas,Kevin,Magnussen,https://www.formula1.com/content/dam/fom-website/drivers/K/KEVMAG01_Kevin_Magnussen/kevmag01.png.transform/1col/image.png,DEN,13,16.0,,,,0 days 00:01:29.729000,Finished,0.0,51.0
2023,Azerbaijan Grand Prix,Race,Pierre Gasly,Alpine,14.0,24.860625,41.209999999999994,49.225,1.083125,10,P GASLY,GAS,gasly,2293D1,alpine,Pierre,Gasly,https://www.formula1.com/content/dam/fom-website/drivers/P/PIEGAS01_Pierre_Gasly/piegas01.png.transform/1col/image.png,FRA,14,17.0,,,,0 days 00:01:31.332000,Finished,0.0,51.0
2023,Azerbaijan Grand Prix,Race,Esteban Ocon,Alpine,15.0,24.860625,41.209999999999994,49.225,1.083125,31,E OCON,OCO,ocon,2293D1,alpine,Esteban,Ocon,https://www.formula1.com/content/dam/fom-website/drivers/E/ESTOCO01_Esteban_Ocon/estoco01.png.transform/1col/image.png,FRA,15,19.0,,,,0 days 00:01:37.794000,Finished,0.0,51.0
2023,Azerbaijan Grand Prix,Race,Logan Sargeant,Williams,16.0,24.860625,41.209999999999994,49.225,1.083125,2,L SARGEANT,SAR,sargeant,37BEDD,williams,Logan,Sargeant,https://www.formula1.com/content/dam/fom-website/drivers/L/LOGSAR01_Logan_Sargeant/logsar01.png.transform/1col/image.png,USA,16,14.0,,,,0 days 00:01:40.943000,Finished,0.0,51.0
2023,Azerbaijan Grand Prix,Race,Nico Hulkenberg,Haas F1 Team,17.0,24.860625,41.209999999999994,49.225,1.083125,27,N HULKENBERG,HUL,hulkenberg,B6BABD,haas,Nico,Hulkenberg,https://www.formula1.com/content/dam/fom-website/drivers/N/NICHUL01_Nico_Hulkenberg/nichul01.png.transform/1col/image.png,GER,17,20.0,,,,0 days 00:00:09.937000,Lapped,0.0,50.0
2023,Azerbaijan Grand Prix,Race,Valtteri Bottas,Alfa Romeo,18.0,24.860625,41.209999999999994,49.225,1.083125,77,V BOTTAS,BOT,bottas,C92D4B,alfa,Valtteri,Bottas,https://www.formula1.com/content/dam/fom-website/drivers/V/VALBOT01_Valtteri_Bottas/valbot01.png.transform/1col/image.png,FIN,18,13.0,,,,0 days 00:00:19.098000,Lapped,0.0,50.0
2023,Azerbaijan Grand Prix,Race,Guanyu Zhou,Alfa Romeo,19.0,24.860625,41.209999999999994,49.225,1.083125,24,G ZHOU,ZHO,zhou,C92D4B,alfa,Guanyu,Zhou,https://www.formula1.com/content/dam/fom-website/drivers/G/GUAZHO01_Guanyu_Zhou/guazho01.png.transform/1col/image.png,CHN,R,15.0,,,,,Retired,0.0,36.0
2023,Azerbaijan Grand Prix,Race,Nyck De Vries,AlphaTauri,20.0,24.860625,41.209999999999994,49.225,1.083125,21,N DE VRIES,DEV,de_vries,5E8FAA,alphatauri,Nyck,De Vries,https://www.formula1.com/content/dam/fom-website/drivers/N/NYCDEV01_Nyck_De%20Vries/nycdev01.png.transform/1col/image.png,NED,R,18.0,,,,,Retired,0.0,9.0
2023,Azerbaijan Grand Prix,Qualifying,Charles Leclerc,Ferrari,1.0,19.461320754716983,33.08584905660377,80.62264150943396,0.7952830188679244,16,C LECLERC,LEC,leclerc,F91536,ferrari,Charles,Leclerc,https://www.formula1.com/content/dam/fom-website/drivers/C/CHALEC01_Charles_Leclerc/chalec01.png.transform/1col/image.png,MON,,,0 days 00:01:41.269000,0 days 00:01:41.037000,0 days 00:01:40.203000,,,,
2023,Azerbaijan Grand Prix,Qualifying,Max Verstappen,Red Bull Racing,2.0,19.461320754716983,33.08584905660377,80.62264150943396,0.7952830188679244,1,M VERSTAPPEN,VER,max_verstappen,3671C6,red_bull,Max,Verstappen,https://www.formula1.com/content/dam/fom-website/drivers/M/MAXVER01_Max_Verstappen/maxver01.png.transform/1col/image.png,NED,,,0 days 00:01:41.398000,0 days 00:01:40.822000,0 days 00:01:40.391000,,,,
2023,Azerbaijan Grand Prix,Qualifying,Sergio Perez,Red Bull Racing,3.0,19.461320754716983,33.08584905660377,80.62264150943396,0.7952830188679244,11,S PEREZ,PER,perez,3671C6,red_bull,Sergio,Perez,https://www.formula1.com/content/dam/fom-website/drivers/S/SERPER01_Sergio_Perez/serper01.png.transform/1col/image.png,MEX,,,0 days 00:01:41.131000,0 days 00:01:41.131000,0 days 00:01:40.495000,,,,
2023,Azerbaijan Grand Prix,Qualifying,Carlos Sainz,Ferrari,4.0,19.461320754716983,33.08584905660377,80.62264150943396,0.7952830188679244,55,C SAINZ,SAI,sainz,F91536,ferrari,Carlos,Sainz,https://www.formula1.com/content/dam/fom-website/drivers/C/CARSAI01_Carlos_Sainz/carsai01.png.transform/1col/image.png,ESP,,,0 days 00:01:42.197000,0 days 00:01:41.016000,0 days 00:01:41.016000,,,,
2023,Azerbaijan Grand Prix,Qualifying,Lewis Hamilton,Mercedes,5.0,19.461320754716983,33.08584905660377,80.62264150943396,0.7952830188679244,44,L HAMILTON,HAM,hamilton,6CD3BF,mercedes,Lewis,Hamilton,https://www.formula1.com/content/dam/fom-website/drivers/L/LEWHAM01_Lewis_Hamilton/lewham01.png.transform/1col/image.png,GBR,,,0 days 00:01:42.113000,0 days 00:01:41.177000,0 days 00:01:41.177000,,,,
2023,Azerbaijan Grand Prix,Qualifying,Fernando Alonso,Aston Martin,6.0,19.461320754716983,33.08584905660377,80.62264150943396,0.7952830188679244,14,F ALONSO,ALO,alonso,358C75,aston_martin,Fernando,Alonso,https://www.formula1.com/content/dam/fom-website/drivers/F/FERALO01_Fernando_Alonso/feralo01.png.transform/1col/image.png,ESP,,,0 days 00:01:41.720000,0 days 00:01:41.370000,0 days 00:01:41.253000,,,,
2023,Azerbaijan Grand Prix,Qualifying,Lando Norris,McLaren,7.0,19.461320754716983,33.08584905660377,80.62264150943396,0.7952830188679244,4,L NORRIS,NOR,norris,F58020,mclaren,Lando,Norris,https://www.formula1.com/content/dam/fom-website/drivers/L/LANNOR01_Lando_Norris/lannor01.png.transform/1col/image.png,GBR,,,0 days 00:01:42.154000,0 days 00:01:41.485000,0 days 00:01:41.281000,,,,
2023,Azerbaijan Grand Prix,Qualifying,Yuki Tsunoda,AlphaTauri,8.0,19.461320754716983,33.08584905660377,80.62264150943396,0.7952830188679244,22,Y TSUNODA,TSU,tsunoda,5E8FAA,alphatauri,Yuki,Tsunoda,https://www.formula1.com/content/dam/fom-website/drivers/Y/YUKTSU01_Yuki_Tsunoda/yuktsu01.png.transform/1col/image.png,JPN,,,0 days 00:01:42.234000,0 days 00:01:41.569000,0 days 00:01:41.581000,,,,
2023,Azerbaijan Grand Prix,Qualifying,Lance Stroll,Aston Martin,9.0,19.461320754716983,33.08584905660377,80.62264150943396,0.7952830188679244,18,L STROLL,STR,stroll,358C75,aston_martin,Lance,Stroll,https://www.formula1.com/content/dam/fom-website/drivers/L/LANSTR01_Lance_Stroll/lanstr01.png.transform/1col/image.png,CAN,,,0 days 00:01:42.524000,0 days 00:01:41.576000,0 days 00:01:41.611000,,,,
2023,Azerbaijan Grand Prix,Qualifying,Oscar Piastri,McLaren,10.0,19.461320754716983,33.08584905660377,80.62264150943396,0.7952830188679244,81,O PIASTRI,PIA,piastri,F58020,mclaren,Oscar,Piastri,https://www.formula1.com/content/dam/fom-website/drivers/O/OSCPIA01_Oscar_Piastri/oscpia01.png.transform/1col/image.png,AUS,,,0 days 00:01:42.455000,0 days 00:01:41.636000,0 days 00:01:41.611000,,,,
2023,Azerbaijan Grand Prix,Qualifying,George Russell,Mercedes,11.0,19.461320754716983,33.08584905660377,80.62264150943396,0.7952830188679244,63,G RUSSELL,RUS,russell,6CD3BF,mercedes,George,Russell,https://www.formula1.com/content/dam/fom-website/drivers/G/GEORUS01_George_Russell/georus01.png.transform/1col/image.png,GBR,,,0 days 00:01:42.073000,0 days 00:01:41.654000,,,,,
2023,Azerbaijan Grand Prix,Qualifying,Esteban Ocon,Alpine,12.0,19.461320754716983,33.08584905660377,80.62264150943396,0.7952830188679244,31,E OCON,OCO,ocon,2293D1,alpine,Esteban,Ocon,https://www.formula1.com/content/dam/fom-website/drivers/E/ESTOCO01_Esteban_Ocon/estoco01.png.transform/1col/image.png,FRA,,,0 days 00:01:42.622000,0 days 00:01:41.798000,,,,,
2023,Azerbaijan Grand Prix,Qualifying,Alexander Albon,Williams,13.0,19.461320754716983,33.08584905660377,80.62264150943396,0.7952830188679244,23,A ALBON,ALB,albon,37BEDD,williams,Alexander,Albon,https://www.formula1.com/content/dam/fom-website/drivers/A/ALEALB01_Alexander_Albon/alealb01.png.transform/1col/image.png,THA,,,0 days 00:01:42.171000,0 days 00:01:41.818000,,,,,
2023,Azerbaijan Grand Prix,Qualifying,Valtteri Bottas,Alfa Romeo,14.0,19.461320754716983,33.08584905660377,80.62264150943396,0.7952830188679244,77,V BOTTAS,BOT,bottas,C92D4B,alfa,Valtteri,Bottas,https://www.formula1.com/content/dam/fom-website/drivers/V/VALBOT01_Valtteri_Bottas/valbot01.png.transform/1col/image.png,FIN,,,0 days 00:01:42.582000,0 days 00:01:42.259000,,,,,
2023,Azerbaijan Grand Prix,Qualifying,Logan Sargeant,Williams,15.0,19.461320754716983,33.08584905660377,80.62264150943396,0.7952830188679244,2,L SARGEANT,SAR,sargeant,37BEDD,williams,Logan,Sargeant,https://www.formula1.com/content/dam/fom-website/drivers/L/LOGSAR01_Logan_Sargeant/logsar01.png.transform/1col/image.png,USA,,,0 days 00:01:42.242000,0 days 00:01:42.395000,,,,,
2023,Azerbaijan Grand Prix,Qualifying,Guanyu Zhou,Alfa Romeo,16.0,19.461320754716983,33.08584905660377,80.62264150943396,0.7952830188679244,24,G ZHOU,ZHO,zhou,C92D4B,alfa,Guanyu,Zhou,https://www.formula1.com/content/dam/fom-website/drivers/G/GUAZHO01_Guanyu_Zhou/guazho01.png.transform/1col/image.png,CHN,,,0 days 00:01:42.642000,,,,,,
2023,Azerbaijan Grand Prix,Qualifying,Nico Hulkenberg,Haas F1 Team,17.0,19.461320754716983,33.08584905660377,80.62264150943396,0.7952830188679244,27,N HULKENBERG,HUL,hulkenberg,B6BABD,haas,Nico,Hulkenberg,https://www.formula1.com/content/dam/fom-website/drivers/N/NICHUL01_Nico_Hulkenberg/nichul01.png.transform/1col/image.png,GER,,,0 days 00:01:42.755000,,,,,,
2023,Azerbaijan Grand Prix,Qualifying,Kevin Magnussen,Haas F1 Team,18.0,19.461320754716983,33.08584905660377,80.62264150943396,0.7952830188679244,20,K MAGNUSSEN,MAG,kevin_magnussen,B6BABD,haas,Kevin,Magnussen,https://www.formula1.com/content/dam/fom-website/drivers/K/KEVMAG01_Kevin_Magnussen/kevmag01.png.transform/1col/image.png,DEN,,,0 days 00:01:43.417000,,,,,,
2023,Azerbaijan Grand Prix,Qualifying,Pierre Gasly,Alpine,19.0,19.461320754716983,33.08584905660377,80.62264150943396,0.7952830188679244,10,P GASLY,GAS,gasly,2293D1,alpine,Pierre,Gasly,https://www.formula1.com/content/dam/fom-website/drivers/P/PIEGAS01_Pierre_Gasly/piegas01.png.transform/1col/image.png,FRA,,,0 days 00:01:44.853000,,,,,,
2023,Azerbaijan Grand Prix,Qualifying,Nyck De Vries,AlphaTauri,20.0,19.461320754716983,33.08584905660377,80.62264150943396,0.7952830188679244,21,N DE VRIES,DEV,de_vries,5E8FAA,alphatauri,Nyck,De Vries,https://www.formula1.com/content/dam/fom-website/drivers/N/NYCDEV01_Nyck_De%20Vries/nycdev01.png.transform/1col/image.png,NED,,,0 days 00:01:55.282000,,,,,,
2023,Azerbaijan Grand Prix,Sprint,Sergio Perez,Red Bull Racing,1.0,22.201219512195127,36.83170731707317,58.28048780487805,0.7304878048780489,11,S PEREZ,PER,perez,3671C6,red_bull,Sergio,Perez,https://www.formula1.com/content/dam/fom-website/drivers/S/SERPER01_Sergio_Perez/serper01.png.transform/1col/image.png,MEX,1,2.0,,,,0 days 00:33:17.667000,Finished,8.0,17.0
2023,Azerbaijan Grand Prix,Sprint,Charles Leclerc,Ferrari,2.0,22.201219512195127,36.83170731707317,58.28048780487805,0.7304878048780489,16,C LECLERC,LEC,leclerc,F91536,ferrari,Charles,Leclerc,https://www.formula1.com/content/dam/fom-website/drivers/C/CHALEC01_Charles_Leclerc/chalec01.png.transform/1col/image.png,MON,2,1.0,,,,0 days 00:00:04.463000,Finished,7.0,17.0
2023,Azerbaijan Grand Prix,Sprint,Max Verstappen,Red Bull Racing,3.0,22.201219512195127,36.83170731707317,58.28048780487805,0.7304878048780489,1,M VERSTAPPEN,VER,max_verstappen,3671C6,red_bull,Max,Verstappen,https://www.formula1.com/content/dam/fom-website/drivers/M/MAXVER01_Max_Verstappen/maxver01.png.transform/1col/image.png,NED,3,3.0,,,,0 days 00:00:05.065000,Finished,6.0,17.0
2023,Azerbaijan Grand Prix,Sprint,George Russell,Mercedes,4.0,22.201219512195127,36.83170731707317,58.28048780487805,0.7304878048780489,63,G RUSSELL,RUS,russell,6CD3BF,mercedes,George,Russell,https://www.formula1.com/content/dam/fom-website/drivers/G/GEORUS01_George_Russell/georus01.png.transform/1col/image.png,GBR,4,4.0,,,,0 days 00:00:03.467000,Finished,5.0,17.0
2023,Azerbaijan Grand Prix,Sprint,Carlos Sainz,Ferrari,5.0,22.201219512195127,36.83170731707317,58.28048780487805,0.7304878048780489,55,C SAINZ,SAI,sainz,F91536,ferrari,Carlos,Sainz,https://www.formula1.com/content/dam/fom-website/drivers/C/CARSAI01_Carlos_Sainz/carsai01.png.transform/1col/image.png,ESP,5,5.0,,,,0 days 00:00:10.388000,Finished,4.0,17.0
2023,Azerbaijan Grand Prix,Sprint,Fernando Alonso,Aston Martin,6.0,22.201219512195127,36.83170731707317,58.28048780487805,0.7304878048780489,14,F ALONSO,ALO,alonso,358C75,aston_martin,Fernando,Alonso,https://www.formula1.com/content/dam/fom-website/drivers/F/FERALO01_Fernando_Alonso/feralo01.png.transform/1col/image.png,ESP,6,8.0,,,,0 days 00:00:11.613000,Finished,3.0,17.0
2023,Azerbaijan Grand Prix,Sprint,Lewis Hamilton,Mercedes,7.0,22.201219512195127,36.83170731707317,58.28048780487805,0.7304878048780489,44,L HAMILTON,HAM,hamilton,6CD3BF,mercedes,Lewis,Hamilton,https://www.formula1.com/content/dam/fom-website/drivers/L/LEWHAM01_Lewis_Hamilton/lewham01.png.transform/1col/image.png,GBR,7,6.0,,,,0 days 00:00:04.890000,Finished,2.0,17.0
2023,Azerbaijan Grand Prix,Sprint,Lance Stroll,Aston Martin,8.0,22.201219512195127,36.83170731707317,58.28048780487805,0.7304878048780489,18,L STROLL,STR,stroll,358C75,aston_martin,Lance,Stroll,https://www.formula1.com/content/dam/fom-website/drivers/L/LANSTR01_Lance_Stroll/lanstr01.png.transform/1col/image.png,CAN,8,9.0,,,,0 days 00:00:18.417000,Finished,1.0,17.0
2023,Azerbaijan Grand Prix,Sprint,Alexander Albon,Williams,9.0,22.201219512195127,36.83170731707317,58.28048780487805,0.7304878048780489,23,A ALBON,ALB,albon,37BEDD,williams,Alexander,Albon,https://www.formula1.com/content/dam/fom-website/drivers/A/ALEALB01_Alexander_Albon/alealb01.png.transform/1col/image.png,THA,9,7.0,,,,0 days 00:00:21.757000,Finished,0.0,17.0
2023,Azerbaijan Grand Prix,Sprint,Oscar Piastri,McLaren,10.0,22.201219512195127,36.83170731707317,58.28048780487805,0.7304878048780489,81,O PIASTRI,PIA,piastri,F58020,mclaren,Oscar,Piastri,https://www.formula1.com/content/dam/fom-website/drivers/O/OSCPIA01_Oscar_Piastri/oscpia01.png.transform/1col/image.png,AUS,10,11.0,,,,0 days 00:00:22.851000,Finished,0.0,17.0
2023,Azerbaijan Grand Prix,Sprint,Kevin Magnussen,Haas F1 Team,11.0,22.201219512195127,36.83170731707317,58.28048780487805,0.7304878048780489,20,K MAGNUSSEN,MAG,kevin_magnussen,B6BABD,haas,Kevin,Magnussen,https://www.formula1.com/content/dam/fom-website/drivers/K/KEVMAG01_Kevin_Magnussen/kevmag01.png.transform/1col/image.png,DEN,11,13.0,,,,0 days 00:00:27.990000,Finished,0.0,17.0
2023,Azerbaijan Grand Prix,Sprint,Guanyu Zhou,Alfa Romeo,12.0,22.201219512195127,36.83170731707317,58.28048780487805,0.7304878048780489,24,G ZHOU,ZHO,zhou,C92D4B,alfa,Guanyu,Zhou,https://www.formula1.com/content/dam/fom-website/drivers/G/GUAZHO01_Guanyu_Zhou/guazho01.png.transform/1col/image.png,CHN,12,14.0,,,,0 days 00:00:34.602000,Finished,0.0,17.0
2023,Azerbaijan Grand Prix,Sprint,Pierre Gasly,Alpine,13.0,22.201219512195127,36.83170731707317,58.28048780487805,0.7304878048780489,10,P GASLY,GAS,gasly,2293D1,alpine,Pierre,Gasly,https://www.formula1.com/content/dam/fom-website/drivers/P/PIEGAS01_Pierre_Gasly/piegas01.png.transform/1col/image.png,FRA,13,17.0,,,,0 days 00:00:36.918000,Finished,0.0,17.0
2023,Azerbaijan Grand Prix,Sprint,Nyck De Vries,AlphaTauri,14.0,22.201219512195127,36.83170731707317,58.28048780487805,0.7304878048780489,21,N DE VRIES,DEV,de_vries,5E8FAA,alphatauri,Nyck,De Vries,https://www.formula1.com/content/dam/fom-website/drivers/N/NYCDEV01_Nyck_De%20Vries/nycdev01.png.transform/1col/image.png,NED,14,18.0,,,,0 days 00:00:41.626000,Finished,0.0,17.0
2023,Azerbaijan Grand Prix,Sprint,Nico Hulkenberg,Haas F1 Team,15.0,22.201219512195127,36.83170731707317,58.28048780487805,0.7304878048780489,27,N HULKENBERG,HUL,hulkenberg,B6BABD,haas,Nico,Hulkenberg,https://www.formula1.com/content/dam/fom-website/drivers/N/NICHUL01_Nico_Hulkenberg/nichul01.png.transform/1col/image.png,GER,15,12.0,,,,0 days 00:00:48.587000,Finished,0.0,17.0
2023,Azerbaijan Grand Prix,Sprint,Valtteri Bottas,Alfa Romeo,16.0,22.201219512195127,36.83170731707317,58.28048780487805,0.7304878048780489,77,V BOTTAS,BOT,bottas,C92D4B,alfa,Valtteri,Bottas,https://www.formula1.com/content/dam/fom-website/drivers/V/VALBOT01_Valtteri_Bottas/valbot01.png.transform/1col/image.png,FIN,16,15.0,,,,0 days 00:00:49.917000,Finished,0.0,17.0
2023,Azerbaijan Grand Prix,Sprint,Lando Norris,McLaren,17.0,22.201219512195127,36.83170731707317,58.28048780487805,0.7304878048780489,4,L NORRIS,NOR,norris,F58020,mclaren,Lando,Norris,https://www.formula1.com/content/dam/fom-website/drivers/L/LANNOR01_Lando_Norris/lannor01.png.transform/1col/image.png,GBR,17,10.0,,,,0 days 00:00:51.104000,Finished,0.0,17.0
2023,Azerbaijan Grand Prix,Sprint,Esteban Ocon,Alpine,18.0,22.201219512195127,36.83170731707317,58.28048780487805,0.7304878048780489,31,E OCON,OCO,ocon,2293D1,alpine,Esteban,Ocon,https://www.formula1.com/content/dam/fom-website/drivers/E/ESTOCO01_Esteban_Ocon/estoco01.png.transform/1col/image.png,FRA,18,0.0,,,,0 days 00:01:00.621000,Finished,0.0,17.0
2023,Azerbaijan Grand Prix,Sprint,Yuki Tsunoda,AlphaTauri,19.0,22.201219512195127,36.83170731707317,58.28048780487805,0.7304878048780489,22,Y TSUNODA,TSU,tsunoda,5E8FAA,alphatauri,Yuki,Tsunoda,https://www.formula1.com/content/dam/fom-website/drivers/Y/YUKTSU01_Yuki_Tsunoda/yuktsu01.png.transform/1col/image.png,JPN,R,16.0,,,,,Collision damage,0.0,2.0
2023,Azerbaijan Grand Prix,Sprint,Logan Sargeant,Williams,,22.201219512195127,36.83170731707317,58.28048780487805,0.7304878048780489,2,nan,SAR,sargeant,nan,williams,Logan,Sargeant,nan,nan,R,,,,,,Accident,0.0,0.0
2023,Azerbaijan Grand Prix,Practice 1,Max Verstappen,Red Bull Racing,,20.61566265060241,44.473493975903615,76.33734939759036,1.1518072289156627,1,M VERSTAPPEN,VER,max_verstappen,3671C6,red_bull,Max,Verstappen,https://www.formula1.com/content/dam/fom-website/drivers/M/MAXVER01_Max_Verstappen/maxver01.png.transform/1col/image.png,NED,,,,,,,,,
2023,Azerbaijan Grand Prix,Practice 1,Logan Sargeant,Williams,,20.61566265060241,44.473493975903615,76.33734939759036,1.1518072289156627,2,L SARGEANT,SAR,sargeant,37BEDD,williams,Logan,Sargeant,https://www.formula1.com/content/dam/fom-website/drivers/L/LOGSAR01_Logan_Sargeant/logsar01.png.transform/1col/image.png,USA,,,,,,,,,
2023,Azerbaijan Grand Prix,Practice 1,Lando Norris,McLaren,,20.61566265060241,44.473493975903615,76.33734939759036,1.1518072289156627,4,L NORRIS,NOR,norris,F58020,mclaren,Lando,Norris,https://www.formula1.com/content/dam/fom-website/drivers/L/LANNOR01_Lando_Norris/lannor01.png.transform/1col/image.png,GBR,,,,,,,,,
2023,Azerbaijan Grand Prix,Practice 1,Pierre Gasly,Alpine,,20.61566265060241,44.473493975903615,76.33734939759036,1.1518072289156627,10,P GASLY,GAS,gasly,2293D1,alpine,Pierre,Gasly,https://www.formula1.com/content/dam/fom-website/drivers/P/PIEGAS01_Pierre_Gasly/piegas01.png.transform/1col/image.png,FRA,,,,,,,,,
2023,Azerbaijan Grand Prix,Practice 1,Sergio Perez,Red Bull Racing,,20.61566265060241,44.473493975903615,76.33734939759036,1.1518072289156627,11,S PEREZ,PER,perez,3671C6,red_bull,Sergio,Perez,https://www.formula1.com/content/dam/fom-website/drivers/S/SERPER01_Sergio_Perez/serper01.png.transform/1col/image.png,MEX,,,,,,,,,
2023,Azerbaijan Grand Prix,Practice 1,Fernando Alonso,Aston Martin,,20.61566265060241,44.473493975903615,76.33734939759036,1.1518072289156627,14,F ALONSO,ALO,alonso,358C75,aston_martin,Fernando,Alonso,https://www.formula1.com/content/dam/fom-website/drivers/F/FERALO01_Fernando_Alonso/feralo01.png.transform/1col/image.png,ESP,,,,,,,,,
2023,Azerbaijan Grand Prix,Practice 1,Charles Leclerc,Ferrari,,20.61566265060241,44.473493975903615,76.33734939759036,1.1518072289156627,16,C LECLERC,LEC,leclerc,F91536,ferrari,Charles,Leclerc,https://www.formula1.com/content/dam/fom-website/drivers/C/CHALEC01_Charles_Leclerc/chalec01.png.transform/1col/image.png,MON,,,,,,,,,
2023,Azerbaijan Grand Prix,Practice 1,Lance Stroll,Aston Martin,,20.61566265060241,44.473493975903615,76.33734939759036,1.1518072289156627,18,L STROLL,STR,stroll,358C75,aston_martin,Lance,Stroll,https://www.formula1.com/content/dam/fom-website/drivers/L/LANSTR01_Lance_Stroll/lanstr01.png.transform/1col/image.png,CAN,,,,,,,,,
2023,Azerbaijan Grand Prix,Practice 1,Kevin Magnussen,Haas F1 Team,,20.61566265060241,44.473493975903615,76.33734939759036,1.1518072289156627,20,K MAGNUSSEN,MAG,kevin_magnussen,B6BABD,haas,Kevin,Magnussen,https://www.formula1.com/content/dam/fom-website/drivers/K/KEVMAG01_Kevin_Magnussen/kevmag01.png.transform/1col/image.png,DEN,,,,,,,,,
2023,Azerbaijan Grand Prix,Practice 1,Nyck De Vries,AlphaTauri,,20.61566265060241,44.473493975903615,76.33734939759036,1.1518072289156627,21,N DE VRIES,DEV,de_vries,5E8FAA,alphatauri,Nyck,De Vries,https://www.formula1.com/content/dam/fom-website/drivers/N/NYCDEV01_Nyck_De%20Vries/nycdev01.png.transform/1col/image.png,NED,,,,,,,,,
2023,Azerbaijan Grand Prix,Practice 1,Yuki Tsunoda,AlphaTauri,,20.61566265060241,44.473493975903615,76.33734939759036,1.1518072289156627,22,Y TSUNODA,TSU,tsunoda,5E8FAA,alphatauri,Yuki,Tsunoda,https://www.formula1.com/content/dam/fom-website/drivers/Y/YUKTSU01_Yuki_Tsunoda/yuktsu01.png.transform/1col/image.png,JPN,,,,,,,,,
2023,Azerbaijan Grand Prix,Practice 1,Alexander Albon,Williams,,20.61566265060241,44.473493975903615,76.33734939759036,1.1518072289156627,23,A ALBON,ALB,albon,37BEDD,williams,Alexander,Albon,https://www.formula1.com/content/dam/fom-website/drivers/A/ALEALB01_Alexander_Albon/alealb01.png.transform/1col/image.png,THA,,,,,,,,,
2023,Azerbaijan Grand Prix,Practice 1,Guanyu Zhou,Alfa Romeo,,20.61566265060241,44.473493975903615,76.33734939759036,1.1518072289156627,24,G ZHOU,ZHO,zhou,C92D4B,alfa,Guanyu,Zhou,https://www.formula1.com/content/dam/fom-website/drivers/G/GUAZHO01_Guanyu_Zhou/guazho01.png.transform/1col/image.png,CHN,,,,,,,,,
2023,Azerbaijan Grand Prix,Practice 1,Nico Hulkenberg,Haas F1 Team,,20.61566265060241,44.473493975903615,76.33734939759036,1.1518072289156627,27,N HULKENBERG,HUL,hulkenberg,B6BABD,haas,Nico,Hulkenberg,https://www.formula1.com/content/dam/fom-website/drivers/N/NICHUL01_Nico_Hulkenberg/nichul01.png.transform/1col/image.png,GER,,,,,,,,,
2023,Azerbaijan Grand Prix,Practice 1,Esteban Ocon,Alpine,,20.61566265060241,44.473493975903615,76.33734939759036,1.1518072289156627,31,E OCON,OCO,ocon,2293D1,alpine,Esteban,Ocon,https://www.formula1.com/content/dam/fom-website/drivers/E/ESTOCO01_Esteban_Ocon/estoco01.png.transform/1col/image.png,FRA,,,,,,,,,
2023,Azerbaijan Grand Prix,Practice 1,Lewis Hamilton,Mercedes,,20.61566265060241,44.473493975903615,76.33734939759036,1.1518072289156627,44,L HAMILTON,HAM,hamilton,6CD3BF,mercedes,Lewis,Hamilton,https://www.formula1.com/content/dam/fom-website/drivers/L/LEWHAM01_Lewis_Hamilton/lewham01.png.transform/1col/image.png,GBR,,,,,,,,,
2023,Azerbaijan Grand Prix,Practice 1,Carlos Sainz,Ferrari,,20.61566265060241,44.473493975903615,76.33734939759036,1.1518072289156627,55,C SAINZ,SAI,sainz,F91536,ferrari,Carlos,Sainz,https://www.formula1.com/content/dam/fom-website/drivers/C/CARSAI01_Carlos_Sainz/carsai01.png.transform/1col/image.png,ESP,,,,,,,,,
2023,Azerbaijan Grand Prix,Practice 1,George Russell,Mercedes,,20.61566265060241,44.473493975903615,76.33734939759036,1.1518072289156627,63,G RUSSELL,RUS,russell,6CD3BF,mercedes,George,Russell,https://www.formula1.com/content/dam/fom-website/drivers/G/GEORUS01_George_Russell/georus01.png.transform/1col/image.png,GBR,,,,,,,,,
2023,Azerbaijan Grand Prix,Practice 1,Valtteri Bottas,Alfa Romeo,,20.61566265060241,44.473493975903615,76.33734939759036,1.1518072289156627,77,V BOTTAS,BOT,bottas,C92D4B,alfa,Valtteri,Bottas,https://www.formula1.com/content/dam/fom-website/drivers/V/VALBOT01_Valtteri_Bottas/valbot01.png.transform/1col/image.png,FIN,,,,,,,,,
2023,Azerbaijan Grand Prix,Practice 1,Oscar Piastri,McLaren,,20.61566265060241,44.473493975903615,76.33734939759036,1.1518072289156627,81,O PIASTRI,PIA,piastri,F58020,mclaren,Oscar,Piastri,https://www.formula1.com/content/dam/fom-website/drivers/O/OSCPIA01_Oscar_Piastri/oscpia01.png.transform/1col/image.png,AUS,,,,,,,,,
2023,Miami Grand Prix,Race,Max Verstappen,Red Bull Racing,1.0,27.11741935483871,36.689032258064515,59.42580645161291,3.970322580645162,1,M VERSTAPPEN,VER,max_verstappen,3671C6,red_bull,Max,Verstappen,https://www.formula1.com/content/dam/fom-website/drivers/M/MAXVER01_Max_Verstappen/maxver01.png.transform/1col/image.png,NED,1,9.0,,,,0 days 01:27:38.241000,Finished,26.0,57.0
2023,Miami Grand Prix,Race,Sergio Perez,Red Bull Racing,2.0,27.11741935483871,36.689032258064515,59.42580645161291,3.970322580645162,11,S PEREZ,PER,perez,3671C6,red_bull,Sergio,Perez,https://www.formula1.com/content/dam/fom-website/drivers/S/SERPER01_Sergio_Perez/serper01.png.transform/1col/image.png,MEX,2,1.0,,,,0 days 00:00:05.384000,Finished,18.0,57.0
2023,Miami Grand Prix,Race,Fernando Alonso,Aston Martin,3.0,27.11741935483871,36.689032258064515,59.42580645161291,3.970322580645162,14,F ALONSO,ALO,alonso,358C75,aston_martin,Fernando,Alonso,https://www.formula1.com/content/dam/fom-website/drivers/F/FERALO01_Fernando_Alonso/feralo01.png.transform/1col/image.png,ESP,3,2.0,,,,0 days 00:00:26.305000,Finished,15.0,57.0
2023,Miami Grand Prix,Race,George Russell,Mercedes,4.0,27.11741935483871,36.689032258064515,59.42580645161291,3.970322580645162,63,G RUSSELL,RUS,russell,6CD3BF,mercedes,George,Russell,https://www.formula1.com/content/dam/fom-website/drivers/G/GEORUS01_George_Russell/georus01.png.transform/1col/image.png,GBR,4,6.0,,,,0 days 00:00:33.229000,Finished,12.0,57.0
2023,Miami Grand Prix,Race,Carlos Sainz,Ferrari,5.0,27.11741935483871,36.689032258064515,59.42580645161291,3.970322580645162,55,C SAINZ,SAI,sainz,F91536,ferrari,Carlos,Sainz,https://www.formula1.com/content/dam/fom-website/drivers/C/CARSAI01_Carlos_Sainz/carsai01.png.transform/1col/image.png,ESP,5,3.0,,,,0 days 00:00:42.511000,Finished,10.0,57.0
2023,Miami Grand Prix,Race,Lewis Hamilton,Mercedes,6.0,27.11741935483871,36.689032258064515,59.42580645161291,3.970322580645162,44,L HAMILTON,HAM,hamilton,6CD3BF,mercedes,Lewis,Hamilton,https://www.formula1.com/content/dam/fom-website/drivers/L/LEWHAM01_Lewis_Hamilton/lewham01.png.transform/1col/image.png,GBR,6,13.0,,,,0 days 00:00:51.249000,Finished,8.0,57.0
2023,Miami Grand Prix,Race,Charles Leclerc,Ferrari,7.0,27.11741935483871,36.689032258064515,59.42580645161291,3.970322580645162,16,C LECLERC,LEC,leclerc,F91536,ferrari,Charles,Leclerc,https://www.formula1.com/content/dam/fom-website/drivers/C/CHALEC01_Charles_Leclerc/chalec01.png.transform/1col/image.png,MON,7,7.0,,,,0 days 00:00:52.988000,Finished,6.0,57.0
2023,Miami Grand Prix,Race,Pierre Gasly,Alpine,8.0,27.11741935483871,36.689032258064515,59.42580645161291,3.970322580645162,10,P GASLY,GAS,gasly,2293D1,alpine,Pierre,Gasly,https://www.formula1.com/content/dam/fom-website/drivers/P/PIEGAS01_Pierre_Gasly/piegas01.png.transform/1col/image.png,FRA,8,5.0,,,,0 days 00:00:55.670000,Finished,4.0,57.0
2023,Miami Grand Prix,Race,Esteban Ocon,Alpine,9.0,27.11741935483871,36.689032258064515,59.42580645161291,3.970322580645162,31,E OCON,OCO,ocon,2293D1,alpine,Esteban,Ocon,https://www.formula1.com/content/dam/fom-website/drivers/E/ESTOCO01_Esteban_Ocon/estoco01.png.transform/1col/image.png,FRA,9,8.0,,,,0 days 00:00:58.123000,Finished,2.0,57.0
2023,Miami Grand Prix,Race,Kevin Magnussen,Haas F1 Team,10.0,27.11741935483871,36.689032258064515,59.42580645161291,3.970322580645162,20,K MAGNUSSEN,MAG,kevin_magnussen,B6BABD,haas,Kevin,Magnussen,https://www.formula1.com/content/dam/fom-website/drivers/K/KEVMAG01_Kevin_Magnussen/kevmag01.png.transform/1col/image.png,DEN,10,4.0,,,,0 days 00:01:02.945000,Finished,1.0,57.0
2023,Miami Grand Prix,Race,Yuki Tsunoda,AlphaTauri,11.0,27.11741935483871,36.689032258064515,59.42580645161291,3.970322580645162,22,Y TSUNODA,TSU,tsunoda,5E8FAA,alphatauri,Yuki,Tsunoda,https://www.formula1.com/content/dam/fom-website/drivers/Y/YUKTSU01_Yuki_Tsunoda/yuktsu01.png.transform/1col/image.png,JPN,11,17.0,,,,0 days 00:01:04.309000,Finished,0.0,57.0
2023,Miami Grand Prix,Race,Lance Stroll,Aston Martin,12.0,27.11741935483871,36.689032258064515,59.42580645161291,3.970322580645162,18,L STROLL,STR,stroll,358C75,aston_martin,Lance,Stroll,https://www.formula1.com/content/dam/fom-website/drivers/L/LANSTR01_Lance_Stroll/lanstr01.png.transform/1col/image.png,CAN,12,18.0,,,,0 days 00:01:04.754000,Finished,0.0,57.0
2023,Miami Grand Prix,Race,Valtteri Bottas,Alfa Romeo,13.0,27.11741935483871,36.689032258064515,59.42580645161291,3.970322580645162,77,V BOTTAS,BOT,bottas,C92D4B,alfa,Valtteri,Bottas,https://www.formula1.com/content/dam/fom-website/drivers/V/VALBOT01_Valtteri_Bottas/valbot01.png.transform/1col/image.png,FIN,13,10.0,,,,0 days 00:01:11.637000,Finished,0.0,57.0
2023,Miami Grand Prix,Race,Alexander Albon,Williams,14.0,27.11741935483871,36.689032258064515,59.42580645161291,3.970322580645162,23,A ALBON,ALB,albon,37BEDD,williams,Alexander,Albon,https://www.formula1.com/content/dam/fom-website/drivers/A/ALEALB01_Alexander_Albon/alealb01.png.transform/1col/image.png,THA,14,11.0,,,,0 days 00:01:12.861000,Finished,0.0,57.0
2023,Miami Grand Prix,Race,Nico Hulkenberg,Haas F1 Team,15.0,27.11741935483871,36.689032258064515,59.42580645161291,3.970322580645162,27,N HULKENBERG,HUL,hulkenberg,B6BABD,haas,Nico,Hulkenberg,https://www.formula1.com/content/dam/fom-website/drivers/N/NICHUL01_Nico_Hulkenberg/nichul01.png.transform/1col/image.png,GER,15,12.0,,,,0 days 00:01:14.950000,Finished,0.0,57.0
2023,Miami Grand Prix,Race,Guanyu Zhou,Alfa Romeo,16.0,27.11741935483871,36.689032258064515,59.42580645161291,3.970322580645162,24,G ZHOU,ZHO,zhou,C92D4B,alfa,Guanyu,Zhou,https://www.formula1.com/content/dam/fom-website/drivers/G/GUAZHO01_Guanyu_Zhou/guazho01.png.transform/1col/image.png,CHN,16,14.0,,,,0 days 00:01:18.440000,Finished,0.0,57.0
2023,Miami Grand Prix,Race,Lando Norris,McLaren,17.0,27.11741935483871,36.689032258064515,59.42580645161291,3.970322580645162,4,L NORRIS,NOR,norris,F58020,mclaren,Lando,Norris,https://www.formula1.com/content/dam/fom-website/drivers/L/LANNOR01_Lando_Norris/lannor01.png.transform/1col/image.png,GBR,17,16.0,,,,0 days 00:01:27.717000,Finished,0.0,57.0
2023,Miami Grand Prix,Race,Nyck De Vries,AlphaTauri,18.0,27.11741935483871,36.689032258064515,59.42580645161291,3.970322580645162,21,N DE VRIES,DEV,de_vries,5E8FAA,alphatauri,Nyck,De Vries,https://www.formula1.com/content/dam/fom-website/drivers/N/NYCDEV01_Nyck_De%20Vries/nycdev01.png.transform/1col/image.png,NED,18,15.0,,,,0 days 00:01:28.949000,Finished,0.0,57.0
2023,Miami Grand Prix,Race,Oscar Piastri,McLaren,19.0,27.11741935483871,36.689032258064515,59.42580645161291,3.970322580645162,81,O PIASTRI,PIA,piastri,F58020,mclaren,Oscar,Piastri,https://www.formula1.com/content/dam/fom-website/drivers/O/OSCPIA01_Oscar_Piastri/oscpia01.png.transform/1col/image.png,AUS,19,19.0,,,,0 days 00:00:20.510000,Lapped,0.0,56.0
2023,Miami Grand Prix,Race,Logan Sargeant,Williams,20.0,27.11741935483871,36.689032258064515,59.42580645161291,3.970322580645162,2,L SARGEANT,SAR,sargeant,37BEDD,williams,Logan,Sargeant,https://www.formula1.com/content/dam/fom-website/drivers/L/LOGSAR01_Logan_Sargeant/logsar01.png.transform/1col/image.png,USA,20,20.0,,,,0 days 00:00:34.388000,Lapped,0.0,56.0
2023,Miami Grand Prix,Qualifying,Sergio Perez,Red Bull Racing,1.0,28.64482758620689,43.26666666666666,59.206896551724135,3.4379310344827574,11,S PEREZ,PER,perez,3671C6,red_bull,Sergio,Perez,https://www.formula1.com/content/dam/fom-website/drivers/S/SERPER01_Sergio_Perez/serper01.png.transform/1col/image.png,MEX,,,0 days 00:01:27.713000,0 days 00:01:27.328000,0 days 00:01:26.841000,,,,
2023,Miami Grand Prix,Qualifying,Fernando Alonso,Aston Martin,2.0,28.64482758620689,43.26666666666666,59.206896551724135,3.4379310344827574,14,F ALONSO,ALO,alonso,358C75,aston_martin,Fernando,Alonso,https://www.formula1.com/content/dam/fom-website/drivers/F/FERALO01_Fernando_Alonso/feralo01.png.transform/1col/image.png,ESP,,,0 days 00:01:28.179000,0 days 00:01:27.097000,0 days 00:01:27.202000,,,,
2023,Miami Grand Prix,Qualifying,Carlos Sainz,Ferrari,3.0,28.64482758620689,43.26666666666666,59.206896551724135,3.4379310344827574,55,C SAINZ,SAI,sainz,F91536,ferrari,Carlos,Sainz,https://www.formula1.com/content/dam/fom-website/drivers/C/CARSAI01_Carlos_Sainz/carsai01.png.transform/1col/image.png,ESP,,,0 days 00:01:27.686000,0 days 00:01:27.148000,0 days 00:01:27.349000,,,,
2023,Miami Grand Prix,Qualifying,Kevin Magnussen,Haas F1 Team,4.0,28.64482758620689,43.26666666666666,59.206896551724135,3.4379310344827574,20,K MAGNUSSEN,MAG,kevin_magnussen,B6BABD,haas,Kevin,Magnussen,https://www.formula1.com/content/dam/fom-website/drivers/K/KEVMAG01_Kevin_Magnussen/kevmag01.png.transform/1col/image.png,DEN,,,0 days 00:01:27.809000,0 days 00:01:27.673000,0 days 00:01:27.767000,,,,
2023,Miami Grand Prix,Qualifying,Pierre Gasly,Alpine,5.0,28.64482758620689,43.26666666666666,59.206896551724135,3.4379310344827574,10,P GASLY,GAS,gasly,2293D1,alpine,Pierre,Gasly,https://www.formula1.com/content/dam/fom-website/drivers/P/PIEGAS01_Pierre_Gasly/piegas01.png.transform/1col/image.png,FRA,,,0 days 00:01:28.061000,0 days 00:01:27.612000,0 days 00:01:27.786000,,,,
2023,Miami Grand Prix,Qualifying,George Russell,Mercedes,6.0,28.64482758620689,43.26666666666666,59.206896551724135,3.4379310344827574,63,G RUSSELL,RUS,russell,6CD3BF,mercedes,George,Russell,https://www.formula1.com/content/dam/fom-website/drivers/G/GEORUS01_George_Russell/georus01.png.transform/1col/image.png,GBR,,,0 days 00:01:28.086000,0 days 00:01:27.743000,0 days 00:01:27.804000,,,,
2023,Miami Grand Prix,Qualifying,Charles Leclerc,Ferrari,7.0,28.64482758620689,43.26666666666666,59.206896551724135,3.4379310344827574,16,C LECLERC,LEC,leclerc,F91536,ferrari,Charles,Leclerc,https://www.formula1.com/content/dam/fom-website/drivers/C/CHALEC01_Charles_Leclerc/chalec01.png.transform/1col/image.png,MON,,,0 days 00:01:27.713000,0 days 00:01:26.964000,0 days 00:01:27.861000,,,,
2023,Miami Grand Prix,Qualifying,Esteban Ocon,Alpine,8.0,28.64482758620689,43.26666666666666,59.206896551724135,3.4379310344827574,31,E OCON,OCO,ocon,2293D1,alpine,Esteban,Ocon,https://www.formula1.com/content/dam/fom-website/drivers/E/ESTOCO01_Esteban_Ocon/estoco01.png.transform/1col/image.png,FRA,,,0 days 00:01:27.872000,0 days 00:01:27.444000,0 days 00:01:27.935000,,,,
2023,Miami Grand Prix,Qualifying,Max Verstappen,Red Bull Racing,9.0,28.64482758620689,43.26666666666666,59.206896551724135,3.4379310344827574,1,M VERSTAPPEN,VER,max_verstappen,3671C6,red_bull,Max,Verstappen,https://www.formula1.com/content/dam/fom-website/drivers/M/MAXVER01_Max_Verstappen/maxver01.png.transform/1col/image.png,NED,,,0 days 00:01:27.363000,0 days 00:01:26.814000,,,,,
2023,Miami Grand Prix,Qualifying,Valtteri Bottas,Alfa Romeo,10.0,28.64482758620689,43.26666666666666,59.206896551724135,3.4379310344827574,77,V BOTTAS,BOT,bottas,C92D4B,alfa,Valtteri,Bottas,https://www.formula1.com/content/dam/fom-website/drivers/V/VALBOT01_Valtteri_Bottas/valbot01.png.transform/1col/image.png,FIN,,,0 days 00:01:27.864000,0 days 00:01:27.564000,,,,,
2023,Miami Grand Prix,Qualifying,Alexander Albon,Williams,11.0,28.64482758620689,43.26666666666666,59.206896551724135,3.4379310344827574,23,A ALBON,ALB,albon,37BEDD,williams,Alexander,Albon,https://www.formula1.com/content/dam/fom-website/drivers/A/ALEALB01_Alexander_Albon/alealb01.png.transform/1col/image.png,THA,,,0 days 00:01:28.234000,0 days 00:01:27.795000,,,,,
2023,Miami Grand Prix,Qualifying,Nico Hulkenberg,Haas F1 Team,12.0,28.64482758620689,43.26666666666666,59.206896551724135,3.4379310344827574,27,N HULKENBERG,HUL,hulkenberg,B6BABD,haas,Nico,Hulkenberg,https://www.formula1.com/content/dam/fom-website/drivers/N/NICHUL01_Nico_Hulkenberg/nichul01.png.transform/1col/image.png,GER,,,0 days 00:01:27.945000,0 days 00:01:27.903000,,,,,
2023,Miami Grand Prix,Qualifying,Lewis Hamilton,Mercedes,13.0,28.64482758620689,43.26666666666666,59.206896551724135,3.4379310344827574,44,L HAMILTON,HAM,hamilton,6CD3BF,mercedes,Lewis,Hamilton,https://www.formula1.com/content/dam/fom-website/drivers/L/LEWHAM01_Lewis_Hamilton/lewham01.png.transform/1col/image.png,GBR,,,0 days 00:01:27.846000,0 days 00:01:27.975000,,,,,
2023,Miami Grand Prix,Qualifying,Guanyu Zhou,Alfa Romeo,14.0,28.64482758620689,43.26666666666666,59.206896551724135,3.4379310344827574,24,G ZHOU,ZHO,zhou,C92D4B,alfa,Guanyu,Zhou,https://www.formula1.com/content/dam/fom-website/drivers/G/GUAZHO01_Guanyu_Zhou/guazho01.png.transform/1col/image.png,CHN,,,0 days 00:01:28.180000,0 days 00:01:28.091000,,,,,
2023,Miami Grand Prix,Qualifying,Nyck De Vries,AlphaTauri,15.0,28.64482758620689,43.26666666666666,59.206896551724135,3.4379310344827574,21,N DE VRIES,DEV,de_vries,5E8FAA,alphatauri,Nyck,De Vries,https://www.formula1.com/content/dam/fom-website/drivers/N/NYCDEV01_Nyck_De%20Vries/nycdev01.png.transform/1col/image.png,NED,,,0 days 00:01:28.325000,0 days 00:01:28.395000,,,,,
2023,Miami Grand Prix,Qualifying,Lando Norris,McLaren,16.0,28.64482758620689,43.26666666666666,59.206896551724135,3.4379310344827574,4,L NORRIS,NOR,norris,F58020,mclaren,Lando,Norris,https://www.formula1.com/content/dam/fom-website/drivers/L/LANNOR01_Lando_Norris/lannor01.png.transform/1col/image.png,GBR,,,0 days 00:01:28.394000,,,,,,
2023,Miami Grand Prix,Qualifying,Yuki Tsunoda,AlphaTauri,17.0,28.64482758620689,43.26666666666666,59.206896551724135,3.4379310344827574,22,Y TSUNODA,TSU,tsunoda,5E8FAA,alphatauri,Yuki,Tsunoda,https://www.formula1.com/content/dam/fom-website/drivers/Y/YUKTSU01_Yuki_Tsunoda/yuktsu01.png.transform/1col/image.png,JPN,,,0 days 00:01:28.429000,,,,,,
2023,Miami Grand Prix,Qualifying,Lance Stroll,Aston Martin,18.0,28.64482758620689,43.26666666666666,59.206896551724135,3.4379310344827574,18,L STROLL,STR,stroll,358C75,aston_martin,Lance,Stroll,https://www.formula1.com/content/dam/fom-website/drivers/L/LANSTR01_Lance_Stroll/lanstr01.png.transform/1col/image.png,CAN,,,0 days 00:01:28.476000,,,,,,
2023,Miami Grand Prix,Qualifying,Oscar Piastri,McLaren,19.0,28.64482758620689,43.26666666666666,59.206896551724135,3.4379310344827574,81,O PIASTRI,PIA,piastri,F58020,mclaren,Oscar,Piastri,https://www.formula1.com/content/dam/fom-website/drivers/O/OSCPIA01_Oscar_Piastri/oscpia01.png.transform/1col/image.png,AUS,,,0 days 00:01:28.484000,,,,,,
2023,Miami Grand Prix,Qualifying,Logan Sargeant,Williams,20.0,28.64482758620689,43.26666666666666,59.206896551724135,3.4379310344827574,2,L SARGEANT,SAR,sargeant,37BEDD,williams,Logan,Sargeant,https://www.formula1.com/content/dam/fom-website/drivers/L/LOGSAR01_Logan_Sargeant/logsar01.png.transform/1col/image.png,USA,,,0 days 00:01:28.577000,,,,,,
2023,Miami Grand Prix,Practice 1,Max Verstappen,Red Bull Racing,,29.459259259259255,49.36296296296297,46.48148148148148,2.84320987654321,1,M VERSTAPPEN,VER,max_verstappen,3671C6,red_bull,Max,Verstappen,https://www.formula1.com/content/dam/fom-website/drivers/M/MAXVER01_Max_Verstappen/maxver01.png.transform/1col/image.png,NED,,,,,,,,,
2023,Miami Grand Prix,Practice 1,Logan Sargeant,Williams,,29.459259259259255,49.36296296296297,46.48148148148148,2.84320987654321,2,L SARGEANT,SAR,sargeant,37BEDD,williams,Logan,Sargeant,https://www.formula1.com/content/dam/fom-website/drivers/L/LOGSAR01_Logan_Sargeant/logsar01.png.transform/1col/image.png,USA,,,,,,,,,
2023,Miami Grand Prix,Practice 1,Lando Norris,McLaren,,29.459259259259255,49.36296296296297,46.48148148148148,2.84320987654321,4,L NORRIS,NOR,norris,F58020,mclaren,Lando,Norris,https://www.formula1.com/content/dam/fom-website/drivers/L/LANNOR01_Lando_Norris/lannor01.png.transform/1col/image.png,GBR,,,,,,,,,
2023,Miami Grand Prix,Practice 1,Pierre Gasly,Alpine,,29.459259259259255,49.36296296296297,46.48148148148148,2.84320987654321,10,P GASLY,GAS,gasly,2293D1,alpine,Pierre,Gasly,https://www.formula1.com/content/dam/fom-website/drivers/P/PIEGAS01_Pierre_Gasly/piegas01.png.transform/1col/image.png,FRA,,,,,,,,,
2023,Miami Grand Prix,Practice 1,Sergio Perez,Red Bull Racing,,29.459259259259255,49.36296296296297,46.48148148148148,2.84320987654321,11,S PEREZ,PER,perez,3671C6,red_bull,Sergio,Perez,https://www.formula1.com/content/dam/fom-website/drivers/S/SERPER01_Sergio_Perez/serper01.png.transform/1col/image.png,MEX,,,,,,,,,
2023,Miami Grand Prix,Practice 1,Fernando Alonso,Aston Martin,,29.459259259259255,49.36296296296297,46.48148148148148,2.84320987654321,14,F ALONSO,ALO,alonso,358C75,aston_martin,Fernando,Alonso,https://www.formula1.com/content/dam/fom-website/drivers/F/FERALO01_Fernando_Alonso/feralo01.png.transform/1col/image.png,ESP,,,,,,,,,
2023,Miami Grand Prix,Practice 1,Charles Leclerc,Ferrari,,29.459259259259255,49.36296296296297,46.48148148148148,2.84320987654321,16,C LECLERC,LEC,leclerc,F91536,ferrari,Charles,Leclerc,https://www.formula1.com/content/dam/fom-website/drivers/C/CHALEC01_Charles_Leclerc/chalec01.png.transform/1col/image.png,MON,,,,,,,,,
2023,Miami Grand Prix,Practice 1,Lance Stroll,Aston Martin,,29.459259259259255,49.36296296296297,46.48148148148148,2.84320987654321,18,L STROLL,STR,stroll,358C75,aston_martin,Lance,Stroll,https://www.formula1.com/content/dam/fom-website/drivers/L/LANSTR01_Lance_Stroll/lanstr01.png.transform/1col/image.png,CAN,,,,,,,,,
2023,Miami Grand Prix,Practice 1,Kevin Magnussen,Haas F1 Team,,29.459259259259255,49.36296296296297,46.48148148148148,2.84320987654321,20,K MAGNUSSEN,MAG,kevin_magnussen,B6BABD,haas,Kevin,Magnussen,https://www.formula1.com/content/dam/fom-website/drivers/K/KEVMAG01_Kevin_Magnussen/kevmag01.png.transform/1col/image.png,DEN,,,,,,,,,
2023,Miami Grand Prix,Practice 1,Nyck De Vries,AlphaTauri,,29.459259259259255,49.36296296296297,46.48148148148148,2.84320987654321,21,N DE VRIES,DEV,de_vries,5E8FAA,alphatauri,Nyck,De Vries,https://www.formula1.com/content/dam/fom-website/drivers/N/NYCDEV01_Nyck_De%20Vries/nycdev01.png.transform/1col/image.png,NED,,,,,,,,,
2023,Miami Grand Prix,Practice 1,Yuki Tsunoda,AlphaTauri,,29.459259259259255,49.36296296296297,46.48148148148148,2.84320987654321,22,Y TSUNODA,TSU,tsunoda,5E8FAA,alphatauri,Yuki,Tsunoda,https://www.formula1.com/content/dam/fom-website/drivers/Y/YUKTSU01_Yuki_Tsunoda/yuktsu01.png.transform/1col/image.png,JPN,,,,,,,,,
2023,Miami Grand Prix,Practice 1,Alexander Albon,Williams,,29.459259259259255,49.36296296296297,46.48148148148148,2.84320987654321,23,A ALBON,ALB,albon,37BEDD,williams,Alexander,Albon,https://www.formula1.com/content/dam/fom-website/drivers/A/ALEALB01_Alexander_Albon/alealb01.png.transform/1col/image.png,THA,,,,,,,,,
2023,Miami Grand Prix,Practice 1,Guanyu Zhou,Alfa Romeo,,29.459259259259255,49.36296296296297,46.48148148148148,2.84320987654321,24,G ZHOU,ZHO,zhou,C92D4B,alfa,Guanyu,Zhou,https://www.formula1.com/content/dam/fom-website/drivers/G/GUAZHO01_Guanyu_Zhou/guazho01.png.transform/1col/image.png,CHN,,,,,,,,,
2023,Miami Grand Prix,Practice 1,Nico Hulkenberg,Haas F1 Team,,29.459259259259255,49.36296296296297,46.48148148148148,2.84320987654321,27,N HULKENBERG,HUL,hulkenberg,B6BABD,haas,Nico,Hulkenberg,https://www.formula1.com/content/dam/fom-website/drivers/N/NICHUL01_Nico_Hulkenberg/nichul01.png.transform/1col/image.png,GER,,,,,,,,,
2023,Miami Grand Prix,Practice 1,Esteban Ocon,Alpine,,29.459259259259255,49.36296296296297,46.48148148148148,2.84320987654321,31,E OCON,OCO,ocon,2293D1,alpine,Esteban,Ocon,https://www.formula1.com/content/dam/fom-website/drivers/E/ESTOCO01_Esteban_Ocon/estoco01.png.transform/1col/image.png,FRA,,,,,,,,,
2023,Miami Grand Prix,Practice 1,Lewis Hamilton,Mercedes,,29.459259259259255,49.36296296296297,46.48148148148148,2.84320987654321,44,L HAMILTON,HAM,hamilton,6CD3BF,mercedes,Lewis,Hamilton,https://www.formula1.com/content/dam/fom-website/drivers/L/LEWHAM01_Lewis_Hamilton/lewham01.png.transform/1col/image.png,GBR,,,,,,,,,
2023,Miami Grand Prix,Practice 1,Carlos Sainz,Ferrari,,29.459259259259255,49.36296296296297,46.48148148148148,2.84320987654321,55,C SAINZ,SAI,sainz,F91536,ferrari,Carlos,Sainz,https://www.formula1.com/content/dam/fom-website/drivers/C/CARSAI01_Carlos_Sainz/carsai01.png.transform/1col/image.png,ESP,,,,,,,,,
2023,Miami Grand Prix,Practice 1,George Russell,Mercedes,,29.459259259259255,49.36296296296297,46.48148148148148,2.84320987654321,63,G RUSSELL,RUS,russell,6CD3BF,mercedes,George,Russell,https://www.formula1.com/content/dam/fom-website/drivers/G/GEORUS01_George_Russell/georus01.png.transform/1col/image.png,GBR,,,,,,,,,
2023,Miami Grand Prix,Practice 1,Valtteri Bottas,Alfa Romeo,,29.459259259259255,49.36296296296297,46.48148148148148,2.84320987654321,77,V BOTTAS,BOT,bottas,C92D4B,alfa,Valtteri,Bottas,https://www.formula1.com/content/dam/fom-website/drivers/V/VALBOT01_Valtteri_Bottas/valbot01.png.transform/1col/image.png,FIN,,,,,,,,,
2023,Miami Grand Prix,Practice 1,Oscar Piastri,McLaren,,29.459259259259255,49.36296296296297,46.48148148148148,2.84320987654321,81,O PIASTRI,PIA,piastri,F58020,mclaren,Oscar,Piastri,https://www.formula1.com/content/dam/fom-website/drivers/O/OSCPIA01_Oscar_Piastri/oscpia01.png.transform/1col/image.png,AUS,,,,,,,,,
2023,Miami Grand Prix,Practice 2,Max Verstappen,Red Bull Racing,,28.097560975609756,38.775609756097566,55.573170731707314,3.1256097560975604,1,M VERSTAPPEN,VER,max_verstappen,3671C6,red_bull,Max,Verstappen,https://www.formula1.com/content/dam/fom-website/drivers/M/MAXVER01_Max_Verstappen/maxver01.png.transform/1col/image.png,NED,,,,,,,,,
2023,Miami Grand Prix,Practice 2,Logan Sargeant,Williams,,28.097560975609756,38.775609756097566,55.573170731707314,3.1256097560975604,2,L SARGEANT,SAR,sargeant,37BEDD,williams,Logan,Sargeant,https://www.formula1.com/content/dam/fom-website/drivers/L/LOGSAR01_Logan_Sargeant/logsar01.png.transform/1col/image.png,USA,,,,,,,,,
2023,Miami Grand Prix,Practice 2,Lando Norris,McLaren,,28.097560975609756,38.775609756097566,55.573170731707314,3.1256097560975604,4,L NORRIS,NOR,norris,F58020,mclaren,Lando,Norris,https://www.formula1.com/content/dam/fom-website/drivers/L/LANNOR01_Lando_Norris/lannor01.png.transform/1col/image.png,GBR,,,,,,,,,
2023,Miami Grand Prix,Practice 2,Pierre Gasly,Alpine,,28.097560975609756,38.775609756097566,55.573170731707314,3.1256097560975604,10,P GASLY,GAS,gasly,2293D1,alpine,Pierre,Gasly,https://www.formula1.com/content/dam/fom-website/drivers/P/PIEGAS01_Pierre_Gasly/piegas01.png.transform/1col/image.png,FRA,,,,,,,,,
2023,Miami Grand Prix,Practice 2,Sergio Perez,Red Bull Racing,,28.097560975609756,38.775609756097566,55.573170731707314,3.1256097560975604,11,S PEREZ,PER,perez,3671C6,red_bull,Sergio,Perez,https://www.formula1.com/content/dam/fom-website/drivers/S/SERPER01_Sergio_Perez/serper01.png.transform/1col/image.png,MEX,,,,,,,,,
2023,Miami Grand Prix,Practice 2,Fernando Alonso,Aston Martin,,28.097560975609756,38.775609756097566,55.573170731707314,3.1256097560975604,14,F ALONSO,ALO,alonso,358C75,aston_martin,Fernando,Alonso,https://www.formula1.com/content/dam/fom-website/drivers/F/FERALO01_Fernando_Alonso/feralo01.png.transform/1col/image.png,ESP,,,,,,,,,
2023,Miami Grand Prix,Practice 2,Charles Leclerc,Ferrari,,28.097560975609756,38.775609756097566,55.573170731707314,3.1256097560975604,16,C LECLERC,LEC,leclerc,F91536,ferrari,Charles,Leclerc,https://www.formula1.com/content/dam/fom-website/drivers/C/CHALEC01_Charles_Leclerc/chalec01.png.transform/1col/image.png,MON,,,,,,,,,
2023,Miami Grand Prix,Practice 2,Lance Stroll,Aston Martin,,28.097560975609756,38.775609756097566,55.573170731707314,3.1256097560975604,18,L STROLL,STR,stroll,358C75,aston_martin,Lance,Stroll,https://www.formula1.com/content/dam/fom-website/drivers/L/LANSTR01_Lance_Stroll/lanstr01.png.transform/1col/image.png,CAN,,,,,,,,,
2023,Miami Grand Prix,Practice 2,Kevin Magnussen,Haas F1 Team,,28.097560975609756,38.775609756097566,55.573170731707314,3.1256097560975604,20,K MAGNUSSEN,MAG,kevin_magnussen,B6BABD,haas,Kevin,Magnussen,https://www.formula1.com/content/dam/fom-website/drivers/K/KEVMAG01_Kevin_Magnussen/kevmag01.png.transform/1col/image.png,DEN,,,,,,,,,
2023,Miami Grand Prix,Practice 2,Nyck De Vries,AlphaTauri,,28.097560975609756,38.775609756097566,55.573170731707314,3.1256097560975604,21,N DE VRIES,DEV,de_vries,5E8FAA,alphatauri,Nyck,De Vries,https://www.formula1.com/content/dam/fom-website/drivers/N/NYCDEV01_Nyck_De%20Vries/nycdev01.png.transform/1col/image.png,NED,,,,,,,,,
2023,Miami Grand Prix,Practice 2,Yuki Tsunoda,AlphaTauri,,28.097560975609756,38.775609756097566,55.573170731707314,3.1256097560975604,22,Y TSUNODA,TSU,tsunoda,5E8FAA,alphatauri,Yuki,Tsunoda,https://www.formula1.com/content/dam/fom-website/drivers/Y/YUKTSU01_Yuki_Tsunoda/yuktsu01.png.transform/1col/image.png,JPN,,,,,,,,,
2023,Miami Grand Prix,Practice 2,Alexander Albon,Williams,,28.097560975609756,38.775609756097566,55.573170731707314,3.1256097560975604,23,A ALBON,ALB,albon,37BEDD,williams,Alexander,Albon,https://www.formula1.com/content/dam/fom-website/drivers/A/ALEALB01_Alexander_Albon/alealb01.png.transform/1col/image.png,THA,,,,,,,,,
2023,Miami Grand Prix,Practice 2,Guanyu Zhou,Alfa Romeo,,28.097560975609756,38.775609756097566,55.573170731707314,3.1256097560975604,24,G ZHOU,ZHO,zhou,C92D4B,alfa,Guanyu,Zhou,https://www.formula1.com/content/dam/fom-website/drivers/G/GUAZHO01_Guanyu_Zhou/guazho01.png.transform/1col/image.png,CHN,,,,,,,,,
2023,Miami Grand Prix,Practice 2,Nico Hulkenberg,Haas F1 Team,,28.097560975609756,38.775609756097566,55.573170731707314,3.1256097560975604,27,N HULKENBERG,HUL,hulkenberg,B6BABD,haas,Nico,Hulkenberg,https://www.formula1.com/content/dam/fom-website/drivers/N/NICHUL01_Nico_Hulkenberg/nichul01.png.transform/1col/image.png,GER,,,,,,,,,
2023,Miami Grand Prix,Practice 2,Esteban Ocon,Alpine,,28.097560975609756,38.775609756097566,55.573170731707314,3.1256097560975604,31,E OCON,OCO,ocon,2293D1,alpine,Esteban,Ocon,https://www.formula1.com/content/dam/fom-website/drivers/E/ESTOCO01_Esteban_Ocon/estoco01.png.transform/1col/image.png,FRA,,,,,,,,,
2023,Miami Grand Prix,Practice 2,Lewis Hamilton,Mercedes,,28.097560975609756,38.775609756097566,55.573170731707314,3.1256097560975604,44,L HAMILTON,HAM,hamilton,6CD3BF,mercedes,Lewis,Hamilton,https://www.formula1.com/content/dam/fom-website/drivers/L/LEWHAM01_Lewis_Hamilton/lewham01.png.transform/1col/image.png,GBR,,,,,,,,,
2023,Miami Grand Prix,Practice 2,Carlos Sainz,Ferrari,,28.097560975609756,38.775609756097566,55.573170731707314,3.1256097560975604,55,C SAINZ,SAI,sainz,F91536,ferrari,Carlos,Sainz,https://www.formula1.com/content/dam/fom-website/drivers/C/CARSAI01_Carlos_Sainz/carsai01.png.transform/1col/image.png,ESP,,,,,,,,,
2023,Miami Grand Prix,Practice 2,George Russell,Mercedes,,28.097560975609756,38.775609756097566,55.573170731707314,3.1256097560975604,63,G RUSSELL,RUS,russell,6CD3BF,mercedes,George,Russell,https://www.formula1.com/content/dam/fom-website/drivers/G/GEORUS01_George_Russell/georus01.png.transform/1col/image.png,GBR,,,,,,,,,
2023,Miami Grand Prix,Practice 2,Valtteri Bottas,Alfa Romeo,,28.097560975609756,38.775609756097566,55.573170731707314,3.1256097560975604,77,V BOTTAS,BOT,bottas,C92D4B,alfa,Valtteri,Bottas,https://www.formula1.com/content/dam/fom-website/drivers/V/VALBOT01_Valtteri_Bottas/valbot01.png.transform/1col/image.png,FIN,,,,,,,,,
2023,Miami Grand Prix,Practice 2,Oscar Piastri,McLaren,,28.097560975609756,38.775609756097566,55.573170731707314,3.1256097560975604,81,O PIASTRI,PIA,piastri,F58020,mclaren,Oscar,Piastri,https://www.formula1.com/content/dam/fom-website/drivers/O/OSCPIA01_Oscar_Piastri/oscpia01.png.transform/1col/image.png,AUS,,,,,,,,,
2023,Miami Grand Prix,Practice 3,Max Verstappen,Red Bull Racing,,28.9170731707317,47.170731707317074,55.4390243902439,2.913414634146341,1,M VERSTAPPEN,VER,max_verstappen,3671C6,red_bull,Max,Verstappen,https://www.formula1.com/content/dam/fom-website/drivers/M/MAXVER01_Max_Verstappen/maxver01.png.transform/1col/image.png,NED,,,,,,,,,
2023,Miami Grand Prix,Practice 3,Logan Sargeant,Williams,,28.9170731707317,47.170731707317074,55.4390243902439,2.913414634146341,2,L SARGEANT,SAR,sargeant,37BEDD,williams,Logan,Sargeant,https://www.formula1.com/content/dam/fom-website/drivers/L/LOGSAR01_Logan_Sargeant/logsar01.png.transform/1col/image.png,USA,,,,,,,,,
2023,Miami Grand Prix,Practice 3,Lando Norris,McLaren,,28.9170731707317,47.170731707317074,55.4390243902439,2.913414634146341,4,L NORRIS,NOR,norris,F58020,mclaren,Lando,Norris,https://www.formula1.com/content/dam/fom-website/drivers/L/LANNOR01_Lando_Norris/lannor01.png.transform/1col/image.png,GBR,,,,,,,,,
2023,Miami Grand Prix,Practice 3,Pierre Gasly,Alpine,,28.9170731707317,47.170731707317074,55.4390243902439,2.913414634146341,10,P GASLY,GAS,gasly,2293D1,alpine,Pierre,Gasly,https://www.formula1.com/content/dam/fom-website/drivers/P/PIEGAS01_Pierre_Gasly/piegas01.png.transform/1col/image.png,FRA,,,,,,,,,
2023,Miami Grand Prix,Practice 3,Sergio Perez,Red Bull Racing,,28.9170731707317,47.170731707317074,55.4390243902439,2.913414634146341,11,S PEREZ,PER,perez,3671C6,red_bull,Sergio,Perez,https://www.formula1.com/content/dam/fom-website/drivers/S/SERPER01_Sergio_Perez/serper01.png.transform/1col/image.png,MEX,,,,,,,,,
2023,Miami Grand Prix,Practice 3,Fernando Alonso,Aston Martin,,28.9170731707317,47.170731707317074,55.4390243902439,2.913414634146341,14,F ALONSO,ALO,alonso,358C75,aston_martin,Fernando,Alonso,https://www.formula1.com/content/dam/fom-website/drivers/F/FERALO01_Fernando_Alonso/feralo01.png.transform/1col/image.png,ESP,,,,,,,,,
2023,Miami Grand Prix,Practice 3,Charles Leclerc,Ferrari,,28.9170731707317,47.170731707317074,55.4390243902439,2.913414634146341,16,C LECLERC,LEC,leclerc,F91536,ferrari,Charles,Leclerc,https://www.formula1.com/content/dam/fom-website/drivers/C/CHALEC01_Charles_Leclerc/chalec01.png.transform/1col/image.png,MON,,,,,,,,,
2023,Miami Grand Prix,Practice 3,Lance Stroll,Aston Martin,,28.9170731707317,47.170731707317074,55.4390243902439,2.913414634146341,18,L STROLL,STR,stroll,358C75,aston_martin,Lance,Stroll,https://www.formula1.com/content/dam/fom-website/drivers/L/LANSTR01_Lance_Stroll/lanstr01.png.transform/1col/image.png,CAN,,,,,,,,,
2023,Miami Grand Prix,Practice 3,Kevin Magnussen,Haas F1 Team,,28.9170731707317,47.170731707317074,55.4390243902439,2.913414634146341,20,K MAGNUSSEN,MAG,kevin_magnussen,B6BABD,haas,Kevin,Magnussen,https://www.formula1.com/content/dam/fom-website/drivers/K/KEVMAG01_Kevin_Magnussen/kevmag01.png.transform/1col/image.png,DEN,,,,,,,,,
2023,Miami Grand Prix,Practice 3,Nyck De Vries,AlphaTauri,,28.9170731707317,47.170731707317074,55.4390243902439,2.913414634146341,21,N DE VRIES,DEV,de_vries,5E8FAA,alphatauri,Nyck,De Vries,https://www.formula1.com/content/dam/fom-website/drivers/N/NYCDEV01_Nyck_De%20Vries/nycdev01.png.transform/1col/image.png,NED,,,,,,,,,
2023,Miami Grand Prix,Practice 3,Yuki Tsunoda,AlphaTauri,,28.9170731707317,47.170731707317074,55.4390243902439,2.913414634146341,22,Y TSUNODA,TSU,tsunoda,5E8FAA,alphatauri,Yuki,Tsunoda,https://www.formula1.com/content/dam/fom-website/drivers/Y/YUKTSU01_Yuki_Tsunoda/yuktsu01.png.transform/1col/image.png,JPN,,,,,,,,,
2023,Miami Grand Prix,Practice 3,Alexander Albon,Williams,,28.9170731707317,47.170731707317074,55.4390243902439,2.913414634146341,23,A ALBON,ALB,albon,37BEDD,williams,Alexander,Albon,https://www.formula1.com/content/dam/fom-website/drivers/A/ALEALB01_Alexander_Albon/alealb01.png.transform/1col/image.png,THA,,,,,,,,,
2023,Miami Grand Prix,Practice 3,Guanyu Zhou,Alfa Romeo,,28.9170731707317,47.170731707317074,55.4390243902439,2.913414634146341,24,G ZHOU,ZHO,zhou,C92D4B,alfa,Guanyu,Zhou,https://www.formula1.com/content/dam/fom-website/drivers/G/GUAZHO01_Guanyu_Zhou/guazho01.png.transform/1col/image.png,CHN,,,,,,,,,
2023,Miami Grand Prix,Practice 3,Nico Hulkenberg,Haas F1 Team,,28.9170731707317,47.170731707317074,55.4390243902439,2.913414634146341,27,N HULKENBERG,HUL,hulkenberg,B6BABD,haas,Nico,Hulkenberg,https://www.formula1.com/content/dam/fom-website/drivers/N/NICHUL01_Nico_Hulkenberg/nichul01.png.transform/1col/image.png,GER,,,,,,,,,
2023,Miami Grand Prix,Practice 3,Esteban Ocon,Alpine,,28.9170731707317,47.170731707317074,55.4390243902439,2.913414634146341,31,E OCON,OCO,ocon,2293D1,alpine,Esteban,Ocon,https://www.formula1.com/content/dam/fom-website/drivers/E/ESTOCO01_Esteban_Ocon/estoco01.png.transform/1col/image.png,FRA,,,,,,,,,
2023,Miami Grand Prix,Practice 3,Lewis Hamilton,Mercedes,,28.9170731707317,47.170731707317074,55.4390243902439,2.913414634146341,44,L HAMILTON,HAM,hamilton,6CD3BF,mercedes,Lewis,Hamilton,https://www.formula1.com/content/dam/fom-website/drivers/L/LEWHAM01_Lewis_Hamilton/lewham01.png.transform/1col/image.png,GBR,,,,,,,,,
2023,Miami Grand Prix,Practice 3,Carlos Sainz,Ferrari,,28.9170731707317,47.170731707317074,55.4390243902439,2.913414634146341,55,C SAINZ,SAI,sainz,F91536,ferrari,Carlos,Sainz,https://www.formula1.com/content/dam/fom-website/drivers/C/CARSAI01_Carlos_Sainz/carsai01.png.transform/1col/image.png,ESP,,,,,,,,,
2023,Miami Grand Prix,Practice 3,George Russell,Mercedes,,28.9170731707317,47.170731707317074,55.4390243902439,2.913414634146341,63,G RUSSELL,RUS,russell,6CD3BF,mercedes,George,Russell,https://www.formula1.com/content/dam/fom-website/drivers/G/GEORUS01_George_Russell/georus01.png.transform/1col/image.png,GBR,,,,,,,,,
2023,Miami Grand Prix,Practice 3,Valtteri Bottas,Alfa Romeo,,28.9170731707317,47.170731707317074,55.4390243902439,2.913414634146341,77,V BOTTAS,BOT,bottas,C92D4B,alfa,Valtteri,Bottas,https://www.formula1.com/content/dam/fom-website/drivers/V/VALBOT01_Valtteri_Bottas/valbot01.png.transform/1col/image.png,FIN,,,,,,,,,
2023,Miami Grand Prix,Practice 3,Oscar Piastri,McLaren,,28.9170731707317,47.170731707317074,55.4390243902439,2.913414634146341,81,O PIASTRI,PIA,piastri,F58020,mclaren,Oscar,Piastri,https://www.formula1.com/content/dam/fom-website/drivers/O/OSCPIA01_Oscar_Piastri/oscpia01.png.transform/1col/image.png,AUS,,,,,,,,,
2023,Monaco Grand Prix,Race,Max Verstappen,Red Bull Racing,1.0,25.06590909090909,39.25568181818182,45.86363636363637,1.0056818181818181,1,M VERSTAPPEN,VER,max_verstappen,3671C6,red_bull,Max,Verstappen,https://www.formula1.com/content/dam/fom-website/drivers/M/MAXVER01_Max_Verstappen/maxver01.png.transform/1col/image.png,NED,1,1.0,,,,0 days 01:48:51.980000,Finished,25.0,78.0
2023,Monaco Grand Prix,Race,Fernando Alonso,Aston Martin,2.0,25.06590909090909,39.25568181818182,45.86363636363637,1.0056818181818181,14,F ALONSO,ALO,alonso,358C75,aston_martin,Fernando,Alonso,https://www.formula1.com/content/dam/fom-website/drivers/F/FERALO01_Fernando_Alonso/feralo01.png.transform/1col/image.png,ESP,2,2.0,,,,0 days 00:00:27.921000,Finished,18.0,78.0
2023,Monaco Grand Prix,Race,Esteban Ocon,Alpine,3.0,25.06590909090909,39.25568181818182,45.86363636363637,1.0056818181818181,31,E OCON,OCO,ocon,2293D1,alpine,Esteban,Ocon,https://www.formula1.com/content/dam/fom-website/drivers/E/ESTOCO01_Esteban_Ocon/estoco01.png.transform/1col/image.png,FRA,3,3.0,,,,0 days 00:00:36.990000,Finished,15.0,78.0
2023,Monaco Grand Prix,Race,Lewis Hamilton,Mercedes,4.0,25.06590909090909,39.25568181818182,45.86363636363637,1.0056818181818181,44,L HAMILTON,HAM,hamilton,6CD3BF,mercedes,Lewis,Hamilton,https://www.formula1.com/content/dam/fom-website/drivers/L/LEWHAM01_Lewis_Hamilton/lewham01.png.transform/1col/image.png,GBR,4,5.0,,,,0 days 00:00:39.062000,Finished,13.0,78.0
2023,Monaco Grand Prix,Race,George Russell,Mercedes,5.0,25.06590909090909,39.25568181818182,45.86363636363637,1.0056818181818181,63,G RUSSELL,RUS,russell,6CD3BF,mercedes,George,Russell,https://www.formula1.com/content/dam/fom-website/drivers/G/GEORUS01_George_Russell/georus01.png.transform/1col/image.png,GBR,5,8.0,,,,0 days 00:00:56.284000,Finished,10.0,78.0
2023,Monaco Grand Prix,Race,Charles Leclerc,Ferrari,6.0,25.06590909090909,39.25568181818182,45.86363636363637,1.0056818181818181,16,C LECLERC,LEC,leclerc,F91536,ferrari,Charles,Leclerc,https://www.formula1.com/content/dam/fom-website/drivers/C/CHALEC01_Charles_Leclerc/chalec01.png.transform/1col/image.png,MON,6,6.0,,,,0 days 00:01:01.890000,Finished,8.0,78.0
2023,Monaco Grand Prix,Race,Pierre Gasly,Alpine,7.0,25.06590909090909,39.25568181818182,45.86363636363637,1.0056818181818181,10,P GASLY,GAS,gasly,2293D1,alpine,Pierre,Gasly,https://www.formula1.com/content/dam/fom-website/drivers/P/PIEGAS01_Pierre_Gasly/piegas01.png.transform/1col/image.png,FRA,7,7.0,,,,0 days 00:01:02.362000,Finished,6.0,78.0
2023,Monaco Grand Prix,Race,Carlos Sainz,Ferrari,8.0,25.06590909090909,39.25568181818182,45.86363636363637,1.0056818181818181,55,C SAINZ,SAI,sainz,F91536,ferrari,Carlos,Sainz,https://www.formula1.com/content/dam/fom-website/drivers/C/CARSAI01_Carlos_Sainz/carsai01.png.transform/1col/image.png,ESP,8,4.0,,,,0 days 00:01:03.391000,Finished,4.0,78.0
2023,Monaco Grand Prix,Race,Lando Norris,McLaren,9.0,25.06590909090909,39.25568181818182,45.86363636363637,1.0056818181818181,4,L NORRIS,NOR,norris,F58020,mclaren,Lando,Norris,https://www.formula1.com/content/dam/fom-website/drivers/L/LANNOR01_Lando_Norris/lannor01.png.transform/1col/image.png,GBR,9,10.0,,,,0 days 00:00:04.061000,Lapped,2.0,77.0
2023,Monaco Grand Prix,Race,Oscar Piastri,McLaren,10.0,25.06590909090909,39.25568181818182,45.86363636363637,1.0056818181818181,81,O PIASTRI,PIA,piastri,F58020,mclaren,Oscar,Piastri,https://www.formula1.com/content/dam/fom-website/drivers/O/OSCPIA01_Oscar_Piastri/oscpia01.png.transform/1col/image.png,AUS,10,11.0,,,,0 days 00:00:13.959000,Lapped,1.0,77.0
2023,Monaco Grand Prix,Race,Valtteri Bottas,Alfa Romeo,11.0,25.06590909090909,39.25568181818182,45.86363636363637,1.0056818181818181,77,V BOTTAS,BOT,bottas,C92D4B,alfa,Valtteri,Bottas,https://www.formula1.com/content/dam/fom-website/drivers/V/VALBOT01_Valtteri_Bottas/valbot01.png.transform/1col/image.png,FIN,11,15.0,,,,0 days 00:00:28.963000,Lapped,0.0,77.0
2023,Monaco Grand Prix,Race,Nyck De Vries,AlphaTauri,12.0,25.06590909090909,39.25568181818182,45.86363636363637,1.0056818181818181,21,N DE VRIES,DEV,de_vries,5E8FAA,alphatauri,Nyck,De Vries,https://www.formula1.com/content/dam/fom-website/drivers/N/NYCDEV01_Nyck_De%20Vries/nycdev01.png.transform/1col/image.png,NED,12,12.0,,,,0 days 00:00:57.317000,Lapped,0.0,77.0
2023,Monaco Grand Prix,Race,Guanyu Zhou,Alfa Romeo,13.0,25.06590909090909,39.25568181818182,45.86363636363637,1.0056818181818181,24,G ZHOU,ZHO,zhou,C92D4B,alfa,Guanyu,Zhou,https://www.formula1.com/content/dam/fom-website/drivers/G/GUAZHO01_Guanyu_Zhou/guazho01.png.transform/1col/image.png,CHN,13,19.0,,,,0 days 00:01:11.852000,Lapped,0.0,77.0
2023,Monaco Grand Prix,Race,Alexander Albon,Williams,14.0,25.06590909090909,39.25568181818182,45.86363636363637,1.0056818181818181,23,A ALBON,ALB,albon,37BEDD,williams,Alexander,Albon,https://www.formula1.com/content/dam/fom-website/drivers/A/ALEALB01_Alexander_Albon/alealb01.png.transform/1col/image.png,THA,14,13.0,,,,0 days 00:01:19.210000,Lapped,0.0,77.0
2023,Monaco Grand Prix,Race,Yuki Tsunoda,AlphaTauri,15.0,25.06590909090909,39.25568181818182,45.86363636363637,1.0056818181818181,22,Y TSUNODA,TSU,tsunoda,5E8FAA,alphatauri,Yuki,Tsunoda,https://www.formula1.com/content/dam/fom-website/drivers/Y/YUKTSU01_Yuki_Tsunoda/yuktsu01.png.transform/1col/image.png,JPN,15,9.0,,,,0 days 00:00:07.545000,Lapped,0.0,76.0
2023,Monaco Grand Prix,Race,Sergio Perez,Red Bull Racing,16.0,25.06590909090909,39.25568181818182,45.86363636363637,1.0056818181818181,11,S PEREZ,PER,perez,3671C6,red_bull,Sergio,Perez,https://www.formula1.com/content/dam/fom-website/drivers/S/SERPER01_Sergio_Perez/serper01.png.transform/1col/image.png,MEX,16,20.0,,,,0 days 00:00:49.024000,Lapped,0.0,76.0
2023,Monaco Grand Prix,Race,Nico Hulkenberg,Haas F1 Team,17.0,25.06590909090909,39.25568181818182,45.86363636363637,1.0056818181818181,27,N HULKENBERG,HUL,hulkenberg,B6BABD,haas,Nico,Hulkenberg,https://www.formula1.com/content/dam/fom-website/drivers/N/NICHUL01_Nico_Hulkenberg/nichul01.png.transform/1col/image.png,GER,17,18.0,,,,0 days 00:00:58.506000,Lapped,0.0,76.0
2023,Monaco Grand Prix,Race,Logan Sargeant,Williams,18.0,25.06590909090909,39.25568181818182,45.86363636363637,1.0056818181818181,2,L SARGEANT,SAR,sargeant,37BEDD,williams,Logan,Sargeant,https://www.formula1.com/content/dam/fom-website/drivers/L/LOGSAR01_Logan_Sargeant/logsar01.png.transform/1col/image.png,USA,18,16.0,,,,0 days 00:01:17.983000,Lapped,0.0,76.0
2023,Monaco Grand Prix,Race,Kevin Magnussen,Haas F1 Team,19.0,25.06590909090909,39.25568181818182,45.86363636363637,1.0056818181818181,20,K MAGNUSSEN,MAG,kevin_magnussen,B6BABD,haas,Kevin,Magnussen,https://www.formula1.com/content/dam/fom-website/drivers/K/KEVMAG01_Kevin_Magnussen/kevmag01.png.transform/1col/image.png,DEN,19,17.0,,,,,Finished,0.0,70.0
2023,Monaco Grand Prix,Race,Lance Stroll,Aston Martin,20.0,25.06590909090909,39.25568181818182,45.86363636363637,1.0056818181818181,18,L STROLL,STR,stroll,358C75,aston_martin,Lance,Stroll,https://www.formula1.com/content/dam/fom-website/drivers/L/LANSTR01_Lance_Stroll/lanstr01.png.transform/1col/image.png,CAN,R,14.0,,,,,Retired,0.0,53.0
2023,Monaco Grand Prix,Qualifying,Max Verstappen,Red Bull Racing,1.0,25.586046511627902,46.495348837209306,34.66279069767442,0.8081395348837208,1,M VERSTAPPEN,VER,max_verstappen,3671C6,red_bull,Max,Verstappen,https://www.formula1.com/content/dam/fom-website/drivers/M/MAXVER01_Max_Verstappen/maxver01.png.transform/1col/image.png,NED,,,0 days 00:01:12.386000,0 days 00:01:11.908000,0 days 00:01:11.365000,,,,
2023,Monaco Grand Prix,Qualifying,Fernando Alonso,Aston Martin,2.0,25.586046511627902,46.495348837209306,34.66279069767442,0.8081395348837208,14,F ALONSO,ALO,alonso,358C75,aston_martin,Fernando,Alonso,https://www.formula1.com/content/dam/fom-website/drivers/F/FERALO01_Fernando_Alonso/feralo01.png.transform/1col/image.png,ESP,,,0 days 00:01:12.886000,0 days 00:01:12.107000,0 days 00:01:11.449000,,,,
2023,Monaco Grand Prix,Qualifying,Charles Leclerc,Ferrari,3.0,25.586046511627902,46.495348837209306,34.66279069767442,0.8081395348837208,16,C LECLERC,LEC,leclerc,F91536,ferrari,Charles,Leclerc,https://www.formula1.com/content/dam/fom-website/drivers/C/CHALEC01_Charles_Leclerc/chalec01.png.transform/1col/image.png,MON,,,0 days 00:01:12.912000,0 days 00:01:12.103000,0 days 00:01:11.471000,,,,
2023,Monaco Grand Prix,Qualifying,Esteban Ocon,Alpine,4.0,25.586046511627902,46.495348837209306,34.66279069767442,0.8081395348837208,31,E OCON,OCO,ocon,2293D1,alpine,Esteban,Ocon,https://www.formula1.com/content/dam/fom-website/drivers/E/ESTOCO01_Esteban_Ocon/estoco01.png.transform/1col/image.png,FRA,,,0 days 00:01:12.967000,0 days 00:01:12.248000,0 days 00:01:11.553000,,,,
2023,Monaco Grand Prix,Qualifying,Carlos Sainz,Ferrari,5.0,25.586046511627902,46.495348837209306,34.66279069767442,0.8081395348837208,55,C SAINZ,SAI,sainz,F91536,ferrari,Carlos,Sainz,https://www.formula1.com/content/dam/fom-website/drivers/C/CARSAI01_Carlos_Sainz/carsai01.png.transform/1col/image.png,ESP,,,0 days 00:01:12.717000,0 days 00:01:12.210000,0 days 00:01:11.630000,,,,
2023,Monaco Grand Prix,Qualifying,Lewis Hamilton,Mercedes,6.0,25.586046511627902,46.495348837209306,34.66279069767442,0.8081395348837208,44,L HAMILTON,HAM,hamilton,6CD3BF,mercedes,Lewis,Hamilton,https://www.formula1.com/content/dam/fom-website/drivers/L/LEWHAM01_Lewis_Hamilton/lewham01.png.transform/1col/image.png,GBR,,,0 days 00:01:12.872000,0 days 00:01:12.156000,0 days 00:01:11.725000,,,,
2023,Monaco Grand Prix,Qualifying,Pierre Gasly,Alpine,7.0,25.586046511627902,46.495348837209306,34.66279069767442,0.8081395348837208,10,P GASLY,GAS,gasly,2293D1,alpine,Pierre,Gasly,https://www.formula1.com/content/dam/fom-website/drivers/P/PIEGAS01_Pierre_Gasly/piegas01.png.transform/1col/image.png,FRA,,,0 days 00:01:13.033000,0 days 00:01:12.169000,0 days 00:01:11.933000,,,,
2023,Monaco Grand Prix,Qualifying,George Russell,Mercedes,8.0,25.586046511627902,46.495348837209306,34.66279069767442,0.8081395348837208,63,G RUSSELL,RUS,russell,6CD3BF,mercedes,George,Russell,https://www.formula1.com/content/dam/fom-website/drivers/G/GEORUS01_George_Russell/georus01.png.transform/1col/image.png,GBR,,,0 days 00:01:12.769000,0 days 00:01:12.151000,0 days 00:01:11.964000,,,,
2023,Monaco Grand Prix,Qualifying,Yuki Tsunoda,AlphaTauri,9.0,25.586046511627902,46.495348837209306,34.66279069767442,0.8081395348837208,22,Y TSUNODA,TSU,tsunoda,5E8FAA,alphatauri,Yuki,Tsunoda,https://www.formula1.com/content/dam/fom-website/drivers/Y/YUKTSU01_Yuki_Tsunoda/yuktsu01.png.transform/1col/image.png,JPN,,,0 days 00:01:12.642000,0 days 00:01:12.249000,0 days 00:01:12.082000,,,,
2023,Monaco Grand Prix,Qualifying,Lando Norris,McLaren,10.0,25.586046511627902,46.495348837209306,34.66279069767442,0.8081395348837208,4,L NORRIS,NOR,norris,F58020,mclaren,Lando,Norris,https://www.formula1.com/content/dam/fom-website/drivers/L/LANNOR01_Lando_Norris/lannor01.png.transform/1col/image.png,GBR,,,0 days 00:01:12.877000,0 days 00:01:12.377000,0 days 00:01:12.254000,,,,
2023,Monaco Grand Prix,Qualifying,Oscar Piastri,McLaren,11.0,25.586046511627902,46.495348837209306,34.66279069767442,0.8081395348837208,81,O PIASTRI,PIA,piastri,F58020,mclaren,Oscar,Piastri,https://www.formula1.com/content/dam/fom-website/drivers/O/OSCPIA01_Oscar_Piastri/oscpia01.png.transform/1col/image.png,AUS,,,0 days 00:01:13.006000,0 days 00:01:12.395000,,,,,
2023,Monaco Grand Prix,Qualifying,Nyck De Vries,AlphaTauri,12.0,25.586046511627902,46.495348837209306,34.66279069767442,0.8081395348837208,21,N DE VRIES,DEV,de_vries,5E8FAA,alphatauri,Nyck,De Vries,https://www.formula1.com/content/dam/fom-website/drivers/N/NYCDEV01_Nyck_De%20Vries/nycdev01.png.transform/1col/image.png,NED,,,0 days 00:01:13.054000,0 days 00:01:12.428000,,,,,
2023,Monaco Grand Prix,Qualifying,Alexander Albon,Williams,13.0,25.586046511627902,46.495348837209306,34.66279069767442,0.8081395348837208,23,A ALBON,ALB,albon,37BEDD,williams,Alexander,Albon,https://www.formula1.com/content/dam/fom-website/drivers/A/ALEALB01_Alexander_Albon/alealb01.png.transform/1col/image.png,THA,,,0 days 00:01:12.706000,0 days 00:01:12.527000,,,,,
2023,Monaco Grand Prix,Qualifying,Lance Stroll,Aston Martin,14.0,25.586046511627902,46.495348837209306,34.66279069767442,0.8081395348837208,18,L STROLL,STR,stroll,358C75,aston_martin,Lance,Stroll,https://www.formula1.com/content/dam/fom-website/drivers/L/LANSTR01_Lance_Stroll/lanstr01.png.transform/1col/image.png,CAN,,,0 days 00:01:12.722000,0 days 00:01:12.623000,,,,,
2023,Monaco Grand Prix,Qualifying,Valtteri Bottas,Alfa Romeo,15.0,25.586046511627902,46.495348837209306,34.66279069767442,0.8081395348837208,77,V BOTTAS,BOT,bottas,C92D4B,alfa,Valtteri,Bottas,https://www.formula1.com/content/dam/fom-website/drivers/V/VALBOT01_Valtteri_Bottas/valbot01.png.transform/1col/image.png,FIN,,,0 days 00:01:13.038000,0 days 00:01:12.625000,,,,,
2023,Monaco Grand Prix,Qualifying,Logan Sargeant,Williams,16.0,25.586046511627902,46.495348837209306,34.66279069767442,0.8081395348837208,2,L SARGEANT,SAR,sargeant,37BEDD,williams,Logan,Sargeant,https://www.formula1.com/content/dam/fom-website/drivers/L/LOGSAR01_Logan_Sargeant/logsar01.png.transform/1col/image.png,USA,,,0 days 00:01:13.113000,,,,,,
2023,Monaco Grand Prix,Qualifying,Kevin Magnussen,Haas F1 Team,17.0,25.586046511627902,46.495348837209306,34.66279069767442,0.8081395348837208,20,K MAGNUSSEN,MAG,kevin_magnussen,B6BABD,haas,Kevin,Magnussen,https://www.formula1.com/content/dam/fom-website/drivers/K/KEVMAG01_Kevin_Magnussen/kevmag01.png.transform/1col/image.png,DEN,,,0 days 00:01:13.270000,,,,,,
2023,Monaco Grand Prix,Qualifying,Nico Hulkenberg,Haas F1 Team,18.0,25.586046511627902,46.495348837209306,34.66279069767442,0.8081395348837208,27,N HULKENBERG,HUL,hulkenberg,B6BABD,haas,Nico,Hulkenberg,https://www.formula1.com/content/dam/fom-website/drivers/N/NICHUL01_Nico_Hulkenberg/nichul01.png.transform/1col/image.png,GER,,,0 days 00:01:13.279000,,,,,,
2023,Monaco Grand Prix,Qualifying,Guanyu Zhou,Alfa Romeo,19.0,25.586046511627902,46.495348837209306,34.66279069767442,0.8081395348837208,24,G ZHOU,ZHO,zhou,C92D4B,alfa,Guanyu,Zhou,https://www.formula1.com/content/dam/fom-website/drivers/G/GUAZHO01_Guanyu_Zhou/guazho01.png.transform/1col/image.png,CHN,,,0 days 00:01:13.523000,,,,,,
2023,Monaco Grand Prix,Qualifying,Sergio Perez,Red Bull Racing,20.0,25.586046511627902,46.495348837209306,34.66279069767442,0.8081395348837208,11,S PEREZ,PER,perez,3671C6,red_bull,Sergio,Perez,https://www.formula1.com/content/dam/fom-website/drivers/S/SERPER01_Sergio_Perez/serper01.png.transform/1col/image.png,MEX,,,0 days 00:01:13.850000,,,,,,
2023,Monaco Grand Prix,Practice 1,Max Verstappen,Red Bull Racing,,26.34520547945205,46.54794520547945,37.397260273972606,0.7767123287671234,1,M VERSTAPPEN,VER,max_verstappen,3671C6,red_bull,Max,Verstappen,https://www.formula1.com/content/dam/fom-website/drivers/M/MAXVER01_Max_Verstappen/maxver01.png.transform/1col/image.png,NED,,,,,,,,,
2023,Monaco Grand Prix,Practice 1,Logan Sargeant,Williams,,26.34520547945205,46.54794520547945,37.397260273972606,0.7767123287671234,2,L SARGEANT,SAR,sargeant,37BEDD,williams,Logan,Sargeant,https://www.formula1.com/content/dam/fom-website/drivers/L/LOGSAR01_Logan_Sargeant/logsar01.png.transform/1col/image.png,USA,,,,,,,,,
2023,Monaco Grand Prix,Practice 1,Lando Norris,McLaren,,26.34520547945205,46.54794520547945,37.397260273972606,0.7767123287671234,4,L NORRIS,NOR,norris,F58020,mclaren,Lando,Norris,https://www.formula1.com/content/dam/fom-website/drivers/L/LANNOR01_Lando_Norris/lannor01.png.transform/1col/image.png,GBR,,,,,,,,,
2023,Monaco Grand Prix,Practice 1,Pierre Gasly,Alpine,,26.34520547945205,46.54794520547945,37.397260273972606,0.7767123287671234,10,P GASLY,GAS,gasly,2293D1,alpine,Pierre,Gasly,https://www.formula1.com/content/dam/fom-website/drivers/P/PIEGAS01_Pierre_Gasly/piegas01.png.transform/1col/image.png,FRA,,,,,,,,,
2023,Monaco Grand Prix,Practice 1,Sergio Perez,Red Bull Racing,,26.34520547945205,46.54794520547945,37.397260273972606,0.7767123287671234,11,S PEREZ,PER,perez,3671C6,red_bull,Sergio,Perez,https://www.formula1.com/content/dam/fom-website/drivers/S/SERPER01_Sergio_Perez/serper01.png.transform/1col/image.png,MEX,,,,,,,,,
2023,Monaco Grand Prix,Practice 1,Fernando Alonso,Aston Martin,,26.34520547945205,46.54794520547945,37.397260273972606,0.7767123287671234,14,F ALONSO,ALO,alonso,358C75,aston_martin,Fernando,Alonso,https://www.formula1.com/content/dam/fom-website/drivers/F/FERALO01_Fernando_Alonso/feralo01.png.transform/1col/image.png,ESP,,,,,,,,,
2023,Monaco Grand Prix,Practice 1,Charles Leclerc,Ferrari,,26.34520547945205,46.54794520547945,37.397260273972606,0.7767123287671234,16,C LECLERC,LEC,leclerc,F91536,ferrari,Charles,Leclerc,https://www.formula1.com/content/dam/fom-website/drivers/C/CHALEC01_Charles_Leclerc/chalec01.png.transform/1col/image.png,MON,,,,,,,,,
2023,Monaco Grand Prix,Practice 1,Lance Stroll,Aston Martin,,26.34520547945205,46.54794520547945,37.397260273972606,0.7767123287671234,18,L STROLL,STR,stroll,358C75,aston_martin,Lance,Stroll,https://www.formula1.com/content/dam/fom-website/drivers/L/LANSTR01_Lance_Stroll/lanstr01.png.transform/1col/image.png,CAN,,,,,,,,,
2023,Monaco Grand Prix,Practice 1,Kevin Magnussen,Haas F1 Team,,26.34520547945205,46.54794520547945,37.397260273972606,0.7767123287671234,20,K MAGNUSSEN,MAG,kevin_magnussen,B6BABD,haas,Kevin,Magnussen,https://www.formula1.com/content/dam/fom-website/drivers/K/KEVMAG01_Kevin_Magnussen/kevmag01.png.transform/1col/image.png,DEN,,,,,,,,,
2023,Monaco Grand Prix,Practice 1,Nyck De Vries,AlphaTauri,,26.34520547945205,46.54794520547945,37.397260273972606,0.7767123287671234,21,N DE VRIES,DEV,de_vries,5E8FAA,alphatauri,Nyck,De Vries,https://www.formula1.com/content/dam/fom-website/drivers/N/NYCDEV01_Nyck_De%20Vries/nycdev01.png.transform/1col/image.png,NED,,,,,,,,,
2023,Monaco Grand Prix,Practice 1,Yuki Tsunoda,AlphaTauri,,26.34520547945205,46.54794520547945,37.397260273972606,0.7767123287671234,22,Y TSUNODA,TSU,tsunoda,5E8FAA,alphatauri,Yuki,Tsunoda,https://www.formula1.com/content/dam/fom-website/drivers/Y/YUKTSU01_Yuki_Tsunoda/yuktsu01.png.transform/1col/image.png,JPN,,,,,,,,,
2023,Monaco Grand Prix,Practice 1,Alexander Albon,Williams,,26.34520547945205,46.54794520547945,37.397260273972606,0.7767123287671234,23,A ALBON,ALB,albon,37BEDD,williams,Alexander,Albon,https://www.formula1.com/content/dam/fom-website/drivers/A/ALEALB01_Alexander_Albon/alealb01.png.transform/1col/image.png,THA,,,,,,,,,
2023,Monaco Grand Prix,Practice 1,Guanyu Zhou,Alfa Romeo,,26.34520547945205,46.54794520547945,37.397260273972606,0.7767123287671234,24,G ZHOU,ZHO,zhou,C92D4B,alfa,Guanyu,Zhou,https://www.formula1.com/content/dam/fom-website/drivers/G/GUAZHO01_Guanyu_Zhou/guazho01.png.transform/1col/image.png,CHN,,,,,,,,,
2023,Monaco Grand Prix,Practice 1,Nico Hulkenberg,Haas F1 Team,,26.34520547945205,46.54794520547945,37.397260273972606,0.7767123287671234,27,N HULKENBERG,HUL,hulkenberg,B6BABD,haas,Nico,Hulkenberg,https://www.formula1.com/content/dam/fom-website/drivers/N/NICHUL01_Nico_Hulkenberg/nichul01.png.transform/1col/image.png,GER,,,,,,,,,
2023,Monaco Grand Prix,Practice 1,Esteban Ocon,Alpine,,26.34520547945205,46.54794520547945,37.397260273972606,0.7767123287671234,31,E OCON,OCO,ocon,2293D1,alpine,Esteban,Ocon,https://www.formula1.com/content/dam/fom-website/drivers/E/ESTOCO01_Esteban_Ocon/estoco01.png.transform/1col/image.png,FRA,,,,,,,,,
2023,Monaco Grand Prix,Practice 1,Lewis Hamilton,Mercedes,,26.34520547945205,46.54794520547945,37.397260273972606,0.7767123287671234,44,L HAMILTON,HAM,hamilton,6CD3BF,mercedes,Lewis,Hamilton,https://www.formula1.com/content/dam/fom-website/drivers/L/LEWHAM01_Lewis_Hamilton/lewham01.png.transform/1col/image.png,GBR,,,,,,,,,
2023,Monaco Grand Prix,Practice 1,Carlos Sainz,Ferrari,,26.34520547945205,46.54794520547945,37.397260273972606,0.7767123287671234,55,C SAINZ,SAI,sainz,F91536,ferrari,Carlos,Sainz,https://www.formula1.com/content/dam/fom-website/drivers/C/CARSAI01_Carlos_Sainz/carsai01.png.transform/1col/image.png,ESP,,,,,,,,,
2023,Monaco Grand Prix,Practice 1,George Russell,Mercedes,,26.34520547945205,46.54794520547945,37.397260273972606,0.7767123287671234,63,G RUSSELL,RUS,russell,6CD3BF,mercedes,George,Russell,https://www.formula1.com/content/dam/fom-website/drivers/G/GEORUS01_George_Russell/georus01.png.transform/1col/image.png,GBR,,,,,,,,,
2023,Monaco Grand Prix,Practice 1,Valtteri Bottas,Alfa Romeo,,26.34520547945205,46.54794520547945,37.397260273972606,0.7767123287671234,77,V BOTTAS,BOT,bottas,C92D4B,alfa,Valtteri,Bottas,https://www.formula1.com/content/dam/fom-website/drivers/V/VALBOT01_Valtteri_Bottas/valbot01.png.transform/1col/image.png,FIN,,,,,,,,,
2023,Monaco Grand Prix,Practice 1,Oscar Piastri,McLaren,,26.34520547945205,46.54794520547945,37.397260273972606,0.7767123287671234,81,O PIASTRI,PIA,piastri,F58020,mclaren,Oscar,Piastri,https://www.formula1.com/content/dam/fom-website/drivers/O/OSCPIA01_Oscar_Piastri/oscpia01.png.transform/1col/image.png,AUS,,,,,,,,,
2023,Monaco Grand Prix,Practice 2,Max Verstappen,Red Bull Racing,,26.8716049382716,43.02962962962963,32.41975308641975,0.9382716049382716,1,M VERSTAPPEN,VER,max_verstappen,3671C6,red_bull,Max,Verstappen,https://www.formula1.com/content/dam/fom-website/drivers/M/MAXVER01_Max_Verstappen/maxver01.png.transform/1col/image.png,NED,,,,,,,,,
2023,Monaco Grand Prix,Practice 2,Logan Sargeant,Williams,,26.8716049382716,43.02962962962963,32.41975308641975,0.9382716049382716,2,L SARGEANT,SAR,sargeant,37BEDD,williams,Logan,Sargeant,https://www.formula1.com/content/dam/fom-website/drivers/L/LOGSAR01_Logan_Sargeant/logsar01.png.transform/1col/image.png,USA,,,,,,,,,
2023,Monaco Grand Prix,Practice 2,Lando Norris,McLaren,,26.8716049382716,43.02962962962963,32.41975308641975,0.9382716049382716,4,L NORRIS,NOR,norris,F58020,mclaren,Lando,Norris,https://www.formula1.com/content/dam/fom-website/drivers/L/LANNOR01_Lando_Norris/lannor01.png.transform/1col/image.png,GBR,,,,,,,,,
2023,Monaco Grand Prix,Practice 2,Pierre Gasly,Alpine,,26.8716049382716,43.02962962962963,32.41975308641975,0.9382716049382716,10,P GASLY,GAS,gasly,2293D1,alpine,Pierre,Gasly,https://www.formula1.com/content/dam/fom-website/drivers/P/PIEGAS01_Pierre_Gasly/piegas01.png.transform/1col/image.png,FRA,,,,,,,,,
2023,Monaco Grand Prix,Practice 2,Sergio Perez,Red Bull Racing,,26.8716049382716,43.02962962962963,32.41975308641975,0.9382716049382716,11,S PEREZ,PER,perez,3671C6,red_bull,Sergio,Perez,https://www.formula1.com/content/dam/fom-website/drivers/S/SERPER01_Sergio_Perez/serper01.png.transform/1col/image.png,MEX,,,,,,,,,
2023,Monaco Grand Prix,Practice 2,Fernando Alonso,Aston Martin,,26.8716049382716,43.02962962962963,32.41975308641975,0.9382716049382716,14,F ALONSO,ALO,alonso,358C75,aston_martin,Fernando,Alonso,https://www.formula1.com/content/dam/fom-website/drivers/F/FERALO01_Fernando_Alonso/feralo01.png.transform/1col/image.png,ESP,,,,,,,,,
2023,Monaco Grand Prix,Practice 2,Charles Leclerc,Ferrari,,26.8716049382716,43.02962962962963,32.41975308641975,0.9382716049382716,16,C LECLERC,LEC,leclerc,F91536,ferrari,Charles,Leclerc,https://www.formula1.com/content/dam/fom-website/drivers/C/CHALEC01_Charles_Leclerc/chalec01.png.transform/1col/image.png,MON,,,,,,,,,
2023,Monaco Grand Prix,Practice 2,Lance Stroll,Aston Martin,,26.8716049382716,43.02962962962963,32.41975308641975,0.9382716049382716,18,L STROLL,STR,stroll,358C75,aston_martin,Lance,Stroll,https://www.formula1.com/content/dam/fom-website/drivers/L/LANSTR01_Lance_Stroll/lanstr01.png.transform/1col/image.png,CAN,,,,,,,,,
2023,Monaco Grand Prix,Practice 2,Kevin Magnussen,Haas F1 Team,,26.8716049382716,43.02962962962963,32.41975308641975,0.9382716049382716,20,K MAGNUSSEN,MAG,kevin_magnussen,B6BABD,haas,Kevin,Magnussen,https://www.formula1.com/content/dam/fom-website/drivers/K/KEVMAG01_Kevin_Magnussen/kevmag01.png.transform/1col/image.png,DEN,,,,,,,,,
2023,Monaco Grand Prix,Practice 2,Nyck De Vries,AlphaTauri,,26.8716049382716,43.02962962962963,32.41975308641975,0.9382716049382716,21,N DE VRIES,DEV,de_vries,5E8FAA,alphatauri,Nyck,De Vries,https://www.formula1.com/content/dam/fom-website/drivers/N/NYCDEV01_Nyck_De%20Vries/nycdev01.png.transform/1col/image.png,NED,,,,,,,,,
2023,Monaco Grand Prix,Practice 2,Yuki Tsunoda,AlphaTauri,,26.8716049382716,43.02962962962963,32.41975308641975,0.9382716049382716,22,Y TSUNODA,TSU,tsunoda,5E8FAA,alphatauri,Yuki,Tsunoda,https://www.formula1.com/content/dam/fom-website/drivers/Y/YUKTSU01_Yuki_Tsunoda/yuktsu01.png.transform/1col/image.png,JPN,,,,,,,,,
2023,Monaco Grand Prix,Practice 2,Alexander Albon,Williams,,26.8716049382716,43.02962962962963,32.41975308641975,0.9382716049382716,23,A ALBON,ALB,albon,37BEDD,williams,Alexander,Albon,https://www.formula1.com/content/dam/fom-website/drivers/A/ALEALB01_Alexander_Albon/alealb01.png.transform/1col/image.png,THA,,,,,,,,,
2023,Monaco Grand Prix,Practice 2,Guanyu Zhou,Alfa Romeo,,26.8716049382716,43.02962962962963,32.41975308641975,0.9382716049382716,24,G ZHOU,ZHO,zhou,C92D4B,alfa,Guanyu,Zhou,https://www.formula1.com/content/dam/fom-website/drivers/G/GUAZHO01_Guanyu_Zhou/guazho01.png.transform/1col/image.png,CHN,,,,,,,,,
2023,Monaco Grand Prix,Practice 2,Nico Hulkenberg,Haas F1 Team,,26.8716049382716,43.02962962962963,32.41975308641975,0.9382716049382716,27,N HULKENBERG,HUL,hulkenberg,B6BABD,haas,Nico,Hulkenberg,https://www.formula1.com/content/dam/fom-website/drivers/N/NICHUL01_Nico_Hulkenberg/nichul01.png.transform/1col/image.png,GER,,,,,,,,,
2023,Monaco Grand Prix,Practice 2,Esteban Ocon,Alpine,,26.8716049382716,43.02962962962963,32.41975308641975,0.9382716049382716,31,E OCON,OCO,ocon,2293D1,alpine,Esteban,Ocon,https://www.formula1.com/content/dam/fom-website/drivers/E/ESTOCO01_Esteban_Ocon/estoco01.png.transform/1col/image.png,FRA,,,,,,,,,
2023,Monaco Grand Prix,Practice 2,Lewis Hamilton,Mercedes,,26.8716049382716,43.02962962962963,32.41975308641975,0.9382716049382716,44,L HAMILTON,HAM,hamilton,6CD3BF,mercedes,Lewis,Hamilton,https://www.formula1.com/content/dam/fom-website/drivers/L/LEWHAM01_Lewis_Hamilton/lewham01.png.transform/1col/image.png,GBR,,,,,,,,,
2023,Monaco Grand Prix,Practice 2,Carlos Sainz,Ferrari,,26.8716049382716,43.02962962962963,32.41975308641975,0.9382716049382716,55,C SAINZ,SAI,sainz,F91536,ferrari,Carlos,Sainz,https://www.formula1.com/content/dam/fom-website/drivers/C/CARSAI01_Carlos_Sainz/carsai01.png.transform/1col/image.png,ESP,,,,,,,,,
2023,Monaco Grand Prix,Practice 2,George Russell,Mercedes,,26.8716049382716,43.02962962962963,32.41975308641975,0.9382716049382716,63,G RUSSELL,RUS,russell,6CD3BF,mercedes,George,Russell,https://www.formula1.com/content/dam/fom-website/drivers/G/GEORUS01_George_Russell/georus01.png.transform/1col/image.png,GBR,,,,,,,,,
2023,Monaco Grand Prix,Practice 2,Valtteri Bottas,Alfa Romeo,,26.8716049382716,43.02962962962963,32.41975308641975,0.9382716049382716,77,V BOTTAS,BOT,bottas,C92D4B,alfa,Valtteri,Bottas,https://www.formula1.com/content/dam/fom-website/drivers/V/VALBOT01_Valtteri_Bottas/valbot01.png.transform/1col/image.png,FIN,,,,,,,,,
2023,Monaco Grand Prix,Practice 2,Oscar Piastri,McLaren,,26.8716049382716,43.02962962962963,32.41975308641975,0.9382716049382716,81,O PIASTRI,PIA,piastri,F58020,mclaren,Oscar,Piastri,https://www.formula1.com/content/dam/fom-website/drivers/O/OSCPIA01_Oscar_Piastri/oscpia01.png.transform/1col/image.png,AUS,,,,,,,,,
2023,Monaco Grand Prix,Practice 3,Max Verstappen,Red Bull Racing,,27.34861111111111,45.30833333333333,34.15277777777778,0.7,1,M VERSTAPPEN,VER,max_verstappen,3671C6,red_bull,Max,Verstappen,https://www.formula1.com/content/dam/fom-website/drivers/M/MAXVER01_Max_Verstappen/maxver01.png.transform/1col/image.png,NED,,,,,,,,,
2023,Monaco Grand Prix,Practice 3,Logan Sargeant,Williams,,27.34861111111111,45.30833333333333,34.15277777777778,0.7,2,L SARGEANT,SAR,sargeant,37BEDD,williams,Logan,Sargeant,https://www.formula1.com/content/dam/fom-website/drivers/L/LOGSAR01_Logan_Sargeant/logsar01.png.transform/1col/image.png,USA,,,,,,,,,
2023,Monaco Grand Prix,Practice 3,Lando Norris,McLaren,,27.34861111111111,45.30833333333333,34.15277777777778,0.7,4,L NORRIS,NOR,norris,F58020,mclaren,Lando,Norris,https://www.formula1.com/content/dam/fom-website/drivers/L/LANNOR01_Lando_Norris/lannor01.png.transform/1col/image.png,GBR,,,,,,,,,
2023,Monaco Grand Prix,Practice 3,Pierre Gasly,Alpine,,27.34861111111111,45.30833333333333,34.15277777777778,0.7,10,P GASLY,GAS,gasly,2293D1,alpine,Pierre,Gasly,https://www.formula1.com/content/dam/fom-website/drivers/P/PIEGAS01_Pierre_Gasly/piegas01.png.transform/1col/image.png,FRA,,,,,,,,,
2023,Monaco Grand Prix,Practice 3,Sergio Perez,Red Bull Racing,,27.34861111111111,45.30833333333333,34.15277777777778,0.7,11,S PEREZ,PER,perez,3671C6,red_bull,Sergio,Perez,https://www.formula1.com/content/dam/fom-website/drivers/S/SERPER01_Sergio_Perez/serper01.png.transform/1col/image.png,MEX,,,,,,,,,
2023,Monaco Grand Prix,Practice 3,Fernando Alonso,Aston Martin,,27.34861111111111,45.30833333333333,34.15277777777778,0.7,14,F ALONSO,ALO,alonso,358C75,aston_martin,Fernando,Alonso,https://www.formula1.com/content/dam/fom-website/drivers/F/FERALO01_Fernando_Alonso/feralo01.png.transform/1col/image.png,ESP,,,,,,,,,
2023,Monaco Grand Prix,Practice 3,Charles Leclerc,Ferrari,,27.34861111111111,45.30833333333333,34.15277777777778,0.7,16,C LECLERC,LEC,leclerc,F91536,ferrari,Charles,Leclerc,https://www.formula1.com/content/dam/fom-website/drivers/C/CHALEC01_Charles_Leclerc/chalec01.png.transform/1col/image.png,MON,,,,,,,,,
2023,Monaco Grand Prix,Practice 3,Lance Stroll,Aston Martin,,27.34861111111111,45.30833333333333,34.15277777777778,0.7,18,L STROLL,STR,stroll,358C75,aston_martin,Lance,Stroll,https://www.formula1.com/content/dam/fom-website/drivers/L/LANSTR01_Lance_Stroll/lanstr01.png.transform/1col/image.png,CAN,,,,,,,,,
2023,Monaco Grand Prix,Practice 3,Kevin Magnussen,Haas F1 Team,,27.34861111111111,45.30833333333333,34.15277777777778,0.7,20,K MAGNUSSEN,MAG,kevin_magnussen,B6BABD,haas,Kevin,Magnussen,https://www.formula1.com/content/dam/fom-website/drivers/K/KEVMAG01_Kevin_Magnussen/kevmag01.png.transform/1col/image.png,DEN,,,,,,,,,
2023,Monaco Grand Prix,Practice 3,Nyck De Vries,AlphaTauri,,27.34861111111111,45.30833333333333,34.15277777777778,0.7,21,N DE VRIES,DEV,de_vries,5E8FAA,alphatauri,Nyck,De Vries,https://www.formula1.com/content/dam/fom-website/drivers/N/NYCDEV01_Nyck_De%20Vries/nycdev01.png.transform/1col/image.png,NED,,,,,,,,,
2023,Monaco Grand Prix,Practice 3,Yuki Tsunoda,AlphaTauri,,27.34861111111111,45.30833333333333,34.15277777777778,0.7,22,Y TSUNODA,TSU,tsunoda,5E8FAA,alphatauri,Yuki,Tsunoda,https://www.formula1.com/content/dam/fom-website/drivers/Y/YUKTSU01_Yuki_Tsunoda/yuktsu01.png.transform/1col/image.png,JPN,,,,,,,,,
2023,Monaco Grand Prix,Practice 3,Alexander Albon,Williams,,27.34861111111111,45.30833333333333,34.15277777777778,0.7,23,A ALBON,ALB,albon,37BEDD,williams,Alexander,Albon,https://www.formula1.com/content/dam/fom-website/drivers/A/ALEALB01_Alexander_Albon/alealb01.png.transform/1col/image.png,THA,,,,,,,,,
2023,Monaco Grand Prix,Practice 3,Guanyu Zhou,Alfa Romeo,,27.34861111111111,45.30833333333333,34.15277777777778,0.7,24,G ZHOU,ZHO,zhou,C92D4B,alfa,Guanyu,Zhou,https://www.formula1.com/content/dam/fom-website/drivers/G/GUAZHO01_Guanyu_Zhou/guazho01.png.transform/1col/image.png,CHN,,,,,,,,,
2023,Monaco Grand Prix,Practice 3,Nico Hulkenberg,Haas F1 Team,,27.34861111111111,45.30833333333333,34.15277777777778,0.7,27,N HULKENBERG,HUL,hulkenberg,B6BABD,haas,Nico,Hulkenberg,https://www.formula1.com/content/dam/fom-website/drivers/N/NICHUL01_Nico_Hulkenberg/nichul01.png.transform/1col/image.png,GER,,,,,,,,,
2023,Monaco Grand Prix,Practice 3,Esteban Ocon,Alpine,,27.34861111111111,45.30833333333333,34.15277777777778,0.7,31,E OCON,OCO,ocon,2293D1,alpine,Esteban,Ocon,https://www.formula1.com/content/dam/fom-website/drivers/E/ESTOCO01_Esteban_Ocon/estoco01.png.transform/1col/image.png,FRA,,,,,,,,,
2023,Monaco Grand Prix,Practice 3,Lewis Hamilton,Mercedes,,27.34861111111111,45.30833333333333,34.15277777777778,0.7,44,L HAMILTON,HAM,hamilton,6CD3BF,mercedes,Lewis,Hamilton,https://www.formula1.com/content/dam/fom-website/drivers/L/LEWHAM01_Lewis_Hamilton/lewham01.png.transform/1col/image.png,GBR,,,,,,,,,
2023,Monaco Grand Prix,Practice 3,Carlos Sainz,Ferrari,,27.34861111111111,45.30833333333333,34.15277777777778,0.7,55,C SAINZ,SAI,sainz,F91536,ferrari,Carlos,Sainz,https://www.formula1.com/content/dam/fom-website/drivers/C/CARSAI01_Carlos_Sainz/carsai01.png.transform/1col/image.png,ESP,,,,,,,,,
2023,Monaco Grand Prix,Practice 3,George Russell,Mercedes,,27.34861111111111,45.30833333333333,34.15277777777778,0.7,63,G RUSSELL,RUS,russell,6CD3BF,mercedes,George,Russell,https://www.formula1.com/content/dam/fom-website/drivers/G/GEORUS01_George_Russell/georus01.png.transform/1col/image.png,GBR,,,,,,,,,
2023,Monaco Grand Prix,Practice 3,Valtteri Bottas,Alfa Romeo,,27.34861111111111,45.30833333333333,34.15277777777778,0.7,77,V BOTTAS,BOT,bottas,C92D4B,alfa,Valtteri,Bottas,https://www.formula1.com/content/dam/fom-website/drivers/V/VALBOT01_Valtteri_Bottas/valbot01.png.transform/1col/image.png,FIN,,,,,,,,,
2023,Monaco Grand Prix,Practice 3,Oscar Piastri,McLaren,,27.34861111111111,45.30833333333333,34.15277777777778,0.7,81,O PIASTRI,PIA,piastri,F58020,mclaren,Oscar,Piastri,https://www.formula1.com/content/dam/fom-website/drivers/O/OSCPIA01_Oscar_Piastri/oscpia01.png.transform/1col/image.png,AUS,,,,,,,,,
2023,Spanish Grand Prix,Race,Max Verstappen,Red Bull Racing,1.0,22.674025974025977,33.838961038961045,63.077922077922075,1.8694805194805193,1,M VERSTAPPEN,VER,max_verstappen,3671C6,red_bull,Max,Verstappen,https://www.formula1.com/content/dam/fom-website/drivers/M/MAXVER01_Max_Verstappen/maxver01.png.transform/1col/image.png,NED,1,1.0,,,,0 days 01:27:57.940000,Finished,26.0,66.0
2023,Spanish Grand Prix,Race,Lewis Hamilton,Mercedes,2.0,22.674025974025977,33.838961038961045,63.077922077922075,1.8694805194805193,44,L HAMILTON,HAM,hamilton,6CD3BF,mercedes,Lewis,Hamilton,https://www.formula1.com/content/dam/fom-website/drivers/L/LEWHAM01_Lewis_Hamilton/lewham01.png.transform/1col/image.png,GBR,2,4.0,,,,0 days 00:00:24.090000,Finished,18.0,66.0
2023,Spanish Grand Prix,Race,George Russell,Mercedes,3.0,22.674025974025977,33.838961038961045,63.077922077922075,1.8694805194805193,63,G RUSSELL,RUS,russell,6CD3BF,mercedes,George,Russell,https://www.formula1.com/content/dam/fom-website/drivers/G/GEORUS01_George_Russell/georus01.png.transform/1col/image.png,GBR,3,12.0,,,,0 days 00:00:32.389000,Finished,15.0,66.0
2023,Spanish Grand Prix,Race,Sergio Perez,Red Bull Racing,4.0,22.674025974025977,33.838961038961045,63.077922077922075,1.8694805194805193,11,S PEREZ,PER,perez,3671C6,red_bull,Sergio,Perez,https://www.formula1.com/content/dam/fom-website/drivers/S/SERPER01_Sergio_Perez/serper01.png.transform/1col/image.png,MEX,4,11.0,,,,0 days 00:00:35.812000,Finished,12.0,66.0
2023,Spanish Grand Prix,Race,Carlos Sainz,Ferrari,5.0,22.674025974025977,33.838961038961045,63.077922077922075,1.8694805194805193,55,C SAINZ,SAI,sainz,F91536,ferrari,Carlos,Sainz,https://www.formula1.com/content/dam/fom-website/drivers/C/CARSAI01_Carlos_Sainz/carsai01.png.transform/1col/image.png,ESP,5,2.0,,,,0 days 00:00:45.698000,Finished,10.0,66.0
2023,Spanish Grand Prix,Race,Lance Stroll,Aston Martin,6.0,22.674025974025977,33.838961038961045,63.077922077922075,1.8694805194805193,18,L STROLL,STR,stroll,358C75,aston_martin,Lance,Stroll,https://www.formula1.com/content/dam/fom-website/drivers/L/LANSTR01_Lance_Stroll/lanstr01.png.transform/1col/image.png,CAN,6,5.0,,,,0 days 00:01:03.320000,Finished,8.0,66.0
2023,Spanish Grand Prix,Race,Fernando Alonso,Aston Martin,7.0,22.674025974025977,33.838961038961045,63.077922077922075,1.8694805194805193,14,F ALONSO,ALO,alonso,358C75,aston_martin,Fernando,Alonso,https://www.formula1.com/content/dam/fom-website/drivers/F/FERALO01_Fernando_Alonso/feralo01.png.transform/1col/image.png,ESP,7,8.0,,,,0 days 00:01:04.127000,Finished,6.0,66.0
2023,Spanish Grand Prix,Race,Esteban Ocon,Alpine,8.0,22.674025974025977,33.838961038961045,63.077922077922075,1.8694805194805193,31,E OCON,OCO,ocon,2293D1,alpine,Esteban,Ocon,https://www.formula1.com/content/dam/fom-website/drivers/E/ESTOCO01_Esteban_Ocon/estoco01.png.transform/1col/image.png,FRA,8,6.0,,,,0 days 00:01:09.242000,Finished,4.0,66.0
2023,Spanish Grand Prix,Race,Guanyu Zhou,Alfa Romeo,9.0,22.674025974025977,33.838961038961045,63.077922077922075,1.8694805194805193,24,G ZHOU,ZHO,zhou,C92D4B,alfa,Guanyu,Zhou,https://www.formula1.com/content/dam/fom-website/drivers/G/GUAZHO01_Guanyu_Zhou/guazho01.png.transform/1col/image.png,CHN,9,13.0,,,,0 days 00:01:11.878000,Finished,2.0,66.0
2023,Spanish Grand Prix,Race,Pierre Gasly,Alpine,10.0,22.674025974025977,33.838961038961045,63.077922077922075,1.8694805194805193,10,P GASLY,GAS,gasly,2293D1,alpine,Pierre,Gasly,https://www.formula1.com/content/dam/fom-website/drivers/P/PIEGAS01_Pierre_Gasly/piegas01.png.transform/1col/image.png,FRA,10,10.0,,,,0 days 00:01:13.530000,Finished,1.0,66.0
2023,Spanish Grand Prix,Race,Charles Leclerc,Ferrari,11.0,22.674025974025977,33.838961038961045,63.077922077922075,1.8694805194805193,16,C LECLERC,LEC,leclerc,F91536,ferrari,Charles,Leclerc,https://www.formula1.com/content/dam/fom-website/drivers/C/CHALEC01_Charles_Leclerc/chalec01.png.transform/1col/image.png,MON,11,19.0,,,,0 days 00:01:14.419000,Finished,0.0,66.0
2023,Spanish Grand Prix,Race,Yuki Tsunoda,AlphaTauri,12.0,22.674025974025977,33.838961038961045,63.077922077922075,1.8694805194805193,22,Y TSUNODA,TSU,tsunoda,5E8FAA,alphatauri,Yuki,Tsunoda,https://www.formula1.com/content/dam/fom-website/drivers/Y/YUKTSU01_Yuki_Tsunoda/yuktsu01.png.transform/1col/image.png,JPN,12,15.0,,,,0 days 00:01:15.416000,Finished,0.0,66.0
2023,Spanish Grand Prix,Race,Oscar Piastri,McLaren,13.0,22.674025974025977,33.838961038961045,63.077922077922075,1.8694805194805193,81,O PIASTRI,PIA,piastri,F58020,mclaren,Oscar,Piastri,https://www.formula1.com/content/dam/fom-website/drivers/O/OSCPIA01_Oscar_Piastri/oscpia01.png.transform/1col/image.png,AUS,13,9.0,,,,0 days 00:00:04.275000,Lapped,0.0,65.0
2023,Spanish Grand Prix,Race,Nyck De Vries,AlphaTauri,14.0,22.674025974025977,33.838961038961045,63.077922077922075,1.8694805194805193,21,N DE VRIES,DEV,de_vries,5E8FAA,alphatauri,Nyck,De Vries,https://www.formula1.com/content/dam/fom-website/drivers/N/NYCDEV01_Nyck_De%20Vries/nycdev01.png.transform/1col/image.png,NED,14,14.0,,,,0 days 00:00:05.327000,Lapped,0.0,65.0
2023,Spanish Grand Prix,Race,Nico Hulkenberg,Haas F1 Team,15.0,22.674025974025977,33.838961038961045,63.077922077922075,1.8694805194805193,27,N HULKENBERG,HUL,hulkenberg,B6BABD,haas,Nico,Hulkenberg,https://www.formula1.com/content/dam/fom-website/drivers/N/NICHUL01_Nico_Hulkenberg/nichul01.png.transform/1col/image.png,GER,15,7.0,,,,0 days 00:00:17.297000,Lapped,0.0,65.0
2023,Spanish Grand Prix,Race,Alexander Albon,Williams,16.0,22.674025974025977,33.838961038961045,63.077922077922075,1.8694805194805193,23,A ALBON,ALB,albon,37BEDD,williams,Alexander,Albon,https://www.formula1.com/content/dam/fom-website/drivers/A/ALEALB01_Alexander_Albon/alealb01.png.transform/1col/image.png,THA,16,18.0,,,,0 days 00:00:27.708000,Lapped,0.0,65.0
2023,Spanish Grand Prix,Race,Lando Norris,McLaren,17.0,22.674025974025977,33.838961038961045,63.077922077922075,1.8694805194805193,4,L NORRIS,NOR,norris,F58020,mclaren,Lando,Norris,https://www.formula1.com/content/dam/fom-website/drivers/L/LANNOR01_Lando_Norris/lannor01.png.transform/1col/image.png,GBR,17,3.0,,,,0 days 00:00:30.390000,Lapped,0.0,65.0
2023,Spanish Grand Prix,Race,Kevin Magnussen,Haas F1 Team,18.0,22.674025974025977,33.838961038961045,63.077922077922075,1.8694805194805193,20,K MAGNUSSEN,MAG,kevin_magnussen,B6BABD,haas,Kevin,Magnussen,https://www.formula1.com/content/dam/fom-website/drivers/K/KEVMAG01_Kevin_Magnussen/kevmag01.png.transform/1col/image.png,DEN,18,17.0,,,,0 days 00:00:38.080000,Lapped,0.0,65.0
2023,Spanish Grand Prix,Race,Valtteri Bottas,Alfa Romeo,19.0,22.674025974025977,33.838961038961045,63.077922077922075,1.8694805194805193,77,V BOTTAS,BOT,bottas,C92D4B,alfa,Valtteri,Bottas,https://www.formula1.com/content/dam/fom-website/drivers/V/VALBOT01_Valtteri_Bottas/valbot01.png.transform/1col/image.png,FIN,19,16.0,,,,0 days 00:00:49.943000,Lapped,0.0,65.0
2023,Spanish Grand Prix,Race,Logan Sargeant,Williams,20.0,22.674025974025977,33.838961038961045,63.077922077922075,1.8694805194805193,2,L SARGEANT,SAR,sargeant,37BEDD,williams,Logan,Sargeant,https://www.formula1.com/content/dam/fom-website/drivers/L/LOGSAR01_Logan_Sargeant/logsar01.png.transform/1col/image.png,USA,20,20.0,,,,0 days 00:00:51.677000,Lapped,0.0,65.0
2023,Spanish Grand Prix,Qualifying,Max Verstappen,Red Bull Racing,1.0,20.853409090909093,24.940909090909088,71.94318181818181,1.8352272727272727,1,M VERSTAPPEN,VER,max_verstappen,3671C6,red_bull,Max,Verstappen,https://www.formula1.com/content/dam/fom-website/drivers/M/MAXVER01_Max_Verstappen/maxver01.png.transform/1col/image.png,NED,,,0 days 00:01:13.615000,0 days 00:01:12.760000,0 days 00:01:12.272000,,,,
2023,Spanish Grand Prix,Qualifying,Carlos Sainz,Ferrari,2.0,20.853409090909093,24.940909090909088,71.94318181818181,1.8352272727272727,55,C SAINZ,SAI,sainz,F91536,ferrari,Carlos,Sainz,https://www.formula1.com/content/dam/fom-website/drivers/C/CARSAI01_Carlos_Sainz/carsai01.png.transform/1col/image.png,ESP,,,0 days 00:01:13.411000,0 days 00:01:12.790000,0 days 00:01:12.734000,,,,
2023,Spanish Grand Prix,Qualifying,Lando Norris,McLaren,3.0,20.853409090909093,24.940909090909088,71.94318181818181,1.8352272727272727,4,L NORRIS,NOR,norris,F58020,mclaren,Lando,Norris,https://www.formula1.com/content/dam/fom-website/drivers/L/LANNOR01_Lando_Norris/lannor01.png.transform/1col/image.png,GBR,,,0 days 00:01:13.295000,0 days 00:01:12.776000,0 days 00:01:12.792000,,,,
2023,Spanish Grand Prix,Qualifying,Pierre Gasly,Alpine,4.0,20.853409090909093,24.940909090909088,71.94318181818181,1.8352272727272727,10,P GASLY,GAS,gasly,2293D1,alpine,Pierre,Gasly,https://www.formula1.com/content/dam/fom-website/drivers/P/PIEGAS01_Pierre_Gasly/piegas01.png.transform/1col/image.png,FRA,,,0 days 00:01:13.471000,0 days 00:01:13.186000,0 days 00:01:12.816000,,,,
2023,Spanish Grand Prix,Qualifying,Lewis Hamilton,Mercedes,5.0,20.853409090909093,24.940909090909088,71.94318181818181,1.8352272727272727,44,L HAMILTON,HAM,hamilton,6CD3BF,mercedes,Lewis,Hamilton,https://www.formula1.com/content/dam/fom-website/drivers/L/LEWHAM01_Lewis_Hamilton/lewham01.png.transform/1col/image.png,GBR,,,0 days 00:01:12.937000,0 days 00:01:12.999000,0 days 00:01:12.818000,,,,
2023,Spanish Grand Prix,Qualifying,Lance Stroll,Aston Martin,6.0,20.853409090909093,24.940909090909088,71.94318181818181,1.8352272727272727,18,L STROLL,STR,stroll,358C75,aston_martin,Lance,Stroll,https://www.formula1.com/content/dam/fom-website/drivers/L/LANSTR01_Lance_Stroll/lanstr01.png.transform/1col/image.png,CAN,,,0 days 00:01:13.766000,0 days 00:01:13.082000,0 days 00:01:12.994000,,,,
2023,Spanish Grand Prix,Qualifying,Esteban Ocon,Alpine,7.0,20.853409090909093,24.940909090909088,71.94318181818181,1.8352272727272727,31,E OCON,OCO,ocon,2293D1,alpine,Esteban,Ocon,https://www.formula1.com/content/dam/fom-website/drivers/E/ESTOCO01_Esteban_Ocon/estoco01.png.transform/1col/image.png,FRA,,,0 days 00:01:13.433000,0 days 00:01:13.001000,0 days 00:01:13.083000,,,,
2023,Spanish Grand Prix,Qualifying,Nico Hulkenberg,Haas F1 Team,8.0,20.853409090909093,24.940909090909088,71.94318181818181,1.8352272727272727,27,N HULKENBERG,HUL,hulkenberg,B6BABD,haas,Nico,Hulkenberg,https://www.formula1.com/content/dam/fom-website/drivers/N/NICHUL01_Nico_Hulkenberg/nichul01.png.transform/1col/image.png,GER,,,0 days 00:01:13.420000,0 days 00:01:13.283000,0 days 00:01:13.229000,,,,
2023,Spanish Grand Prix,Qualifying,Fernando Alonso,Aston Martin,9.0,20.853409090909093,24.940909090909088,71.94318181818181,1.8352272727272727,14,F ALONSO,ALO,alonso,358C75,aston_martin,Fernando,Alonso,https://www.formula1.com/content/dam/fom-website/drivers/F/FERALO01_Fernando_Alonso/feralo01.png.transform/1col/image.png,ESP,,,0 days 00:01:13.747000,0 days 00:01:13.098000,0 days 00:01:13.507000,,,,
2023,Spanish Grand Prix,Qualifying,Oscar Piastri,McLaren,10.0,20.853409090909093,24.940909090909088,71.94318181818181,1.8352272727272727,81,O PIASTRI,PIA,piastri,F58020,mclaren,Oscar,Piastri,https://www.formula1.com/content/dam/fom-website/drivers/O/OSCPIA01_Oscar_Piastri/oscpia01.png.transform/1col/image.png,AUS,,,0 days 00:01:13.691000,0 days 00:01:13.059000,0 days 00:01:13.682000,,,,
2023,Spanish Grand Prix,Qualifying,Sergio Perez,Red Bull Racing,11.0,20.853409090909093,24.940909090909088,71.94318181818181,1.8352272727272727,11,S PEREZ,PER,perez,3671C6,red_bull,Sergio,Perez,https://www.formula1.com/content/dam/fom-website/drivers/S/SERPER01_Sergio_Perez/serper01.png.transform/1col/image.png,MEX,,,0 days 00:01:13.874000,0 days 00:01:13.334000,,,,,
2023,Spanish Grand Prix,Qualifying,George Russell,Mercedes,12.0,20.853409090909093,24.940909090909088,71.94318181818181,1.8352272727272727,63,G RUSSELL,RUS,russell,6CD3BF,mercedes,George,Russell,https://www.formula1.com/content/dam/fom-website/drivers/G/GEORUS01_George_Russell/georus01.png.transform/1col/image.png,GBR,,,0 days 00:01:13.326000,0 days 00:01:13.447000,,,,,
2023,Spanish Grand Prix,Qualifying,Guanyu Zhou,Alfa Romeo,13.0,20.853409090909093,24.940909090909088,71.94318181818181,1.8352272727272727,24,G ZHOU,ZHO,zhou,C92D4B,alfa,Guanyu,Zhou,https://www.formula1.com/content/dam/fom-website/drivers/G/GUAZHO01_Guanyu_Zhou/guazho01.png.transform/1col/image.png,CHN,,,0 days 00:01:13.677000,0 days 00:01:13.521000,,,,,
2023,Spanish Grand Prix,Qualifying,Nyck De Vries,AlphaTauri,14.0,20.853409090909093,24.940909090909088,71.94318181818181,1.8352272727272727,21,N DE VRIES,DEV,de_vries,5E8FAA,alphatauri,Nyck,De Vries,https://www.formula1.com/content/dam/fom-website/drivers/N/NYCDEV01_Nyck_De%20Vries/nycdev01.png.transform/1col/image.png,NED,,,0 days 00:01:13.581000,0 days 00:01:14.083000,,,,,
2023,Spanish Grand Prix,Qualifying,Yuki Tsunoda,AlphaTauri,15.0,20.853409090909093,24.940909090909088,71.94318181818181,1.8352272727272727,22,Y TSUNODA,TSU,tsunoda,5E8FAA,alphatauri,Yuki,Tsunoda,https://www.formula1.com/content/dam/fom-website/drivers/Y/YUKTSU01_Yuki_Tsunoda/yuktsu01.png.transform/1col/image.png,JPN,,,0 days 00:01:13.862000,0 days 00:01:14.477000,,,,,
2023,Spanish Grand Prix,Qualifying,Valtteri Bottas,Alfa Romeo,16.0,20.853409090909093,24.940909090909088,71.94318181818181,1.8352272727272727,77,V BOTTAS,BOT,bottas,C92D4B,alfa,Valtteri,Bottas,https://www.formula1.com/content/dam/fom-website/drivers/V/VALBOT01_Valtteri_Bottas/valbot01.png.transform/1col/image.png,FIN,,,0 days 00:01:13.977000,,,,,,
2023,Spanish Grand Prix,Qualifying,Kevin Magnussen,Haas F1 Team,17.0,20.853409090909093,24.940909090909088,71.94318181818181,1.8352272727272727,20,K MAGNUSSEN,MAG,kevin_magnussen,B6BABD,haas,Kevin,Magnussen,https://www.formula1.com/content/dam/fom-website/drivers/K/KEVMAG01_Kevin_Magnussen/kevmag01.png.transform/1col/image.png,DEN,,,0 days 00:01:14.042000,,,,,,
2023,Spanish Grand Prix,Qualifying,Alexander Albon,Williams,18.0,20.853409090909093,24.940909090909088,71.94318181818181,1.8352272727272727,23,A ALBON,ALB,albon,37BEDD,williams,Alexander,Albon,https://www.formula1.com/content/dam/fom-website/drivers/A/ALEALB01_Alexander_Albon/alealb01.png.transform/1col/image.png,THA,,,0 days 00:01:14.063000,,,,,,
2023,Spanish Grand Prix,Qualifying,Charles Leclerc,Ferrari,19.0,20.853409090909093,24.940909090909088,71.94318181818181,1.8352272727272727,16,C LECLERC,LEC,leclerc,F91536,ferrari,Charles,Leclerc,https://www.formula1.com/content/dam/fom-website/drivers/C/CHALEC01_Charles_Leclerc/chalec01.png.transform/1col/image.png,MON,,,0 days 00:01:14.079000,,,,,,
2023,Spanish Grand Prix,Qualifying,Logan Sargeant,Williams,20.0,20.853409090909093,24.940909090909088,71.94318181818181,1.8352272727272727,2,L SARGEANT,SAR,sargeant,37BEDD,williams,Logan,Sargeant,https://www.formula1.com/content/dam/fom-website/drivers/L/LOGSAR01_Logan_Sargeant/logsar01.png.transform/1col/image.png,USA,,,0 days 00:01:14.699000,,,,,,
2023,Spanish Grand Prix,Practice 1,Max Verstappen,Red Bull Racing,,24.798780487804876,42.09756097560975,51.926829268292686,1.2219512195121949,1,M VERSTAPPEN,VER,max_verstappen,3671C6,red_bull,Max,Verstappen,https://www.formula1.com/content/dam/fom-website/drivers/M/MAXVER01_Max_Verstappen/maxver01.png.transform/1col/image.png,NED,,,,,,,,,
2023,Spanish Grand Prix,Practice 1,Logan Sargeant,Williams,,24.798780487804876,42.09756097560975,51.926829268292686,1.2219512195121949,2,L SARGEANT,SAR,sargeant,37BEDD,williams,Logan,Sargeant,https://www.formula1.com/content/dam/fom-website/drivers/L/LOGSAR01_Logan_Sargeant/logsar01.png.transform/1col/image.png,USA,,,,,,,,,
2023,Spanish Grand Prix,Practice 1,Lando Norris,McLaren,,24.798780487804876,42.09756097560975,51.926829268292686,1.2219512195121949,4,L NORRIS,NOR,norris,F58020,mclaren,Lando,Norris,https://www.formula1.com/content/dam/fom-website/drivers/L/LANNOR01_Lando_Norris/lannor01.png.transform/1col/image.png,GBR,,,,,,,,,
2023,Spanish Grand Prix,Practice 1,Pierre Gasly,Alpine,,24.798780487804876,42.09756097560975,51.926829268292686,1.2219512195121949,10,P GASLY,GAS,gasly,2293D1,alpine,Pierre,Gasly,https://www.formula1.com/content/dam/fom-website/drivers/P/PIEGAS01_Pierre_Gasly/piegas01.png.transform/1col/image.png,FRA,,,,,,,,,
2023,Spanish Grand Prix,Practice 1,Sergio Perez,Red Bull Racing,,24.798780487804876,42.09756097560975,51.926829268292686,1.2219512195121949,11,S PEREZ,PER,perez,3671C6,red_bull,Sergio,Perez,https://www.formula1.com/content/dam/fom-website/drivers/S/SERPER01_Sergio_Perez/serper01.png.transform/1col/image.png,MEX,,,,,,,,,
2023,Spanish Grand Prix,Practice 1,Fernando Alonso,Aston Martin,,24.798780487804876,42.09756097560975,51.926829268292686,1.2219512195121949,14,F ALONSO,ALO,alonso,358C75,aston_martin,Fernando,Alonso,https://www.formula1.com/content/dam/fom-website/drivers/F/FERALO01_Fernando_Alonso/feralo01.png.transform/1col/image.png,ESP,,,,,,,,,
2023,Spanish Grand Prix,Practice 1,Charles Leclerc,Ferrari,,24.798780487804876,42.09756097560975,51.926829268292686,1.2219512195121949,16,C LECLERC,LEC,leclerc,F91536,ferrari,Charles,Leclerc,https://www.formula1.com/content/dam/fom-website/drivers/C/CHALEC01_Charles_Leclerc/chalec01.png.transform/1col/image.png,MON,,,,,,,,,
2023,Spanish Grand Prix,Practice 1,Lance Stroll,Aston Martin,,24.798780487804876,42.09756097560975,51.926829268292686,1.2219512195121949,18,L STROLL,STR,stroll,358C75,aston_martin,Lance,Stroll,https://www.formula1.com/content/dam/fom-website/drivers/L/LANSTR01_Lance_Stroll/lanstr01.png.transform/1col/image.png,CAN,,,,,,,,,
2023,Spanish Grand Prix,Practice 1,Kevin Magnussen,Haas F1 Team,,24.798780487804876,42.09756097560975,51.926829268292686,1.2219512195121949,20,K MAGNUSSEN,MAG,kevin_magnussen,B6BABD,haas,Kevin,Magnussen,https://www.formula1.com/content/dam/fom-website/drivers/K/KEVMAG01_Kevin_Magnussen/kevmag01.png.transform/1col/image.png,DEN,,,,,,,,,
2023,Spanish Grand Prix,Practice 1,Nyck De Vries,AlphaTauri,,24.798780487804876,42.09756097560975,51.926829268292686,1.2219512195121949,21,N DE VRIES,DEV,de_vries,5E8FAA,alphatauri,Nyck,De Vries,https://www.formula1.com/content/dam/fom-website/drivers/N/NYCDEV01_Nyck_De%20Vries/nycdev01.png.transform/1col/image.png,NED,,,,,,,,,
2023,Spanish Grand Prix,Practice 1,Yuki Tsunoda,AlphaTauri,,24.798780487804876,42.09756097560975,51.926829268292686,1.2219512195121949,22,Y TSUNODA,TSU,tsunoda,5E8FAA,alphatauri,Yuki,Tsunoda,https://www.formula1.com/content/dam/fom-website/drivers/Y/YUKTSU01_Yuki_Tsunoda/yuktsu01.png.transform/1col/image.png,JPN,,,,,,,,,
2023,Spanish Grand Prix,Practice 1,Alexander Albon,Williams,,24.798780487804876,42.09756097560975,51.926829268292686,1.2219512195121949,23,A ALBON,ALB,albon,37BEDD,williams,Alexander,Albon,https://www.formula1.com/content/dam/fom-website/drivers/A/ALEALB01_Alexander_Albon/alealb01.png.transform/1col/image.png,THA,,,,,,,,,
2023,Spanish Grand Prix,Practice 1,Guanyu Zhou,Alfa Romeo,,24.798780487804876,42.09756097560975,51.926829268292686,1.2219512195121949,24,G ZHOU,ZHO,zhou,C92D4B,alfa,Guanyu,Zhou,https://www.formula1.com/content/dam/fom-website/drivers/G/GUAZHO01_Guanyu_Zhou/guazho01.png.transform/1col/image.png,CHN,,,,,,,,,
2023,Spanish Grand Prix,Practice 1,Nico Hulkenberg,Haas F1 Team,,24.798780487804876,42.09756097560975,51.926829268292686,1.2219512195121949,27,N HULKENBERG,HUL,hulkenberg,B6BABD,haas,Nico,Hulkenberg,https://www.formula1.com/content/dam/fom-website/drivers/N/NICHUL01_Nico_Hulkenberg/nichul01.png.transform/1col/image.png,GER,,,,,,,,,
2023,Spanish Grand Prix,Practice 1,Esteban Ocon,Alpine,,24.798780487804876,42.09756097560975,51.926829268292686,1.2219512195121949,31,E OCON,OCO,ocon,2293D1,alpine,Esteban,Ocon,https://www.formula1.com/content/dam/fom-website/drivers/E/ESTOCO01_Esteban_Ocon/estoco01.png.transform/1col/image.png,FRA,,,,,,,,,
2023,Spanish Grand Prix,Practice 1,Lewis Hamilton,Mercedes,,24.798780487804876,42.09756097560975,51.926829268292686,1.2219512195121949,44,L HAMILTON,HAM,hamilton,6CD3BF,mercedes,Lewis,Hamilton,https://www.formula1.com/content/dam/fom-website/drivers/L/LEWHAM01_Lewis_Hamilton/lewham01.png.transform/1col/image.png,GBR,,,,,,,,,
2023,Spanish Grand Prix,Practice 1,Carlos Sainz,Ferrari,,24.798780487804876,42.09756097560975,51.926829268292686,1.2219512195121949,55,C SAINZ,SAI,sainz,F91536,ferrari,Carlos,Sainz,https://www.formula1.com/content/dam/fom-website/drivers/C/CARSAI01_Carlos_Sainz/carsai01.png.transform/1col/image.png,ESP,,,,,,,,,
2023,Spanish Grand Prix,Practice 1,George Russell,Mercedes,,24.798780487804876,42.09756097560975,51.926829268292686,1.2219512195121949,63,G RUSSELL,RUS,russell,6CD3BF,mercedes,George,Russell,https://www.formula1.com/content/dam/fom-website/drivers/G/GEORUS01_George_Russell/georus01.png.transform/1col/image.png,GBR,,,,,,,,,
2023,Spanish Grand Prix,Practice 1,Valtteri Bottas,Alfa Romeo,,24.798780487804876,42.09756097560975,51.926829268292686,1.2219512195121949,77,V BOTTAS,BOT,bottas,C92D4B,alfa,Valtteri,Bottas,https://www.formula1.com/content/dam/fom-website/drivers/V/VALBOT01_Valtteri_Bottas/valbot01.png.transform/1col/image.png,FIN,,,,,,,,,
2023,Spanish Grand Prix,Practice 1,Oscar Piastri,McLaren,,24.798780487804876,42.09756097560975,51.926829268292686,1.2219512195121949,81,O PIASTRI,PIA,piastri,F58020,mclaren,Oscar,Piastri,https://www.formula1.com/content/dam/fom-website/drivers/O/OSCPIA01_Oscar_Piastri/oscpia01.png.transform/1col/image.png,AUS,,,,,,,,,
2023,Spanish Grand Prix,Practice 2,Max Verstappen,Red Bull Racing,,23.347560975609753,34.31463414634146,55.390243902439025,1.4121951219512194,1,M VERSTAPPEN,VER,max_verstappen,3671C6,red_bull,Max,Verstappen,https://www.formula1.com/content/dam/fom-website/drivers/M/MAXVER01_Max_Verstappen/maxver01.png.transform/1col/image.png,NED,,,,,,,,,
2023,Spanish Grand Prix,Practice 2,Logan Sargeant,Williams,,23.347560975609753,34.31463414634146,55.390243902439025,1.4121951219512194,2,L SARGEANT,SAR,sargeant,37BEDD,williams,Logan,Sargeant,https://www.formula1.com/content/dam/fom-website/drivers/L/LOGSAR01_Logan_Sargeant/logsar01.png.transform/1col/image.png,USA,,,,,,,,,
2023,Spanish Grand Prix,Practice 2,Lando Norris,McLaren,,23.347560975609753,34.31463414634146,55.390243902439025,1.4121951219512194,4,L NORRIS,NOR,norris,F58020,mclaren,Lando,Norris,https://www.formula1.com/content/dam/fom-website/drivers/L/LANNOR01_Lando_Norris/lannor01.png.transform/1col/image.png,GBR,,,,,,,,,
2023,Spanish Grand Prix,Practice 2,Pierre Gasly,Alpine,,23.347560975609753,34.31463414634146,55.390243902439025,1.4121951219512194,10,P GASLY,GAS,gasly,2293D1,alpine,Pierre,Gasly,https://www.formula1.com/content/dam/fom-website/drivers/P/PIEGAS01_Pierre_Gasly/piegas01.png.transform/1col/image.png,FRA,,,,,,,,,
2023,Spanish Grand Prix,Practice 2,Sergio Perez,Red Bull Racing,,23.347560975609753,34.31463414634146,55.390243902439025,1.4121951219512194,11,S PEREZ,PER,perez,3671C6,red_bull,Sergio,Perez,https://www.formula1.com/content/dam/fom-website/drivers/S/SERPER01_Sergio_Perez/serper01.png.transform/1col/image.png,MEX,,,,,,,,,
2023,Spanish Grand Prix,Practice 2,Fernando Alonso,Aston Martin,,23.347560975609753,34.31463414634146,55.390243902439025,1.4121951219512194,14,F ALONSO,ALO,alonso,358C75,aston_martin,Fernando,Alonso,https://www.formula1.com/content/dam/fom-website/drivers/F/FERALO01_Fernando_Alonso/feralo01.png.transform/1col/image.png,ESP,,,,,,,,,
2023,Spanish Grand Prix,Practice 2,Charles Leclerc,Ferrari,,23.347560975609753,34.31463414634146,55.390243902439025,1.4121951219512194,16,C LECLERC,LEC,leclerc,F91536,ferrari,Charles,Leclerc,https://www.formula1.com/content/dam/fom-website/drivers/C/CHALEC01_Charles_Leclerc/chalec01.png.transform/1col/image.png,MON,,,,,,,,,
2023,Spanish Grand Prix,Practice 2,Lance Stroll,Aston Martin,,23.347560975609753,34.31463414634146,55.390243902439025,1.4121951219512194,18,L STROLL,STR,stroll,358C75,aston_martin,Lance,Stroll,https://www.formula1.com/content/dam/fom-website/drivers/L/LANSTR01_Lance_Stroll/lanstr01.png.transform/1col/image.png,CAN,,,,,,,,,
2023,Spanish Grand Prix,Practice 2,Kevin Magnussen,Haas F1 Team,,23.347560975609753,34.31463414634146,55.390243902439025,1.4121951219512194,20,K MAGNUSSEN,MAG,kevin_magnussen,B6BABD,haas,Kevin,Magnussen,https://www.formula1.com/content/dam/fom-website/drivers/K/KEVMAG01_Kevin_Magnussen/kevmag01.png.transform/1col/image.png,DEN,,,,,,,,,
2023,Spanish Grand Prix,Practice 2,Nyck De Vries,AlphaTauri,,23.347560975609753,34.31463414634146,55.390243902439025,1.4121951219512194,21,N DE VRIES,DEV,de_vries,5E8FAA,alphatauri,Nyck,De Vries,https://www.formula1.com/content/dam/fom-website/drivers/N/NYCDEV01_Nyck_De%20Vries/nycdev01.png.transform/1col/image.png,NED,,,,,,,,,
2023,Spanish Grand Prix,Practice 2,Yuki Tsunoda,AlphaTauri,,23.347560975609753,34.31463414634146,55.390243902439025,1.4121951219512194,22,Y TSUNODA,TSU,tsunoda,5E8FAA,alphatauri,Yuki,Tsunoda,https://www.formula1.com/content/dam/fom-website/drivers/Y/YUKTSU01_Yuki_Tsunoda/yuktsu01.png.transform/1col/image.png,JPN,,,,,,,,,
2023,Spanish Grand Prix,Practice 2,Alexander Albon,Williams,,23.347560975609753,34.31463414634146,55.390243902439025,1.4121951219512194,23,A ALBON,ALB,albon,37BEDD,williams,Alexander,Albon,https://www.formula1.com/content/dam/fom-website/drivers/A/ALEALB01_Alexander_Albon/alealb01.png.transform/1col/image.png,THA,,,,,,,,,
2023,Spanish Grand Prix,Practice 2,Guanyu Zhou,Alfa Romeo,,23.347560975609753,34.31463414634146,55.390243902439025,1.4121951219512194,24,G ZHOU,ZHO,zhou,C92D4B,alfa,Guanyu,Zhou,https://www.formula1.com/content/dam/fom-website/drivers/G/GUAZHO01_Guanyu_Zhou/guazho01.png.transform/1col/image.png,CHN,,,,,,,,,
2023,Spanish Grand Prix,Practice 2,Nico Hulkenberg,Haas F1 Team,,23.347560975609753,34.31463414634146,55.390243902439025,1.4121951219512194,27,N HULKENBERG,HUL,hulkenberg,B6BABD,haas,Nico,Hulkenberg,https://www.formula1.com/content/dam/fom-website/drivers/N/NICHUL01_Nico_Hulkenberg/nichul01.png.transform/1col/image.png,GER,,,,,,,,,
2023,Spanish Grand Prix,Practice 2,Esteban Ocon,Alpine,,23.347560975609753,34.31463414634146,55.390243902439025,1.4121951219512194,31,E OCON,OCO,ocon,2293D1,alpine,Esteban,Ocon,https://www.formula1.com/content/dam/fom-website/drivers/E/ESTOCO01_Esteban_Ocon/estoco01.png.transform/1col/image.png,FRA,,,,,,,,,
2023,Spanish Grand Prix,Practice 2,Lewis Hamilton,Mercedes,,23.347560975609753,34.31463414634146,55.390243902439025,1.4121951219512194,44,L HAMILTON,HAM,hamilton,6CD3BF,mercedes,Lewis,Hamilton,https://www.formula1.com/content/dam/fom-website/drivers/L/LEWHAM01_Lewis_Hamilton/lewham01.png.transform/1col/image.png,GBR,,,,,,,,,
2023,Spanish Grand Prix,Practice 2,Carlos Sainz,Ferrari,,23.347560975609753,34.31463414634146,55.390243902439025,1.4121951219512194,55,C SAINZ,SAI,sainz,F91536,ferrari,Carlos,Sainz,https://www.formula1.com/content/dam/fom-website/drivers/C/CARSAI01_Carlos_Sainz/carsai01.png.transform/1col/image.png,ESP,,,,,,,,,
2023,Spanish Grand Prix,Practice 2,George Russell,Mercedes,,23.347560975609753,34.31463414634146,55.390243902439025,1.4121951219512194,63,G RUSSELL,RUS,russell,6CD3BF,mercedes,George,Russell,https://www.formula1.com/content/dam/fom-website/drivers/G/GEORUS01_George_Russell/georus01.png.transform/1col/image.png,GBR,,,,,,,,,
2023,Spanish Grand Prix,Practice 2,Valtteri Bottas,Alfa Romeo,,23.347560975609753,34.31463414634146,55.390243902439025,1.4121951219512194,77,V BOTTAS,BOT,bottas,C92D4B,alfa,Valtteri,Bottas,https://www.formula1.com/content/dam/fom-website/drivers/V/VALBOT01_Valtteri_Bottas/valbot01.png.transform/1col/image.png,FIN,,,,,,,,,
2023,Spanish Grand Prix,Practice 2,Oscar Piastri,McLaren,,23.347560975609753,34.31463414634146,55.390243902439025,1.4121951219512194,81,O PIASTRI,PIA,piastri,F58020,mclaren,Oscar,Piastri,https://www.formula1.com/content/dam/fom-website/drivers/O/OSCPIA01_Oscar_Piastri/oscpia01.png.transform/1col/image.png,AUS,,,,,,,,,
2023,Spanish Grand Prix,Practice 3,Max Verstappen,Red Bull Racing,,20.459756097560973,20.309756097560978,75.15853658536585,1.5231707317073169,1,M VERSTAPPEN,VER,max_verstappen,3671C6,red_bull,Max,Verstappen,https://www.formula1.com/content/dam/fom-website/drivers/M/MAXVER01_Max_Verstappen/maxver01.png.transform/1col/image.png,NED,,,,,,,,,
2023,Spanish Grand Prix,Practice 3,Logan Sargeant,Williams,,20.459756097560973,20.309756097560978,75.15853658536585,1.5231707317073169,2,L SARGEANT,SAR,sargeant,37BEDD,williams,Logan,Sargeant,https://www.formula1.com/content/dam/fom-website/drivers/L/LOGSAR01_Logan_Sargeant/logsar01.png.transform/1col/image.png,USA,,,,,,,,,
2023,Spanish Grand Prix,Practice 3,Lando Norris,McLaren,,20.459756097560973,20.309756097560978,75.15853658536585,1.5231707317073169,4,L NORRIS,NOR,norris,F58020,mclaren,Lando,Norris,https://www.formula1.com/content/dam/fom-website/drivers/L/LANNOR01_Lando_Norris/lannor01.png.transform/1col/image.png,GBR,,,,,,,,,
2023,Spanish Grand Prix,Practice 3,Pierre Gasly,Alpine,,20.459756097560973,20.309756097560978,75.15853658536585,1.5231707317073169,10,P GASLY,GAS,gasly,2293D1,alpine,Pierre,Gasly,https://www.formula1.com/content/dam/fom-website/drivers/P/PIEGAS01_Pierre_Gasly/piegas01.png.transform/1col/image.png,FRA,,,,,,,,,
2023,Spanish Grand Prix,Practice 3,Sergio Perez,Red Bull Racing,,20.459756097560973,20.309756097560978,75.15853658536585,1.5231707317073169,11,S PEREZ,PER,perez,3671C6,red_bull,Sergio,Perez,https://www.formula1.com/content/dam/fom-website/drivers/S/SERPER01_Sergio_Perez/serper01.png.transform/1col/image.png,MEX,,,,,,,,,
2023,Spanish Grand Prix,Practice 3,Fernando Alonso,Aston Martin,,20.459756097560973,20.309756097560978,75.15853658536585,1.5231707317073169,14,F ALONSO,ALO,alonso,358C75,aston_martin,Fernando,Alonso,https://www.formula1.com/content/dam/fom-website/drivers/F/FERALO01_Fernando_Alonso/feralo01.png.transform/1col/image.png,ESP,,,,,,,,,
2023,Spanish Grand Prix,Practice 3,Charles Leclerc,Ferrari,,20.459756097560973,20.309756097560978,75.15853658536585,1.5231707317073169,16,C LECLERC,LEC,leclerc,F91536,ferrari,Charles,Leclerc,https://www.formula1.com/content/dam/fom-website/drivers/C/CHALEC01_Charles_Leclerc/chalec01.png.transform/1col/image.png,MON,,,,,,,,,
2023,Spanish Grand Prix,Practice 3,Lance Stroll,Aston Martin,,20.459756097560973,20.309756097560978,75.15853658536585,1.5231707317073169,18,L STROLL,STR,stroll,358C75,aston_martin,Lance,Stroll,https://www.formula1.com/content/dam/fom-website/drivers/L/LANSTR01_Lance_Stroll/lanstr01.png.transform/1col/image.png,CAN,,,,,,,,,
2023,Spanish Grand Prix,Practice 3,Kevin Magnussen,Haas F1 Team,,20.459756097560973,20.309756097560978,75.15853658536585,1.5231707317073169,20,K MAGNUSSEN,MAG,kevin_magnussen,B6BABD,haas,Kevin,Magnussen,https://www.formula1.com/content/dam/fom-website/drivers/K/KEVMAG01_Kevin_Magnussen/kevmag01.png.transform/1col/image.png,DEN,,,,,,,,,
2023,Spanish Grand Prix,Practice 3,Nyck De Vries,AlphaTauri,,20.459756097560973,20.309756097560978,75.15853658536585,1.5231707317073169,21,N DE VRIES,DEV,de_vries,5E8FAA,alphatauri,Nyck,De Vries,https://www.formula1.com/content/dam/fom-website/drivers/N/NYCDEV01_Nyck_De%20Vries/nycdev01.png.transform/1col/image.png,NED,,,,,,,,,
2023,Spanish Grand Prix,Practice 3,Yuki Tsunoda,AlphaTauri,,20.459756097560973,20.309756097560978,75.15853658536585,1.5231707317073169,22,Y TSUNODA,TSU,tsunoda,5E8FAA,alphatauri,Yuki,Tsunoda,https://www.formula1.com/content/dam/fom-website/drivers/Y/YUKTSU01_Yuki_Tsunoda/yuktsu01.png.transform/1col/image.png,JPN,,,,,,,,,
2023,Spanish Grand Prix,Practice 3,Alexander Albon,Williams,,20.459756097560973,20.309756097560978,75.15853658536585,1.5231707317073169,23,A ALBON,ALB,albon,37BEDD,williams,Alexander,Albon,https://www.formula1.com/content/dam/fom-website/drivers/A/ALEALB01_Alexander_Albon/alealb01.png.transform/1col/image.png,THA,,,,,,,,,
2023,Spanish Grand Prix,Practice 3,Guanyu Zhou,Alfa Romeo,,20.459756097560973,20.309756097560978,75.15853658536585,1.5231707317073169,24,G ZHOU,ZHO,zhou,C92D4B,alfa,Guanyu,Zhou,https://www.formula1.com/content/dam/fom-website/drivers/G/GUAZHO01_Guanyu_Zhou/guazho01.png.transform/1col/image.png,CHN,,,,,,,,,
2023,Spanish Grand Prix,Practice 3,Nico Hulkenberg,Haas F1 Team,,20.459756097560973,20.309756097560978,75.15853658536585,1.5231707317073169,27,N HULKENBERG,HUL,hulkenberg,B6BABD,haas,Nico,Hulkenberg,https://www.formula1.com/content/dam/fom-website/drivers/N/NICHUL01_Nico_Hulkenberg/nichul01.png.transform/1col/image.png,GER,,,,,,,,,
2023,Spanish Grand Prix,Practice 3,Esteban Ocon,Alpine,,20.459756097560973,20.309756097560978,75.15853658536585,1.5231707317073169,31,E OCON,OCO,ocon,2293D1,alpine,Esteban,Ocon,https://www.formula1.com/content/dam/fom-website/drivers/E/ESTOCO01_Esteban_Ocon/estoco01.png.transform/1col/image.png,FRA,,,,,,,,,
2023,Spanish Grand Prix,Practice 3,Lewis Hamilton,Mercedes,,20.459756097560973,20.309756097560978,75.15853658536585,1.5231707317073169,44,L HAMILTON,HAM,hamilton,6CD3BF,mercedes,Lewis,Hamilton,https://www.formula1.com/content/dam/fom-website/drivers/L/LEWHAM01_Lewis_Hamilton/lewham01.png.transform/1col/image.png,GBR,,,,,,,,,
2023,Spanish Grand Prix,Practice 3,Carlos Sainz,Ferrari,,20.459756097560973,20.309756097560978,75.15853658536585,1.5231707317073169,55,C SAINZ,SAI,sainz,F91536,ferrari,Carlos,Sainz,https://www.formula1.com/content/dam/fom-website/drivers/C/CARSAI01_Carlos_Sainz/carsai01.png.transform/1col/image.png,ESP,,,,,,,,,
2023,Spanish Grand Prix,Practice 3,George Russell,Mercedes,,20.459756097560973,20.309756097560978,75.15853658536585,1.5231707317073169,63,G RUSSELL,RUS,russell,6CD3BF,mercedes,George,Russell,https://www.formula1.com/content/dam/fom-website/drivers/G/GEORUS01_George_Russell/georus01.png.transform/1col/image.png,GBR,,,,,,,,,
2023,Spanish Grand Prix,Practice 3,Valtteri Bottas,Alfa Romeo,,20.459756097560973,20.309756097560978,75.15853658536585,1.5231707317073169,77,V BOTTAS,BOT,bottas,C92D4B,alfa,Valtteri,Bottas,https://www.formula1.com/content/dam/fom-website/drivers/V/VALBOT01_Valtteri_Bottas/valbot01.png.transform/1col/image.png,FIN,,,,,,,,,
2023,Spanish Grand Prix,Practice 3,Oscar Piastri,McLaren,,20.459756097560973,20.309756097560978,75.15853658536585,1.5231707317073169,81,O PIASTRI,PIA,piastri,F58020,mclaren,Oscar,Piastri,https://www.formula1.com/content/dam/fom-website/drivers/O/OSCPIA01_Oscar_Piastri/oscpia01.png.transform/1col/image.png,AUS,,,,,,,,,
2023,Canadian Grand Prix,Race,Max Verstappen,Red Bull Racing,1.0,18.530246913580246,30.593209876543206,63.901234567901234,1.941975308641975,1,M VERSTAPPEN,VER,max_verstappen,3671C6,red_bull,Max,Verstappen,https://www.formula1.com/content/dam/fom-website/drivers/M/MAXVER01_Max_Verstappen/maxver01.png.transform/1col/image.png,NED,1,1.0,,,,0 days 01:33:58.348000,Finished,25.0,70.0
2023,Canadian Grand Prix,Race,Fernando Alonso,Aston Martin,2.0,18.530246913580246,30.593209876543206,63.901234567901234,1.941975308641975,14,F ALONSO,ALO,alonso,358C75,aston_martin,Fernando,Alonso,https://www.formula1.com/content/dam/fom-website/drivers/F/FERALO01_Fernando_Alonso/feralo01.png.transform/1col/image.png,ESP,2,2.0,,,,0 days 00:00:09.570000,Finished,18.0,70.0
2023,Canadian Grand Prix,Race,Lewis Hamilton,Mercedes,3.0,18.530246913580246,30.593209876543206,63.901234567901234,1.941975308641975,44,L HAMILTON,HAM,hamilton,6CD3BF,mercedes,Lewis,Hamilton,https://www.formula1.com/content/dam/fom-website/drivers/L/LEWHAM01_Lewis_Hamilton/lewham01.png.transform/1col/image.png,GBR,3,3.0,,,,0 days 00:00:14.168000,Finished,15.0,70.0
2023,Canadian Grand Prix,Race,Charles Leclerc,Ferrari,4.0,18.530246913580246,30.593209876543206,63.901234567901234,1.941975308641975,16,C LECLERC,LEC,leclerc,F91536,ferrari,Charles,Leclerc,https://www.formula1.com/content/dam/fom-website/drivers/C/CHALEC01_Charles_Leclerc/chalec01.png.transform/1col/image.png,MON,4,10.0,,,,0 days 00:00:18.648000,Finished,12.0,70.0
2023,Canadian Grand Prix,Race,Carlos Sainz,Ferrari,5.0,18.530246913580246,30.593209876543206,63.901234567901234,1.941975308641975,55,C SAINZ,SAI,sainz,F91536,ferrari,Carlos,Sainz,https://www.formula1.com/content/dam/fom-website/drivers/C/CARSAI01_Carlos_Sainz/carsai01.png.transform/1col/image.png,ESP,5,11.0,,,,0 days 00:00:21.540000,Finished,10.0,70.0
2023,Canadian Grand Prix,Race,Sergio Perez,Red Bull Racing,6.0,18.530246913580246,30.593209876543206,63.901234567901234,1.941975308641975,11,S PEREZ,PER,perez,3671C6,red_bull,Sergio,Perez,https://www.formula1.com/content/dam/fom-website/drivers/S/SERPER01_Sergio_Perez/serper01.png.transform/1col/image.png,MEX,6,12.0,,,,0 days 00:00:51.028000,Finished,9.0,70.0
2023,Canadian Grand Prix,Race,Alexander Albon,Williams,7.0,18.530246913580246,30.593209876543206,63.901234567901234,1.941975308641975,23,A ALBON,ALB,albon,37BEDD,williams,Alexander,Albon,https://www.formula1.com/content/dam/fom-website/drivers/A/ALEALB01_Alexander_Albon/alealb01.png.transform/1col/image.png,THA,7,9.0,,,,0 days 00:01:00.813000,Finished,6.0,70.0
2023,Canadian Grand Prix,Race,Esteban Ocon,Alpine,8.0,18.530246913580246,30.593209876543206,63.901234567901234,1.941975308641975,31,E OCON,OCO,ocon,2293D1,alpine,Esteban,Ocon,https://www.formula1.com/content/dam/fom-website/drivers/E/ESTOCO01_Esteban_Ocon/estoco01.png.transform/1col/image.png,FRA,8,6.0,,,,0 days 00:01:01.692000,Finished,4.0,70.0
2023,Canadian Grand Prix,Race,Lance Stroll,Aston Martin,9.0,18.530246913580246,30.593209876543206,63.901234567901234,1.941975308641975,18,L STROLL,STR,stroll,358C75,aston_martin,Lance,Stroll,https://www.formula1.com/content/dam/fom-website/drivers/L/LANSTR01_Lance_Stroll/lanstr01.png.transform/1col/image.png,CAN,9,16.0,,,,0 days 00:01:04.402000,Finished,2.0,70.0
2023,Canadian Grand Prix,Race,Valtteri Bottas,Alfa Romeo,10.0,18.530246913580246,30.593209876543206,63.901234567901234,1.941975308641975,77,V BOTTAS,BOT,bottas,C92D4B,alfa,Valtteri,Bottas,https://www.formula1.com/content/dam/fom-website/drivers/V/VALBOT01_Valtteri_Bottas/valbot01.png.transform/1col/image.png,FIN,10,14.0,,,,0 days 00:01:04.432000,Finished,1.0,70.0
2023,Canadian Grand Prix,Race,Oscar Piastri,McLaren,11.0,18.530246913580246,30.593209876543206,63.901234567901234,1.941975308641975,81,O PIASTRI,PIA,piastri,F58020,mclaren,Oscar,Piastri,https://www.formula1.com/content/dam/fom-website/drivers/O/OSCPIA01_Oscar_Piastri/oscpia01.png.transform/1col/image.png,AUS,11,8.0,,,,0 days 00:01:05.101000,Finished,0.0,70.0
2023,Canadian Grand Prix,Race,Pierre Gasly,Alpine,12.0,18.530246913580246,30.593209876543206,63.901234567901234,1.941975308641975,10,P GASLY,GAS,gasly,2293D1,alpine,Pierre,Gasly,https://www.formula1.com/content/dam/fom-website/drivers/P/PIEGAS01_Pierre_Gasly/piegas01.png.transform/1col/image.png,FRA,12,15.0,,,,0 days 00:01:05.249000,Finished,0.0,70.0
2023,Canadian Grand Prix,Race,Lando Norris,McLaren,13.0,18.530246913580246,30.593209876543206,63.901234567901234,1.941975308641975,4,L NORRIS,NOR,norris,F58020,mclaren,Lando,Norris,https://www.formula1.com/content/dam/fom-website/drivers/L/LANNOR01_Lando_Norris/lannor01.png.transform/1col/image.png,GBR,13,7.0,,,,0 days 00:01:08.363000,Finished,0.0,70.0
2023,Canadian Grand Prix,Race,Yuki Tsunoda,AlphaTauri,14.0,18.530246913580246,30.593209876543206,63.901234567901234,1.941975308641975,22,Y TSUNODA,TSU,tsunoda,5E8FAA,alphatauri,Yuki,Tsunoda,https://www.formula1.com/content/dam/fom-website/drivers/Y/YUKTSU01_Yuki_Tsunoda/yuktsu01.png.transform/1col/image.png,JPN,14,19.0,,,,0 days 00:01:13.423000,Finished,0.0,70.0
2023,Canadian Grand Prix,Race,Nico Hulkenberg,Haas F1 Team,15.0,18.530246913580246,30.593209876543206,63.901234567901234,1.941975308641975,27,N HULKENBERG,HUL,hulkenberg,B6BABD,haas,Nico,Hulkenberg,https://www.formula1.com/content/dam/fom-website/drivers/N/NICHUL01_Nico_Hulkenberg/nichul01.png.transform/1col/image.png,GER,15,5.0,,,,0 days 00:00:16.943000,Lapped,0.0,69.0
2023,Canadian Grand Prix,Race,Guanyu Zhou,Alfa Romeo,16.0,18.530246913580246,30.593209876543206,63.901234567901234,1.941975308641975,24,G ZHOU,ZHO,zhou,C92D4B,alfa,Guanyu,Zhou,https://www.formula1.com/content/dam/fom-website/drivers/G/GUAZHO01_Guanyu_Zhou/guazho01.png.transform/1col/image.png,CHN,16,20.0,,,,0 days 00:00:17.377000,Lapped,0.0,69.0
2023,Canadian Grand Prix,Race,Kevin Magnussen,Haas F1 Team,17.0,18.530246913580246,30.593209876543206,63.901234567901234,1.941975308641975,20,K MAGNUSSEN,MAG,kevin_magnussen,B6BABD,haas,Kevin,Magnussen,https://www.formula1.com/content/dam/fom-website/drivers/K/KEVMAG01_Kevin_Magnussen/kevmag01.png.transform/1col/image.png,DEN,17,13.0,,,,0 days 00:01:10.259000,Lapped,0.0,69.0
2023,Canadian Grand Prix,Race,Nyck De Vries,AlphaTauri,18.0,18.530246913580246,30.593209876543206,63.901234567901234,1.941975308641975,21,N DE VRIES,DEV,de_vries,5E8FAA,alphatauri,Nyck,De Vries,https://www.formula1.com/content/dam/fom-website/drivers/N/NYCDEV01_Nyck_De%20Vries/nycdev01.png.transform/1col/image.png,NED,18,17.0,,,,0 days 00:01:14.967000,Lapped,0.0,69.0
2023,Canadian Grand Prix,Race,George Russell,Mercedes,19.0,18.530246913580246,30.593209876543206,63.901234567901234,1.941975308641975,63,G RUSSELL,RUS,russell,6CD3BF,mercedes,George,Russell,https://www.formula1.com/content/dam/fom-website/drivers/G/GEORUS01_George_Russell/georus01.png.transform/1col/image.png,GBR,R,4.0,,,,,Retired,0.0,53.0
2023,Canadian Grand Prix,Race,Logan Sargeant,Williams,20.0,18.530246913580246,30.593209876543206,63.901234567901234,1.941975308641975,2,L SARGEANT,SAR,sargeant,37BEDD,williams,Logan,Sargeant,https://www.formula1.com/content/dam/fom-website/drivers/L/LOGSAR01_Logan_Sargeant/logsar01.png.transform/1col/image.png,USA,R,18.0,,,,,Retired,0.0,6.0
2023,Canadian Grand Prix,Qualifying,Max Verstappen,Red Bull Racing,1.0,16.46629213483146,18.4561797752809,87.71910112359551,2.7842696629213477,1,M VERSTAPPEN,VER,max_verstappen,3671C6,red_bull,Max,Verstappen,https://www.formula1.com/content/dam/fom-website/drivers/M/MAXVER01_Max_Verstappen/maxver01.png.transform/1col/image.png,NED,,,0 days 00:01:20.851000,0 days 00:01:19.092000,0 days 00:01:25.858000,,,,
2023,Canadian Grand Prix,Qualifying,Nico Hulkenberg,Haas F1 Team,2.0,16.46629213483146,18.4561797752809,87.71910112359551,2.7842696629213477,27,N HULKENBERG,HUL,hulkenberg,B6BABD,haas,Nico,Hulkenberg,https://www.formula1.com/content/dam/fom-website/drivers/N/NICHUL01_Nico_Hulkenberg/nichul01.png.transform/1col/image.png,GER,,,0 days 00:01:22.730000,0 days 00:01:20.305000,0 days 00:01:27.102000,,,,
2023,Canadian Grand Prix,Qualifying,Fernando Alonso,Aston Martin,3.0,16.46629213483146,18.4561797752809,87.71910112359551,2.7842696629213477,14,F ALONSO,ALO,alonso,358C75,aston_martin,Fernando,Alonso,https://www.formula1.com/content/dam/fom-website/drivers/F/FERALO01_Fernando_Alonso/feralo01.png.transform/1col/image.png,ESP,,,0 days 00:01:21.481000,0 days 00:01:19.776000,0 days 00:01:27.286000,,,,
2023,Canadian Grand Prix,Qualifying,Lewis Hamilton,Mercedes,4.0,16.46629213483146,18.4561797752809,87.71910112359551,2.7842696629213477,44,L HAMILTON,HAM,hamilton,6CD3BF,mercedes,Lewis,Hamilton,https://www.formula1.com/content/dam/fom-website/drivers/L/LEWHAM01_Lewis_Hamilton/lewham01.png.transform/1col/image.png,GBR,,,0 days 00:01:21.554000,0 days 00:01:20.426000,0 days 00:01:27.627000,,,,
2023,Canadian Grand Prix,Qualifying,George Russell,Mercedes,5.0,16.46629213483146,18.4561797752809,87.71910112359551,2.7842696629213477,63,G RUSSELL,RUS,russell,6CD3BF,mercedes,George,Russell,https://www.formula1.com/content/dam/fom-website/drivers/G/GEORUS01_George_Russell/georus01.png.transform/1col/image.png,GBR,,,0 days 00:01:21.798000,0 days 00:01:20.098000,0 days 00:01:27.893000,,,,
2023,Canadian Grand Prix,Qualifying,Esteban Ocon,Alpine,6.0,16.46629213483146,18.4561797752809,87.71910112359551,2.7842696629213477,31,E OCON,OCO,ocon,2293D1,alpine,Esteban,Ocon,https://www.formula1.com/content/dam/fom-website/drivers/E/ESTOCO01_Esteban_Ocon/estoco01.png.transform/1col/image.png,FRA,,,0 days 00:01:22.114000,0 days 00:01:20.406000,0 days 00:01:27.945000,,,,
2023,Canadian Grand Prix,Qualifying,Lando Norris,McLaren,7.0,16.46629213483146,18.4561797752809,87.71910112359551,2.7842696629213477,4,L NORRIS,NOR,norris,F58020,mclaren,Lando,Norris,https://www.formula1.com/content/dam/fom-website/drivers/L/LANNOR01_Lando_Norris/lannor01.png.transform/1col/image.png,GBR,,,0 days 00:01:21.998000,0 days 00:01:19.347000,0 days 00:01:28.046000,,,,
2023,Canadian Grand Prix,Qualifying,Carlos Sainz,Ferrari,8.0,16.46629213483146,18.4561797752809,87.71910112359551,2.7842696629213477,55,C SAINZ,SAI,sainz,F91536,ferrari,Carlos,Sainz,https://www.formula1.com/content/dam/fom-website/drivers/C/CARSAI01_Carlos_Sainz/carsai01.png.transform/1col/image.png,ESP,,,0 days 00:01:22.248000,0 days 00:01:19.856000,0 days 00:01:29.294000,,,,
2023,Canadian Grand Prix,Qualifying,Oscar Piastri,McLaren,9.0,16.46629213483146,18.4561797752809,87.71910112359551,2.7842696629213477,81,O PIASTRI,PIA,piastri,F58020,mclaren,Oscar,Piastri,https://www.formula1.com/content/dam/fom-website/drivers/O/OSCPIA01_Oscar_Piastri/oscpia01.png.transform/1col/image.png,AUS,,,0 days 00:01:22.190000,0 days 00:01:19.659000,0 days 00:01:31.349000,,,,
2023,Canadian Grand Prix,Qualifying,Alexander Albon,Williams,10.0,16.46629213483146,18.4561797752809,87.71910112359551,2.7842696629213477,23,A ALBON,ALB,albon,37BEDD,williams,Alexander,Albon,https://www.formula1.com/content/dam/fom-website/drivers/A/ALEALB01_Alexander_Albon/alealb01.png.transform/1col/image.png,THA,,,0 days 00:01:21.938000,0 days 00:01:18.725000,,,,,
2023,Canadian Grand Prix,Qualifying,Charles Leclerc,Ferrari,11.0,16.46629213483146,18.4561797752809,87.71910112359551,2.7842696629213477,16,C LECLERC,LEC,leclerc,F91536,ferrari,Charles,Leclerc,https://www.formula1.com/content/dam/fom-website/drivers/C/CHALEC01_Charles_Leclerc/chalec01.png.transform/1col/image.png,MON,,,0 days 00:01:21.843000,0 days 00:01:20.615000,,,,,
2023,Canadian Grand Prix,Qualifying,Sergio Perez,Red Bull Racing,12.0,16.46629213483146,18.4561797752809,87.71910112359551,2.7842696629213477,11,S PEREZ,PER,perez,3671C6,red_bull,Sergio,Perez,https://www.formula1.com/content/dam/fom-website/drivers/S/SERPER01_Sergio_Perez/serper01.png.transform/1col/image.png,MEX,,,0 days 00:01:22.151000,0 days 00:01:20.959000,,,,,
2023,Canadian Grand Prix,Qualifying,Lance Stroll,Aston Martin,13.0,16.46629213483146,18.4561797752809,87.71910112359551,2.7842696629213477,18,L STROLL,STR,stroll,358C75,aston_martin,Lance,Stroll,https://www.formula1.com/content/dam/fom-website/drivers/L/LANSTR01_Lance_Stroll/lanstr01.png.transform/1col/image.png,CAN,,,0 days 00:01:22.677000,0 days 00:01:21.484000,,,,,
2023,Canadian Grand Prix,Qualifying,Kevin Magnussen,Haas F1 Team,14.0,16.46629213483146,18.4561797752809,87.71910112359551,2.7842696629213477,20,K MAGNUSSEN,MAG,kevin_magnussen,B6BABD,haas,Kevin,Magnussen,https://www.formula1.com/content/dam/fom-website/drivers/K/KEVMAG01_Kevin_Magnussen/kevmag01.png.transform/1col/image.png,DEN,,,0 days 00:01:22.351000,0 days 00:01:21.678000,,,,,
2023,Canadian Grand Prix,Qualifying,Valtteri Bottas,Alfa Romeo,15.0,16.46629213483146,18.4561797752809,87.71910112359551,2.7842696629213477,77,V BOTTAS,BOT,bottas,C92D4B,alfa,Valtteri,Bottas,https://www.formula1.com/content/dam/fom-website/drivers/V/VALBOT01_Valtteri_Bottas/valbot01.png.transform/1col/image.png,FIN,,,0 days 00:01:22.332000,0 days 00:01:21.821000,,,,,
2023,Canadian Grand Prix,Qualifying,Yuki Tsunoda,AlphaTauri,16.0,16.46629213483146,18.4561797752809,87.71910112359551,2.7842696629213477,22,Y TSUNODA,TSU,tsunoda,5E8FAA,alphatauri,Yuki,Tsunoda,https://www.formula1.com/content/dam/fom-website/drivers/Y/YUKTSU01_Yuki_Tsunoda/yuktsu01.png.transform/1col/image.png,JPN,,,0 days 00:01:22.746000,,,,,,
2023,Canadian Grand Prix,Qualifying,Pierre Gasly,Alpine,17.0,16.46629213483146,18.4561797752809,87.71910112359551,2.7842696629213477,10,P GASLY,GAS,gasly,2293D1,alpine,Pierre,Gasly,https://www.formula1.com/content/dam/fom-website/drivers/P/PIEGAS01_Pierre_Gasly/piegas01.png.transform/1col/image.png,FRA,,,0 days 00:01:22.886000,,,,,,
2023,Canadian Grand Prix,Qualifying,Nyck De Vries,AlphaTauri,18.0,16.46629213483146,18.4561797752809,87.71910112359551,2.7842696629213477,21,N DE VRIES,DEV,de_vries,5E8FAA,alphatauri,Nyck,De Vries,https://www.formula1.com/content/dam/fom-website/drivers/N/NYCDEV01_Nyck_De%20Vries/nycdev01.png.transform/1col/image.png,NED,,,0 days 00:01:23.137000,,,,,,
2023,Canadian Grand Prix,Qualifying,Logan Sargeant,Williams,19.0,16.46629213483146,18.4561797752809,87.71910112359551,2.7842696629213477,2,L SARGEANT,SAR,sargeant,37BEDD,williams,Logan,Sargeant,https://www.formula1.com/content/dam/fom-website/drivers/L/LOGSAR01_Logan_Sargeant/logsar01.png.transform/1col/image.png,USA,,,0 days 00:01:23.337000,,,,,,
2023,Canadian Grand Prix,Qualifying,Guanyu Zhou,Alfa Romeo,20.0,16.46629213483146,18.4561797752809,87.71910112359551,2.7842696629213477,24,G ZHOU,ZHO,zhou,C92D4B,alfa,Guanyu,Zhou,https://www.formula1.com/content/dam/fom-website/drivers/G/GUAZHO01_Guanyu_Zhou/guazho01.png.transform/1col/image.png,CHN,,,0 days 00:01:23.342000,,,,,,
2023,Canadian Grand Prix,Practice 1,Max Verstappen,Red Bull Racing,,21.12,34.62615384615385,65.16923076923077,1.1753846153846153,1,M VERSTAPPEN,VER,max_verstappen,3671C6,red_bull,Max,Verstappen,https://www.formula1.com/content/dam/fom-website/drivers/M/MAXVER01_Max_Verstappen/maxver01.png.transform/1col/image.png,NED,,,,,,,,,
2023,Canadian Grand Prix,Practice 1,Logan Sargeant,Williams,,21.12,34.62615384615385,65.16923076923077,1.1753846153846153,2,L SARGEANT,SAR,sargeant,37BEDD,williams,Logan,Sargeant,https://www.formula1.com/content/dam/fom-website/drivers/L/LOGSAR01_Logan_Sargeant/logsar01.png.transform/1col/image.png,USA,,,,,,,,,
2023,Canadian Grand Prix,Practice 1,Lando Norris,McLaren,,21.12,34.62615384615385,65.16923076923077,1.1753846153846153,4,L NORRIS,NOR,norris,F58020,mclaren,Lando,Norris,https://www.formula1.com/content/dam/fom-website/drivers/L/LANNOR01_Lando_Norris/lannor01.png.transform/1col/image.png,GBR,,,,,,,,,
2023,Canadian Grand Prix,Practice 1,Pierre Gasly,Alpine,,21.12,34.62615384615385,65.16923076923077,1.1753846153846153,10,P GASLY,GAS,gasly,2293D1,alpine,Pierre,Gasly,https://www.formula1.com/content/dam/fom-website/drivers/P/PIEGAS01_Pierre_Gasly/piegas01.png.transform/1col/image.png,FRA,,,,,,,,,
2023,Canadian Grand Prix,Practice 1,Sergio Perez,Red Bull Racing,,21.12,34.62615384615385,65.16923076923077,1.1753846153846153,11,S PEREZ,PER,perez,3671C6,red_bull,Sergio,Perez,https://www.formula1.com/content/dam/fom-website/drivers/S/SERPER01_Sergio_Perez/serper01.png.transform/1col/image.png,MEX,,,,,,,,,
2023,Canadian Grand Prix,Practice 1,Fernando Alonso,Aston Martin,,21.12,34.62615384615385,65.16923076923077,1.1753846153846153,14,F ALONSO,ALO,alonso,358C75,aston_martin,Fernando,Alonso,https://www.formula1.com/content/dam/fom-website/drivers/F/FERALO01_Fernando_Alonso/feralo01.png.transform/1col/image.png,ESP,,,,,,,,,
2023,Canadian Grand Prix,Practice 1,Charles Leclerc,Ferrari,,21.12,34.62615384615385,65.16923076923077,1.1753846153846153,16,C LECLERC,LEC,leclerc,F91536,ferrari,Charles,Leclerc,https://www.formula1.com/content/dam/fom-website/drivers/C/CHALEC01_Charles_Leclerc/chalec01.png.transform/1col/image.png,MON,,,,,,,,,
2023,Canadian Grand Prix,Practice 1,Lance Stroll,Aston Martin,,21.12,34.62615384615385,65.16923076923077,1.1753846153846153,18,L STROLL,STR,stroll,358C75,aston_martin,Lance,Stroll,https://www.formula1.com/content/dam/fom-website/drivers/L/LANSTR01_Lance_Stroll/lanstr01.png.transform/1col/image.png,CAN,,,,,,,,,
2023,Canadian Grand Prix,Practice 1,Kevin Magnussen,Haas F1 Team,,21.12,34.62615384615385,65.16923076923077,1.1753846153846153,20,K MAGNUSSEN,MAG,kevin_magnussen,B6BABD,haas,Kevin,Magnussen,https://www.formula1.com/content/dam/fom-website/drivers/K/KEVMAG01_Kevin_Magnussen/kevmag01.png.transform/1col/image.png,DEN,,,,,,,,,
2023,Canadian Grand Prix,Practice 1,Nyck De Vries,AlphaTauri,,21.12,34.62615384615385,65.16923076923077,1.1753846153846153,21,N DE VRIES,DEV,de_vries,5E8FAA,alphatauri,Nyck,De Vries,https://www.formula1.com/content/dam/fom-website/drivers/N/NYCDEV01_Nyck_De%20Vries/nycdev01.png.transform/1col/image.png,NED,,,,,,,,,
2023,Canadian Grand Prix,Practice 1,Yuki Tsunoda,AlphaTauri,,21.12,34.62615384615385,65.16923076923077,1.1753846153846153,22,Y TSUNODA,TSU,tsunoda,5E8FAA,alphatauri,Yuki,Tsunoda,https://www.formula1.com/content/dam/fom-website/drivers/Y/YUKTSU01_Yuki_Tsunoda/yuktsu01.png.transform/1col/image.png,JPN,,,,,,,,,
2023,Canadian Grand Prix,Practice 1,Alexander Albon,Williams,,21.12,34.62615384615385,65.16923076923077,1.1753846153846153,23,A ALBON,ALB,albon,37BEDD,williams,Alexander,Albon,https://www.formula1.com/content/dam/fom-website/drivers/A/ALEALB01_Alexander_Albon/alealb01.png.transform/1col/image.png,THA,,,,,,,,,
2023,Canadian Grand Prix,Practice 1,Guanyu Zhou,Alfa Romeo,,21.12,34.62615384615385,65.16923076923077,1.1753846153846153,24,G ZHOU,ZHO,zhou,C92D4B,alfa,Guanyu,Zhou,https://www.formula1.com/content/dam/fom-website/drivers/G/GUAZHO01_Guanyu_Zhou/guazho01.png.transform/1col/image.png,CHN,,,,,,,,,
2023,Canadian Grand Prix,Practice 1,Nico Hulkenberg,Haas F1 Team,,21.12,34.62615384615385,65.16923076923077,1.1753846153846153,27,N HULKENBERG,HUL,hulkenberg,B6BABD,haas,Nico,Hulkenberg,https://www.formula1.com/content/dam/fom-website/drivers/N/NICHUL01_Nico_Hulkenberg/nichul01.png.transform/1col/image.png,GER,,,,,,,,,
2023,Canadian Grand Prix,Practice 1,Esteban Ocon,Alpine,,21.12,34.62615384615385,65.16923076923077,1.1753846153846153,31,E OCON,OCO,ocon,2293D1,alpine,Esteban,Ocon,https://www.formula1.com/content/dam/fom-website/drivers/E/ESTOCO01_Esteban_Ocon/estoco01.png.transform/1col/image.png,FRA,,,,,,,,,
2023,Canadian Grand Prix,Practice 1,Lewis Hamilton,Mercedes,,21.12,34.62615384615385,65.16923076923077,1.1753846153846153,44,L HAMILTON,HAM,hamilton,6CD3BF,mercedes,Lewis,Hamilton,https://www.formula1.com/content/dam/fom-website/drivers/L/LEWHAM01_Lewis_Hamilton/lewham01.png.transform/1col/image.png,GBR,,,,,,,,,
2023,Canadian Grand Prix,Practice 1,Carlos Sainz,Ferrari,,21.12,34.62615384615385,65.16923076923077,1.1753846153846153,55,C SAINZ,SAI,sainz,F91536,ferrari,Carlos,Sainz,https://www.formula1.com/content/dam/fom-website/drivers/C/CARSAI01_Carlos_Sainz/carsai01.png.transform/1col/image.png,ESP,,,,,,,,,
2023,Canadian Grand Prix,Practice 1,George Russell,Mercedes,,21.12,34.62615384615385,65.16923076923077,1.1753846153846153,63,G RUSSELL,RUS,russell,6CD3BF,mercedes,George,Russell,https://www.formula1.com/content/dam/fom-website/drivers/G/GEORUS01_George_Russell/georus01.png.transform/1col/image.png,GBR,,,,,,,,,
2023,Canadian Grand Prix,Practice 1,Valtteri Bottas,Alfa Romeo,,21.12,34.62615384615385,65.16923076923077,1.1753846153846153,77,V BOTTAS,BOT,bottas,C92D4B,alfa,Valtteri,Bottas,https://www.formula1.com/content/dam/fom-website/drivers/V/VALBOT01_Valtteri_Bottas/valbot01.png.transform/1col/image.png,FIN,,,,,,,,,
2023,Canadian Grand Prix,Practice 1,Oscar Piastri,McLaren,,21.12,34.62615384615385,65.16923076923077,1.1753846153846153,81,O PIASTRI,PIA,piastri,F58020,mclaren,Oscar,Piastri,https://www.formula1.com/content/dam/fom-website/drivers/O/OSCPIA01_Oscar_Piastri/oscpia01.png.transform/1col/image.png,AUS,,,,,,,,,
2023,Canadian Grand Prix,Practice 2,Max Verstappen,Red Bull Racing,,22.639252336448596,34.8214953271028,57.94392523364486,1.0485981308411214,1,M VERSTAPPEN,VER,max_verstappen,3671C6,red_bull,Max,Verstappen,https://www.formula1.com/content/dam/fom-website/drivers/M/MAXVER01_Max_Verstappen/maxver01.png.transform/1col/image.png,NED,,,,,,,,,
2023,Canadian Grand Prix,Practice 2,Logan Sargeant,Williams,,22.639252336448596,34.8214953271028,57.94392523364486,1.0485981308411214,2,L SARGEANT,SAR,sargeant,37BEDD,williams,Logan,Sargeant,https://www.formula1.com/content/dam/fom-website/drivers/L/LOGSAR01_Logan_Sargeant/logsar01.png.transform/1col/image.png,USA,,,,,,,,,
2023,Canadian Grand Prix,Practice 2,Lando Norris,McLaren,,22.639252336448596,34.8214953271028,57.94392523364486,1.0485981308411214,4,L NORRIS,NOR,norris,F58020,mclaren,Lando,Norris,https://www.formula1.com/content/dam/fom-website/drivers/L/LANNOR01_Lando_Norris/lannor01.png.transform/1col/image.png,GBR,,,,,,,,,
2023,Canadian Grand Prix,Practice 2,Pierre Gasly,Alpine,,22.639252336448596,34.8214953271028,57.94392523364486,1.0485981308411214,10,P GASLY,GAS,gasly,2293D1,alpine,Pierre,Gasly,https://www.formula1.com/content/dam/fom-website/drivers/P/PIEGAS01_Pierre_Gasly/piegas01.png.transform/1col/image.png,FRA,,,,,,,,,
2023,Canadian Grand Prix,Practice 2,Sergio Perez,Red Bull Racing,,22.639252336448596,34.8214953271028,57.94392523364486,1.0485981308411214,11,S PEREZ,PER,perez,3671C6,red_bull,Sergio,Perez,https://www.formula1.com/content/dam/fom-website/drivers/S/SERPER01_Sergio_Perez/serper01.png.transform/1col/image.png,MEX,,,,,,,,,
2023,Canadian Grand Prix,Practice 2,Fernando Alonso,Aston Martin,,22.639252336448596,34.8214953271028,57.94392523364486,1.0485981308411214,14,F ALONSO,ALO,alonso,358C75,aston_martin,Fernando,Alonso,https://www.formula1.com/content/dam/fom-website/drivers/F/FERALO01_Fernando_Alonso/feralo01.png.transform/1col/image.png,ESP,,,,,,,,,
2023,Canadian Grand Prix,Practice 2,Charles Leclerc,Ferrari,,22.639252336448596,34.8214953271028,57.94392523364486,1.0485981308411214,16,C LECLERC,LEC,leclerc,F91536,ferrari,Charles,Leclerc,https://www.formula1.com/content/dam/fom-website/drivers/C/CHALEC01_Charles_Leclerc/chalec01.png.transform/1col/image.png,MON,,,,,,,,,
2023,Canadian Grand Prix,Practice 2,Lance Stroll,Aston Martin,,22.639252336448596,34.8214953271028,57.94392523364486,1.0485981308411214,18,L STROLL,STR,stroll,358C75,aston_martin,Lance,Stroll,https://www.formula1.com/content/dam/fom-website/drivers/L/LANSTR01_Lance_Stroll/lanstr01.png.transform/1col/image.png,CAN,,,,,,,,,
2023,Canadian Grand Prix,Practice 2,Kevin Magnussen,Haas F1 Team,,22.639252336448596,34.8214953271028,57.94392523364486,1.0485981308411214,20,K MAGNUSSEN,MAG,kevin_magnussen,B6BABD,haas,Kevin,Magnussen,https://www.formula1.com/content/dam/fom-website/drivers/K/KEVMAG01_Kevin_Magnussen/kevmag01.png.transform/1col/image.png,DEN,,,,,,,,,
2023,Canadian Grand Prix,Practice 2,Nyck De Vries,AlphaTauri,,22.639252336448596,34.8214953271028,57.94392523364486,1.0485981308411214,21,N DE VRIES,DEV,de_vries,5E8FAA,alphatauri,Nyck,De Vries,https://www.formula1.com/content/dam/fom-website/drivers/N/NYCDEV01_Nyck_De%20Vries/nycdev01.png.transform/1col/image.png,NED,,,,,,,,,
2023,Canadian Grand Prix,Practice 2,Yuki Tsunoda,AlphaTauri,,22.639252336448596,34.8214953271028,57.94392523364486,1.0485981308411214,22,Y TSUNODA,TSU,tsunoda,5E8FAA,alphatauri,Yuki,Tsunoda,https://www.formula1.com/content/dam/fom-website/drivers/Y/YUKTSU01_Yuki_Tsunoda/yuktsu01.png.transform/1col/image.png,JPN,,,,,,,,,
2023,Canadian Grand Prix,Practice 2,Alexander Albon,Williams,,22.639252336448596,34.8214953271028,57.94392523364486,1.0485981308411214,23,A ALBON,ALB,albon,37BEDD,williams,Alexander,Albon,https://www.formula1.com/content/dam/fom-website/drivers/A/ALEALB01_Alexander_Albon/alealb01.png.transform/1col/image.png,THA,,,,,,,,,
2023,Canadian Grand Prix,Practice 2,Guanyu Zhou,Alfa Romeo,,22.639252336448596,34.8214953271028,57.94392523364486,1.0485981308411214,24,G ZHOU,ZHO,zhou,C92D4B,alfa,Guanyu,Zhou,https://www.formula1.com/content/dam/fom-website/drivers/G/GUAZHO01_Guanyu_Zhou/guazho01.png.transform/1col/image.png,CHN,,,,,,,,,
2023,Canadian Grand Prix,Practice 2,Nico Hulkenberg,Haas F1 Team,,22.639252336448596,34.8214953271028,57.94392523364486,1.0485981308411214,27,N HULKENBERG,HUL,hulkenberg,B6BABD,haas,Nico,Hulkenberg,https://www.formula1.com/content/dam/fom-website/drivers/N/NICHUL01_Nico_Hulkenberg/nichul01.png.transform/1col/image.png,GER,,,,,,,,,
2023,Canadian Grand Prix,Practice 2,Esteban Ocon,Alpine,,22.639252336448596,34.8214953271028,57.94392523364486,1.0485981308411214,31,E OCON,OCO,ocon,2293D1,alpine,Esteban,Ocon,https://www.formula1.com/content/dam/fom-website/drivers/E/ESTOCO01_Esteban_Ocon/estoco01.png.transform/1col/image.png,FRA,,,,,,,,,
2023,Canadian Grand Prix,Practice 2,Lewis Hamilton,Mercedes,,22.639252336448596,34.8214953271028,57.94392523364486,1.0485981308411214,44,L HAMILTON,HAM,hamilton,6CD3BF,mercedes,Lewis,Hamilton,https://www.formula1.com/content/dam/fom-website/drivers/L/LEWHAM01_Lewis_Hamilton/lewham01.png.transform/1col/image.png,GBR,,,,,,,,,
2023,Canadian Grand Prix,Practice 2,Carlos Sainz,Ferrari,,22.639252336448596,34.8214953271028,57.94392523364486,1.0485981308411214,55,C SAINZ,SAI,sainz,F91536,ferrari,Carlos,Sainz,https://www.formula1.com/content/dam/fom-website/drivers/C/CARSAI01_Carlos_Sainz/carsai01.png.transform/1col/image.png,ESP,,,,,,,,,
2023,Canadian Grand Prix,Practice 2,George Russell,Mercedes,,22.639252336448596,34.8214953271028,57.94392523364486,1.0485981308411214,63,G RUSSELL,RUS,russell,6CD3BF,mercedes,George,Russell,https://www.formula1.com/content/dam/fom-website/drivers/G/GEORUS01_George_Russell/georus01.png.transform/1col/image.png,GBR,,,,,,,,,
2023,Canadian Grand Prix,Practice 2,Valtteri Bottas,Alfa Romeo,,22.639252336448596,34.8214953271028,57.94392523364486,1.0485981308411214,77,V BOTTAS,BOT,bottas,C92D4B,alfa,Valtteri,Bottas,https://www.formula1.com/content/dam/fom-website/drivers/V/VALBOT01_Valtteri_Bottas/valbot01.png.transform/1col/image.png,FIN,,,,,,,,,
2023,Canadian Grand Prix,Practice 2,Oscar Piastri,McLaren,,22.639252336448596,34.8214953271028,57.94392523364486,1.0485981308411214,81,O PIASTRI,PIA,piastri,F58020,mclaren,Oscar,Piastri,https://www.formula1.com/content/dam/fom-website/drivers/O/OSCPIA01_Oscar_Piastri/oscpia01.png.transform/1col/image.png,AUS,,,,,,,,,
2023,Canadian Grand Prix,Practice 3,Max Verstappen,Red Bull Racing,,14.802666666666667,17.473333333333333,90.70666666666666,2.021333333333333,1,M VERSTAPPEN,VER,max_verstappen,3671C6,red_bull,Max,Verstappen,https://www.formula1.com/content/dam/fom-website/drivers/M/MAXVER01_Max_Verstappen/maxver01.png.transform/1col/image.png,NED,,,,,,,,,
2023,Canadian Grand Prix,Practice 3,Logan Sargeant,Williams,,14.802666666666667,17.473333333333333,90.70666666666666,2.021333333333333,2,L SARGEANT,SAR,sargeant,37BEDD,williams,Logan,Sargeant,https://www.formula1.com/content/dam/fom-website/drivers/L/LOGSAR01_Logan_Sargeant/logsar01.png.transform/1col/image.png,USA,,,,,,,,,
2023,Canadian Grand Prix,Practice 3,Lando Norris,McLaren,,14.802666666666667,17.473333333333333,90.70666666666666,2.021333333333333,4,L NORRIS,NOR,norris,F58020,mclaren,Lando,Norris,https://www.formula1.com/content/dam/fom-website/drivers/L/LANNOR01_Lando_Norris/lannor01.png.transform/1col/image.png,GBR,,,,,,,,,
2023,Canadian Grand Prix,Practice 3,Pierre Gasly,Alpine,,14.802666666666667,17.473333333333333,90.70666666666666,2.021333333333333,10,P GASLY,GAS,gasly,2293D1,alpine,Pierre,Gasly,https://www.formula1.com/content/dam/fom-website/drivers/P/PIEGAS01_Pierre_Gasly/piegas01.png.transform/1col/image.png,FRA,,,,,,,,,
2023,Canadian Grand Prix,Practice 3,Sergio Perez,Red Bull Racing,,14.802666666666667,17.473333333333333,90.70666666666666,2.021333333333333,11,S PEREZ,PER,perez,3671C6,red_bull,Sergio,Perez,https://www.formula1.com/content/dam/fom-website/drivers/S/SERPER01_Sergio_Perez/serper01.png.transform/1col/image.png,MEX,,,,,,,,,
2023,Canadian Grand Prix,Practice 3,Fernando Alonso,Aston Martin,,14.802666666666667,17.473333333333333,90.70666666666666,2.021333333333333,14,F ALONSO,ALO,alonso,358C75,aston_martin,Fernando,Alonso,https://www.formula1.com/content/dam/fom-website/drivers/F/FERALO01_Fernando_Alonso/feralo01.png.transform/1col/image.png,ESP,,,,,,,,,
2023,Canadian Grand Prix,Practice 3,Charles Leclerc,Ferrari,,14.802666666666667,17.473333333333333,90.70666666666666,2.021333333333333,16,C LECLERC,LEC,leclerc,F91536,ferrari,Charles,Leclerc,https://www.formula1.com/content/dam/fom-website/drivers/C/CHALEC01_Charles_Leclerc/chalec01.png.transform/1col/image.png,MON,,,,,,,,,
2023,Canadian Grand Prix,Practice 3,Lance Stroll,Aston Martin,,14.802666666666667,17.473333333333333,90.70666666666666,2.021333333333333,18,L STROLL,STR,stroll,358C75,aston_martin,Lance,Stroll,https://www.formula1.com/content/dam/fom-website/drivers/L/LANSTR01_Lance_Stroll/lanstr01.png.transform/1col/image.png,CAN,,,,,,,,,
2023,Canadian Grand Prix,Practice 3,Kevin Magnussen,Haas F1 Team,,14.802666666666667,17.473333333333333,90.70666666666666,2.021333333333333,20,K MAGNUSSEN,MAG,kevin_magnussen,B6BABD,haas,Kevin,Magnussen,https://www.formula1.com/content/dam/fom-website/drivers/K/KEVMAG01_Kevin_Magnussen/kevmag01.png.transform/1col/image.png,DEN,,,,,,,,,
2023,Canadian Grand Prix,Practice 3,Nyck De Vries,AlphaTauri,,14.802666666666667,17.473333333333333,90.70666666666666,2.021333333333333,21,N DE VRIES,DEV,de_vries,5E8FAA,alphatauri,Nyck,De Vries,https://www.formula1.com/content/dam/fom-website/drivers/N/NYCDEV01_Nyck_De%20Vries/nycdev01.png.transform/1col/image.png,NED,,,,,,,,,
2023,Canadian Grand Prix,Practice 3,Yuki Tsunoda,AlphaTauri,,14.802666666666667,17.473333333333333,90.70666666666666,2.021333333333333,22,Y TSUNODA,TSU,tsunoda,5E8FAA,alphatauri,Yuki,Tsunoda,https://www.formula1.com/content/dam/fom-website/drivers/Y/YUKTSU01_Yuki_Tsunoda/yuktsu01.png.transform/1col/image.png,JPN,,,,,,,,,
2023,Canadian Grand Prix,Practice 3,Alexander Albon,Williams,,14.802666666666667,17.473333333333333,90.70666666666666,2.021333333333333,23,A ALBON,ALB,albon,37BEDD,williams,Alexander,Albon,https://www.formula1.com/content/dam/fom-website/drivers/A/ALEALB01_Alexander_Albon/alealb01.png.transform/1col/image.png,THA,,,,,,,,,
2023,Canadian Grand Prix,Practice 3,Guanyu Zhou,Alfa Romeo,,14.802666666666667,17.473333333333333,90.70666666666666,2.021333333333333,24,G ZHOU,ZHO,zhou,C92D4B,alfa,Guanyu,Zhou,https://www.formula1.com/content/dam/fom-website/drivers/G/GUAZHO01_Guanyu_Zhou/guazho01.png.transform/1col/image.png,CHN,,,,,,,,,
2023,Canadian Grand Prix,Practice 3,Nico Hulkenberg,Haas F1 Team,,14.802666666666667,17.473333333333333,90.70666666666666,2.021333333333333,27,N HULKENBERG,HUL,hulkenberg,B6BABD,haas,Nico,Hulkenberg,https://www.formula1.com/content/dam/fom-website/drivers/N/NICHUL01_Nico_Hulkenberg/nichul01.png.transform/1col/image.png,GER,,,,,,,,,
2023,Canadian Grand Prix,Practice 3,Esteban Ocon,Alpine,,14.802666666666667,17.473333333333333,90.70666666666666,2.021333333333333,31,E OCON,OCO,ocon,2293D1,alpine,Esteban,Ocon,https://www.formula1.com/content/dam/fom-website/drivers/E/ESTOCO01_Esteban_Ocon/estoco01.png.transform/1col/image.png,FRA,,,,,,,,,
2023,Canadian Grand Prix,Practice 3,Lewis Hamilton,Mercedes,,14.802666666666667,17.473333333333333,90.70666666666666,2.021333333333333,44,L HAMILTON,HAM,hamilton,6CD3BF,mercedes,Lewis,Hamilton,https://www.formula1.com/content/dam/fom-website/drivers/L/LEWHAM01_Lewis_Hamilton/lewham01.png.transform/1col/image.png,GBR,,,,,,,,,
2023,Canadian Grand Prix,Practice 3,Carlos Sainz,Ferrari,,14.802666666666667,17.473333333333333,90.70666666666666,2.021333333333333,55,C SAINZ,SAI,sainz,F91536,ferrari,Carlos,Sainz,https://www.formula1.com/content/dam/fom-website/drivers/C/CARSAI01_Carlos_Sainz/carsai01.png.transform/1col/image.png,ESP,,,,,,,,,
2023,Canadian Grand Prix,Practice 3,George Russell,Mercedes,,14.802666666666667,17.473333333333333,90.70666666666666,2.021333333333333,63,G RUSSELL,RUS,russell,6CD3BF,mercedes,George,Russell,https://www.formula1.com/content/dam/fom-website/drivers/G/GEORUS01_George_Russell/georus01.png.transform/1col/image.png,GBR,,,,,,,,,
2023,Canadian Grand Prix,Practice 3,Valtteri Bottas,Alfa Romeo,,14.802666666666667,17.473333333333333,90.70666666666666,2.021333333333333,77,V BOTTAS,BOT,bottas,C92D4B,alfa,Valtteri,Bottas,https://www.formula1.com/content/dam/fom-website/drivers/V/VALBOT01_Valtteri_Bottas/valbot01.png.transform/1col/image.png,FIN,,,,,,,,,
2023,Canadian Grand Prix,Practice 3,Oscar Piastri,McLaren,,14.802666666666667,17.473333333333333,90.70666666666666,2.021333333333333,81,O PIASTRI,PIA,piastri,F58020,mclaren,Oscar,Piastri,https://www.formula1.com/content/dam/fom-website/drivers/O/OSCPIA01_Oscar_Piastri/oscpia01.png.transform/1col/image.png,AUS,,,,,,,,,
2023,Austrian Grand Prix,Race,Max Verstappen,Red Bull Racing,1.0,22.398039215686275,32.05424836601307,52.04575163398693,1.0973856209150326,1,M VERSTAPPEN,VER,max_verstappen,3671C6,red_bull,Max,Verstappen,https://www.formula1.com/content/dam/fom-website/drivers/M/MAXVER01_Max_Verstappen/maxver01.png.transform/1col/image.png,NED,1,1.0,,,,0 days 01:25:33.607000,Finished,26.0,71.0
2023,Austrian Grand Prix,Race,Charles Leclerc,Ferrari,2.0,22.398039215686275,32.05424836601307,52.04575163398693,1.0973856209150326,16,C LECLERC,LEC,leclerc,F91536,ferrari,Charles,Leclerc,https://www.formula1.com/content/dam/fom-website/drivers/C/CHALEC01_Charles_Leclerc/chalec01.png.transform/1col/image.png,MON,2,2.0,,,,0 days 00:00:05.155000,Finished,18.0,71.0
2023,Austrian Grand Prix,Race,Sergio Perez,Red Bull Racing,3.0,22.398039215686275,32.05424836601307,52.04575163398693,1.0973856209150326,11,S PEREZ,PER,perez,3671C6,red_bull,Sergio,Perez,https://www.formula1.com/content/dam/fom-website/drivers/S/SERPER01_Sergio_Perez/serper01.png.transform/1col/image.png,MEX,3,15.0,,,,0 days 00:00:17.188000,Finished,15.0,71.0
2023,Austrian Grand Prix,Race,Lando Norris,McLaren,4.0,22.398039215686275,32.05424836601307,52.04575163398693,1.0973856209150326,4,L NORRIS,NOR,norris,F58020,mclaren,Lando,Norris,https://www.formula1.com/content/dam/fom-website/drivers/L/LANNOR01_Lando_Norris/lannor01.png.transform/1col/image.png,GBR,4,4.0,,,,0 days 00:00:26.327000,Finished,12.0,71.0
2023,Austrian Grand Prix,Race,Fernando Alonso,Aston Martin,5.0,22.398039215686275,32.05424836601307,52.04575163398693,1.0973856209150326,14,F ALONSO,ALO,alonso,358C75,aston_martin,Fernando,Alonso,https://www.formula1.com/content/dam/fom-website/drivers/F/FERALO01_Fernando_Alonso/feralo01.png.transform/1col/image.png,ESP,5,7.0,,,,0 days 00:00:30.317000,Finished,10.0,71.0
2023,Austrian Grand Prix,Race,Carlos Sainz,Ferrari,6.0,22.398039215686275,32.05424836601307,52.04575163398693,1.0973856209150326,55,C SAINZ,SAI,sainz,F91536,ferrari,Carlos,Sainz,https://www.formula1.com/content/dam/fom-website/drivers/C/CARSAI01_Carlos_Sainz/carsai01.png.transform/1col/image.png,ESP,6,3.0,,,,0 days 00:00:31.377000,Finished,8.0,71.0
2023,Austrian Grand Prix,Race,George Russell,Mercedes,7.0,22.398039215686275,32.05424836601307,52.04575163398693,1.0973856209150326,63,G RUSSELL,RUS,russell,6CD3BF,mercedes,George,Russell,https://www.formula1.com/content/dam/fom-website/drivers/G/GEORUS01_George_Russell/georus01.png.transform/1col/image.png,GBR,7,11.0,,,,0 days 00:00:48.403000,Finished,6.0,71.0
2023,Austrian Grand Prix,Race,Lewis Hamilton,Mercedes,8.0,22.398039215686275,32.05424836601307,52.04575163398693,1.0973856209150326,44,L HAMILTON,HAM,hamilton,6CD3BF,mercedes,Lewis,Hamilton,https://www.formula1.com/content/dam/fom-website/drivers/L/LEWHAM01_Lewis_Hamilton/lewham01.png.transform/1col/image.png,GBR,8,5.0,,,,0 days 00:00:49.196000,Finished,4.0,71.0
2023,Austrian Grand Prix,Race,Lance Stroll,Aston Martin,9.0,22.398039215686275,32.05424836601307,52.04575163398693,1.0973856209150326,18,L STROLL,STR,stroll,358C75,aston_martin,Lance,Stroll,https://www.formula1.com/content/dam/fom-website/drivers/L/LANSTR01_Lance_Stroll/lanstr01.png.transform/1col/image.png,CAN,9,6.0,,,,0 days 00:00:59.043000,Finished,2.0,71.0
2023,Austrian Grand Prix,Race,Pierre Gasly,Alpine,10.0,22.398039215686275,32.05424836601307,52.04575163398693,1.0973856209150326,10,P GASLY,GAS,gasly,2293D1,alpine,Pierre,Gasly,https://www.formula1.com/content/dam/fom-website/drivers/P/PIEGAS01_Pierre_Gasly/piegas01.png.transform/1col/image.png,FRA,10,9.0,,,,0 days 00:01:07.667000,Finished,1.0,71.0
2023,Austrian Grand Prix,Race,Alexander Albon,Williams,11.0,22.398039215686275,32.05424836601307,52.04575163398693,1.0973856209150326,23,A ALBON,ALB,albon,37BEDD,williams,Alexander,Albon,https://www.formula1.com/content/dam/fom-website/drivers/A/ALEALB01_Alexander_Albon/alealb01.png.transform/1col/image.png,THA,11,10.0,,,,0 days 00:01:19.767000,Finished,0.0,71.0
2023,Austrian Grand Prix,Race,Guanyu Zhou,Alfa Romeo,12.0,22.398039215686275,32.05424836601307,52.04575163398693,1.0973856209150326,24,G ZHOU,ZHO,zhou,C92D4B,alfa,Guanyu,Zhou,https://www.formula1.com/content/dam/fom-website/drivers/G/GUAZHO01_Guanyu_Zhou/guazho01.png.transform/1col/image.png,CHN,12,17.0,,,,0 days 00:00:24.633000,Lapped,0.0,70.0
2023,Austrian Grand Prix,Race,Logan Sargeant,Williams,13.0,22.398039215686275,32.05424836601307,52.04575163398693,1.0973856209150326,2,L SARGEANT,SAR,sargeant,37BEDD,williams,Logan,Sargeant,https://www.formula1.com/content/dam/fom-website/drivers/L/LOGSAR01_Logan_Sargeant/logsar01.png.transform/1col/image.png,USA,13,18.0,,,,0 days 00:00:31.384000,Lapped,0.0,70.0
2023,Austrian Grand Prix,Race,Esteban Ocon,Alpine,14.0,22.398039215686275,32.05424836601307,52.04575163398693,1.0973856209150326,31,E OCON,OCO,ocon,2293D1,alpine,Esteban,Ocon,https://www.formula1.com/content/dam/fom-website/drivers/E/ESTOCO01_Esteban_Ocon/estoco01.png.transform/1col/image.png,FRA,14,12.0,,,,0 days 00:00:42.140000,Lapped,0.0,70.0
2023,Austrian Grand Prix,Race,Valtteri Bottas,Alfa Romeo,15.0,22.398039215686275,32.05424836601307,52.04575163398693,1.0973856209150326,77,V BOTTAS,BOT,bottas,C92D4B,alfa,Valtteri,Bottas,https://www.formula1.com/content/dam/fom-website/drivers/V/VALBOT01_Valtteri_Bottas/valbot01.png.transform/1col/image.png,FIN,15,14.0,,,,0 days 00:00:42.777000,Lapped,0.0,70.0
2023,Austrian Grand Prix,Race,Oscar Piastri,McLaren,16.0,22.398039215686275,32.05424836601307,52.04575163398693,1.0973856209150326,81,O PIASTRI,PIA,piastri,F58020,mclaren,Oscar,Piastri,https://www.formula1.com/content/dam/fom-website/drivers/O/OSCPIA01_Oscar_Piastri/oscpia01.png.transform/1col/image.png,AUS,16,13.0,,,,0 days 00:00:46.569000,Lapped,0.0,70.0
2023,Austrian Grand Prix,Race,Nyck De Vries,AlphaTauri,17.0,22.398039215686275,32.05424836601307,52.04575163398693,1.0973856209150326,21,N DE VRIES,DEV,de_vries,5E8FAA,alphatauri,Nyck,De Vries,https://www.formula1.com/content/dam/fom-website/drivers/N/NYCDEV01_Nyck_De%20Vries/nycdev01.png.transform/1col/image.png,NED,17,20.0,,,,0 days 00:00:49.703000,Lapped,0.0,70.0
2023,Austrian Grand Prix,Race,Kevin Magnussen,Haas F1 Team,18.0,22.398039215686275,32.05424836601307,52.04575163398693,1.0973856209150326,20,K MAGNUSSEN,MAG,kevin_magnussen,B6BABD,haas,Kevin,Magnussen,https://www.formula1.com/content/dam/fom-website/drivers/K/KEVMAG01_Kevin_Magnussen/kevmag01.png.transform/1col/image.png,DEN,18,19.0,,,,0 days 00:00:56.653000,Lapped,0.0,70.0
2023,Austrian Grand Prix,Race,Yuki Tsunoda,AlphaTauri,19.0,22.398039215686275,32.05424836601307,52.04575163398693,1.0973856209150326,22,Y TSUNODA,TSU,tsunoda,5E8FAA,alphatauri,Yuki,Tsunoda,https://www.formula1.com/content/dam/fom-website/drivers/Y/YUKTSU01_Yuki_Tsunoda/yuktsu01.png.transform/1col/image.png,JPN,19,16.0,,,,0 days 00:00:59.873000,Lapped,0.0,70.0
2023,Austrian Grand Prix,Race,Nico Hulkenberg,Haas F1 Team,20.0,22.398039215686275,32.05424836601307,52.04575163398693,1.0973856209150326,27,N HULKENBERG,HUL,hulkenberg,B6BABD,haas,Nico,Hulkenberg,https://www.formula1.com/content/dam/fom-website/drivers/N/NICHUL01_Nico_Hulkenberg/nichul01.png.transform/1col/image.png,GER,R,8.0,,,,,Retired,0.0,12.0
2023,Austrian Grand Prix,Qualifying,Max Verstappen,Red Bull Racing,1.0,26.70000000000001,39.60941176470588,41.576470588235296,0.8411764705882353,1,M VERSTAPPEN,VER,max_verstappen,3671C6,red_bull,Max,Verstappen,https://www.formula1.com/content/dam/fom-website/drivers/M/MAXVER01_Max_Verstappen/maxver01.png.transform/1col/image.png,NED,,,0 days 00:01:05.116000,0 days 00:01:04.951000,0 days 00:01:04.391000,,,,
2023,Austrian Grand Prix,Qualifying,Charles Leclerc,Ferrari,2.0,26.70000000000001,39.60941176470588,41.576470588235296,0.8411764705882353,16,C LECLERC,LEC,leclerc,F91536,ferrari,Charles,Leclerc,https://www.formula1.com/content/dam/fom-website/drivers/C/CHALEC01_Charles_Leclerc/chalec01.png.transform/1col/image.png,MON,,,0 days 00:01:05.577000,0 days 00:01:05.087000,0 days 00:01:04.439000,,,,
2023,Austrian Grand Prix,Qualifying,Carlos Sainz,Ferrari,3.0,26.70000000000001,39.60941176470588,41.576470588235296,0.8411764705882353,55,C SAINZ,SAI,sainz,F91536,ferrari,Carlos,Sainz,https://www.formula1.com/content/dam/fom-website/drivers/C/CARSAI01_Carlos_Sainz/carsai01.png.transform/1col/image.png,ESP,,,0 days 00:01:05.339000,0 days 00:01:04.975000,0 days 00:01:04.581000,,,,
2023,Austrian Grand Prix,Qualifying,Lando Norris,McLaren,4.0,26.70000000000001,39.60941176470588,41.576470588235296,0.8411764705882353,4,L NORRIS,NOR,norris,F58020,mclaren,Lando,Norris,https://www.formula1.com/content/dam/fom-website/drivers/L/LANNOR01_Lando_Norris/lannor01.png.transform/1col/image.png,GBR,,,0 days 00:01:05.617000,0 days 00:01:05.038000,0 days 00:01:04.658000,,,,
2023,Austrian Grand Prix,Qualifying,Lewis Hamilton,Mercedes,5.0,26.70000000000001,39.60941176470588,41.576470588235296,0.8411764705882353,44,L HAMILTON,HAM,hamilton,6CD3BF,mercedes,Lewis,Hamilton,https://www.formula1.com/content/dam/fom-website/drivers/L/LEWHAM01_Lewis_Hamilton/lewham01.png.transform/1col/image.png,GBR,,,0 days 00:01:05.673000,0 days 00:01:05.188000,0 days 00:01:04.819000,,,,
2023,Austrian Grand Prix,Qualifying,Lance Stroll,Aston Martin,6.0,26.70000000000001,39.60941176470588,41.576470588235296,0.8411764705882353,18,L STROLL,STR,stroll,358C75,aston_martin,Lance,Stroll,https://www.formula1.com/content/dam/fom-website/drivers/L/LANSTR01_Lance_Stroll/lanstr01.png.transform/1col/image.png,CAN,,,0 days 00:01:05.710000,0 days 00:01:05.121000,0 days 00:01:04.893000,,,,
2023,Austrian Grand Prix,Qualifying,Fernando Alonso,Aston Martin,7.0,26.70000000000001,39.60941176470588,41.576470588235296,0.8411764705882353,14,F ALONSO,ALO,alonso,358C75,aston_martin,Fernando,Alonso,https://www.formula1.com/content/dam/fom-website/drivers/F/FERALO01_Fernando_Alonso/feralo01.png.transform/1col/image.png,ESP,,,0 days 00:01:05.655000,0 days 00:01:05.181000,0 days 00:01:04.911000,,,,
2023,Austrian Grand Prix,Qualifying,Nico Hulkenberg,Haas F1 Team,8.0,26.70000000000001,39.60941176470588,41.576470588235296,0.8411764705882353,27,N HULKENBERG,HUL,hulkenberg,B6BABD,haas,Nico,Hulkenberg,https://www.formula1.com/content/dam/fom-website/drivers/N/NICHUL01_Nico_Hulkenberg/nichul01.png.transform/1col/image.png,GER,,,0 days 00:01:05.740000,0 days 00:01:05.362000,0 days 00:01:05.090000,,,,
2023,Austrian Grand Prix,Qualifying,Pierre Gasly,Alpine,9.0,26.70000000000001,39.60941176470588,41.576470588235296,0.8411764705882353,10,P GASLY,GAS,gasly,2293D1,alpine,Pierre,Gasly,https://www.formula1.com/content/dam/fom-website/drivers/P/PIEGAS01_Pierre_Gasly/piegas01.png.transform/1col/image.png,FRA,,,0 days 00:01:05.515000,0 days 00:01:05.308000,0 days 00:01:05.170000,,,,
2023,Austrian Grand Prix,Qualifying,Alexander Albon,Williams,10.0,26.70000000000001,39.60941176470588,41.576470588235296,0.8411764705882353,23,A ALBON,ALB,albon,37BEDD,williams,Alexander,Albon,https://www.formula1.com/content/dam/fom-website/drivers/A/ALEALB01_Alexander_Albon/alealb01.png.transform/1col/image.png,THA,,,0 days 00:01:05.673000,0 days 00:01:05.387000,0 days 00:01:05.823000,,,,
2023,Austrian Grand Prix,Qualifying,George Russell,Mercedes,11.0,26.70000000000001,39.60941176470588,41.576470588235296,0.8411764705882353,63,G RUSSELL,RUS,russell,6CD3BF,mercedes,George,Russell,https://www.formula1.com/content/dam/fom-website/drivers/G/GEORUS01_George_Russell/georus01.png.transform/1col/image.png,GBR,,,0 days 00:01:05.686000,0 days 00:01:05.428000,,,,,
2023,Austrian Grand Prix,Qualifying,Esteban Ocon,Alpine,12.0,26.70000000000001,39.60941176470588,41.576470588235296,0.8411764705882353,31,E OCON,OCO,ocon,2293D1,alpine,Esteban,Ocon,https://www.formula1.com/content/dam/fom-website/drivers/E/ESTOCO01_Esteban_Ocon/estoco01.png.transform/1col/image.png,FRA,,,0 days 00:01:05.729000,0 days 00:01:05.453000,,,,,
2023,Austrian Grand Prix,Qualifying,Oscar Piastri,McLaren,13.0,26.70000000000001,39.60941176470588,41.576470588235296,0.8411764705882353,81,O PIASTRI,PIA,piastri,F58020,mclaren,Oscar,Piastri,https://www.formula1.com/content/dam/fom-website/drivers/O/OSCPIA01_Oscar_Piastri/oscpia01.png.transform/1col/image.png,AUS,,,0 days 00:01:05.683000,0 days 00:01:05.605000,,,,,
2023,Austrian Grand Prix,Qualifying,Valtteri Bottas,Alfa Romeo,14.0,26.70000000000001,39.60941176470588,41.576470588235296,0.8411764705882353,77,V BOTTAS,BOT,bottas,C92D4B,alfa,Valtteri,Bottas,https://www.formula1.com/content/dam/fom-website/drivers/V/VALBOT01_Valtteri_Bottas/valbot01.png.transform/1col/image.png,FIN,,,0 days 00:01:05.763000,0 days 00:01:05.680000,,,,,
2023,Austrian Grand Prix,Qualifying,Sergio Perez,Red Bull Racing,15.0,26.70000000000001,39.60941176470588,41.576470588235296,0.8411764705882353,11,S PEREZ,PER,perez,3671C6,red_bull,Sergio,Perez,https://www.formula1.com/content/dam/fom-website/drivers/S/SERPER01_Sergio_Perez/serper01.png.transform/1col/image.png,MEX,,,0 days 00:01:05.177000,0 days 00:02:06.688000,,,,,
2023,Austrian Grand Prix,Qualifying,Yuki Tsunoda,AlphaTauri,16.0,26.70000000000001,39.60941176470588,41.576470588235296,0.8411764705882353,22,Y TSUNODA,TSU,tsunoda,5E8FAA,alphatauri,Yuki,Tsunoda,https://www.formula1.com/content/dam/fom-website/drivers/Y/YUKTSU01_Yuki_Tsunoda/yuktsu01.png.transform/1col/image.png,JPN,,,0 days 00:01:05.784000,,,,,,
2023,Austrian Grand Prix,Qualifying,Guanyu Zhou,Alfa Romeo,17.0,26.70000000000001,39.60941176470588,41.576470588235296,0.8411764705882353,24,G ZHOU,ZHO,zhou,C92D4B,alfa,Guanyu,Zhou,https://www.formula1.com/content/dam/fom-website/drivers/G/GUAZHO01_Guanyu_Zhou/guazho01.png.transform/1col/image.png,CHN,,,0 days 00:01:05.818000,,,,,,
2023,Austrian Grand Prix,Qualifying,Logan Sargeant,Williams,18.0,26.70000000000001,39.60941176470588,41.576470588235296,0.8411764705882353,2,L SARGEANT,SAR,sargeant,37BEDD,williams,Logan,Sargeant,https://www.formula1.com/content/dam/fom-website/drivers/L/LOGSAR01_Logan_Sargeant/logsar01.png.transform/1col/image.png,USA,,,0 days 00:01:05.948000,,,,,,
2023,Austrian Grand Prix,Qualifying,Kevin Magnussen,Haas F1 Team,19.0,26.70000000000001,39.60941176470588,41.576470588235296,0.8411764705882353,20,K MAGNUSSEN,MAG,kevin_magnussen,B6BABD,haas,Kevin,Magnussen,https://www.formula1.com/content/dam/fom-website/drivers/K/KEVMAG01_Kevin_Magnussen/kevmag01.png.transform/1col/image.png,DEN,,,0 days 00:01:05.971000,,,,,,
2023,Austrian Grand Prix,Qualifying,Nyck De Vries,AlphaTauri,20.0,26.70000000000001,39.60941176470588,41.576470588235296,0.8411764705882353,21,N DE VRIES,DEV,de_vries,5E8FAA,alphatauri,Nyck,De Vries,https://www.formula1.com/content/dam/fom-website/drivers/N/NYCDEV01_Nyck_De%20Vries/nycdev01.png.transform/1col/image.png,NED,,,0 days 00:01:05.974000,,,,,,
2023,Austrian Grand Prix,Sprint,Max Verstappen,Red Bull Racing,1.0,16.442268041237117,21.11443298969072,87.25773195876289,0.7752577319587629,1,M VERSTAPPEN,VER,max_verstappen,3671C6,red_bull,Max,Verstappen,https://www.formula1.com/content/dam/fom-website/drivers/M/MAXVER01_Max_Verstappen/maxver01.png.transform/1col/image.png,NED,1,1.0,,,,0 days 00:30:26.730000,Finished,8.0,24.0
2023,Austrian Grand Prix,Sprint,Sergio Perez,Red Bull Racing,2.0,16.442268041237117,21.11443298969072,87.25773195876289,0.7752577319587629,11,S PEREZ,PER,perez,3671C6,red_bull,Sergio,Perez,https://www.formula1.com/content/dam/fom-website/drivers/S/SERPER01_Sergio_Perez/serper01.png.transform/1col/image.png,MEX,2,2.0,,,,0 days 00:00:21.048000,Finished,7.0,24.0
2023,Austrian Grand Prix,Sprint,Carlos Sainz,Ferrari,3.0,16.442268041237117,21.11443298969072,87.25773195876289,0.7752577319587629,55,C SAINZ,SAI,sainz,F91536,ferrari,Carlos,Sainz,https://www.formula1.com/content/dam/fom-website/drivers/C/CARSAI01_Carlos_Sainz/carsai01.png.transform/1col/image.png,ESP,3,5.0,,,,0 days 00:00:23.088000,Finished,6.0,24.0
2023,Austrian Grand Prix,Sprint,Lance Stroll,Aston Martin,4.0,16.442268041237117,21.11443298969072,87.25773195876289,0.7752577319587629,18,L STROLL,STR,stroll,358C75,aston_martin,Lance,Stroll,https://www.formula1.com/content/dam/fom-website/drivers/L/LANSTR01_Lance_Stroll/lanstr01.png.transform/1col/image.png,CAN,4,7.0,,,,0 days 00:00:29.703000,Finished,5.0,24.0
2023,Austrian Grand Prix,Sprint,Fernando Alonso,Aston Martin,5.0,16.442268041237117,21.11443298969072,87.25773195876289,0.7752577319587629,14,F ALONSO,ALO,alonso,358C75,aston_martin,Fernando,Alonso,https://www.formula1.com/content/dam/fom-website/drivers/F/FERALO01_Fernando_Alonso/feralo01.png.transform/1col/image.png,ESP,5,6.0,,,,0 days 00:00:30.109000,Finished,4.0,24.0
2023,Austrian Grand Prix,Sprint,Nico Hulkenberg,Haas F1 Team,6.0,16.442268041237117,21.11443298969072,87.25773195876289,0.7752577319587629,27,N HULKENBERG,HUL,hulkenberg,B6BABD,haas,Nico,Hulkenberg,https://www.formula1.com/content/dam/fom-website/drivers/N/NICHUL01_Nico_Hulkenberg/nichul01.png.transform/1col/image.png,GER,6,4.0,,,,0 days 00:00:31.297000,Finished,3.0,24.0
2023,Austrian Grand Prix,Sprint,Esteban Ocon,Alpine,7.0,16.442268041237117,21.11443298969072,87.25773195876289,0.7752577319587629,31,E OCON,OCO,ocon,2293D1,alpine,Esteban,Ocon,https://www.formula1.com/content/dam/fom-website/drivers/E/ESTOCO01_Esteban_Ocon/estoco01.png.transform/1col/image.png,FRA,7,8.0,,,,0 days 00:00:36.602000,Finished,2.0,24.0
2023,Austrian Grand Prix,Sprint,George Russell,Mercedes,8.0,16.442268041237117,21.11443298969072,87.25773195876289,0.7752577319587629,63,G RUSSELL,RUS,russell,6CD3BF,mercedes,George,Russell,https://www.formula1.com/content/dam/fom-website/drivers/G/GEORUS01_George_Russell/georus01.png.transform/1col/image.png,GBR,8,15.0,,,,0 days 00:00:36.611000,Finished,1.0,24.0
2023,Austrian Grand Prix,Sprint,Lando Norris,McLaren,9.0,16.442268041237117,21.11443298969072,87.25773195876289,0.7752577319587629,4,L NORRIS,NOR,norris,F58020,mclaren,Lando,Norris,https://www.formula1.com/content/dam/fom-website/drivers/L/LANNOR01_Lando_Norris/lannor01.png.transform/1col/image.png,GBR,9,3.0,,,,0 days 00:00:38.608000,Finished,0.0,24.0
2023,Austrian Grand Prix,Sprint,Lewis Hamilton,Mercedes,10.0,16.442268041237117,21.11443298969072,87.25773195876289,0.7752577319587629,44,L HAMILTON,HAM,hamilton,6CD3BF,mercedes,Lewis,Hamilton,https://www.formula1.com/content/dam/fom-website/drivers/L/LEWHAM01_Lewis_Hamilton/lewham01.png.transform/1col/image.png,GBR,10,18.0,,,,0 days 00:00:46.375000,Finished,0.0,24.0
2023,Austrian Grand Prix,Sprint,Oscar Piastri,McLaren,11.0,16.442268041237117,21.11443298969072,87.25773195876289,0.7752577319587629,81,O PIASTRI,PIA,piastri,F58020,mclaren,Oscar,Piastri,https://www.formula1.com/content/dam/fom-website/drivers/O/OSCPIA01_Oscar_Piastri/oscpia01.png.transform/1col/image.png,AUS,11,17.0,,,,0 days 00:00:49.807000,Finished,0.0,24.0
2023,Austrian Grand Prix,Sprint,Charles Leclerc,Ferrari,12.0,16.442268041237117,21.11443298969072,87.25773195876289,0.7752577319587629,16,C LECLERC,LEC,leclerc,F91536,ferrari,Charles,Leclerc,https://www.formula1.com/content/dam/fom-website/drivers/C/CHALEC01_Charles_Leclerc/chalec01.png.transform/1col/image.png,MON,12,9.0,,,,0 days 00:00:50.789000,Finished,0.0,24.0
2023,Austrian Grand Prix,Sprint,Alexander Albon,Williams,13.0,16.442268041237117,21.11443298969072,87.25773195876289,0.7752577319587629,23,A ALBON,ALB,albon,37BEDD,williams,Alexander,Albon,https://www.formula1.com/content/dam/fom-website/drivers/A/ALEALB01_Alexander_Albon/alealb01.png.transform/1col/image.png,THA,13,11.0,,,,0 days 00:00:52.848000,Finished,0.0,24.0
2023,Austrian Grand Prix,Sprint,Kevin Magnussen,Haas F1 Team,14.0,16.442268041237117,21.11443298969072,87.25773195876289,0.7752577319587629,20,K MAGNUSSEN,MAG,kevin_magnussen,B6BABD,haas,Kevin,Magnussen,https://www.formula1.com/content/dam/fom-website/drivers/K/KEVMAG01_Kevin_Magnussen/kevmag01.png.transform/1col/image.png,DEN,14,10.0,,,,0 days 00:00:56.593000,Finished,0.0,24.0
2023,Austrian Grand Prix,Sprint,Pierre Gasly,Alpine,15.0,16.442268041237117,21.11443298969072,87.25773195876289,0.7752577319587629,10,P GASLY,GAS,gasly,2293D1,alpine,Pierre,Gasly,https://www.formula1.com/content/dam/fom-website/drivers/P/PIEGAS01_Pierre_Gasly/piegas01.png.transform/1col/image.png,FRA,15,12.0,,,,0 days 00:00:57.652000,Finished,0.0,24.0
2023,Austrian Grand Prix,Sprint,Yuki Tsunoda,AlphaTauri,16.0,16.442268041237117,21.11443298969072,87.25773195876289,0.7752577319587629,22,Y TSUNODA,TSU,tsunoda,5E8FAA,alphatauri,Yuki,Tsunoda,https://www.formula1.com/content/dam/fom-website/drivers/Y/YUKTSU01_Yuki_Tsunoda/yuktsu01.png.transform/1col/image.png,JPN,16,13.0,,,,0 days 00:01:04.822000,Finished,0.0,24.0
2023,Austrian Grand Prix,Sprint,Nyck De Vries,AlphaTauri,17.0,16.442268041237117,21.11443298969072,87.25773195876289,0.7752577319587629,21,N DE VRIES,DEV,de_vries,5E8FAA,alphatauri,Nyck,De Vries,https://www.formula1.com/content/dam/fom-website/drivers/N/NYCDEV01_Nyck_De%20Vries/nycdev01.png.transform/1col/image.png,NED,17,14.0,,,,0 days 00:01:05.617000,Finished,0.0,24.0
2023,Austrian Grand Prix,Sprint,Logan Sargeant,Williams,18.0,16.442268041237117,21.11443298969072,87.25773195876289,0.7752577319587629,2,L SARGEANT,SAR,sargeant,37BEDD,williams,Logan,Sargeant,https://www.formula1.com/content/dam/fom-website/drivers/L/LOGSAR01_Logan_Sargeant/logsar01.png.transform/1col/image.png,USA,18,20.0,,,,0 days 00:01:06.059000,Finished,0.0,24.0
2023,Austrian Grand Prix,Sprint,Guanyu Zhou,Alfa Romeo,19.0,16.442268041237117,21.11443298969072,87.25773195876289,0.7752577319587629,24,G ZHOU,ZHO,zhou,C92D4B,alfa,Guanyu,Zhou,https://www.formula1.com/content/dam/fom-website/drivers/G/GUAZHO01_Guanyu_Zhou/guazho01.png.transform/1col/image.png,CHN,19,16.0,,,,0 days 00:01:10.825000,Finished,0.0,24.0
2023,Austrian Grand Prix,Sprint,Valtteri Bottas,Alfa Romeo,20.0,16.442268041237117,21.11443298969072,87.25773195876289,0.7752577319587629,77,V BOTTAS,BOT,bottas,C92D4B,alfa,Valtteri,Bottas,https://www.formula1.com/content/dam/fom-website/drivers/V/VALBOT01_Valtteri_Bottas/valbot01.png.transform/1col/image.png,FIN,20,19.0,,,,0 days 00:01:16.435000,Finished,0.0,24.0
2023,Austrian Grand Prix,Practice 1,Max Verstappen,Red Bull Racing,,27.88095238095238,47.19523809523809,35.05952380952381,1.1726190476190474,1,M VERSTAPPEN,VER,max_verstappen,3671C6,red_bull,Max,Verstappen,https://www.formula1.com/content/dam/fom-website/drivers/M/MAXVER01_Max_Verstappen/maxver01.png.transform/1col/image.png,NED,,,,,,,,,
2023,Austrian Grand Prix,Practice 1,Logan Sargeant,Williams,,27.88095238095238,47.19523809523809,35.05952380952381,1.1726190476190474,2,L SARGEANT,SAR,sargeant,37BEDD,williams,Logan,Sargeant,https://www.formula1.com/content/dam/fom-website/drivers/L/LOGSAR01_Logan_Sargeant/logsar01.png.transform/1col/image.png,USA,,,,,,,,,
2023,Austrian Grand Prix,Practice 1,Lando Norris,McLaren,,27.88095238095238,47.19523809523809,35.05952380952381,1.1726190476190474,4,L NORRIS,NOR,norris,F58020,mclaren,Lando,Norris,https://www.formula1.com/content/dam/fom-website/drivers/L/LANNOR01_Lando_Norris/lannor01.png.transform/1col/image.png,GBR,,,,,,,,,
2023,Austrian Grand Prix,Practice 1,Pierre Gasly,Alpine,,27.88095238095238,47.19523809523809,35.05952380952381,1.1726190476190474,10,P GASLY,GAS,gasly,2293D1,alpine,Pierre,Gasly,https://www.formula1.com/content/dam/fom-website/drivers/P/PIEGAS01_Pierre_Gasly/piegas01.png.transform/1col/image.png,FRA,,,,,,,,,
2023,Austrian Grand Prix,Practice 1,Sergio Perez,Red Bull Racing,,27.88095238095238,47.19523809523809,35.05952380952381,1.1726190476190474,11,S PEREZ,PER,perez,3671C6,red_bull,Sergio,Perez,https://www.formula1.com/content/dam/fom-website/drivers/S/SERPER01_Sergio_Perez/serper01.png.transform/1col/image.png,MEX,,,,,,,,,
2023,Austrian Grand Prix,Practice 1,Fernando Alonso,Aston Martin,,27.88095238095238,47.19523809523809,35.05952380952381,1.1726190476190474,14,F ALONSO,ALO,alonso,358C75,aston_martin,Fernando,Alonso,https://www.formula1.com/content/dam/fom-website/drivers/F/FERALO01_Fernando_Alonso/feralo01.png.transform/1col/image.png,ESP,,,,,,,,,
2023,Austrian Grand Prix,Practice 1,Charles Leclerc,Ferrari,,27.88095238095238,47.19523809523809,35.05952380952381,1.1726190476190474,16,C LECLERC,LEC,leclerc,F91536,ferrari,Charles,Leclerc,https://www.formula1.com/content/dam/fom-website/drivers/C/CHALEC01_Charles_Leclerc/chalec01.png.transform/1col/image.png,MON,,,,,,,,,
2023,Austrian Grand Prix,Practice 1,Lance Stroll,Aston Martin,,27.88095238095238,47.19523809523809,35.05952380952381,1.1726190476190474,18,L STROLL,STR,stroll,358C75,aston_martin,Lance,Stroll,https://www.formula1.com/content/dam/fom-website/drivers/L/LANSTR01_Lance_Stroll/lanstr01.png.transform/1col/image.png,CAN,,,,,,,,,
2023,Austrian Grand Prix,Practice 1,Kevin Magnussen,Haas F1 Team,,27.88095238095238,47.19523809523809,35.05952380952381,1.1726190476190474,20,K MAGNUSSEN,MAG,kevin_magnussen,B6BABD,haas,Kevin,Magnussen,https://www.formula1.com/content/dam/fom-website/drivers/K/KEVMAG01_Kevin_Magnussen/kevmag01.png.transform/1col/image.png,DEN,,,,,,,,,
2023,Austrian Grand Prix,Practice 1,Nyck De Vries,AlphaTauri,,27.88095238095238,47.19523809523809,35.05952380952381,1.1726190476190474,21,N DE VRIES,DEV,de_vries,5E8FAA,alphatauri,Nyck,De Vries,https://www.formula1.com/content/dam/fom-website/drivers/N/NYCDEV01_Nyck_De%20Vries/nycdev01.png.transform/1col/image.png,NED,,,,,,,,,
2023,Austrian Grand Prix,Practice 1,Yuki Tsunoda,AlphaTauri,,27.88095238095238,47.19523809523809,35.05952380952381,1.1726190476190474,22,Y TSUNODA,TSU,tsunoda,5E8FAA,alphatauri,Yuki,Tsunoda,https://www.formula1.com/content/dam/fom-website/drivers/Y/YUKTSU01_Yuki_Tsunoda/yuktsu01.png.transform/1col/image.png,JPN,,,,,,,,,
2023,Austrian Grand Prix,Practice 1,Alexander Albon,Williams,,27.88095238095238,47.19523809523809,35.05952380952381,1.1726190476190474,23,A ALBON,ALB,albon,37BEDD,williams,Alexander,Albon,https://www.formula1.com/content/dam/fom-website/drivers/A/ALEALB01_Alexander_Albon/alealb01.png.transform/1col/image.png,THA,,,,,,,,,
2023,Austrian Grand Prix,Practice 1,Guanyu Zhou,Alfa Romeo,,27.88095238095238,47.19523809523809,35.05952380952381,1.1726190476190474,24,G ZHOU,ZHO,zhou,C92D4B,alfa,Guanyu,Zhou,https://www.formula1.com/content/dam/fom-website/drivers/G/GUAZHO01_Guanyu_Zhou/guazho01.png.transform/1col/image.png,CHN,,,,,,,,,
2023,Austrian Grand Prix,Practice 1,Nico Hulkenberg,Haas F1 Team,,27.88095238095238,47.19523809523809,35.05952380952381,1.1726190476190474,27,N HULKENBERG,HUL,hulkenberg,B6BABD,haas,Nico,Hulkenberg,https://www.formula1.com/content/dam/fom-website/drivers/N/NICHUL01_Nico_Hulkenberg/nichul01.png.transform/1col/image.png,GER,,,,,,,,,
2023,Austrian Grand Prix,Practice 1,Esteban Ocon,Alpine,,27.88095238095238,47.19523809523809,35.05952380952381,1.1726190476190474,31,E OCON,OCO,ocon,2293D1,alpine,Esteban,Ocon,https://www.formula1.com/content/dam/fom-website/drivers/E/ESTOCO01_Esteban_Ocon/estoco01.png.transform/1col/image.png,FRA,,,,,,,,,
2023,Austrian Grand Prix,Practice 1,Lewis Hamilton,Mercedes,,27.88095238095238,47.19523809523809,35.05952380952381,1.1726190476190474,44,L HAMILTON,HAM,hamilton,6CD3BF,mercedes,Lewis,Hamilton,https://www.formula1.com/content/dam/fom-website/drivers/L/LEWHAM01_Lewis_Hamilton/lewham01.png.transform/1col/image.png,GBR,,,,,,,,,
2023,Austrian Grand Prix,Practice 1,Carlos Sainz,Ferrari,,27.88095238095238,47.19523809523809,35.05952380952381,1.1726190476190474,55,C SAINZ,SAI,sainz,F91536,ferrari,Carlos,Sainz,https://www.formula1.com/content/dam/fom-website/drivers/C/CARSAI01_Carlos_Sainz/carsai01.png.transform/1col/image.png,ESP,,,,,,,,,
2023,Austrian Grand Prix,Practice 1,George Russell,Mercedes,,27.88095238095238,47.19523809523809,35.05952380952381,1.1726190476190474,63,G RUSSELL,RUS,russell,6CD3BF,mercedes,George,Russell,https://www.formula1.com/content/dam/fom-website/drivers/G/GEORUS01_George_Russell/georus01.png.transform/1col/image.png,GBR,,,,,,,,,
2023,Austrian Grand Prix,Practice 1,Valtteri Bottas,Alfa Romeo,,27.88095238095238,47.19523809523809,35.05952380952381,1.1726190476190474,77,V BOTTAS,BOT,bottas,C92D4B,alfa,Valtteri,Bottas,https://www.formula1.com/content/dam/fom-website/drivers/V/VALBOT01_Valtteri_Bottas/valbot01.png.transform/1col/image.png,FIN,,,,,,,,,
2023,Austrian Grand Prix,Practice 1,Oscar Piastri,McLaren,,27.88095238095238,47.19523809523809,35.05952380952381,1.1726190476190474,81,O PIASTRI,PIA,piastri,F58020,mclaren,Oscar,Piastri,https://www.formula1.com/content/dam/fom-website/drivers/O/OSCPIA01_Oscar_Piastri/oscpia01.png.transform/1col/image.png,AUS,,,,,,,,,
2023,British Grand Prix,Race,Max Verstappen,Red Bull Racing,1.0,21.473509933774835,30.94105960264901,56.18543046357616,3.023841059602649,1,M VERSTAPPEN,VER,max_verstappen,3671C6,red_bull,Max,Verstappen,https://www.formula1.com/content/dam/fom-website/drivers/M/MAXVER01_Max_Verstappen/maxver01.png.transform/1col/image.png,NED,1,1.0,,,,0 days 01:25:16.938000,Finished,26.0,52.0
2023,British Grand Prix,Race,Lando Norris,McLaren,2.0,21.473509933774835,30.94105960264901,56.18543046357616,3.023841059602649,4,L NORRIS,NOR,norris,F58020,mclaren,Lando,Norris,https://www.formula1.com/content/dam/fom-website/drivers/L/LANNOR01_Lando_Norris/lannor01.png.transform/1col/image.png,GBR,2,2.0,,,,0 days 00:00:03.798000,Finished,18.0,52.0
2023,British Grand Prix,Race,Lewis Hamilton,Mercedes,3.0,21.473509933774835,30.94105960264901,56.18543046357616,3.023841059602649,44,L HAMILTON,HAM,hamilton,6CD3BF,mercedes,Lewis,Hamilton,https://www.formula1.com/content/dam/fom-website/drivers/L/LEWHAM01_Lewis_Hamilton/lewham01.png.transform/1col/image.png,GBR,3,7.0,,,,0 days 00:00:06.783000,Finished,15.0,52.0
2023,British Grand Prix,Race,Oscar Piastri,McLaren,4.0,21.473509933774835,30.94105960264901,56.18543046357616,3.023841059602649,81,O PIASTRI,PIA,piastri,F58020,mclaren,Oscar,Piastri,https://www.formula1.com/content/dam/fom-website/drivers/O/OSCPIA01_Oscar_Piastri/oscpia01.png.transform/1col/image.png,AUS,4,3.0,,,,0 days 00:00:07.776000,Finished,12.0,52.0
2023,British Grand Prix,Race,George Russell,Mercedes,5.0,21.473509933774835,30.94105960264901,56.18543046357616,3.023841059602649,63,G RUSSELL,RUS,russell,6CD3BF,mercedes,George,Russell,https://www.formula1.com/content/dam/fom-website/drivers/G/GEORUS01_George_Russell/georus01.png.transform/1col/image.png,GBR,5,6.0,,,,0 days 00:00:11.206000,Finished,10.0,52.0
2023,British Grand Prix,Race,Sergio Perez,Red Bull Racing,6.0,21.473509933774835,30.94105960264901,56.18543046357616,3.023841059602649,11,S PEREZ,PER,perez,3671C6,red_bull,Sergio,Perez,https://www.formula1.com/content/dam/fom-website/drivers/S/SERPER01_Sergio_Perez/serper01.png.transform/1col/image.png,MEX,6,15.0,,,,0 days 00:00:12.882000,Finished,8.0,52.0
2023,British Grand Prix,Race,Fernando Alonso,Aston Martin,7.0,21.473509933774835,30.94105960264901,56.18543046357616,3.023841059602649,14,F ALONSO,ALO,alonso,358C75,aston_martin,Fernando,Alonso,https://www.formula1.com/content/dam/fom-website/drivers/F/FERALO01_Fernando_Alonso/feralo01.png.transform/1col/image.png,ESP,7,9.0,,,,0 days 00:00:17.193000,Finished,6.0,52.0
2023,British Grand Prix,Race,Alexander Albon,Williams,8.0,21.473509933774835,30.94105960264901,56.18543046357616,3.023841059602649,23,A ALBON,ALB,albon,37BEDD,williams,Alexander,Albon,https://www.formula1.com/content/dam/fom-website/drivers/A/ALEALB01_Alexander_Albon/alealb01.png.transform/1col/image.png,THA,8,8.0,,,,0 days 00:00:17.878000,Finished,4.0,52.0
2023,British Grand Prix,Race,Charles Leclerc,Ferrari,9.0,21.473509933774835,30.94105960264901,56.18543046357616,3.023841059602649,16,C LECLERC,LEC,leclerc,F91536,ferrari,Charles,Leclerc,https://www.formula1.com/content/dam/fom-website/drivers/C/CHALEC01_Charles_Leclerc/chalec01.png.transform/1col/image.png,MON,9,4.0,,,,0 days 00:00:18.689000,Finished,2.0,52.0
2023,British Grand Prix,Race,Carlos Sainz,Ferrari,10.0,21.473509933774835,30.94105960264901,56.18543046357616,3.023841059602649,55,C SAINZ,SAI,sainz,F91536,ferrari,Carlos,Sainz,https://www.formula1.com/content/dam/fom-website/drivers/C/CARSAI01_Carlos_Sainz/carsai01.png.transform/1col/image.png,ESP,10,5.0,,,,0 days 00:00:19.448000,Finished,1.0,52.0
2023,British Grand Prix,Race,Logan Sargeant,Williams,11.0,21.473509933774835,30.94105960264901,56.18543046357616,3.023841059602649,2,L SARGEANT,SAR,sargeant,37BEDD,williams,Logan,Sargeant,https://www.formula1.com/content/dam/fom-website/drivers/L/LOGSAR01_Logan_Sargeant/logsar01.png.transform/1col/image.png,USA,11,14.0,,,,0 days 00:00:23.632000,Finished,0.0,52.0
2023,British Grand Prix,Race,Valtteri Bottas,Alfa Romeo,12.0,21.473509933774835,30.94105960264901,56.18543046357616,3.023841059602649,77,V BOTTAS,BOT,bottas,C92D4B,alfa,Valtteri,Bottas,https://www.formula1.com/content/dam/fom-website/drivers/V/VALBOT01_Valtteri_Bottas/valbot01.png.transform/1col/image.png,FIN,12,20.0,,,,0 days 00:00:25.830000,Finished,0.0,52.0
2023,British Grand Prix,Race,Nico Hulkenberg,Haas F1 Team,13.0,21.473509933774835,30.94105960264901,56.18543046357616,3.023841059602649,27,N HULKENBERG,HUL,hulkenberg,B6BABD,haas,Nico,Hulkenberg,https://www.formula1.com/content/dam/fom-website/drivers/N/NICHUL01_Nico_Hulkenberg/nichul01.png.transform/1col/image.png,GER,13,11.0,,,,0 days 00:00:26.663000,Finished,0.0,52.0
2023,British Grand Prix,Race,Lance Stroll,Aston Martin,14.0,21.473509933774835,30.94105960264901,56.18543046357616,3.023841059602649,18,L STROLL,STR,stroll,358C75,aston_martin,Lance,Stroll,https://www.formula1.com/content/dam/fom-website/drivers/L/LANSTR01_Lance_Stroll/lanstr01.png.transform/1col/image.png,CAN,14,12.0,,,,0 days 00:00:27.483000,Finished,0.0,52.0
2023,British Grand Prix,Race,Guanyu Zhou,Alfa Romeo,15.0,21.473509933774835,30.94105960264901,56.18543046357616,3.023841059602649,24,G ZHOU,ZHO,zhou,C92D4B,alfa,Guanyu,Zhou,https://www.formula1.com/content/dam/fom-website/drivers/G/GUAZHO01_Guanyu_Zhou/guazho01.png.transform/1col/image.png,CHN,15,17.0,,,,0 days 00:00:29.820000,Finished,0.0,52.0
2023,British Grand Prix,Race,Yuki Tsunoda,AlphaTauri,16.0,21.473509933774835,30.94105960264901,56.18543046357616,3.023841059602649,22,Y TSUNODA,TSU,tsunoda,5E8FAA,alphatauri,Yuki,Tsunoda,https://www.formula1.com/content/dam/fom-website/drivers/Y/YUKTSU01_Yuki_Tsunoda/yuktsu01.png.transform/1col/image.png,JPN,16,16.0,,,,0 days 00:00:31.225000,Finished,0.0,52.0
2023,British Grand Prix,Race,Nyck De Vries,AlphaTauri,17.0,21.473509933774835,30.94105960264901,56.18543046357616,3.023841059602649,21,N DE VRIES,DEV,de_vries,5E8FAA,alphatauri,Nyck,De Vries,https://www.formula1.com/content/dam/fom-website/drivers/N/NYCDEV01_Nyck_De%20Vries/nycdev01.png.transform/1col/image.png,NED,17,18.0,,,,0 days 00:00:33.128000,Finished,0.0,52.0
2023,British Grand Prix,Race,Pierre Gasly,Alpine,18.0,21.473509933774835,30.94105960264901,56.18543046357616,3.023841059602649,10,P GASLY,GAS,gasly,2293D1,alpine,Pierre,Gasly,https://www.formula1.com/content/dam/fom-website/drivers/P/PIEGAS01_Pierre_Gasly/piegas01.png.transform/1col/image.png,FRA,18,10.0,,,,,Finished,0.0,46.0
2023,British Grand Prix,Race,Kevin Magnussen,Haas F1 Team,19.0,21.473509933774835,30.94105960264901,56.18543046357616,3.023841059602649,20,K MAGNUSSEN,MAG,kevin_magnussen,B6BABD,haas,Kevin,Magnussen,https://www.formula1.com/content/dam/fom-website/drivers/K/KEVMAG01_Kevin_Magnussen/kevmag01.png.transform/1col/image.png,DEN,R,19.0,,,,,Retired,0.0,31.0
2023,British Grand Prix,Race,Esteban Ocon,Alpine,20.0,21.473509933774835,30.94105960264901,56.18543046357616,3.023841059602649,31,E OCON,OCO,ocon,2293D1,alpine,Esteban,Ocon,https://www.formula1.com/content/dam/fom-website/drivers/E/ESTOCO01_Esteban_Ocon/estoco01.png.transform/1col/image.png,FRA,R,13.0,,,,,Retired,0.0,9.0
2023,British Grand Prix,Qualifying,Max Verstappen,Red Bull Racing,1.0,21.29787234042553,22.926595744680856,78.3936170212766,2.6723404255319143,1,M VERSTAPPEN,VER,max_verstappen,3671C6,red_bull,Max,Verstappen,https://www.formula1.com/content/dam/fom-website/drivers/M/MAXVER01_Max_Verstappen/maxver01.png.transform/1col/image.png,NED,,,0 days 00:01:29.428000,0 days 00:01:27.702000,0 days 00:01:26.720000,,,,
2023,British Grand Prix,Qualifying,Lando Norris,McLaren,2.0,21.29787234042553,22.926595744680856,78.3936170212766,2.6723404255319143,4,L NORRIS,NOR,norris,F58020,mclaren,Lando,Norris,https://www.formula1.com/content/dam/fom-website/drivers/L/LANNOR01_Lando_Norris/lannor01.png.transform/1col/image.png,GBR,,,0 days 00:01:28.917000,0 days 00:01:28.042000,0 days 00:01:26.961000,,,,
2023,British Grand Prix,Qualifying,Oscar Piastri,McLaren,3.0,21.29787234042553,22.926595744680856,78.3936170212766,2.6723404255319143,81,O PIASTRI,PIA,piastri,F58020,mclaren,Oscar,Piastri,https://www.formula1.com/content/dam/fom-website/drivers/O/OSCPIA01_Oscar_Piastri/oscpia01.png.transform/1col/image.png,AUS,,,0 days 00:01:29.874000,0 days 00:01:27.845000,0 days 00:01:27.092000,,,,
2023,British Grand Prix,Qualifying,Charles Leclerc,Ferrari,4.0,21.29787234042553,22.926595744680856,78.3936170212766,2.6723404255319143,16,C LECLERC,LEC,leclerc,F91536,ferrari,Charles,Leclerc,https://www.formula1.com/content/dam/fom-website/drivers/C/CHALEC01_Charles_Leclerc/chalec01.png.transform/1col/image.png,MON,,,0 days 00:01:29.143000,0 days 00:01:28.361000,0 days 00:01:27.136000,,,,
2023,British Grand Prix,Qualifying,Carlos Sainz,Ferrari,5.0,21.29787234042553,22.926595744680856,78.3936170212766,2.6723404255319143,55,C SAINZ,SAI,sainz,F91536,ferrari,Carlos,Sainz,https://www.formula1.com/content/dam/fom-website/drivers/C/CARSAI01_Carlos_Sainz/carsai01.png.transform/1col/image.png,ESP,,,0 days 00:01:29.865000,0 days 00:01:28.265000,0 days 00:01:27.148000,,,,
2023,British Grand Prix,Qualifying,George Russell,Mercedes,6.0,21.29787234042553,22.926595744680856,78.3936170212766,2.6723404255319143,63,G RUSSELL,RUS,russell,6CD3BF,mercedes,George,Russell,https://www.formula1.com/content/dam/fom-website/drivers/G/GEORUS01_George_Russell/georus01.png.transform/1col/image.png,GBR,,,0 days 00:01:29.412000,0 days 00:01:28.782000,0 days 00:01:27.155000,,,,
2023,British Grand Prix,Qualifying,Lewis Hamilton,Mercedes,7.0,21.29787234042553,22.926595744680856,78.3936170212766,2.6723404255319143,44,L HAMILTON,HAM,hamilton,6CD3BF,mercedes,Lewis,Hamilton,https://www.formula1.com/content/dam/fom-website/drivers/L/LEWHAM01_Lewis_Hamilton/lewham01.png.transform/1col/image.png,GBR,,,0 days 00:01:29.415000,0 days 00:01:28.545000,0 days 00:01:27.211000,,,,
2023,British Grand Prix,Qualifying,Alexander Albon,Williams,8.0,21.29787234042553,22.926595744680856,78.3936170212766,2.6723404255319143,23,A ALBON,ALB,albon,37BEDD,williams,Alexander,Albon,https://www.formula1.com/content/dam/fom-website/drivers/A/ALEALB01_Alexander_Albon/alealb01.png.transform/1col/image.png,THA,,,0 days 00:01:29.466000,0 days 00:01:28.067000,0 days 00:01:27.530000,,,,
2023,British Grand Prix,Qualifying,Fernando Alonso,Aston Martin,9.0,21.29787234042553,22.926595744680856,78.3936170212766,2.6723404255319143,14,F ALONSO,ALO,alonso,358C75,aston_martin,Fernando,Alonso,https://www.formula1.com/content/dam/fom-website/drivers/F/FERALO01_Fernando_Alonso/feralo01.png.transform/1col/image.png,ESP,,,0 days 00:01:29.949000,0 days 00:01:28.368000,0 days 00:01:27.659000,,,,
2023,British Grand Prix,Qualifying,Pierre Gasly,Alpine,10.0,21.29787234042553,22.926595744680856,78.3936170212766,2.6723404255319143,10,P GASLY,GAS,gasly,2293D1,alpine,Pierre,Gasly,https://www.formula1.com/content/dam/fom-website/drivers/P/PIEGAS01_Pierre_Gasly/piegas01.png.transform/1col/image.png,FRA,,,0 days 00:01:29.533000,0 days 00:01:28.751000,0 days 00:01:27.689000,,,,
2023,British Grand Prix,Qualifying,Nico Hulkenberg,Haas F1 Team,11.0,21.29787234042553,22.926595744680856,78.3936170212766,2.6723404255319143,27,N HULKENBERG,HUL,hulkenberg,B6BABD,haas,Nico,Hulkenberg,https://www.formula1.com/content/dam/fom-website/drivers/N/NICHUL01_Nico_Hulkenberg/nichul01.png.transform/1col/image.png,GER,,,0 days 00:01:29.603000,0 days 00:01:28.896000,,,,,
2023,British Grand Prix,Qualifying,Lance Stroll,Aston Martin,12.0,21.29787234042553,22.926595744680856,78.3936170212766,2.6723404255319143,18,L STROLL,STR,stroll,358C75,aston_martin,Lance,Stroll,https://www.formula1.com/content/dam/fom-website/drivers/L/LANSTR01_Lance_Stroll/lanstr01.png.transform/1col/image.png,CAN,,,0 days 00:01:29.448000,0 days 00:01:28.935000,,,,,
2023,British Grand Prix,Qualifying,Esteban Ocon,Alpine,13.0,21.29787234042553,22.926595744680856,78.3936170212766,2.6723404255319143,31,E OCON,OCO,ocon,2293D1,alpine,Esteban,Ocon,https://www.formula1.com/content/dam/fom-website/drivers/E/ESTOCO01_Esteban_Ocon/estoco01.png.transform/1col/image.png,FRA,,,0 days 00:01:29.700000,0 days 00:01:28.956000,,,,,
2023,British Grand Prix,Qualifying,Logan Sargeant,Williams,14.0,21.29787234042553,22.926595744680856,78.3936170212766,2.6723404255319143,2,L SARGEANT,SAR,sargeant,37BEDD,williams,Logan,Sargeant,https://www.formula1.com/content/dam/fom-website/drivers/L/LOGSAR01_Logan_Sargeant/logsar01.png.transform/1col/image.png,USA,,,0 days 00:01:29.873000,0 days 00:01:29.031000,,,,,
2023,British Grand Prix,Qualifying,Valtteri Bottas,Alfa Romeo,15.0,21.29787234042553,22.926595744680856,78.3936170212766,2.6723404255319143,77,V BOTTAS,BOT,bottas,C92D4B,alfa,Valtteri,Bottas,https://www.formula1.com/content/dam/fom-website/drivers/V/VALBOT01_Valtteri_Bottas/valbot01.png.transform/1col/image.png,FIN,,,0 days 00:01:29.798000,,,,,,
2023,British Grand Prix,Qualifying,Sergio Perez,Red Bull Racing,15.0,21.29787234042553,22.926595744680856,78.3936170212766,2.6723404255319143,11,S PEREZ,PER,perez,3671C6,red_bull,Sergio,Perez,https://www.formula1.com/content/dam/fom-website/drivers/S/SERPER01_Sergio_Perez/serper01.png.transform/1col/image.png,MEX,,,0 days 00:01:29.968000,,,,,,
2023,British Grand Prix,Qualifying,Yuki Tsunoda,AlphaTauri,16.0,21.29787234042553,22.926595744680856,78.3936170212766,2.6723404255319143,22,Y TSUNODA,TSU,tsunoda,5E8FAA,alphatauri,Yuki,Tsunoda,https://www.formula1.com/content/dam/fom-website/drivers/Y/YUKTSU01_Yuki_Tsunoda/yuktsu01.png.transform/1col/image.png,JPN,,,0 days 00:01:30.025000,,,,,,
2023,British Grand Prix,Qualifying,Guanyu Zhou,Alfa Romeo,17.0,21.29787234042553,22.926595744680856,78.3936170212766,2.6723404255319143,24,G ZHOU,ZHO,zhou,C92D4B,alfa,Guanyu,Zhou,https://www.formula1.com/content/dam/fom-website/drivers/G/GUAZHO01_Guanyu_Zhou/guazho01.png.transform/1col/image.png,CHN,,,0 days 00:01:30.123000,,,,,,
2023,British Grand Prix,Qualifying,Nyck De Vries,AlphaTauri,18.0,21.29787234042553,22.926595744680856,78.3936170212766,2.6723404255319143,21,N DE VRIES,DEV,de_vries,5E8FAA,alphatauri,Nyck,De Vries,https://www.formula1.com/content/dam/fom-website/drivers/N/NYCDEV01_Nyck_De%20Vries/nycdev01.png.transform/1col/image.png,NED,,,0 days 00:01:30.513000,,,,,,
2023,British Grand Prix,Qualifying,Kevin Magnussen,Haas F1 Team,19.0,21.29787234042553,22.926595744680856,78.3936170212766,2.6723404255319143,20,K MAGNUSSEN,MAG,kevin_magnussen,B6BABD,haas,Kevin,Magnussen,https://www.formula1.com/content/dam/fom-website/drivers/K/KEVMAG01_Kevin_Magnussen/kevmag01.png.transform/1col/image.png,DEN,,,0 days 00:01:32.378000,,,,,,
2023,British Grand Prix,Practice 1,Max Verstappen,Red Bull Racing,,23.80493827160494,40.40864197530864,41.839506172839506,2.4543209876543206,1,M VERSTAPPEN,VER,max_verstappen,3671C6,red_bull,Max,Verstappen,https://www.formula1.com/content/dam/fom-website/drivers/M/MAXVER01_Max_Verstappen/maxver01.png.transform/1col/image.png,NED,,,,,,,,,
2023,British Grand Prix,Practice 1,Logan Sargeant,Williams,,23.80493827160494,40.40864197530864,41.839506172839506,2.4543209876543206,2,L SARGEANT,SAR,sargeant,37BEDD,williams,Logan,Sargeant,https://www.formula1.com/content/dam/fom-website/drivers/L/LOGSAR01_Logan_Sargeant/logsar01.png.transform/1col/image.png,USA,,,,,,,,,
2023,British Grand Prix,Practice 1,Lando Norris,McLaren,,23.80493827160494,40.40864197530864,41.839506172839506,2.4543209876543206,4,L NORRIS,NOR,norris,F58020,mclaren,Lando,Norris,https://www.formula1.com/content/dam/fom-website/drivers/L/LANNOR01_Lando_Norris/lannor01.png.transform/1col/image.png,GBR,,,,,,,,,
2023,British Grand Prix,Practice 1,Pierre Gasly,Alpine,,23.80493827160494,40.40864197530864,41.839506172839506,2.4543209876543206,10,P GASLY,GAS,gasly,2293D1,alpine,Pierre,Gasly,https://www.formula1.com/content/dam/fom-website/drivers/P/PIEGAS01_Pierre_Gasly/piegas01.png.transform/1col/image.png,FRA,,,,,,,,,
2023,British Grand Prix,Practice 1,Sergio Perez,Red Bull Racing,,23.80493827160494,40.40864197530864,41.839506172839506,2.4543209876543206,11,S PEREZ,PER,perez,3671C6,red_bull,Sergio,Perez,https://www.formula1.com/content/dam/fom-website/drivers/S/SERPER01_Sergio_Perez/serper01.png.transform/1col/image.png,MEX,,,,,,,,,
2023,British Grand Prix,Practice 1,Fernando Alonso,Aston Martin,,23.80493827160494,40.40864197530864,41.839506172839506,2.4543209876543206,14,F ALONSO,ALO,alonso,358C75,aston_martin,Fernando,Alonso,https://www.formula1.com/content/dam/fom-website/drivers/F/FERALO01_Fernando_Alonso/feralo01.png.transform/1col/image.png,ESP,,,,,,,,,
2023,British Grand Prix,Practice 1,Charles Leclerc,Ferrari,,23.80493827160494,40.40864197530864,41.839506172839506,2.4543209876543206,16,C LECLERC,LEC,leclerc,F91536,ferrari,Charles,Leclerc,https://www.formula1.com/content/dam/fom-website/drivers/C/CHALEC01_Charles_Leclerc/chalec01.png.transform/1col/image.png,MON,,,,,,,,,
2023,British Grand Prix,Practice 1,Lance Stroll,Aston Martin,,23.80493827160494,40.40864197530864,41.839506172839506,2.4543209876543206,18,L STROLL,STR,stroll,358C75,aston_martin,Lance,Stroll,https://www.formula1.com/content/dam/fom-website/drivers/L/LANSTR01_Lance_Stroll/lanstr01.png.transform/1col/image.png,CAN,,,,,,,,,
2023,British Grand Prix,Practice 1,Kevin Magnussen,Haas F1 Team,,23.80493827160494,40.40864197530864,41.839506172839506,2.4543209876543206,20,K MAGNUSSEN,MAG,kevin_magnussen,B6BABD,haas,Kevin,Magnussen,https://www.formula1.com/content/dam/fom-website/drivers/K/KEVMAG01_Kevin_Magnussen/kevmag01.png.transform/1col/image.png,DEN,,,,,,,,,
2023,British Grand Prix,Practice 1,Nyck De Vries,AlphaTauri,,23.80493827160494,40.40864197530864,41.839506172839506,2.4543209876543206,21,N DE VRIES,DEV,de_vries,5E8FAA,alphatauri,Nyck,De Vries,https://www.formula1.com/content/dam/fom-website/drivers/N/NYCDEV01_Nyck_De%20Vries/nycdev01.png.transform/1col/image.png,NED,,,,,,,,,
2023,British Grand Prix,Practice 1,Yuki Tsunoda,AlphaTauri,,23.80493827160494,40.40864197530864,41.839506172839506,2.4543209876543206,22,Y TSUNODA,TSU,tsunoda,5E8FAA,alphatauri,Yuki,Tsunoda,https://www.formula1.com/content/dam/fom-website/drivers/Y/YUKTSU01_Yuki_Tsunoda/yuktsu01.png.transform/1col/image.png,JPN,,,,,,,,,
2023,British Grand Prix,Practice 1,Alexander Albon,Williams,,23.80493827160494,40.40864197530864,41.839506172839506,2.4543209876543206,23,A ALBON,ALB,albon,37BEDD,williams,Alexander,Albon,https://www.formula1.com/content/dam/fom-website/drivers/A/ALEALB01_Alexander_Albon/alealb01.png.transform/1col/image.png,THA,,,,,,,,,
2023,British Grand Prix,Practice 1,Guanyu Zhou,Alfa Romeo,,23.80493827160494,40.40864197530864,41.839506172839506,2.4543209876543206,24,G ZHOU,ZHO,zhou,C92D4B,alfa,Guanyu,Zhou,https://www.formula1.com/content/dam/fom-website/drivers/G/GUAZHO01_Guanyu_Zhou/guazho01.png.transform/1col/image.png,CHN,,,,,,,,,
2023,British Grand Prix,Practice 1,Nico Hulkenberg,Haas F1 Team,,23.80493827160494,40.40864197530864,41.839506172839506,2.4543209876543206,27,N HULKENBERG,HUL,hulkenberg,B6BABD,haas,Nico,Hulkenberg,https://www.formula1.com/content/dam/fom-website/drivers/N/NICHUL01_Nico_Hulkenberg/nichul01.png.transform/1col/image.png,GER,,,,,,,,,
2023,British Grand Prix,Practice 1,Esteban Ocon,Alpine,,23.80493827160494,40.40864197530864,41.839506172839506,2.4543209876543206,31,E OCON,OCO,ocon,2293D1,alpine,Esteban,Ocon,https://www.formula1.com/content/dam/fom-website/drivers/E/ESTOCO01_Esteban_Ocon/estoco01.png.transform/1col/image.png,FRA,,,,,,,,,
2023,British Grand Prix,Practice 1,Lewis Hamilton,Mercedes,,23.80493827160494,40.40864197530864,41.839506172839506,2.4543209876543206,44,L HAMILTON,HAM,hamilton,6CD3BF,mercedes,Lewis,Hamilton,https://www.formula1.com/content/dam/fom-website/drivers/L/LEWHAM01_Lewis_Hamilton/lewham01.png.transform/1col/image.png,GBR,,,,,,,,,
2023,British Grand Prix,Practice 1,Carlos Sainz,Ferrari,,23.80493827160494,40.40864197530864,41.839506172839506,2.4543209876543206,55,C SAINZ,SAI,sainz,F91536,ferrari,Carlos,Sainz,https://www.formula1.com/content/dam/fom-website/drivers/C/CARSAI01_Carlos_Sainz/carsai01.png.transform/1col/image.png,ESP,,,,,,,,,
2023,British Grand Prix,Practice 1,George Russell,Mercedes,,23.80493827160494,40.40864197530864,41.839506172839506,2.4543209876543206,63,G RUSSELL,RUS,russell,6CD3BF,mercedes,George,Russell,https://www.formula1.com/content/dam/fom-website/drivers/G/GEORUS01_George_Russell/georus01.png.transform/1col/image.png,GBR,,,,,,,,,
2023,British Grand Prix,Practice 1,Valtteri Bottas,Alfa Romeo,,23.80493827160494,40.40864197530864,41.839506172839506,2.4543209876543206,77,V BOTTAS,BOT,bottas,C92D4B,alfa,Valtteri,Bottas,https://www.formula1.com/content/dam/fom-website/drivers/V/VALBOT01_Valtteri_Bottas/valbot01.png.transform/1col/image.png,FIN,,,,,,,,,
2023,British Grand Prix,Practice 1,Oscar Piastri,McLaren,,23.80493827160494,40.40864197530864,41.839506172839506,2.4543209876543206,81,O PIASTRI,PIA,piastri,F58020,mclaren,Oscar,Piastri,https://www.formula1.com/content/dam/fom-website/drivers/O/OSCPIA01_Oscar_Piastri/oscpia01.png.transform/1col/image.png,AUS,,,,,,,,,
2023,British Grand Prix,Practice 2,Max Verstappen,Red Bull Racing,,26.72625,39.2425,35.45,2.23875,1,M VERSTAPPEN,VER,max_verstappen,3671C6,red_bull,Max,Verstappen,https://www.formula1.com/content/dam/fom-website/drivers/M/MAXVER01_Max_Verstappen/maxver01.png.transform/1col/image.png,NED,,,,,,,,,
2023,British Grand Prix,Practice 2,Logan Sargeant,Williams,,26.72625,39.2425,35.45,2.23875,2,L SARGEANT,SAR,sargeant,37BEDD,williams,Logan,Sargeant,https://www.formula1.com/content/dam/fom-website/drivers/L/LOGSAR01_Logan_Sargeant/logsar01.png.transform/1col/image.png,USA,,,,,,,,,
2023,British Grand Prix,Practice 2,Lando Norris,McLaren,,26.72625,39.2425,35.45,2.23875,4,L NORRIS,NOR,norris,F58020,mclaren,Lando,Norris,https://www.formula1.com/content/dam/fom-website/drivers/L/LANNOR01_Lando_Norris/lannor01.png.transform/1col/image.png,GBR,,,,,,,,,
2023,British Grand Prix,Practice 2,Pierre Gasly,Alpine,,26.72625,39.2425,35.45,2.23875,10,P GASLY,GAS,gasly,2293D1,alpine,Pierre,Gasly,https://www.formula1.com/content/dam/fom-website/drivers/P/PIEGAS01_Pierre_Gasly/piegas01.png.transform/1col/image.png,FRA,,,,,,,,,
2023,British Grand Prix,Practice 2,Sergio Perez,Red Bull Racing,,26.72625,39.2425,35.45,2.23875,11,S PEREZ,PER,perez,3671C6,red_bull,Sergio,Perez,https://www.formula1.com/content/dam/fom-website/drivers/S/SERPER01_Sergio_Perez/serper01.png.transform/1col/image.png,MEX,,,,,,,,,
2023,British Grand Prix,Practice 2,Fernando Alonso,Aston Martin,,26.72625,39.2425,35.45,2.23875,14,F ALONSO,ALO,alonso,358C75,aston_martin,Fernando,Alonso,https://www.formula1.com/content/dam/fom-website/drivers/F/FERALO01_Fernando_Alonso/feralo01.png.transform/1col/image.png,ESP,,,,,,,,,
2023,British Grand Prix,Practice 2,Charles Leclerc,Ferrari,,26.72625,39.2425,35.45,2.23875,16,C LECLERC,LEC,leclerc,F91536,ferrari,Charles,Leclerc,https://www.formula1.com/content/dam/fom-website/drivers/C/CHALEC01_Charles_Leclerc/chalec01.png.transform/1col/image.png,MON,,,,,,,,,
2023,British Grand Prix,Practice 2,Lance Stroll,Aston Martin,,26.72625,39.2425,35.45,2.23875,18,L STROLL,STR,stroll,358C75,aston_martin,Lance,Stroll,https://www.formula1.com/content/dam/fom-website/drivers/L/LANSTR01_Lance_Stroll/lanstr01.png.transform/1col/image.png,CAN,,,,,,,,,
2023,British Grand Prix,Practice 2,Kevin Magnussen,Haas F1 Team,,26.72625,39.2425,35.45,2.23875,20,K MAGNUSSEN,MAG,kevin_magnussen,B6BABD,haas,Kevin,Magnussen,https://www.formula1.com/content/dam/fom-website/drivers/K/KEVMAG01_Kevin_Magnussen/kevmag01.png.transform/1col/image.png,DEN,,,,,,,,,
2023,British Grand Prix,Practice 2,Nyck De Vries,AlphaTauri,,26.72625,39.2425,35.45,2.23875,21,N DE VRIES,DEV,de_vries,5E8FAA,alphatauri,Nyck,De Vries,https://www.formula1.com/content/dam/fom-website/drivers/N/NYCDEV01_Nyck_De%20Vries/nycdev01.png.transform/1col/image.png,NED,,,,,,,,,
2023,British Grand Prix,Practice 2,Yuki Tsunoda,AlphaTauri,,26.72625,39.2425,35.45,2.23875,22,Y TSUNODA,TSU,tsunoda,5E8FAA,alphatauri,Yuki,Tsunoda,https://www.formula1.com/content/dam/fom-website/drivers/Y/YUKTSU01_Yuki_Tsunoda/yuktsu01.png.transform/1col/image.png,JPN,,,,,,,,,
2023,British Grand Prix,Practice 2,Alexander Albon,Williams,,26.72625,39.2425,35.45,2.23875,23,A ALBON,ALB,albon,37BEDD,williams,Alexander,Albon,https://www.formula1.com/content/dam/fom-website/drivers/A/ALEALB01_Alexander_Albon/alealb01.png.transform/1col/image.png,THA,,,,,,,,,
2023,British Grand Prix,Practice 2,Guanyu Zhou,Alfa Romeo,,26.72625,39.2425,35.45,2.23875,24,G ZHOU,ZHO,zhou,C92D4B,alfa,Guanyu,Zhou,https://www.formula1.com/content/dam/fom-website/drivers/G/GUAZHO01_Guanyu_Zhou/guazho01.png.transform/1col/image.png,CHN,,,,,,,,,
2023,British Grand Prix,Practice 2,Nico Hulkenberg,Haas F1 Team,,26.72625,39.2425,35.45,2.23875,27,N HULKENBERG,HUL,hulkenberg,B6BABD,haas,Nico,Hulkenberg,https://www.formula1.com/content/dam/fom-website/drivers/N/NICHUL01_Nico_Hulkenberg/nichul01.png.transform/1col/image.png,GER,,,,,,,,,
2023,British Grand Prix,Practice 2,Esteban Ocon,Alpine,,26.72625,39.2425,35.45,2.23875,31,E OCON,OCO,ocon,2293D1,alpine,Esteban,Ocon,https://www.formula1.com/content/dam/fom-website/drivers/E/ESTOCO01_Esteban_Ocon/estoco01.png.transform/1col/image.png,FRA,,,,,,,,,
2023,British Grand Prix,Practice 2,Lewis Hamilton,Mercedes,,26.72625,39.2425,35.45,2.23875,44,L HAMILTON,HAM,hamilton,6CD3BF,mercedes,Lewis,Hamilton,https://www.formula1.com/content/dam/fom-website/drivers/L/LEWHAM01_Lewis_Hamilton/lewham01.png.transform/1col/image.png,GBR,,,,,,,,,
2023,British Grand Prix,Practice 2,Carlos Sainz,Ferrari,,26.72625,39.2425,35.45,2.23875,55,C SAINZ,SAI,sainz,F91536,ferrari,Carlos,Sainz,https://www.formula1.com/content/dam/fom-website/drivers/C/CARSAI01_Carlos_Sainz/carsai01.png.transform/1col/image.png,ESP,,,,,,,,,
2023,British Grand Prix,Practice 2,George Russell,Mercedes,,26.72625,39.2425,35.45,2.23875,63,G RUSSELL,RUS,russell,6CD3BF,mercedes,George,Russell,https://www.formula1.com/content/dam/fom-website/drivers/G/GEORUS01_George_Russell/georus01.png.transform/1col/image.png,GBR,,,,,,,,,
2023,British Grand Prix,Practice 2,Valtteri Bottas,Alfa Romeo,,26.72625,39.2425,35.45,2.23875,77,V BOTTAS,BOT,bottas,C92D4B,alfa,Valtteri,Bottas,https://www.formula1.com/content/dam/fom-website/drivers/V/VALBOT01_Valtteri_Bottas/valbot01.png.transform/1col/image.png,FIN,,,,,,,,,
2023,British Grand Prix,Practice 2,Oscar Piastri,McLaren,,26.72625,39.2425,35.45,2.23875,81,O PIASTRI,PIA,piastri,F58020,mclaren,Oscar,Piastri,https://www.formula1.com/content/dam/fom-website/drivers/O/OSCPIA01_Oscar_Piastri/oscpia01.png.transform/1col/image.png,AUS,,,,,,,,,
2023,British Grand Prix,Practice 3,Max Verstappen,Red Bull Racing,,21.78170731707317,25.580487804878054,67.7439024390244,2.1195121951219513,1,M VERSTAPPEN,VER,max_verstappen,3671C6,red_bull,Max,Verstappen,https://www.formula1.com/content/dam/fom-website/drivers/M/MAXVER01_Max_Verstappen/maxver01.png.transform/1col/image.png,NED,,,,,,,,,
2023,British Grand Prix,Practice 3,Logan Sargeant,Williams,,21.78170731707317,25.580487804878054,67.7439024390244,2.1195121951219513,2,L SARGEANT,SAR,sargeant,37BEDD,williams,Logan,Sargeant,https://www.formula1.com/content/dam/fom-website/drivers/L/LOGSAR01_Logan_Sargeant/logsar01.png.transform/1col/image.png,USA,,,,,,,,,
2023,British Grand Prix,Practice 3,Lando Norris,McLaren,,21.78170731707317,25.580487804878054,67.7439024390244,2.1195121951219513,4,L NORRIS,NOR,norris,F58020,mclaren,Lando,Norris,https://www.formula1.com/content/dam/fom-website/drivers/L/LANNOR01_Lando_Norris/lannor01.png.transform/1col/image.png,GBR,,,,,,,,,
2023,British Grand Prix,Practice 3,Pierre Gasly,Alpine,,21.78170731707317,25.580487804878054,67.7439024390244,2.1195121951219513,10,P GASLY,GAS,gasly,2293D1,alpine,Pierre,Gasly,https://www.formula1.com/content/dam/fom-website/drivers/P/PIEGAS01_Pierre_Gasly/piegas01.png.transform/1col/image.png,FRA,,,,,,,,,
2023,British Grand Prix,Practice 3,Sergio Perez,Red Bull Racing,,21.78170731707317,25.580487804878054,67.7439024390244,2.1195121951219513,11,S PEREZ,PER,perez,3671C6,red_bull,Sergio,Perez,https://www.formula1.com/content/dam/fom-website/drivers/S/SERPER01_Sergio_Perez/serper01.png.transform/1col/image.png,MEX,,,,,,,,,
2023,British Grand Prix,Practice 3,Fernando Alonso,Aston Martin,,21.78170731707317,25.580487804878054,67.7439024390244,2.1195121951219513,14,F ALONSO,ALO,alonso,358C75,aston_martin,Fernando,Alonso,https://www.formula1.com/content/dam/fom-website/drivers/F/FERALO01_Fernando_Alonso/feralo01.png.transform/1col/image.png,ESP,,,,,,,,,
2023,British Grand Prix,Practice 3,Charles Leclerc,Ferrari,,21.78170731707317,25.580487804878054,67.7439024390244,2.1195121951219513,16,C LECLERC,LEC,leclerc,F91536,ferrari,Charles,Leclerc,https://www.formula1.com/content/dam/fom-website/drivers/C/CHALEC01_Charles_Leclerc/chalec01.png.transform/1col/image.png,MON,,,,,,,,,
2023,British Grand Prix,Practice 3,Lance Stroll,Aston Martin,,21.78170731707317,25.580487804878054,67.7439024390244,2.1195121951219513,18,L STROLL,STR,stroll,358C75,aston_martin,Lance,Stroll,https://www.formula1.com/content/dam/fom-website/drivers/L/LANSTR01_Lance_Stroll/lanstr01.png.transform/1col/image.png,CAN,,,,,,,,,
2023,British Grand Prix,Practice 3,Kevin Magnussen,Haas F1 Team,,21.78170731707317,25.580487804878054,67.7439024390244,2.1195121951219513,20,K MAGNUSSEN,MAG,kevin_magnussen,B6BABD,haas,Kevin,Magnussen,https://www.formula1.com/content/dam/fom-website/drivers/K/KEVMAG01_Kevin_Magnussen/kevmag01.png.transform/1col/image.png,DEN,,,,,,,,,
2023,British Grand Prix,Practice 3,Nyck De Vries,AlphaTauri,,21.78170731707317,25.580487804878054,67.7439024390244,2.1195121951219513,21,N DE VRIES,DEV,de_vries,5E8FAA,alphatauri,Nyck,De Vries,https://www.formula1.com/content/dam/fom-website/drivers/N/NYCDEV01_Nyck_De%20Vries/nycdev01.png.transform/1col/image.png,NED,,,,,,,,,
2023,British Grand Prix,Practice 3,Yuki Tsunoda,AlphaTauri,,21.78170731707317,25.580487804878054,67.7439024390244,2.1195121951219513,22,Y TSUNODA,TSU,tsunoda,5E8FAA,alphatauri,Yuki,Tsunoda,https://www.formula1.com/content/dam/fom-website/drivers/Y/YUKTSU01_Yuki_Tsunoda/yuktsu01.png.transform/1col/image.png,JPN,,,,,,,,,
2023,British Grand Prix,Practice 3,Alexander Albon,Williams,,21.78170731707317,25.580487804878054,67.7439024390244,2.1195121951219513,23,A ALBON,ALB,albon,37BEDD,williams,Alexander,Albon,https://www.formula1.com/content/dam/fom-website/drivers/A/ALEALB01_Alexander_Albon/alealb01.png.transform/1col/image.png,THA,,,,,,,,,
2023,British Grand Prix,Practice 3,Guanyu Zhou,Alfa Romeo,,21.78170731707317,25.580487804878054,67.7439024390244,2.1195121951219513,24,G ZHOU,ZHO,zhou,C92D4B,alfa,Guanyu,Zhou,https://www.formula1.com/content/dam/fom-website/drivers/G/GUAZHO01_Guanyu_Zhou/guazho01.png.transform/1col/image.png,CHN,,,,,,,,,
2023,British Grand Prix,Practice 3,Nico Hulkenberg,Haas F1 Team,,21.78170731707317,25.580487804878054,67.7439024390244,2.1195121951219513,27,N HULKENBERG,HUL,hulkenberg,B6BABD,haas,Nico,Hulkenberg,https://www.formula1.com/content/dam/fom-website/drivers/N/NICHUL01_Nico_Hulkenberg/nichul01.png.transform/1col/image.png,GER,,,,,,,,,
2023,British Grand Prix,Practice 3,Esteban Ocon,Alpine,,21.78170731707317,25.580487804878054,67.7439024390244,2.1195121951219513,31,E OCON,OCO,ocon,2293D1,alpine,Esteban,Ocon,https://www.formula1.com/content/dam/fom-website/drivers/E/ESTOCO01_Esteban_Ocon/estoco01.png.transform/1col/image.png,FRA,,,,,,,,,
2023,British Grand Prix,Practice 3,Lewis Hamilton,Mercedes,,21.78170731707317,25.580487804878054,67.7439024390244,2.1195121951219513,44,L HAMILTON,HAM,hamilton,6CD3BF,mercedes,Lewis,Hamilton,https://www.formula1.com/content/dam/fom-website/drivers/L/LEWHAM01_Lewis_Hamilton/lewham01.png.transform/1col/image.png,GBR,,,,,,,,,
2023,British Grand Prix,Practice 3,Carlos Sainz,Ferrari,,21.78170731707317,25.580487804878054,67.7439024390244,2.1195121951219513,55,C SAINZ,SAI,sainz,F91536,ferrari,Carlos,Sainz,https://www.formula1.com/content/dam/fom-website/drivers/C/CARSAI01_Carlos_Sainz/carsai01.png.transform/1col/image.png,ESP,,,,,,,,,
2023,British Grand Prix,Practice 3,George Russell,Mercedes,,21.78170731707317,25.580487804878054,67.7439024390244,2.1195121951219513,63,G RUSSELL,RUS,russell,6CD3BF,mercedes,George,Russell,https://www.formula1.com/content/dam/fom-website/drivers/G/GEORUS01_George_Russell/georus01.png.transform/1col/image.png,GBR,,,,,,,,,
2023,British Grand Prix,Practice 3,Valtteri Bottas,Alfa Romeo,,21.78170731707317,25.580487804878054,67.7439024390244,2.1195121951219513,77,V BOTTAS,BOT,bottas,C92D4B,alfa,Valtteri,Bottas,https://www.formula1.com/content/dam/fom-website/drivers/V/VALBOT01_Valtteri_Bottas/valbot01.png.transform/1col/image.png,FIN,,,,,,,,,
2023,British Grand Prix,Practice 3,Oscar Piastri,McLaren,,21.78170731707317,25.580487804878054,67.7439024390244,2.1195121951219513,81,O PIASTRI,PIA,piastri,F58020,mclaren,Oscar,Piastri,https://www.formula1.com/content/dam/fom-website/drivers/O/OSCPIA01_Oscar_Piastri/oscpia01.png.transform/1col/image.png,AUS,,,,,,,,,
2023,Hungarian Grand Prix,Race,Max Verstappen,Red Bull Racing,1.0,28.808536585365857,48.579268292682926,32.80487804878049,1.4408536585365852,1,M VERSTAPPEN,VER,max_verstappen,3671C6,red_bull,Max,Verstappen,https://www.formula1.com/content/dam/fom-website/drivers/M/MAXVER01_Max_Verstappen/maxver01.png.transform/1col/image.png,NED,1,2.0,,,,0 days 01:38:08.634000,Finished,26.0,70.0
2023,Hungarian Grand Prix,Race,Lando Norris,McLaren,2.0,28.808536585365857,48.579268292682926,32.80487804878049,1.4408536585365852,4,L NORRIS,NOR,norris,F58020,mclaren,Lando,Norris,https://www.formula1.com/content/dam/fom-website/drivers/L/LANNOR01_Lando_Norris/lannor01.png.transform/1col/image.png,GBR,2,3.0,,,,0 days 00:00:33.731000,Finished,18.0,70.0
2023,Hungarian Grand Prix,Race,Sergio Perez,Red Bull Racing,3.0,28.808536585365857,48.579268292682926,32.80487804878049,1.4408536585365852,11,S PEREZ,PER,perez,3671C6,red_bull,Sergio,Perez,https://www.formula1.com/content/dam/fom-website/drivers/S/SERPER01_Sergio_Perez/serper01.png.transform/1col/image.png,MEX,3,9.0,,,,0 days 00:00:37.603000,Finished,15.0,70.0
2023,Hungarian Grand Prix,Race,Lewis Hamilton,Mercedes,4.0,28.808536585365857,48.579268292682926,32.80487804878049,1.4408536585365852,44,L HAMILTON,HAM,hamilton,6CD3BF,mercedes,Lewis,Hamilton,https://www.formula1.com/content/dam/fom-website/drivers/L/LEWHAM01_Lewis_Hamilton/lewham01.png.transform/1col/image.png,GBR,4,1.0,,,,0 days 00:00:39.134000,Finished,12.0,70.0
2023,Hungarian Grand Prix,Race,Oscar Piastri,McLaren,5.0,28.808536585365857,48.579268292682926,32.80487804878049,1.4408536585365852,81,O PIASTRI,PIA,piastri,F58020,mclaren,Oscar,Piastri,https://www.formula1.com/content/dam/fom-website/drivers/O/OSCPIA01_Oscar_Piastri/oscpia01.png.transform/1col/image.png,AUS,5,4.0,,,,0 days 00:01:02.572000,Finished,10.0,70.0
2023,Hungarian Grand Prix,Race,George Russell,Mercedes,6.0,28.808536585365857,48.579268292682926,32.80487804878049,1.4408536585365852,63,G RUSSELL,RUS,russell,6CD3BF,mercedes,George,Russell,https://www.formula1.com/content/dam/fom-website/drivers/G/GEORUS01_George_Russell/georus01.png.transform/1col/image.png,GBR,6,18.0,,,,0 days 00:01:05.825000,Finished,8.0,70.0
2023,Hungarian Grand Prix,Race,Charles Leclerc,Ferrari,7.0,28.808536585365857,48.579268292682926,32.80487804878049,1.4408536585365852,16,C LECLERC,LEC,leclerc,F91536,ferrari,Charles,Leclerc,https://www.formula1.com/content/dam/fom-website/drivers/C/CHALEC01_Charles_Leclerc/chalec01.png.transform/1col/image.png,MON,7,6.0,,,,0 days 00:01:10.317000,Finished,6.0,70.0
2023,Hungarian Grand Prix,Race,Carlos Sainz,Ferrari,8.0,28.808536585365857,48.579268292682926,32.80487804878049,1.4408536585365852,55,C SAINZ,SAI,sainz,F91536,ferrari,Carlos,Sainz,https://www.formula1.com/content/dam/fom-website/drivers/C/CARSAI01_Carlos_Sainz/carsai01.png.transform/1col/image.png,ESP,8,11.0,,,,0 days 00:01:11.073000,Finished,4.0,70.0
2023,Hungarian Grand Prix,Race,Fernando Alonso,Aston Martin,9.0,28.808536585365857,48.579268292682926,32.80487804878049,1.4408536585365852,14,F ALONSO,ALO,alonso,358C75,aston_martin,Fernando,Alonso,https://www.formula1.com/content/dam/fom-website/drivers/F/FERALO01_Fernando_Alonso/feralo01.png.transform/1col/image.png,ESP,9,8.0,,,,0 days 00:01:15.709000,Finished,2.0,70.0
2023,Hungarian Grand Prix,Race,Lance Stroll,Aston Martin,10.0,28.808536585365857,48.579268292682926,32.80487804878049,1.4408536585365852,18,L STROLL,STR,stroll,358C75,aston_martin,Lance,Stroll,https://www.formula1.com/content/dam/fom-website/drivers/L/LANSTR01_Lance_Stroll/lanstr01.png.transform/1col/image.png,CAN,10,14.0,,,,0 days 00:00:14.615000,Lapped,1.0,69.0
2023,Hungarian Grand Prix,Race,Alexander Albon,Williams,11.0,28.808536585365857,48.579268292682926,32.80487804878049,1.4408536585365852,23,A ALBON,ALB,albon,37BEDD,williams,Alexander,Albon,https://www.formula1.com/content/dam/fom-website/drivers/A/ALEALB01_Alexander_Albon/alealb01.png.transform/1col/image.png,THA,11,16.0,,,,0 days 00:00:29.087000,Lapped,0.0,69.0
2023,Hungarian Grand Prix,Race,Valtteri Bottas,Alfa Romeo,12.0,28.808536585365857,48.579268292682926,32.80487804878049,1.4408536585365852,77,V BOTTAS,BOT,bottas,C92D4B,alfa,Valtteri,Bottas,https://www.formula1.com/content/dam/fom-website/drivers/V/VALBOT01_Valtteri_Bottas/valbot01.png.transform/1col/image.png,FIN,12,7.0,,,,0 days 00:00:30.079000,Lapped,0.0,69.0
2023,Hungarian Grand Prix,Race,Daniel Ricciardo,AlphaTauri,13.0,28.808536585365857,48.579268292682926,32.80487804878049,1.4408536585365852,3,D RICCIARDO,RIC,ricciardo,5E8FAA,alphatauri,Daniel,Ricciardo,None,AUS,13,13.0,,,,0 days 00:00:36.257000,Lapped,0.0,69.0
2023,Hungarian Grand Prix,Race,Nico Hulkenberg,Haas F1 Team,14.0,28.808536585365857,48.579268292682926,32.80487804878049,1.4408536585365852,27,N HULKENBERG,HUL,hulkenberg,B6BABD,haas,Nico,Hulkenberg,https://www.formula1.com/content/dam/fom-website/drivers/N/NICHUL01_Nico_Hulkenberg/nichul01.png.transform/1col/image.png,GER,14,10.0,,,,0 days 00:00:51.298000,Lapped,0.0,69.0
2023,Hungarian Grand Prix,Race,Yuki Tsunoda,AlphaTauri,15.0,28.808536585365857,48.579268292682926,32.80487804878049,1.4408536585365852,22,Y TSUNODA,TSU,tsunoda,5E8FAA,alphatauri,Yuki,Tsunoda,https://www.formula1.com/content/dam/fom-website/drivers/Y/YUKTSU01_Yuki_Tsunoda/yuktsu01.png.transform/1col/image.png,JPN,15,17.0,,,,0 days 00:00:51.543000,Lapped,0.0,69.0
2023,Hungarian Grand Prix,Race,Guanyu Zhou,Alfa Romeo,16.0,28.808536585365857,48.579268292682926,32.80487804878049,1.4408536585365852,24,G ZHOU,ZHO,zhou,C92D4B,alfa,Guanyu,Zhou,https://www.formula1.com/content/dam/fom-website/drivers/G/GUAZHO01_Guanyu_Zhou/guazho01.png.transform/1col/image.png,CHN,16,5.0,,,,0 days 00:01:00.491000,Lapped,0.0,69.0
2023,Hungarian Grand Prix,Race,Kevin Magnussen,Haas F1 Team,17.0,28.808536585365857,48.579268292682926,32.80487804878049,1.4408536585365852,20,K MAGNUSSEN,MAG,kevin_magnussen,B6BABD,haas,Kevin,Magnussen,https://www.formula1.com/content/dam/fom-website/drivers/K/KEVMAG01_Kevin_Magnussen/kevmag01.png.transform/1col/image.png,DEN,17,19.0,,,,0 days 00:01:22.351000,Lapped,0.0,69.0
2023,Hungarian Grand Prix,Race,Logan Sargeant,Williams,18.0,28.808536585365857,48.579268292682926,32.80487804878049,1.4408536585365852,2,L SARGEANT,SAR,sargeant,37BEDD,williams,Logan,Sargeant,https://www.formula1.com/content/dam/fom-website/drivers/L/LOGSAR01_Logan_Sargeant/logsar01.png.transform/1col/image.png,USA,18,20.0,,,,,Finished,0.0,67.0
2023,Hungarian Grand Prix,Race,Esteban Ocon,Alpine,19.0,28.808536585365857,48.579268292682926,32.80487804878049,1.4408536585365852,31,E OCON,OCO,ocon,2293D1,alpine,Esteban,Ocon,https://www.formula1.com/content/dam/fom-website/drivers/E/ESTOCO01_Esteban_Ocon/estoco01.png.transform/1col/image.png,FRA,R,12.0,,,,,Retired,0.0,2.0
2023,Hungarian Grand Prix,Race,Pierre Gasly,Alpine,20.0,28.808536585365857,48.579268292682926,32.80487804878049,1.4408536585365852,10,P GASLY,GAS,gasly,2293D1,alpine,Pierre,Gasly,https://www.formula1.com/content/dam/fom-website/drivers/P/PIEGAS01_Pierre_Gasly/piegas01.png.transform/1col/image.png,FRA,R,15.0,,,,,Retired,0.0,1.0
2023,Hungarian Grand Prix,Qualifying,Lewis Hamilton,Mercedes,1.0,26.258974358974363,43.86282051282052,34.5,2.1743589743589737,44,L HAMILTON,HAM,hamilton,6CD3BF,mercedes,Lewis,Hamilton,https://www.formula1.com/content/dam/fom-website/drivers/L/LEWHAM01_Lewis_Hamilton/lewham01.png.transform/1col/image.png,GBR,,,0 days 00:01:18.577000,0 days 00:01:17.427000,0 days 00:01:16.609000,,,,
2023,Hungarian Grand Prix,Qualifying,Max Verstappen,Red Bull Racing,2.0,26.258974358974363,43.86282051282052,34.5,2.1743589743589737,1,M VERSTAPPEN,VER,max_verstappen,3671C6,red_bull,Max,Verstappen,https://www.formula1.com/content/dam/fom-website/drivers/M/MAXVER01_Max_Verstappen/maxver01.png.transform/1col/image.png,NED,,,0 days 00:01:18.318000,0 days 00:01:17.547000,0 days 00:01:16.612000,,,,
2023,Hungarian Grand Prix,Qualifying,Lando Norris,McLaren,3.0,26.258974358974363,43.86282051282052,34.5,2.1743589743589737,4,L NORRIS,NOR,norris,F58020,mclaren,Lando,Norris,https://www.formula1.com/content/dam/fom-website/drivers/L/LANNOR01_Lando_Norris/lannor01.png.transform/1col/image.png,GBR,,,0 days 00:01:18.697000,0 days 00:01:17.328000,0 days 00:01:16.694000,,,,
2023,Hungarian Grand Prix,Qualifying,Oscar Piastri,McLaren,4.0,26.258974358974363,43.86282051282052,34.5,2.1743589743589737,81,O PIASTRI,PIA,piastri,F58020,mclaren,Oscar,Piastri,https://www.formula1.com/content/dam/fom-website/drivers/O/OSCPIA01_Oscar_Piastri/oscpia01.png.transform/1col/image.png,AUS,,,0 days 00:01:18.464000,0 days 00:01:17.571000,0 days 00:01:16.905000,,,,
2023,Hungarian Grand Prix,Qualifying,Guanyu Zhou,Alfa Romeo,5.0,26.258974358974363,43.86282051282052,34.5,2.1743589743589737,24,G ZHOU,ZHO,zhou,C92D4B,alfa,Guanyu,Zhou,https://www.formula1.com/content/dam/fom-website/drivers/G/GUAZHO01_Guanyu_Zhou/guazho01.png.transform/1col/image.png,CHN,,,0 days 00:01:18.143000,0 days 00:01:17.700000,0 days 00:01:16.971000,,,,
2023,Hungarian Grand Prix,Qualifying,Charles Leclerc,Ferrari,6.0,26.258974358974363,43.86282051282052,34.5,2.1743589743589737,16,C LECLERC,LEC,leclerc,F91536,ferrari,Charles,Leclerc,https://www.formula1.com/content/dam/fom-website/drivers/C/CHALEC01_Charles_Leclerc/chalec01.png.transform/1col/image.png,MON,,,0 days 00:01:18.440000,0 days 00:01:17.580000,0 days 00:01:16.992000,,,,
2023,Hungarian Grand Prix,Qualifying,Valtteri Bottas,Alfa Romeo,7.0,26.258974358974363,43.86282051282052,34.5,2.1743589743589737,77,V BOTTAS,BOT,bottas,C92D4B,alfa,Valtteri,Bottas,https://www.formula1.com/content/dam/fom-website/drivers/V/VALBOT01_Valtteri_Bottas/valbot01.png.transform/1col/image.png,FIN,,,0 days 00:01:18.775000,0 days 00:01:17.563000,0 days 00:01:17.034000,,,,
2023,Hungarian Grand Prix,Qualifying,Fernando Alonso,Aston Martin,8.0,26.258974358974363,43.86282051282052,34.5,2.1743589743589737,14,F ALONSO,ALO,alonso,358C75,aston_martin,Fernando,Alonso,https://www.formula1.com/content/dam/fom-website/drivers/F/FERALO01_Fernando_Alonso/feralo01.png.transform/1col/image.png,ESP,,,0 days 00:01:18.580000,0 days 00:01:17.701000,0 days 00:01:17.035000,,,,
2023,Hungarian Grand Prix,Qualifying,Sergio Perez,Red Bull Racing,9.0,26.258974358974363,43.86282051282052,34.5,2.1743589743589737,11,S PEREZ,PER,perez,3671C6,red_bull,Sergio,Perez,https://www.formula1.com/content/dam/fom-website/drivers/S/SERPER01_Sergio_Perez/serper01.png.transform/1col/image.png,MEX,,,0 days 00:01:18.360000,0 days 00:01:17.675000,0 days 00:01:17.045000,,,,
2023,Hungarian Grand Prix,Qualifying,Nico Hulkenberg,Haas F1 Team,10.0,26.258974358974363,43.86282051282052,34.5,2.1743589743589737,27,N HULKENBERG,HUL,hulkenberg,B6BABD,haas,Nico,Hulkenberg,https://www.formula1.com/content/dam/fom-website/drivers/N/NICHUL01_Nico_Hulkenberg/nichul01.png.transform/1col/image.png,GER,,,0 days 00:01:18.695000,0 days 00:01:17.652000,0 days 00:01:17.186000,,,,
2023,Hungarian Grand Prix,Qualifying,Carlos Sainz,Ferrari,11.0,26.258974358974363,43.86282051282052,34.5,2.1743589743589737,55,C SAINZ,SAI,sainz,F91536,ferrari,Carlos,Sainz,https://www.formula1.com/content/dam/fom-website/drivers/C/CARSAI01_Carlos_Sainz/carsai01.png.transform/1col/image.png,ESP,,,0 days 00:01:18.393000,0 days 00:01:17.703000,,,,,
2023,Hungarian Grand Prix,Qualifying,Esteban Ocon,Alpine,12.0,26.258974358974363,43.86282051282052,34.5,2.1743589743589737,31,E OCON,OCO,ocon,2293D1,alpine,Esteban,Ocon,https://www.formula1.com/content/dam/fom-website/drivers/E/ESTOCO01_Esteban_Ocon/estoco01.png.transform/1col/image.png,FRA,,,0 days 00:01:18.854000,0 days 00:01:17.841000,,,,,
2023,Hungarian Grand Prix,Qualifying,Daniel Ricciardo,AlphaTauri,13.0,26.258974358974363,43.86282051282052,34.5,2.1743589743589737,3,D RICCIARDO,RIC,ricciardo,5E8FAA,alphatauri,Daniel,Ricciardo,None,AUS,,,0 days 00:01:18.906000,0 days 00:01:18.002000,,,,,
2023,Hungarian Grand Prix,Qualifying,Lance Stroll,Aston Martin,14.0,26.258974358974363,43.86282051282052,34.5,2.1743589743589737,18,L STROLL,STR,stroll,358C75,aston_martin,Lance,Stroll,https://www.formula1.com/content/dam/fom-website/drivers/L/LANSTR01_Lance_Stroll/lanstr01.png.transform/1col/image.png,CAN,,,0 days 00:01:18.782000,0 days 00:01:18.144000,,,,,
2023,Hungarian Grand Prix,Qualifying,Pierre Gasly,Alpine,15.0,26.258974358974363,43.86282051282052,34.5,2.1743589743589737,10,P GASLY,GAS,gasly,2293D1,alpine,Pierre,Gasly,https://www.formula1.com/content/dam/fom-website/drivers/P/PIEGAS01_Pierre_Gasly/piegas01.png.transform/1col/image.png,FRA,,,0 days 00:01:18.743000,0 days 00:01:18.217000,,,,,
2023,Hungarian Grand Prix,Qualifying,Alexander Albon,Williams,16.0,26.258974358974363,43.86282051282052,34.5,2.1743589743589737,23,A ALBON,ALB,albon,37BEDD,williams,Alexander,Albon,https://www.formula1.com/content/dam/fom-website/drivers/A/ALEALB01_Alexander_Albon/alealb01.png.transform/1col/image.png,THA,,,0 days 00:01:18.917000,,,,,,
2023,Hungarian Grand Prix,Qualifying,Yuki Tsunoda,AlphaTauri,17.0,26.258974358974363,43.86282051282052,34.5,2.1743589743589737,22,Y TSUNODA,TSU,tsunoda,5E8FAA,alphatauri,Yuki,Tsunoda,https://www.formula1.com/content/dam/fom-website/drivers/Y/YUKTSU01_Yuki_Tsunoda/yuktsu01.png.transform/1col/image.png,JPN,,,0 days 00:01:18.919000,,,,,,
2023,Hungarian Grand Prix,Qualifying,George Russell,Mercedes,18.0,26.258974358974363,43.86282051282052,34.5,2.1743589743589737,63,G RUSSELL,RUS,russell,6CD3BF,mercedes,George,Russell,https://www.formula1.com/content/dam/fom-website/drivers/G/GEORUS01_George_Russell/georus01.png.transform/1col/image.png,GBR,,,0 days 00:01:19.027000,,,,,,
2023,Hungarian Grand Prix,Qualifying,Kevin Magnussen,Haas F1 Team,19.0,26.258974358974363,43.86282051282052,34.5,2.1743589743589737,20,K MAGNUSSEN,MAG,kevin_magnussen,B6BABD,haas,Kevin,Magnussen,https://www.formula1.com/content/dam/fom-website/drivers/K/KEVMAG01_Kevin_Magnussen/kevmag01.png.transform/1col/image.png,DEN,,,0 days 00:01:19.206000,,,,,,
2023,Hungarian Grand Prix,Qualifying,Logan Sargeant,Williams,20.0,26.258974358974363,43.86282051282052,34.5,2.1743589743589737,2,L SARGEANT,SAR,sargeant,37BEDD,williams,Logan,Sargeant,https://www.formula1.com/content/dam/fom-website/drivers/L/LOGSAR01_Logan_Sargeant/logsar01.png.transform/1col/image.png,USA,,,0 days 00:01:19.248000,,,,,,
2023,Hungarian Grand Prix,Practice 1,Max Verstappen,Red Bull Racing,,23.04797297297297,29.54054054054054,63.648648648648646,1.5155405405405404,1,P ARON,ARO,max_verstappen,3671C6,red_bull,Max,Verstappen,https://www.formula1.com/content/dam/fom-website/drivers/M/MAXVER01_Max_Verstappen/maxver01.png.transform/1col/image.png,NED,,,,,,,,,
2023,Hungarian Grand Prix,Practice 1,Logan Sargeant,Williams,,23.04797297297297,29.54054054054054,63.648648648648646,1.5155405405405404,2,D BEGANOVIC,BEG,sargeant,37BEDD,williams,Logan,Sargeant,https://www.formula1.com/content/dam/fom-website/drivers/L/LOGSAR01_Logan_Sargeant/logsar01.png.transform/1col/image.png,USA,,,,,,,,,
2023,Hungarian Grand Prix,Practice 1,Daniel Ricciardo,AlphaTauri,,23.04797297297297,29.54054054054054,63.648648648648646,1.5155405405405404,3,Z O'SULLIVAN,OSU,ricciardo,5E8FAA,alphatauri,Daniel,Ricciardo,None,AUS,,,,,,,,,
2023,Hungarian Grand Prix,Practice 1,Lando Norris,McLaren,,23.04797297297297,29.54054054054054,63.648648648648646,1.5155405405405404,4,L FORNAROLI,FOR,norris,F58020,mclaren,Lando,Norris,https://www.formula1.com/content/dam/fom-website/drivers/L/LANNOR01_Lando_Norris/lannor01.png.transform/1col/image.png,GBR,,,,,,,,,
2023,Hungarian Grand Prix,Practice 1,Pierre Gasly,Alpine,,23.04797297297297,29.54054054054054,63.648648648648646,1.5155405405405404,10,F COLAPINTO,FCO,gasly,2293D1,alpine,Pierre,Gasly,https://www.formula1.com/content/dam/fom-website/drivers/P/PIEGAS01_Pierre_Gasly/piegas01.png.transform/1col/image.png,FRA,,,,,,,,,
2023,Hungarian Grand Prix,Practice 1,Sergio Perez,Red Bull Racing,,23.04797297297297,29.54054054054054,63.648648648648646,1.5155405405405404,11,M BOYA,BOY,perez,3671C6,red_bull,Sergio,Perez,https://www.formula1.com/content/dam/fom-website/drivers/S/SERPER01_Sergio_Perez/serper01.png.transform/1col/image.png,MEX,,,,,,,,,
2023,Hungarian Grand Prix,Practice 1,Fernando Alonso,Aston Martin,,23.04797297297297,29.54054054054054,63.648648648648646,1.5155405405405404,14,S MONTOYA,MON,alonso,358C75,aston_martin,Fernando,Alonso,https://www.formula1.com/content/dam/fom-website/drivers/F/FERALO01_Fernando_Alonso/feralo01.png.transform/1col/image.png,ESP,,,,,,,,,
2023,Hungarian Grand Prix,Practice 1,Charles Leclerc,Ferrari,,23.04797297297297,29.54054054054054,63.648648648648646,1.5155405405405404,16,L BROWNING,BRO,leclerc,F91536,ferrari,Charles,Leclerc,https://www.formula1.com/content/dam/fom-website/drivers/C/CHALEC01_Charles_Leclerc/chalec01.png.transform/1col/image.png,MON,,,,,,,,,
2023,Hungarian Grand Prix,Practice 1,Lance Stroll,Aston Martin,,23.04797297297297,29.54054054054054,63.648648648648646,1.5155405405405404,18,R VILLAGOMEZ,VIL,stroll,358C75,aston_martin,Lance,Stroll,https://www.formula1.com/content/dam/fom-website/drivers/L/LANSTR01_Lance_Stroll/lanstr01.png.transform/1col/image.png,CAN,,,,,,,,,
2023,Hungarian Grand Prix,Practice 1,Kevin Magnussen,Haas F1 Team,,23.04797297297297,29.54054054054054,63.648648648648646,1.5155405405405404,20,O GRAY,GRA,kevin_magnussen,B6BABD,haas,Kevin,Magnussen,https://www.formula1.com/content/dam/fom-website/drivers/K/KEVMAG01_Kevin_Magnussen/kevmag01.png.transform/1col/image.png,DEN,,,,,,,,,
2023,Hungarian Grand Prix,Practice 1,Yuki Tsunoda,AlphaTauri,,23.04797297297297,29.54054054054054,63.648648648648646,1.5155405405405404,22,I COHEN,COH,tsunoda,5E8FAA,alphatauri,Yuki,Tsunoda,https://www.formula1.com/content/dam/fom-website/drivers/Y/YUKTSU01_Yuki_Tsunoda/yuktsu01.png.transform/1col/image.png,JPN,,,,,,,,,
2023,Hungarian Grand Prix,Practice 1,Alexander Albon,Williams,,23.04797297297297,29.54054054054054,63.648648648648646,1.5155405405405404,23,J MARTI,MAR,albon,37BEDD,williams,Alexander,Albon,https://www.formula1.com/content/dam/fom-website/drivers/A/ALEALB01_Alexander_Albon/alealb01.png.transform/1col/image.png,THA,,,,,,,,,
2023,Hungarian Grand Prix,Practice 1,Guanyu Zhou,Alfa Romeo,,23.04797297297297,29.54054054054054,63.648648648648646,1.5155405405405404,24,C MANSELL,MAN,zhou,C92D4B,alfa,Guanyu,Zhou,https://www.formula1.com/content/dam/fom-website/drivers/G/GUAZHO01_Guanyu_Zhou/guazho01.png.transform/1col/image.png,CHN,,,,,,,,,
2023,Hungarian Grand Prix,Practice 1,Nico Hulkenberg,Haas F1 Team,,23.04797297297297,29.54054054054054,63.648648648648646,1.5155405405405404,27,T BARNARD,TBA,hulkenberg,B6BABD,haas,Nico,Hulkenberg,https://www.formula1.com/content/dam/fom-website/drivers/N/NICHUL01_Nico_Hulkenberg/nichul01.png.transform/1col/image.png,GER,,,,,,,,,
2023,Hungarian Grand Prix,Practice 1,Esteban Ocon,Alpine,,23.04797297297297,29.54054054054054,63.648648648648646,1.5155405405405404,31,W SHIN,SHI,ocon,2293D1,alpine,Esteban,Ocon,https://www.formula1.com/content/dam/fom-website/drivers/E/ESTOCO01_Esteban_Ocon/estoco01.png.transform/1col/image.png,FRA,,,,,,,,,
2023,Hungarian Grand Prix,Practice 1,Lewis Hamilton,Mercedes,,23.04797297297297,29.54054054054054,63.648648648648646,1.5155405405405404,44,L HAMILTON,HAM,hamilton,6CD3BF,mercedes,Lewis,Hamilton,https://www.formula1.com/content/dam/fom-website/drivers/L/LEWHAM01_Lewis_Hamilton/lewham01.png.transform/1col/image.png,GBR,,,,,,,,,
2023,Hungarian Grand Prix,Practice 1,Carlos Sainz,Ferrari,,23.04797297297297,29.54054054054054,63.648648648648646,1.5155405405405404,55,C SAINZ,SAI,sainz,F91536,ferrari,Carlos,Sainz,https://www.formula1.com/content/dam/fom-website/drivers/C/CARSAI01_Carlos_Sainz/carsai01.png.transform/1col/image.png,ESP,,,,,,,,,
2023,Hungarian Grand Prix,Practice 1,George Russell,Mercedes,,23.04797297297297,29.54054054054054,63.648648648648646,1.5155405405405404,63,G RUSSELL,RUS,russell,6CD3BF,mercedes,George,Russell,https://www.formula1.com/content/dam/fom-website/drivers/G/GEORUS01_George_Russell/georus01.png.transform/1col/image.png,GBR,,,,,,,,,
2023,Hungarian Grand Prix,Practice 1,Valtteri Bottas,Alfa Romeo,,23.04797297297297,29.54054054054054,63.648648648648646,1.5155405405405404,77,V BOTTAS,BOT,bottas,C92D4B,alfa,Valtteri,Bottas,https://www.formula1.com/content/dam/fom-website/drivers/V/VALBOT01_Valtteri_Bottas/valbot01.png.transform/1col/image.png,FIN,,,,,,,,,
2023,Hungarian Grand Prix,Practice 1,Oscar Piastri,McLaren,,23.04797297297297,29.54054054054054,63.648648648648646,1.5155405405405404,81,O PIASTRI,PIA,piastri,F58020,mclaren,Oscar,Piastri,https://www.formula1.com/content/dam/fom-website/drivers/O/OSCPIA01_Oscar_Piastri/oscpia01.png.transform/1col/image.png,AUS,,,,,,,,,
2023,Hungarian Grand Prix,Practice 1,None None,None,,23.04797297297297,29.54054054054054,63.648648648648646,1.5155405405405404,5,G BORTOLETO,BOR,nan,None,nan,None,None,None,None,,,,,,,,,
2023,Hungarian Grand Prix,Practice 1,None None,None,,23.04797297297297,29.54054054054054,63.648648648648646,1.5155405405405404,6,O GOETHE,GOE,nan,None,nan,None,None,None,None,,,,,,,,,
2023,Hungarian Grand Prix,Practice 1,None None,None,,23.04797297297297,29.54054054054054,63.648648648648646,1.5155405405405404,7,K FREDERICK,FRE,nan,None,nan,None,None,None,None,,,,,,,,,
2023,Hungarian Grand Prix,Practice 1,None None,None,,23.04797297297297,29.54054054054054,63.648648648648646,1.5155405405405404,8,G SAUCY,SAU,nan,None,nan,None,None,None,None,,,,,,,,,
2023,Hungarian Grand Prix,Practice 1,None None,None,,23.04797297297297,29.54054054054054,63.648648648648646,1.5155405405405404,9,N TSOLOV,TSO,nan,None,nan,None,None,None,None,,,,,,,,,
2023,Hungarian Grand Prix,Practice 1,None None,None,,23.04797297297297,29.54054054054054,63.648648648648646,1.5155405405405404,12,J EDGAR,EDG,nan,None,nan,None,None,None,None,,,,,,,,,
2023,Hungarian Grand Prix,Practice 1,None None,None,,23.04797297297297,29.54054054054054,63.648648648648646,1.5155405405405404,15,G MINI,MIN,nan,None,nan,None,None,None,None,,,,,,,,,
2023,Hungarian Grand Prix,Practice 1,None None,None,,23.04797297297297,29.54054054054054,63.648648648648646,1.5155405405405404,17,C COLLET,CCO,nan,None,nan,None,None,None,None,,,,,,,,,
2023,Hungarian Grand Prix,Practice 1,None None,None,,23.04797297297297,29.54054054054054,63.648648648648646,1.5155405405405404,19,T SMITH,SMI,nan,None,nan,None,None,None,None,,,,,,,,,
2023,Hungarian Grand Prix,Practice 1,None None,None,,23.04797297297297,29.54054054054054,63.648648648648646,1.5155405405405404,21,M ESTERSON,EST,nan,None,nan,None,None,None,None,,,,,,,,,
2023,Hungarian Grand Prix,Practice 1,None None,None,,23.04797297297297,29.54054054054054,63.648648648648646,1.5155405405405404,25,H BARTER,HBA,nan,None,nan,None,None,None,None,,,,,,,,,
2023,Hungarian Grand Prix,Practice 1,None None,None,,23.04797297297297,29.54054054054054,63.648648648648646,1.5155405405405404,26,N BEDRIN,BED,nan,None,nan,None,None,None,None,,,,,,,,,
2023,Hungarian Grand Prix,Practice 1,None None,None,,23.04797297297297,29.54054054054054,63.648648648648646,1.5155405405405404,28,A GARCIA,GAR,nan,None,nan,None,None,None,None,,,,,,,,,
2023,Hungarian Grand Prix,Practice 1,None None,None,,23.04797297297297,29.54054054054054,63.648648648648646,1.5155405405405404,29,S FLOERSCH,FLO,nan,None,nan,None,None,None,None,,,,,,,,,
2023,Hungarian Grand Prix,Practice 1,None None,None,,23.04797297297297,29.54054054054054,63.648648648648646,1.5155405405405404,30,R FARIA,FAR,nan,None,nan,None,None,None,None,,,,,,,,,
2023,Hungarian Grand Prix,Practice 2,Max Verstappen,Red Bull Racing,,23.128048780487806,32.87317073170732,50.329268292682926,1.5097560975609756,1,M VERSTAPPEN,VER,max_verstappen,3671C6,red_bull,Max,Verstappen,https://www.formula1.com/content/dam/fom-website/drivers/M/MAXVER01_Max_Verstappen/maxver01.png.transform/1col/image.png,NED,,,,,,,,,
2023,Hungarian Grand Prix,Practice 2,Logan Sargeant,Williams,,23.128048780487806,32.87317073170732,50.329268292682926,1.5097560975609756,2,L SARGEANT,SAR,sargeant,37BEDD,williams,Logan,Sargeant,https://www.formula1.com/content/dam/fom-website/drivers/L/LOGSAR01_Logan_Sargeant/logsar01.png.transform/1col/image.png,USA,,,,,,,,,
2023,Hungarian Grand Prix,Practice 2,Daniel Ricciardo,AlphaTauri,,23.128048780487806,32.87317073170732,50.329268292682926,1.5097560975609756,3,D RICCIARDO,RIC,ricciardo,5E8FAA,alphatauri,Daniel,Ricciardo,None,AUS,,,,,,,,,
2023,Hungarian Grand Prix,Practice 2,Lando Norris,McLaren,,23.128048780487806,32.87317073170732,50.329268292682926,1.5097560975609756,4,L NORRIS,NOR,norris,F58020,mclaren,Lando,Norris,https://www.formula1.com/content/dam/fom-website/drivers/L/LANNOR01_Lando_Norris/lannor01.png.transform/1col/image.png,GBR,,,,,,,,,
2023,Hungarian Grand Prix,Practice 2,Pierre Gasly,Alpine,,23.128048780487806,32.87317073170732,50.329268292682926,1.5097560975609756,10,P GASLY,GAS,gasly,2293D1,alpine,Pierre,Gasly,https://www.formula1.com/content/dam/fom-website/drivers/P/PIEGAS01_Pierre_Gasly/piegas01.png.transform/1col/image.png,FRA,,,,,,,,,
2023,Hungarian Grand Prix,Practice 2,Sergio Perez,Red Bull Racing,,23.128048780487806,32.87317073170732,50.329268292682926,1.5097560975609756,11,S PEREZ,PER,perez,3671C6,red_bull,Sergio,Perez,https://www.formula1.com/content/dam/fom-website/drivers/S/SERPER01_Sergio_Perez/serper01.png.transform/1col/image.png,MEX,,,,,,,,,
2023,Hungarian Grand Prix,Practice 2,Fernando Alonso,Aston Martin,,23.128048780487806,32.87317073170732,50.329268292682926,1.5097560975609756,14,F ALONSO,ALO,alonso,358C75,aston_martin,Fernando,Alonso,https://www.formula1.com/content/dam/fom-website/drivers/F/FERALO01_Fernando_Alonso/feralo01.png.transform/1col/image.png,ESP,,,,,,,,,
2023,Hungarian Grand Prix,Practice 2,Charles Leclerc,Ferrari,,23.128048780487806,32.87317073170732,50.329268292682926,1.5097560975609756,16,C LECLERC,LEC,leclerc,F91536,ferrari,Charles,Leclerc,https://www.formula1.com/content/dam/fom-website/drivers/C/CHALEC01_Charles_Leclerc/chalec01.png.transform/1col/image.png,MON,,,,,,,,,
2023,Hungarian Grand Prix,Practice 2,Lance Stroll,Aston Martin,,23.128048780487806,32.87317073170732,50.329268292682926,1.5097560975609756,18,L STROLL,STR,stroll,358C75,aston_martin,Lance,Stroll,https://www.formula1.com/content/dam/fom-website/drivers/L/LANSTR01_Lance_Stroll/lanstr01.png.transform/1col/image.png,CAN,,,,,,,,,
2023,Hungarian Grand Prix,Practice 2,Kevin Magnussen,Haas F1 Team,,23.128048780487806,32.87317073170732,50.329268292682926,1.5097560975609756,20,K MAGNUSSEN,MAG,kevin_magnussen,B6BABD,haas,Kevin,Magnussen,https://www.formula1.com/content/dam/fom-website/drivers/K/KEVMAG01_Kevin_Magnussen/kevmag01.png.transform/1col/image.png,DEN,,,,,,,,,
2023,Hungarian Grand Prix,Practice 2,Yuki Tsunoda,AlphaTauri,,23.128048780487806,32.87317073170732,50.329268292682926,1.5097560975609756,22,Y TSUNODA,TSU,tsunoda,5E8FAA,alphatauri,Yuki,Tsunoda,https://www.formula1.com/content/dam/fom-website/drivers/Y/YUKTSU01_Yuki_Tsunoda/yuktsu01.png.transform/1col/image.png,JPN,,,,,,,,,
2023,Hungarian Grand Prix,Practice 2,Alexander Albon,Williams,,23.128048780487806,32.87317073170732,50.329268292682926,1.5097560975609756,23,A ALBON,ALB,albon,37BEDD,williams,Alexander,Albon,https://www.formula1.com/content/dam/fom-website/drivers/A/ALEALB01_Alexander_Albon/alealb01.png.transform/1col/image.png,THA,,,,,,,,,
2023,Hungarian Grand Prix,Practice 2,Guanyu Zhou,Alfa Romeo,,23.128048780487806,32.87317073170732,50.329268292682926,1.5097560975609756,24,G ZHOU,ZHO,zhou,C92D4B,alfa,Guanyu,Zhou,https://www.formula1.com/content/dam/fom-website/drivers/G/GUAZHO01_Guanyu_Zhou/guazho01.png.transform/1col/image.png,CHN,,,,,,,,,
2023,Hungarian Grand Prix,Practice 2,Nico Hulkenberg,Haas F1 Team,,23.128048780487806,32.87317073170732,50.329268292682926,1.5097560975609756,27,N HULKENBERG,HUL,hulkenberg,B6BABD,haas,Nico,Hulkenberg,https://www.formula1.com/content/dam/fom-website/drivers/N/NICHUL01_Nico_Hulkenberg/nichul01.png.transform/1col/image.png,GER,,,,,,,,,
2023,Hungarian Grand Prix,Practice 2,Esteban Ocon,Alpine,,23.128048780487806,32.87317073170732,50.329268292682926,1.5097560975609756,31,E OCON,OCO,ocon,2293D1,alpine,Esteban,Ocon,https://www.formula1.com/content/dam/fom-website/drivers/E/ESTOCO01_Esteban_Ocon/estoco01.png.transform/1col/image.png,FRA,,,,,,,,,
2023,Hungarian Grand Prix,Practice 2,Lewis Hamilton,Mercedes,,23.128048780487806,32.87317073170732,50.329268292682926,1.5097560975609756,44,L HAMILTON,HAM,hamilton,6CD3BF,mercedes,Lewis,Hamilton,https://www.formula1.com/content/dam/fom-website/drivers/L/LEWHAM01_Lewis_Hamilton/lewham01.png.transform/1col/image.png,GBR,,,,,,,,,
2023,Hungarian Grand Prix,Practice 2,Carlos Sainz,Ferrari,,23.128048780487806,32.87317073170732,50.329268292682926,1.5097560975609756,55,C SAINZ,SAI,sainz,F91536,ferrari,Carlos,Sainz,https://www.formula1.com/content/dam/fom-website/drivers/C/CARSAI01_Carlos_Sainz/carsai01.png.transform/1col/image.png,ESP,,,,,,,,,
2023,Hungarian Grand Prix,Practice 2,George Russell,Mercedes,,23.128048780487806,32.87317073170732,50.329268292682926,1.5097560975609756,63,G RUSSELL,RUS,russell,6CD3BF,mercedes,George,Russell,https://www.formula1.com/content/dam/fom-website/drivers/G/GEORUS01_George_Russell/georus01.png.transform/1col/image.png,GBR,,,,,,,,,
2023,Hungarian Grand Prix,Practice 2,Valtteri Bottas,Alfa Romeo,,23.128048780487806,32.87317073170732,50.329268292682926,1.5097560975609756,77,V BOTTAS,BOT,bottas,C92D4B,alfa,Valtteri,Bottas,https://www.formula1.com/content/dam/fom-website/drivers/V/VALBOT01_Valtteri_Bottas/valbot01.png.transform/1col/image.png,FIN,,,,,,,,,
2023,Hungarian Grand Prix,Practice 2,Oscar Piastri,McLaren,,23.128048780487806,32.87317073170732,50.329268292682926,1.5097560975609756,81,O PIASTRI,PIA,piastri,F58020,mclaren,Oscar,Piastri,https://www.formula1.com/content/dam/fom-website/drivers/O/OSCPIA01_Oscar_Piastri/oscpia01.png.transform/1col/image.png,AUS,,,,,,,,,
2023,Hungarian Grand Prix,Practice 3,Max Verstappen,Red Bull Racing,,24.61219512195122,45.830487804878054,45.91463414634146,2.4073170731707316,1,M VERSTAPPEN,VER,max_verstappen,3671C6,red_bull,Max,Verstappen,https://www.formula1.com/content/dam/fom-website/drivers/M/MAXVER01_Max_Verstappen/maxver01.png.transform/1col/image.png,NED,,,,,,,,,
2023,Hungarian Grand Prix,Practice 3,Logan Sargeant,Williams,,24.61219512195122,45.830487804878054,45.91463414634146,2.4073170731707316,2,L SARGEANT,SAR,sargeant,37BEDD,williams,Logan,Sargeant,https://www.formula1.com/content/dam/fom-website/drivers/L/LOGSAR01_Logan_Sargeant/logsar01.png.transform/1col/image.png,USA,,,,,,,,,
2023,Hungarian Grand Prix,Practice 3,Daniel Ricciardo,AlphaTauri,,24.61219512195122,45.830487804878054,45.91463414634146,2.4073170731707316,3,D RICCIARDO,RIC,ricciardo,5E8FAA,alphatauri,Daniel,Ricciardo,None,AUS,,,,,,,,,
2023,Hungarian Grand Prix,Practice 3,Lando Norris,McLaren,,24.61219512195122,45.830487804878054,45.91463414634146,2.4073170731707316,4,L NORRIS,NOR,norris,F58020,mclaren,Lando,Norris,https://www.formula1.com/content/dam/fom-website/drivers/L/LANNOR01_Lando_Norris/lannor01.png.transform/1col/image.png,GBR,,,,,,,,,
2023,Hungarian Grand Prix,Practice 3,Pierre Gasly,Alpine,,24.61219512195122,45.830487804878054,45.91463414634146,2.4073170731707316,10,P GASLY,GAS,gasly,2293D1,alpine,Pierre,Gasly,https://www.formula1.com/content/dam/fom-website/drivers/P/PIEGAS01_Pierre_Gasly/piegas01.png.transform/1col/image.png,FRA,,,,,,,,,
2023,Hungarian Grand Prix,Practice 3,Sergio Perez,Red Bull Racing,,24.61219512195122,45.830487804878054,45.91463414634146,2.4073170731707316,11,S PEREZ,PER,perez,3671C6,red_bull,Sergio,Perez,https://www.formula1.com/content/dam/fom-website/drivers/S/SERPER01_Sergio_Perez/serper01.png.transform/1col/image.png,MEX,,,,,,,,,
2023,Hungarian Grand Prix,Practice 3,Fernando Alonso,Aston Martin,,24.61219512195122,45.830487804878054,45.91463414634146,2.4073170731707316,14,F ALONSO,ALO,alonso,358C75,aston_martin,Fernando,Alonso,https://www.formula1.com/content/dam/fom-website/drivers/F/FERALO01_Fernando_Alonso/feralo01.png.transform/1col/image.png,ESP,,,,,,,,,
2023,Hungarian Grand Prix,Practice 3,Charles Leclerc,Ferrari,,24.61219512195122,45.830487804878054,45.91463414634146,2.4073170731707316,16,C LECLERC,LEC,leclerc,F91536,ferrari,Charles,Leclerc,https://www.formula1.com/content/dam/fom-website/drivers/C/CHALEC01_Charles_Leclerc/chalec01.png.transform/1col/image.png,MON,,,,,,,,,
2023,Hungarian Grand Prix,Practice 3,Lance Stroll,Aston Martin,,24.61219512195122,45.830487804878054,45.91463414634146,2.4073170731707316,18,L STROLL,STR,stroll,358C75,aston_martin,Lance,Stroll,https://www.formula1.com/content/dam/fom-website/drivers/L/LANSTR01_Lance_Stroll/lanstr01.png.transform/1col/image.png,CAN,,,,,,,,,
2023,Hungarian Grand Prix,Practice 3,Kevin Magnussen,Haas F1 Team,,24.61219512195122,45.830487804878054,45.91463414634146,2.4073170731707316,20,K MAGNUSSEN,MAG,kevin_magnussen,B6BABD,haas,Kevin,Magnussen,https://www.formula1.com/content/dam/fom-website/drivers/K/KEVMAG01_Kevin_Magnussen/kevmag01.png.transform/1col/image.png,DEN,,,,,,,,,
2023,Hungarian Grand Prix,Practice 3,Yuki Tsunoda,AlphaTauri,,24.61219512195122,45.830487804878054,45.91463414634146,2.4073170731707316,22,Y TSUNODA,TSU,tsunoda,5E8FAA,alphatauri,Yuki,Tsunoda,https://www.formula1.com/content/dam/fom-website/drivers/Y/YUKTSU01_Yuki_Tsunoda/yuktsu01.png.transform/1col/image.png,JPN,,,,,,,,,
2023,Hungarian Grand Prix,Practice 3,Alexander Albon,Williams,,24.61219512195122,45.830487804878054,45.91463414634146,2.4073170731707316,23,A ALBON,ALB,albon,37BEDD,williams,Alexander,Albon,https://www.formula1.com/content/dam/fom-website/drivers/A/ALEALB01_Alexander_Albon/alealb01.png.transform/1col/image.png,THA,,,,,,,,,
2023,Hungarian Grand Prix,Practice 3,Guanyu Zhou,Alfa Romeo,,24.61219512195122,45.830487804878054,45.91463414634146,2.4073170731707316,24,G ZHOU,ZHO,zhou,C92D4B,alfa,Guanyu,Zhou,https://www.formula1.com/content/dam/fom-website/drivers/G/GUAZHO01_Guanyu_Zhou/guazho01.png.transform/1col/image.png,CHN,,,,,,,,,
2023,Hungarian Grand Prix,Practice 3,Nico Hulkenberg,Haas F1 Team,,24.61219512195122,45.830487804878054,45.91463414634146,2.4073170731707316,27,N HULKENBERG,HUL,hulkenberg,B6BABD,haas,Nico,Hulkenberg,https://www.formula1.com/content/dam/fom-website/drivers/N/NICHUL01_Nico_Hulkenberg/nichul01.png.transform/1col/image.png,GER,,,,,,,,,
2023,Hungarian Grand Prix,Practice 3,Esteban Ocon,Alpine,,24.61219512195122,45.830487804878054,45.91463414634146,2.4073170731707316,31,E OCON,OCO,ocon,2293D1,alpine,Esteban,Ocon,https://www.formula1.com/content/dam/fom-website/drivers/E/ESTOCO01_Esteban_Ocon/estoco01.png.transform/1col/image.png,FRA,,,,,,,,,
2023,Hungarian Grand Prix,Practice 3,Lewis Hamilton,Mercedes,,24.61219512195122,45.830487804878054,45.91463414634146,2.4073170731707316,44,L HAMILTON,HAM,hamilton,6CD3BF,mercedes,Lewis,Hamilton,https://www.formula1.com/content/dam/fom-website/drivers/L/LEWHAM01_Lewis_Hamilton/lewham01.png.transform/1col/image.png,GBR,,,,,,,,,
2023,Hungarian Grand Prix,Practice 3,Carlos Sainz,Ferrari,,24.61219512195122,45.830487804878054,45.91463414634146,2.4073170731707316,55,C SAINZ,SAI,sainz,F91536,ferrari,Carlos,Sainz,https://www.formula1.com/content/dam/fom-website/drivers/C/CARSAI01_Carlos_Sainz/carsai01.png.transform/1col/image.png,ESP,,,,,,,,,
2023,Hungarian Grand Prix,Practice 3,George Russell,Mercedes,,24.61219512195122,45.830487804878054,45.91463414634146,2.4073170731707316,63,G RUSSELL,RUS,russell,6CD3BF,mercedes,George,Russell,https://www.formula1.com/content/dam/fom-website/drivers/G/GEORUS01_George_Russell/georus01.png.transform/1col/image.png,GBR,,,,,,,,,
2023,Hungarian Grand Prix,Practice 3,Valtteri Bottas,Alfa Romeo,,24.61219512195122,45.830487804878054,45.91463414634146,2.4073170731707316,77,V BOTTAS,BOT,bottas,C92D4B,alfa,Valtteri,Bottas,https://www.formula1.com/content/dam/fom-website/drivers/V/VALBOT01_Valtteri_Bottas/valbot01.png.transform/1col/image.png,FIN,,,,,,,,,
2023,Hungarian Grand Prix,Practice 3,Oscar Piastri,McLaren,,24.61219512195122,45.830487804878054,45.91463414634146,2.4073170731707316,81,O PIASTRI,PIA,piastri,F58020,mclaren,Oscar,Piastri,https://www.formula1.com/content/dam/fom-website/drivers/O/OSCPIA01_Oscar_Piastri/oscpia01.png.transform/1col/image.png,AUS,,,,,,,,,
2023,Belgian Grand Prix,Race,Max Verstappen,Red Bull Racing,1.0,17.873333333333335,28.24066666666667,61.92666666666667,1.5946666666666667,1,M VERSTAPPEN,VER,max_verstappen,3671C6,red_bull,Max,Verstappen,https://www.formula1.com/content/dam/fom-website/drivers/M/MAXVER01_Max_Verstappen/maxver01.png.transform/1col/image.png,NED,1,6.0,,,,0 days 01:22:30.450000,Finished,25.0,44.0
2023,Belgian Grand Prix,Race,Sergio Perez,Red Bull Racing,2.0,17.873333333333335,28.24066666666667,61.92666666666667,1.5946666666666667,11,S PEREZ,PER,perez,3671C6,red_bull,Sergio,Perez,https://www.formula1.com/content/dam/fom-website/drivers/S/SERPER01_Sergio_Perez/serper01.png.transform/1col/image.png,MEX,2,2.0,,,,0 days 00:00:22.305000,Finished,18.0,44.0
2023,Belgian Grand Prix,Race,Charles Leclerc,Ferrari,3.0,17.873333333333335,28.24066666666667,61.92666666666667,1.5946666666666667,16,C LECLERC,LEC,leclerc,F91536,ferrari,Charles,Leclerc,https://www.formula1.com/content/dam/fom-website/drivers/C/CHALEC01_Charles_Leclerc/chalec01.png.transform/1col/image.png,MON,3,1.0,,,,0 days 00:00:32.259000,Finished,15.0,44.0
2023,Belgian Grand Prix,Race,Lewis Hamilton,Mercedes,4.0,17.873333333333335,28.24066666666667,61.92666666666667,1.5946666666666667,44,L HAMILTON,HAM,hamilton,6CD3BF,mercedes,Lewis,Hamilton,https://www.formula1.com/content/dam/fom-website/drivers/L/LEWHAM01_Lewis_Hamilton/lewham01.png.transform/1col/image.png,GBR,4,3.0,,,,0 days 00:00:49.671000,Finished,13.0,44.0
2023,Belgian Grand Prix,Race,Fernando Alonso,Aston Martin,5.0,17.873333333333335,28.24066666666667,61.92666666666667,1.5946666666666667,14,F ALONSO,ALO,alonso,358C75,aston_martin,Fernando,Alonso,https://www.formula1.com/content/dam/fom-website/drivers/F/FERALO01_Fernando_Alonso/feralo01.png.transform/1col/image.png,ESP,5,9.0,,,,0 days 00:00:56.184000,Finished,10.0,44.0
2023,Belgian Grand Prix,Race,George Russell,Mercedes,6.0,17.873333333333335,28.24066666666667,61.92666666666667,1.5946666666666667,63,G RUSSELL,RUS,russell,6CD3BF,mercedes,George,Russell,https://www.formula1.com/content/dam/fom-website/drivers/G/GEORUS01_George_Russell/georus01.png.transform/1col/image.png,GBR,6,8.0,,,,0 days 00:01:03.101000,Finished,8.0,44.0
2023,Belgian Grand Prix,Race,Lando Norris,McLaren,7.0,17.873333333333335,28.24066666666667,61.92666666666667,1.5946666666666667,4,L NORRIS,NOR,norris,F58020,mclaren,Lando,Norris,https://www.formula1.com/content/dam/fom-website/drivers/L/LANNOR01_Lando_Norris/lannor01.png.transform/1col/image.png,GBR,7,7.0,,,,0 days 00:01:13.719000,Finished,6.0,44.0
2023,Belgian Grand Prix,Race,Esteban Ocon,Alpine,8.0,17.873333333333335,28.24066666666667,61.92666666666667,1.5946666666666667,31,E OCON,OCO,ocon,2293D1,alpine,Esteban,Ocon,https://www.formula1.com/content/dam/fom-website/drivers/E/ESTOCO01_Esteban_Ocon/estoco01.png.transform/1col/image.png,FRA,8,14.0,,,,0 days 00:01:14.719000,Finished,4.0,44.0
2023,Belgian Grand Prix,Race,Lance Stroll,Aston Martin,9.0,17.873333333333335,28.24066666666667,61.92666666666667,1.5946666666666667,18,L STROLL,STR,stroll,358C75,aston_martin,Lance,Stroll,https://www.formula1.com/content/dam/fom-website/drivers/L/LANSTR01_Lance_Stroll/lanstr01.png.transform/1col/image.png,CAN,9,10.0,,,,0 days 00:01:19.340000,Finished,2.0,44.0
2023,Belgian Grand Prix,Race,Yuki Tsunoda,AlphaTauri,10.0,17.873333333333335,28.24066666666667,61.92666666666667,1.5946666666666667,22,Y TSUNODA,TSU,tsunoda,5E8FAA,alphatauri,Yuki,Tsunoda,https://www.formula1.com/content/dam/fom-website/drivers/Y/YUKTSU01_Yuki_Tsunoda/yuktsu01.png.transform/1col/image.png,JPN,10,11.0,,,,0 days 00:01:20.221000,Finished,1.0,44.0
2023,Belgian Grand Prix,Race,Pierre Gasly,Alpine,11.0,17.873333333333335,28.24066666666667,61.92666666666667,1.5946666666666667,10,P GASLY,GAS,gasly,2293D1,alpine,Pierre,Gasly,https://www.formula1.com/content/dam/fom-website/drivers/P/PIEGAS01_Pierre_Gasly/piegas01.png.transform/1col/image.png,FRA,11,12.0,,,,0 days 00:01:23.084000,Finished,0.0,44.0
2023,Belgian Grand Prix,Race,Valtteri Bottas,Alfa Romeo,12.0,17.873333333333335,28.24066666666667,61.92666666666667,1.5946666666666667,77,V BOTTAS,BOT,bottas,C92D4B,alfa,Valtteri,Bottas,https://www.formula1.com/content/dam/fom-website/drivers/V/VALBOT01_Valtteri_Bottas/valbot01.png.transform/1col/image.png,FIN,12,13.0,,,,0 days 00:01:25.191000,Finished,0.0,44.0
2023,Belgian Grand Prix,Race,Guanyu Zhou,Alfa Romeo,13.0,17.873333333333335,28.24066666666667,61.92666666666667,1.5946666666666667,24,G ZHOU,ZHO,zhou,C92D4B,alfa,Guanyu,Zhou,https://www.formula1.com/content/dam/fom-website/drivers/G/GUAZHO01_Guanyu_Zhou/guazho01.png.transform/1col/image.png,CHN,13,17.0,,,,0 days 00:01:35.441000,Finished,0.0,44.0
2023,Belgian Grand Prix,Race,Alexander Albon,Williams,14.0,17.873333333333335,28.24066666666667,61.92666666666667,1.5946666666666667,23,A ALBON,ALB,albon,37BEDD,williams,Alexander,Albon,https://www.formula1.com/content/dam/fom-website/drivers/A/ALEALB01_Alexander_Albon/alealb01.png.transform/1col/image.png,THA,14,15.0,,,,0 days 00:01:36.184000,Finished,0.0,44.0
2023,Belgian Grand Prix,Race,Kevin Magnussen,Haas F1 Team,15.0,17.873333333333335,28.24066666666667,61.92666666666667,1.5946666666666667,20,K MAGNUSSEN,MAG,kevin_magnussen,B6BABD,haas,Kevin,Magnussen,https://www.formula1.com/content/dam/fom-website/drivers/K/KEVMAG01_Kevin_Magnussen/kevmag01.png.transform/1col/image.png,DEN,15,16.0,,,,0 days 00:01:41.754000,Finished,0.0,44.0
2023,Belgian Grand Prix,Race,Daniel Ricciardo,AlphaTauri,16.0,17.873333333333335,28.24066666666667,61.92666666666667,1.5946666666666667,3,D RICCIARDO,RIC,ricciardo,5E8FAA,alphatauri,Daniel,Ricciardo,None,AUS,16,19.0,,,,0 days 00:01:43.071000,Finished,0.0,44.0
2023,Belgian Grand Prix,Race,Logan Sargeant,Williams,17.0,17.873333333333335,28.24066666666667,61.92666666666667,1.5946666666666667,2,L SARGEANT,SAR,sargeant,37BEDD,williams,Logan,Sargeant,https://www.formula1.com/content/dam/fom-website/drivers/L/LOGSAR01_Logan_Sargeant/logsar01.png.transform/1col/image.png,USA,17,18.0,,,,0 days 00:01:44.476000,Finished,0.0,44.0
2023,Belgian Grand Prix,Race,Nico Hulkenberg,Haas F1 Team,18.0,17.873333333333335,28.24066666666667,61.92666666666667,1.5946666666666667,27,N HULKENBERG,HUL,hulkenberg,B6BABD,haas,Nico,Hulkenberg,https://www.formula1.com/content/dam/fom-website/drivers/N/NICHUL01_Nico_Hulkenberg/nichul01.png.transform/1col/image.png,GER,18,20.0,,,,0 days 00:01:50.450000,Finished,0.0,44.0
2023,Belgian Grand Prix,Race,Carlos Sainz,Ferrari,19.0,17.873333333333335,28.24066666666667,61.92666666666667,1.5946666666666667,55,C SAINZ,SAI,sainz,F91536,ferrari,Carlos,Sainz,https://www.formula1.com/content/dam/fom-website/drivers/C/CARSAI01_Carlos_Sainz/carsai01.png.transform/1col/image.png,ESP,R,4.0,,,,,Retired,0.0,23.0
2023,Belgian Grand Prix,Race,Oscar Piastri,McLaren,20.0,17.873333333333335,28.24066666666667,61.92666666666667,1.5946666666666667,81,O PIASTRI,PIA,piastri,F58020,mclaren,Oscar,Piastri,https://www.formula1.com/content/dam/fom-website/drivers/O/OSCPIA01_Oscar_Piastri/oscpia01.png.transform/1col/image.png,AUS,R,5.0,,,,,Retired,0.0,0.0
2023,Belgian Grand Prix,Qualifying,Max Verstappen,Red Bull Racing,1.0,19.25157894736842,23.644210526315778,88.67368421052632,1.0652631578947365,1,M VERSTAPPEN,VER,max_verstappen,3671C6,red_bull,Max,Verstappen,https://www.formula1.com/content/dam/fom-website/drivers/M/MAXVER01_Max_Verstappen/maxver01.png.transform/1col/image.png,NED,,,0 days 00:01:58.515000,0 days 00:01:52.784000,0 days 00:01:46.168000,,,,
2023,Belgian Grand Prix,Qualifying,Charles Leclerc,Ferrari,2.0,19.25157894736842,23.644210526315778,88.67368421052632,1.0652631578947365,16,C LECLERC,LEC,leclerc,F91536,ferrari,Charles,Leclerc,https://www.formula1.com/content/dam/fom-website/drivers/C/CHALEC01_Charles_Leclerc/chalec01.png.transform/1col/image.png,MON,,,0 days 00:01:58.300000,0 days 00:01:52.017000,0 days 00:01:46.988000,,,,
2023,Belgian Grand Prix,Qualifying,Sergio Perez,Red Bull Racing,3.0,19.25157894736842,23.644210526315778,88.67368421052632,1.0652631578947365,11,S PEREZ,PER,perez,3671C6,red_bull,Sergio,Perez,https://www.formula1.com/content/dam/fom-website/drivers/S/SERPER01_Sergio_Perez/serper01.png.transform/1col/image.png,MEX,,,0 days 00:01:58.899000,0 days 00:01:52.353000,0 days 00:01:47.045000,,,,
2023,Belgian Grand Prix,Qualifying,Lewis Hamilton,Mercedes,4.0,19.25157894736842,23.644210526315778,88.67368421052632,1.0652631578947365,44,L HAMILTON,HAM,hamilton,6CD3BF,mercedes,Lewis,Hamilton,https://www.formula1.com/content/dam/fom-website/drivers/L/LEWHAM01_Lewis_Hamilton/lewham01.png.transform/1col/image.png,GBR,,,0 days 00:01:58.563000,0 days 00:01:52.345000,0 days 00:01:47.087000,,,,
2023,Belgian Grand Prix,Qualifying,Carlos Sainz,Ferrari,5.0,19.25157894736842,23.644210526315778,88.67368421052632,1.0652631578947365,55,C SAINZ,SAI,sainz,F91536,ferrari,Carlos,Sainz,https://www.formula1.com/content/dam/fom-website/drivers/C/CARSAI01_Carlos_Sainz/carsai01.png.transform/1col/image.png,ESP,,,0 days 00:01:58.688000,0 days 00:01:51.711000,0 days 00:01:47.152000,,,,
2023,Belgian Grand Prix,Qualifying,Oscar Piastri,McLaren,6.0,19.25157894736842,23.644210526315778,88.67368421052632,1.0652631578947365,81,O PIASTRI,PIA,piastri,F58020,mclaren,Oscar,Piastri,https://www.formula1.com/content/dam/fom-website/drivers/O/OSCPIA01_Oscar_Piastri/oscpia01.png.transform/1col/image.png,AUS,,,0 days 00:01:58.872000,0 days 00:01:51.534000,0 days 00:01:47.365000,,,,
2023,Belgian Grand Prix,Qualifying,Lando Norris,McLaren,7.0,19.25157894736842,23.644210526315778,88.67368421052632,1.0652631578947365,4,L NORRIS,NOR,norris,F58020,mclaren,Lando,Norris,https://www.formula1.com/content/dam/fom-website/drivers/L/LANNOR01_Lando_Norris/lannor01.png.transform/1col/image.png,GBR,,,0 days 00:01:59.981000,0 days 00:01:52.252000,0 days 00:01:47.669000,,,,
2023,Belgian Grand Prix,Qualifying,George Russell,Mercedes,8.0,19.25157894736842,23.644210526315778,88.67368421052632,1.0652631578947365,63,G RUSSELL,RUS,russell,6CD3BF,mercedes,George,Russell,https://www.formula1.com/content/dam/fom-website/drivers/G/GEORUS01_George_Russell/georus01.png.transform/1col/image.png,GBR,,,0 days 00:01:59.035000,0 days 00:01:52.605000,0 days 00:01:47.805000,,,,
2023,Belgian Grand Prix,Qualifying,Fernando Alonso,Aston Martin,9.0,19.25157894736842,23.644210526315778,88.67368421052632,1.0652631578947365,14,F ALONSO,ALO,alonso,358C75,aston_martin,Fernando,Alonso,https://www.formula1.com/content/dam/fom-website/drivers/F/FERALO01_Fernando_Alonso/feralo01.png.transform/1col/image.png,ESP,,,0 days 00:01:58.834000,0 days 00:01:52.751000,0 days 00:01:47.843000,,,,
2023,Belgian Grand Prix,Qualifying,Lance Stroll,Aston Martin,10.0,19.25157894736842,23.644210526315778,88.67368421052632,1.0652631578947365,18,L STROLL,STR,stroll,358C75,aston_martin,Lance,Stroll,https://www.formula1.com/content/dam/fom-website/drivers/L/LANSTR01_Lance_Stroll/lanstr01.png.transform/1col/image.png,CAN,,,0 days 00:01:59.663000,0 days 00:01:52.193000,0 days 00:01:48.841000,,,,
2023,Belgian Grand Prix,Qualifying,Yuki Tsunoda,AlphaTauri,11.0,19.25157894736842,23.644210526315778,88.67368421052632,1.0652631578947365,22,Y TSUNODA,TSU,tsunoda,5E8FAA,alphatauri,Yuki,Tsunoda,https://www.formula1.com/content/dam/fom-website/drivers/Y/YUKTSU01_Yuki_Tsunoda/yuktsu01.png.transform/1col/image.png,JPN,,,0 days 00:01:59.044000,0 days 00:01:53.148000,,,,,
2023,Belgian Grand Prix,Qualifying,Pierre Gasly,Alpine,12.0,19.25157894736842,23.644210526315778,88.67368421052632,1.0652631578947365,10,P GASLY,GAS,gasly,2293D1,alpine,Pierre,Gasly,https://www.formula1.com/content/dam/fom-website/drivers/P/PIEGAS01_Pierre_Gasly/piegas01.png.transform/1col/image.png,FRA,,,0 days 00:01:59.511000,0 days 00:01:53.671000,,,,,
2023,Belgian Grand Prix,Qualifying,Kevin Magnussen,Haas F1 Team,13.0,19.25157894736842,23.644210526315778,88.67368421052632,1.0652631578947365,20,K MAGNUSSEN,MAG,kevin_magnussen,B6BABD,haas,Kevin,Magnussen,https://www.formula1.com/content/dam/fom-website/drivers/K/KEVMAG01_Kevin_Magnussen/kevmag01.png.transform/1col/image.png,DEN,,,0 days 00:02:00.020000,0 days 00:01:54.160000,,,,,
2023,Belgian Grand Prix,Qualifying,Valtteri Bottas,Alfa Romeo,14.0,19.25157894736842,23.644210526315778,88.67368421052632,1.0652631578947365,77,V BOTTAS,BOT,bottas,C92D4B,alfa,Valtteri,Bottas,https://www.formula1.com/content/dam/fom-website/drivers/V/VALBOT01_Valtteri_Bottas/valbot01.png.transform/1col/image.png,FIN,,,0 days 00:01:59.484000,0 days 00:01:54.694000,,,,,
2023,Belgian Grand Prix,Qualifying,Esteban Ocon,Alpine,15.0,19.25157894736842,23.644210526315778,88.67368421052632,1.0652631578947365,31,E OCON,OCO,ocon,2293D1,alpine,Esteban,Ocon,https://www.formula1.com/content/dam/fom-website/drivers/E/ESTOCO01_Esteban_Ocon/estoco01.png.transform/1col/image.png,FRA,,,0 days 00:01:59.634000,0 days 00:01:56.372000,,,,,
2023,Belgian Grand Prix,Qualifying,Alexander Albon,Williams,16.0,19.25157894736842,23.644210526315778,88.67368421052632,1.0652631578947365,23,A ALBON,ALB,albon,37BEDD,williams,Alexander,Albon,https://www.formula1.com/content/dam/fom-website/drivers/A/ALEALB01_Alexander_Albon/alealb01.png.transform/1col/image.png,THA,,,0 days 00:02:00.314000,,,,,,
2023,Belgian Grand Prix,Qualifying,Guanyu Zhou,Alfa Romeo,17.0,19.25157894736842,23.644210526315778,88.67368421052632,1.0652631578947365,24,G ZHOU,ZHO,zhou,C92D4B,alfa,Guanyu,Zhou,https://www.formula1.com/content/dam/fom-website/drivers/G/GUAZHO01_Guanyu_Zhou/guazho01.png.transform/1col/image.png,CHN,,,0 days 00:02:00.832000,,,,,,
2023,Belgian Grand Prix,Qualifying,Logan Sargeant,Williams,18.0,19.25157894736842,23.644210526315778,88.67368421052632,1.0652631578947365,2,L SARGEANT,SAR,sargeant,37BEDD,williams,Logan,Sargeant,https://www.formula1.com/content/dam/fom-website/drivers/L/LOGSAR01_Logan_Sargeant/logsar01.png.transform/1col/image.png,USA,,,0 days 00:02:01.535000,,,,,,
2023,Belgian Grand Prix,Qualifying,Daniel Ricciardo,AlphaTauri,19.0,19.25157894736842,23.644210526315778,88.67368421052632,1.0652631578947365,3,D RICCIARDO,RIC,ricciardo,5E8FAA,alphatauri,Daniel,Ricciardo,None,AUS,,,0 days 00:02:02.159000,,,,,,
2023,Belgian Grand Prix,Qualifying,Nico Hulkenberg,Haas F1 Team,20.0,19.25157894736842,23.644210526315778,88.67368421052632,1.0652631578947365,27,N HULKENBERG,HUL,hulkenberg,B6BABD,haas,Nico,Hulkenberg,https://www.formula1.com/content/dam/fom-website/drivers/N/NICHUL01_Nico_Hulkenberg/nichul01.png.transform/1col/image.png,GER,,,0 days 00:02:03.166000,,,,,,
2023,Belgian Grand Prix,Sprint,Max Verstappen,Red Bull Racing,1.0,19.57833333333333,27.29416666666667,77.00833333333334,1.1324999999999998,1,M VERSTAPPEN,VER,max_verstappen,3671C6,red_bull,Max,Verstappen,https://www.formula1.com/content/dam/fom-website/drivers/M/MAXVER01_Max_Verstappen/maxver01.png.transform/1col/image.png,NED,1,1.0,,,,0 days 00:24:58.433000,Finished,8.0,11.0
2023,Belgian Grand Prix,Sprint,Oscar Piastri,McLaren,2.0,19.57833333333333,27.29416666666667,77.00833333333334,1.1324999999999998,81,O PIASTRI,PIA,piastri,F58020,mclaren,Oscar,Piastri,https://www.formula1.com/content/dam/fom-website/drivers/O/OSCPIA01_Oscar_Piastri/oscpia01.png.transform/1col/image.png,AUS,2,2.0,,,,0 days 00:00:06.677000,Finished,7.0,11.0
2023,Belgian Grand Prix,Sprint,Pierre Gasly,Alpine,3.0,19.57833333333333,27.29416666666667,77.00833333333334,1.1324999999999998,10,P GASLY,GAS,gasly,2293D1,alpine,Pierre,Gasly,https://www.formula1.com/content/dam/fom-website/drivers/P/PIEGAS01_Pierre_Gasly/piegas01.png.transform/1col/image.png,FRA,3,6.0,,,,0 days 00:00:10.733000,Finished,6.0,11.0
2023,Belgian Grand Prix,Sprint,Carlos Sainz,Ferrari,4.0,19.57833333333333,27.29416666666667,77.00833333333334,1.1324999999999998,55,C SAINZ,SAI,sainz,F91536,ferrari,Carlos,Sainz,https://www.formula1.com/content/dam/fom-website/drivers/C/CARSAI01_Carlos_Sainz/carsai01.png.transform/1col/image.png,ESP,4,3.0,,,,0 days 00:00:12.648000,Finished,5.0,11.0
2023,Belgian Grand Prix,Sprint,Charles Leclerc,Ferrari,5.0,19.57833333333333,27.29416666666667,77.00833333333334,1.1324999999999998,16,C LECLERC,LEC,leclerc,F91536,ferrari,Charles,Leclerc,https://www.formula1.com/content/dam/fom-website/drivers/C/CHALEC01_Charles_Leclerc/chalec01.png.transform/1col/image.png,MON,5,4.0,,,,0 days 00:00:15.016000,Finished,4.0,11.0
2023,Belgian Grand Prix,Sprint,Lando Norris,McLaren,6.0,19.57833333333333,27.29416666666667,77.00833333333334,1.1324999999999998,4,L NORRIS,NOR,norris,F58020,mclaren,Lando,Norris,https://www.formula1.com/content/dam/fom-website/drivers/L/LANNOR01_Lando_Norris/lannor01.png.transform/1col/image.png,GBR,6,5.0,,,,0 days 00:00:16.052000,Finished,3.0,11.0
2023,Belgian Grand Prix,Sprint,Lewis Hamilton,Mercedes,7.0,19.57833333333333,27.29416666666667,77.00833333333334,1.1324999999999998,44,L HAMILTON,HAM,hamilton,6CD3BF,mercedes,Lewis,Hamilton,https://www.formula1.com/content/dam/fom-website/drivers/L/LEWHAM01_Lewis_Hamilton/lewham01.png.transform/1col/image.png,GBR,7,7.0,,,,0 days 00:00:16.757000,Finished,2.0,11.0
2023,Belgian Grand Prix,Sprint,George Russell,Mercedes,8.0,19.57833333333333,27.29416666666667,77.00833333333334,1.1324999999999998,63,G RUSSELL,RUS,russell,6CD3BF,mercedes,George,Russell,https://www.formula1.com/content/dam/fom-website/drivers/G/GEORUS01_George_Russell/georus01.png.transform/1col/image.png,GBR,8,10.0,,,,0 days 00:00:16.822000,Finished,1.0,11.0
2023,Belgian Grand Prix,Sprint,Esteban Ocon,Alpine,9.0,19.57833333333333,27.29416666666667,77.00833333333334,1.1324999999999998,31,E OCON,OCO,ocon,2293D1,alpine,Esteban,Ocon,https://www.formula1.com/content/dam/fom-website/drivers/E/ESTOCO01_Esteban_Ocon/estoco01.png.transform/1col/image.png,FRA,9,9.0,,,,0 days 00:00:22.410000,Finished,0.0,11.0
2023,Belgian Grand Prix,Sprint,Daniel Ricciardo,AlphaTauri,10.0,19.57833333333333,27.29416666666667,77.00833333333334,1.1324999999999998,3,D RICCIARDO,RIC,ricciardo,5E8FAA,alphatauri,Daniel,Ricciardo,None,AUS,10,11.0,,,,0 days 00:00:22.806000,Finished,0.0,11.0
2023,Belgian Grand Prix,Sprint,Lance Stroll,Aston Martin,11.0,19.57833333333333,27.29416666666667,77.00833333333334,1.1324999999999998,18,L STROLL,STR,stroll,358C75,aston_martin,Lance,Stroll,https://www.formula1.com/content/dam/fom-website/drivers/L/LANSTR01_Lance_Stroll/lanstr01.png.transform/1col/image.png,CAN,11,14.0,,,,0 days 00:00:25.007000,Finished,0.0,11.0
2023,Belgian Grand Prix,Sprint,Alexander Albon,Williams,12.0,19.57833333333333,27.29416666666667,77.00833333333334,1.1324999999999998,23,A ALBON,ALB,albon,37BEDD,williams,Alexander,Albon,https://www.formula1.com/content/dam/fom-website/drivers/A/ALEALB01_Alexander_Albon/alealb01.png.transform/1col/image.png,THA,12,12.0,,,,0 days 00:00:26.303000,Finished,0.0,11.0
2023,Belgian Grand Prix,Sprint,Valtteri Bottas,Alfa Romeo,13.0,19.57833333333333,27.29416666666667,77.00833333333334,1.1324999999999998,77,V BOTTAS,BOT,bottas,C92D4B,alfa,Valtteri,Bottas,https://www.formula1.com/content/dam/fom-website/drivers/V/VALBOT01_Valtteri_Bottas/valbot01.png.transform/1col/image.png,FIN,13,17.0,,,,0 days 00:00:27.006000,Finished,0.0,11.0
2023,Belgian Grand Prix,Sprint,Kevin Magnussen,Haas F1 Team,14.0,19.57833333333333,27.29416666666667,77.00833333333334,1.1324999999999998,20,K MAGNUSSEN,MAG,kevin_magnussen,B6BABD,haas,Kevin,Magnussen,https://www.formula1.com/content/dam/fom-website/drivers/K/KEVMAG01_Kevin_Magnussen/kevmag01.png.transform/1col/image.png,DEN,14,18.0,,,,0 days 00:00:32.986000,Finished,0.0,11.0
2023,Belgian Grand Prix,Sprint,Guanyu Zhou,Alfa Romeo,15.0,19.57833333333333,27.29416666666667,77.00833333333334,1.1324999999999998,24,G ZHOU,ZHO,zhou,C92D4B,alfa,Guanyu,Zhou,https://www.formula1.com/content/dam/fom-website/drivers/G/GUAZHO01_Guanyu_Zhou/guazho01.png.transform/1col/image.png,CHN,15,19.0,,,,0 days 00:00:36.342000,Finished,0.0,11.0
2023,Belgian Grand Prix,Sprint,Logan Sargeant,Williams,16.0,19.57833333333333,27.29416666666667,77.00833333333334,1.1324999999999998,2,L SARGEANT,SAR,sargeant,37BEDD,williams,Logan,Sargeant,https://www.formula1.com/content/dam/fom-website/drivers/L/LOGSAR01_Logan_Sargeant/logsar01.png.transform/1col/image.png,USA,16,13.0,,,,0 days 00:00:37.571000,Finished,0.0,11.0
2023,Belgian Grand Prix,Sprint,Nico Hulkenberg,Haas F1 Team,17.0,19.57833333333333,27.29416666666667,77.00833333333334,1.1324999999999998,27,N HULKENBERG,HUL,hulkenberg,B6BABD,haas,Nico,Hulkenberg,https://www.formula1.com/content/dam/fom-website/drivers/N/NICHUL01_Nico_Hulkenberg/nichul01.png.transform/1col/image.png,GER,17,20.0,,,,0 days 00:00:37.827000,Finished,0.0,11.0
2023,Belgian Grand Prix,Sprint,Yuki Tsunoda,AlphaTauri,18.0,19.57833333333333,27.29416666666667,77.00833333333334,1.1324999999999998,22,Y TSUNODA,TSU,tsunoda,5E8FAA,alphatauri,Yuki,Tsunoda,https://www.formula1.com/content/dam/fom-website/drivers/Y/YUKTSU01_Yuki_Tsunoda/yuktsu01.png.transform/1col/image.png,JPN,18,16.0,,,,0 days 00:00:39.267000,Finished,0.0,11.0
2023,Belgian Grand Prix,Sprint,Sergio Perez,Red Bull Racing,19.0,19.57833333333333,27.29416666666667,77.00833333333334,1.1324999999999998,11,S PEREZ,PER,perez,3671C6,red_bull,Sergio,Perez,https://www.formula1.com/content/dam/fom-website/drivers/S/SERPER01_Sergio_Perez/serper01.png.transform/1col/image.png,MEX,R,8.0,,,,,Collision damage,0.0,8.0
2023,Belgian Grand Prix,Sprint,Fernando Alonso,Aston Martin,20.0,19.57833333333333,27.29416666666667,77.00833333333334,1.1324999999999998,14,F ALONSO,ALO,alonso,358C75,aston_martin,Fernando,Alonso,https://www.formula1.com/content/dam/fom-website/drivers/F/FERALO01_Fernando_Alonso/feralo01.png.transform/1col/image.png,ESP,R,15.0,,,,,Accident,0.0,2.0
2023,Belgian Grand Prix,Practice 1,Max Verstappen,Red Bull Racing,,17.986363636363638,22.075,93.88636363636364,1.1670454545454545,1,M VERSTAPPEN,VER,max_verstappen,3671C6,red_bull,Max,Verstappen,https://www.formula1.com/content/dam/fom-website/drivers/M/MAXVER01_Max_Verstappen/maxver01.png.transform/1col/image.png,NED,,,,,,,,,
2023,Belgian Grand Prix,Practice 1,Logan Sargeant,Williams,,17.986363636363638,22.075,93.88636363636364,1.1670454545454545,2,L SARGEANT,SAR,sargeant,37BEDD,williams,Logan,Sargeant,https://www.formula1.com/content/dam/fom-website/drivers/L/LOGSAR01_Logan_Sargeant/logsar01.png.transform/1col/image.png,USA,,,,,,,,,
2023,Belgian Grand Prix,Practice 1,Daniel Ricciardo,AlphaTauri,,17.986363636363638,22.075,93.88636363636364,1.1670454545454545,3,D RICCIARDO,RIC,ricciardo,5E8FAA,alphatauri,Daniel,Ricciardo,None,AUS,,,,,,,,,
2023,Belgian Grand Prix,Practice 1,Lando Norris,McLaren,,17.986363636363638,22.075,93.88636363636364,1.1670454545454545,4,L NORRIS,NOR,norris,F58020,mclaren,Lando,Norris,https://www.formula1.com/content/dam/fom-website/drivers/L/LANNOR01_Lando_Norris/lannor01.png.transform/1col/image.png,GBR,,,,,,,,,
2023,Belgian Grand Prix,Practice 1,Pierre Gasly,Alpine,,17.986363636363638,22.075,93.88636363636364,1.1670454545454545,10,P GASLY,GAS,gasly,2293D1,alpine,Pierre,Gasly,https://www.formula1.com/content/dam/fom-website/drivers/P/PIEGAS01_Pierre_Gasly/piegas01.png.transform/1col/image.png,FRA,,,,,,,,,
2023,Belgian Grand Prix,Practice 1,Sergio Perez,Red Bull Racing,,17.986363636363638,22.075,93.88636363636364,1.1670454545454545,11,S PEREZ,PER,perez,3671C6,red_bull,Sergio,Perez,https://www.formula1.com/content/dam/fom-website/drivers/S/SERPER01_Sergio_Perez/serper01.png.transform/1col/image.png,MEX,,,,,,,,,
2023,Belgian Grand Prix,Practice 1,Fernando Alonso,Aston Martin,,17.986363636363638,22.075,93.88636363636364,1.1670454545454545,14,F ALONSO,ALO,alonso,358C75,aston_martin,Fernando,Alonso,https://www.formula1.com/content/dam/fom-website/drivers/F/FERALO01_Fernando_Alonso/feralo01.png.transform/1col/image.png,ESP,,,,,,,,,
2023,Belgian Grand Prix,Practice 1,Charles Leclerc,Ferrari,,17.986363636363638,22.075,93.88636363636364,1.1670454545454545,16,C LECLERC,LEC,leclerc,F91536,ferrari,Charles,Leclerc,https://www.formula1.com/content/dam/fom-website/drivers/C/CHALEC01_Charles_Leclerc/chalec01.png.transform/1col/image.png,MON,,,,,,,,,
2023,Belgian Grand Prix,Practice 1,Lance Stroll,Aston Martin,,17.986363636363638,22.075,93.88636363636364,1.1670454545454545,18,L STROLL,STR,stroll,358C75,aston_martin,Lance,Stroll,https://www.formula1.com/content/dam/fom-website/drivers/L/LANSTR01_Lance_Stroll/lanstr01.png.transform/1col/image.png,CAN,,,,,,,,,
2023,Belgian Grand Prix,Practice 1,Kevin Magnussen,Haas F1 Team,,17.986363636363638,22.075,93.88636363636364,1.1670454545454545,20,K MAGNUSSEN,MAG,kevin_magnussen,B6BABD,haas,Kevin,Magnussen,https://www.formula1.com/content/dam/fom-website/drivers/K/KEVMAG01_Kevin_Magnussen/kevmag01.png.transform/1col/image.png,DEN,,,,,,,,,
2023,Belgian Grand Prix,Practice 1,Yuki Tsunoda,AlphaTauri,,17.986363636363638,22.075,93.88636363636364,1.1670454545454545,22,Y TSUNODA,TSU,tsunoda,5E8FAA,alphatauri,Yuki,Tsunoda,https://www.formula1.com/content/dam/fom-website/drivers/Y/YUKTSU01_Yuki_Tsunoda/yuktsu01.png.transform/1col/image.png,JPN,,,,,,,,,
2023,Belgian Grand Prix,Practice 1,Alexander Albon,Williams,,17.986363636363638,22.075,93.88636363636364,1.1670454545454545,23,A ALBON,ALB,albon,37BEDD,williams,Alexander,Albon,https://www.formula1.com/content/dam/fom-website/drivers/A/ALEALB01_Alexander_Albon/alealb01.png.transform/1col/image.png,THA,,,,,,,,,
2023,Belgian Grand Prix,Practice 1,Guanyu Zhou,Alfa Romeo,,17.986363636363638,22.075,93.88636363636364,1.1670454545454545,24,G ZHOU,ZHO,zhou,C92D4B,alfa,Guanyu,Zhou,https://www.formula1.com/content/dam/fom-website/drivers/G/GUAZHO01_Guanyu_Zhou/guazho01.png.transform/1col/image.png,CHN,,,,,,,,,
2023,Belgian Grand Prix,Practice 1,Nico Hulkenberg,Haas F1 Team,,17.986363636363638,22.075,93.88636363636364,1.1670454545454545,27,N HULKENBERG,HUL,hulkenberg,B6BABD,haas,Nico,Hulkenberg,https://www.formula1.com/content/dam/fom-website/drivers/N/NICHUL01_Nico_Hulkenberg/nichul01.png.transform/1col/image.png,GER,,,,,,,,,
2023,Belgian Grand Prix,Practice 1,Esteban Ocon,Alpine,,17.986363636363638,22.075,93.88636363636364,1.1670454545454545,31,E OCON,OCO,ocon,2293D1,alpine,Esteban,Ocon,https://www.formula1.com/content/dam/fom-website/drivers/E/ESTOCO01_Esteban_Ocon/estoco01.png.transform/1col/image.png,FRA,,,,,,,,,
2023,Belgian Grand Prix,Practice 1,Lewis Hamilton,Mercedes,,17.986363636363638,22.075,93.88636363636364,1.1670454545454545,44,L HAMILTON,HAM,hamilton,6CD3BF,mercedes,Lewis,Hamilton,https://www.formula1.com/content/dam/fom-website/drivers/L/LEWHAM01_Lewis_Hamilton/lewham01.png.transform/1col/image.png,GBR,,,,,,,,,
2023,Belgian Grand Prix,Practice 1,Carlos Sainz,Ferrari,,17.986363636363638,22.075,93.88636363636364,1.1670454545454545,55,C SAINZ,SAI,sainz,F91536,ferrari,Carlos,Sainz,https://www.formula1.com/content/dam/fom-website/drivers/C/CARSAI01_Carlos_Sainz/carsai01.png.transform/1col/image.png,ESP,,,,,,,,,
2023,Belgian Grand Prix,Practice 1,George Russell,Mercedes,,17.986363636363638,22.075,93.88636363636364,1.1670454545454545,63,G RUSSELL,RUS,russell,6CD3BF,mercedes,George,Russell,https://www.formula1.com/content/dam/fom-website/drivers/G/GEORUS01_George_Russell/georus01.png.transform/1col/image.png,GBR,,,,,,,,,
2023,Belgian Grand Prix,Practice 1,Valtteri Bottas,Alfa Romeo,,17.986363636363638,22.075,93.88636363636364,1.1670454545454545,77,V BOTTAS,BOT,bottas,C92D4B,alfa,Valtteri,Bottas,https://www.formula1.com/content/dam/fom-website/drivers/V/VALBOT01_Valtteri_Bottas/valbot01.png.transform/1col/image.png,FIN,,,,,,,,,
2023,Belgian Grand Prix,Practice 1,Oscar Piastri,McLaren,,17.986363636363638,22.075,93.88636363636364,1.1670454545454545,81,O PIASTRI,PIA,piastri,F58020,mclaren,Oscar,Piastri,https://www.formula1.com/content/dam/fom-website/drivers/O/OSCPIA01_Oscar_Piastri/oscpia01.png.transform/1col/image.png,AUS,,,,,,,,,
2023,Dutch Grand Prix,Race,Max Verstappen,Red Bull Racing,1.0,16.791866028708135,24.94114832535885,70.77511961722487,2.8215311004784693,1,M VERSTAPPEN,VER,max_verstappen,3671C6,red_bull,Max,Verstappen,https://www.formula1.com/content/dam/fom-website/drivers/M/MAXVER01_Max_Verstappen/maxver01.png.transform/1col/image.png,NED,1,1.0,,,,0 days 02:24:04.411000,Finished,25.0,72.0
2023,Dutch Grand Prix,Race,Fernando Alonso,Aston Martin,2.0,16.791866028708135,24.94114832535885,70.77511961722487,2.8215311004784693,14,F ALONSO,ALO,alonso,358C75,aston_martin,Fernando,Alonso,https://www.formula1.com/content/dam/fom-website/drivers/F/FERALO01_Fernando_Alonso/feralo01.png.transform/1col/image.png,ESP,2,5.0,,,,0 days 00:00:03.744000,Finished,19.0,72.0
2023,Dutch Grand Prix,Race,Pierre Gasly,Alpine,3.0,16.791866028708135,24.94114832535885,70.77511961722487,2.8215311004784693,10,P GASLY,GAS,gasly,2293D1,alpine,Pierre,Gasly,https://www.formula1.com/content/dam/fom-website/drivers/P/PIEGAS01_Pierre_Gasly/piegas01.png.transform/1col/image.png,FRA,3,12.0,,,,0 days 00:00:07.058000,Finished,15.0,72.0
2023,Dutch Grand Prix,Race,Sergio Perez,Red Bull Racing,4.0,16.791866028708135,24.94114832535885,70.77511961722487,2.8215311004784693,11,S PEREZ,PER,perez,3671C6,red_bull,Sergio,Perez,https://www.formula1.com/content/dam/fom-website/drivers/S/SERPER01_Sergio_Perez/serper01.png.transform/1col/image.png,MEX,4,7.0,,,,0 days 00:00:10.068000,Finished,12.0,72.0
2023,Dutch Grand Prix,Race,Carlos Sainz,Ferrari,5.0,16.791866028708135,24.94114832535885,70.77511961722487,2.8215311004784693,55,C SAINZ,SAI,sainz,F91536,ferrari,Carlos,Sainz,https://www.formula1.com/content/dam/fom-website/drivers/C/CARSAI01_Carlos_Sainz/carsai01.png.transform/1col/image.png,ESP,5,6.0,,,,0 days 00:00:12.541000,Finished,10.0,72.0
2023,Dutch Grand Prix,Race,Lewis Hamilton,Mercedes,6.0,16.791866028708135,24.94114832535885,70.77511961722487,2.8215311004784693,44,L HAMILTON,HAM,hamilton,6CD3BF,mercedes,Lewis,Hamilton,https://www.formula1.com/content/dam/fom-website/drivers/L/LEWHAM01_Lewis_Hamilton/lewham01.png.transform/1col/image.png,GBR,6,13.0,,,,0 days 00:00:13.209000,Finished,8.0,72.0
2023,Dutch Grand Prix,Race,Lando Norris,McLaren,7.0,16.791866028708135,24.94114832535885,70.77511961722487,2.8215311004784693,4,L NORRIS,NOR,norris,F58020,mclaren,Lando,Norris,https://www.formula1.com/content/dam/fom-website/drivers/L/LANNOR01_Lando_Norris/lannor01.png.transform/1col/image.png,GBR,7,2.0,,,,0 days 00:00:13.232000,Finished,6.0,72.0
2023,Dutch Grand Prix,Race,Alexander Albon,Williams,8.0,16.791866028708135,24.94114832535885,70.77511961722487,2.8215311004784693,23,A ALBON,ALB,albon,37BEDD,williams,Alexander,Albon,https://www.formula1.com/content/dam/fom-website/drivers/A/ALEALB01_Alexander_Albon/alealb01.png.transform/1col/image.png,THA,8,4.0,,,,0 days 00:00:15.155000,Finished,4.0,72.0
2023,Dutch Grand Prix,Race,Oscar Piastri,McLaren,9.0,16.791866028708135,24.94114832535885,70.77511961722487,2.8215311004784693,81,O PIASTRI,PIA,piastri,F58020,mclaren,Oscar,Piastri,https://www.formula1.com/content/dam/fom-website/drivers/O/OSCPIA01_Oscar_Piastri/oscpia01.png.transform/1col/image.png,AUS,9,8.0,,,,0 days 00:00:16.580000,Finished,2.0,72.0
2023,Dutch Grand Prix,Race,Esteban Ocon,Alpine,10.0,16.791866028708135,24.94114832535885,70.77511961722487,2.8215311004784693,31,E OCON,OCO,ocon,2293D1,alpine,Esteban,Ocon,https://www.formula1.com/content/dam/fom-website/drivers/E/ESTOCO01_Esteban_Ocon/estoco01.png.transform/1col/image.png,FRA,10,16.0,,,,0 days 00:00:18.346000,Finished,1.0,72.0
2023,Dutch Grand Prix,Race,Lance Stroll,Aston Martin,11.0,16.791866028708135,24.94114832535885,70.77511961722487,2.8215311004784693,18,L STROLL,STR,stroll,358C75,aston_martin,Lance,Stroll,https://www.formula1.com/content/dam/fom-website/drivers/L/LANSTR01_Lance_Stroll/lanstr01.png.transform/1col/image.png,CAN,11,11.0,,,,0 days 00:00:20.087000,Finished,0.0,72.0
2023,Dutch Grand Prix,Race,Nico Hulkenberg,Haas F1 Team,12.0,16.791866028708135,24.94114832535885,70.77511961722487,2.8215311004784693,27,N HULKENBERG,HUL,hulkenberg,B6BABD,haas,Nico,Hulkenberg,https://www.formula1.com/content/dam/fom-website/drivers/N/NICHUL01_Nico_Hulkenberg/nichul01.png.transform/1col/image.png,GER,12,14.0,,,,0 days 00:00:20.840000,Finished,0.0,72.0
2023,Dutch Grand Prix,Race,Liam Lawson,AlphaTauri,13.0,16.791866028708135,24.94114832535885,70.77511961722487,2.8215311004784693,40,L LAWSON,LAW,lawson,5E8FAA,alphatauri,Liam,Lawson,None,NZL,13,19.0,,,,0 days 00:00:26.147000,Finished,0.0,72.0
2023,Dutch Grand Prix,Race,Valtteri Bottas,Alfa Romeo,14.0,16.791866028708135,24.94114832535885,70.77511961722487,2.8215311004784693,77,V BOTTAS,BOT,bottas,C92D4B,alfa,Valtteri,Bottas,https://www.formula1.com/content/dam/fom-website/drivers/V/VALBOT01_Valtteri_Bottas/valbot01.png.transform/1col/image.png,FIN,14,18.0,,,,0 days 00:00:27.388000,Finished,0.0,72.0
2023,Dutch Grand Prix,Race,Yuki Tsunoda,AlphaTauri,15.0,16.791866028708135,24.94114832535885,70.77511961722487,2.8215311004784693,22,Y TSUNODA,TSU,tsunoda,5E8FAA,alphatauri,Yuki,Tsunoda,https://www.formula1.com/content/dam/fom-website/drivers/Y/YUKTSU01_Yuki_Tsunoda/yuktsu01.png.transform/1col/image.png,JPN,15,17.0,,,,0 days 00:00:29.893000,Finished,0.0,72.0
2023,Dutch Grand Prix,Race,Kevin Magnussen,Haas F1 Team,16.0,16.791866028708135,24.94114832535885,70.77511961722487,2.8215311004784693,20,K MAGNUSSEN,MAG,kevin_magnussen,B6BABD,haas,Kevin,Magnussen,https://www.formula1.com/content/dam/fom-website/drivers/K/KEVMAG01_Kevin_Magnussen/kevmag01.png.transform/1col/image.png,DEN,16,0.0,,,,0 days 00:00:31.410000,Finished,0.0,72.0
2023,Dutch Grand Prix,Race,George Russell,Mercedes,17.0,16.791866028708135,24.94114832535885,70.77511961722487,2.8215311004784693,63,G RUSSELL,RUS,russell,6CD3BF,mercedes,George,Russell,https://www.formula1.com/content/dam/fom-website/drivers/G/GEORUS01_George_Russell/georus01.png.transform/1col/image.png,GBR,17,3.0,,,,0 days 00:00:55.754000,Finished,0.0,72.0
2023,Dutch Grand Prix,Race,Guanyu Zhou,Alfa Romeo,18.0,16.791866028708135,24.94114832535885,70.77511961722487,2.8215311004784693,24,G ZHOU,ZHO,zhou,C92D4B,alfa,Guanyu,Zhou,https://www.formula1.com/content/dam/fom-website/drivers/G/GUAZHO01_Guanyu_Zhou/guazho01.png.transform/1col/image.png,CHN,R,15.0,,,,,Accident,0.0,62.0
2023,Dutch Grand Prix,Race,Charles Leclerc,Ferrari,19.0,16.791866028708135,24.94114832535885,70.77511961722487,2.8215311004784693,16,C LECLERC,LEC,leclerc,F91536,ferrari,Charles,Leclerc,https://www.formula1.com/content/dam/fom-website/drivers/C/CHALEC01_Charles_Leclerc/chalec01.png.transform/1col/image.png,MON,R,9.0,,,,,Undertray,0.0,41.0
2023,Dutch Grand Prix,Race,Logan Sargeant,Williams,20.0,16.791866028708135,24.94114832535885,70.77511961722487,2.8215311004784693,2,L SARGEANT,SAR,sargeant,37BEDD,williams,Logan,Sargeant,https://www.formula1.com/content/dam/fom-website/drivers/L/LOGSAR01_Logan_Sargeant/logsar01.png.transform/1col/image.png,USA,R,10.0,,,,,Accident,0.0,14.0
2023,Dutch Grand Prix,Qualifying,Max Verstappen,Red Bull Racing,1.0,17.963,22.432,77.91,2.303,1,M VERSTAPPEN,VER,max_verstappen,3671C6,red_bull,Max,Verstappen,https://www.formula1.com/content/dam/fom-website/drivers/M/MAXVER01_Max_Verstappen/maxver01.png.transform/1col/image.png,NED,,,0 days 00:01:20.965000,0 days 00:01:18.856000,0 days 00:01:10.567000,,,,
2023,Dutch Grand Prix,Qualifying,Lando Norris,McLaren,2.0,17.963,22.432,77.91,2.303,4,L NORRIS,NOR,norris,F58020,mclaren,Lando,Norris,https://www.formula1.com/content/dam/fom-website/drivers/L/LANNOR01_Lando_Norris/lannor01.png.transform/1col/image.png,GBR,,,0 days 00:01:21.276000,0 days 00:01:19.769000,0 days 00:01:11.104000,,,,
2023,Dutch Grand Prix,Qualifying,George Russell,Mercedes,3.0,17.963,22.432,77.91,2.303,63,G RUSSELL,RUS,russell,6CD3BF,mercedes,George,Russell,https://www.formula1.com/content/dam/fom-website/drivers/G/GEORUS01_George_Russell/georus01.png.transform/1col/image.png,GBR,,,0 days 00:01:21.345000,0 days 00:01:19.620000,0 days 00:01:11.294000,,,,
2023,Dutch Grand Prix,Qualifying,Alexander Albon,Williams,4.0,17.963,22.432,77.91,2.303,23,A ALBON,ALB,albon,37BEDD,williams,Alexander,Albon,https://www.formula1.com/content/dam/fom-website/drivers/A/ALEALB01_Alexander_Albon/alealb01.png.transform/1col/image.png,THA,,,0 days 00:01:20.939000,0 days 00:01:19.399000,0 days 00:01:11.419000,,,,
2023,Dutch Grand Prix,Qualifying,Fernando Alonso,Aston Martin,5.0,17.963,22.432,77.91,2.303,14,F ALONSO,ALO,alonso,358C75,aston_martin,Fernando,Alonso,https://www.formula1.com/content/dam/fom-website/drivers/F/FERALO01_Fernando_Alonso/feralo01.png.transform/1col/image.png,ESP,,,0 days 00:01:21.840000,0 days 00:01:19.429000,0 days 00:01:11.506000,,,,
2023,Dutch Grand Prix,Qualifying,Carlos Sainz,Ferrari,6.0,17.963,22.432,77.91,2.303,55,C SAINZ,SAI,sainz,F91536,ferrari,Carlos,Sainz,https://www.formula1.com/content/dam/fom-website/drivers/C/CARSAI01_Carlos_Sainz/carsai01.png.transform/1col/image.png,ESP,,,0 days 00:01:21.321000,0 days 00:01:19.929000,0 days 00:01:11.754000,,,,
2023,Dutch Grand Prix,Qualifying,Sergio Perez,Red Bull Racing,7.0,17.963,22.432,77.91,2.303,11,S PEREZ,PER,perez,3671C6,red_bull,Sergio,Perez,https://www.formula1.com/content/dam/fom-website/drivers/S/SERPER01_Sergio_Perez/serper01.png.transform/1col/image.png,MEX,,,0 days 00:01:21.972000,0 days 00:01:19.856000,0 days 00:01:11.880000,,,,
2023,Dutch Grand Prix,Qualifying,Oscar Piastri,McLaren,8.0,17.963,22.432,77.91,2.303,81,O PIASTRI,PIA,piastri,F58020,mclaren,Oscar,Piastri,https://www.formula1.com/content/dam/fom-website/drivers/O/OSCPIA01_Oscar_Piastri/oscpia01.png.transform/1col/image.png,AUS,,,0 days 00:01:21.231000,0 days 00:01:19.392000,0 days 00:01:11.938000,,,,
2023,Dutch Grand Prix,Qualifying,Charles Leclerc,Ferrari,9.0,17.963,22.432,77.91,2.303,16,C LECLERC,LEC,leclerc,F91536,ferrari,Charles,Leclerc,https://www.formula1.com/content/dam/fom-website/drivers/C/CHALEC01_Charles_Leclerc/chalec01.png.transform/1col/image.png,MON,,,0 days 00:01:22.019000,0 days 00:01:19.600000,0 days 00:01:12.665000,,,,
2023,Dutch Grand Prix,Qualifying,Logan Sargeant,Williams,10.0,17.963,22.432,77.91,2.303,2,L SARGEANT,SAR,sargeant,37BEDD,williams,Logan,Sargeant,https://www.formula1.com/content/dam/fom-website/drivers/L/LOGSAR01_Logan_Sargeant/logsar01.png.transform/1col/image.png,USA,,,0 days 00:01:22.036000,0 days 00:01:20.067000,0 days 00:01:16.748000,,,,
2023,Dutch Grand Prix,Qualifying,Lance Stroll,Aston Martin,11.0,17.963,22.432,77.91,2.303,18,L STROLL,STR,stroll,358C75,aston_martin,Lance,Stroll,https://www.formula1.com/content/dam/fom-website/drivers/L/LANSTR01_Lance_Stroll/lanstr01.png.transform/1col/image.png,CAN,,,0 days 00:01:21.570000,0 days 00:01:20.121000,,,,,
2023,Dutch Grand Prix,Qualifying,Pierre Gasly,Alpine,12.0,17.963,22.432,77.91,2.303,10,P GASLY,GAS,gasly,2293D1,alpine,Pierre,Gasly,https://www.formula1.com/content/dam/fom-website/drivers/P/PIEGAS01_Pierre_Gasly/piegas01.png.transform/1col/image.png,FRA,,,0 days 00:01:21.735000,0 days 00:01:20.128000,,,,,
2023,Dutch Grand Prix,Qualifying,Lewis Hamilton,Mercedes,13.0,17.963,22.432,77.91,2.303,44,L HAMILTON,HAM,hamilton,6CD3BF,mercedes,Lewis,Hamilton,https://www.formula1.com/content/dam/fom-website/drivers/L/LEWHAM01_Lewis_Hamilton/lewham01.png.transform/1col/image.png,GBR,,,0 days 00:01:21.919000,0 days 00:01:20.151000,,,,,
2023,Dutch Grand Prix,Qualifying,Yuki Tsunoda,AlphaTauri,14.0,17.963,22.432,77.91,2.303,22,Y TSUNODA,TSU,tsunoda,5E8FAA,alphatauri,Yuki,Tsunoda,https://www.formula1.com/content/dam/fom-website/drivers/Y/YUKTSU01_Yuki_Tsunoda/yuktsu01.png.transform/1col/image.png,JPN,,,0 days 00:01:21.781000,0 days 00:01:20.230000,,,,,
2023,Dutch Grand Prix,Qualifying,Nico Hulkenberg,Haas F1 Team,15.0,17.963,22.432,77.91,2.303,27,N HULKENBERG,HUL,hulkenberg,B6BABD,haas,Nico,Hulkenberg,https://www.formula1.com/content/dam/fom-website/drivers/N/NICHUL01_Nico_Hulkenberg/nichul01.png.transform/1col/image.png,GER,,,0 days 00:01:21.891000,0 days 00:01:20.250000,,,,,
2023,Dutch Grand Prix,Qualifying,Guanyu Zhou,Alfa Romeo,16.0,17.963,22.432,77.91,2.303,24,G ZHOU,ZHO,zhou,C92D4B,alfa,Guanyu,Zhou,https://www.formula1.com/content/dam/fom-website/drivers/G/GUAZHO01_Guanyu_Zhou/guazho01.png.transform/1col/image.png,CHN,,,0 days 00:01:22.067000,,,,,,
2023,Dutch Grand Prix,Qualifying,Esteban Ocon,Alpine,17.0,17.963,22.432,77.91,2.303,31,E OCON,OCO,ocon,2293D1,alpine,Esteban,Ocon,https://www.formula1.com/content/dam/fom-website/drivers/E/ESTOCO01_Esteban_Ocon/estoco01.png.transform/1col/image.png,FRA,,,0 days 00:01:22.110000,,,,,,
2023,Dutch Grand Prix,Qualifying,Kevin Magnussen,Haas F1 Team,18.0,17.963,22.432,77.91,2.303,20,K MAGNUSSEN,MAG,kevin_magnussen,B6BABD,haas,Kevin,Magnussen,https://www.formula1.com/content/dam/fom-website/drivers/K/KEVMAG01_Kevin_Magnussen/kevmag01.png.transform/1col/image.png,DEN,,,0 days 00:01:22.192000,,,,,,
2023,Dutch Grand Prix,Qualifying,Valtteri Bottas,Alfa Romeo,19.0,17.963,22.432,77.91,2.303,77,V BOTTAS,BOT,bottas,C92D4B,alfa,Valtteri,Bottas,https://www.formula1.com/content/dam/fom-website/drivers/V/VALBOT01_Valtteri_Bottas/valbot01.png.transform/1col/image.png,FIN,,,0 days 00:01:22.260000,,,,,,
2023,Dutch Grand Prix,Qualifying,Liam Lawson,AlphaTauri,20.0,17.963,22.432,77.91,2.303,40,L LAWSON,LAW,lawson,5E8FAA,alphatauri,Liam,Lawson,None,NZL,,,0 days 00:01:23.420000,,,,,,
2023,Dutch Grand Prix,Practice 1,Max Verstappen,Red Bull Racing,,20.858024691358025,33.68888888888888,77.08641975308642,1.8222222222222224,1,M VERSTAPPEN,VER,max_verstappen,3671C6,red_bull,Max,Verstappen,https://www.formula1.com/content/dam/fom-website/drivers/M/MAXVER01_Max_Verstappen/maxver01.png.transform/1col/image.png,NED,,,,,,,,,
2023,Dutch Grand Prix,Practice 1,Logan Sargeant,Williams,,20.858024691358025,33.68888888888888,77.08641975308642,1.8222222222222224,2,L SARGEANT,SAR,sargeant,37BEDD,williams,Logan,Sargeant,https://www.formula1.com/content/dam/fom-website/drivers/L/LOGSAR01_Logan_Sargeant/logsar01.png.transform/1col/image.png,USA,,,,,,,,,
2023,Dutch Grand Prix,Practice 1,Daniel Ricciardo,AlphaTauri,,20.858024691358025,33.68888888888888,77.08641975308642,1.8222222222222224,3,D RICCIARDO,RIC,nan,5E8FAA,nan,Daniel,Ricciardo,None,AUS,,,,,,,,,
2023,Dutch Grand Prix,Practice 1,Lando Norris,McLaren,,20.858024691358025,33.68888888888888,77.08641975308642,1.8222222222222224,4,L NORRIS,NOR,norris,F58020,mclaren,Lando,Norris,https://www.formula1.com/content/dam/fom-website/drivers/L/LANNOR01_Lando_Norris/lannor01.png.transform/1col/image.png,GBR,,,,,,,,,
2023,Dutch Grand Prix,Practice 1,Pierre Gasly,Alpine,,20.858024691358025,33.68888888888888,77.08641975308642,1.8222222222222224,10,P GASLY,GAS,gasly,2293D1,alpine,Pierre,Gasly,https://www.formula1.com/content/dam/fom-website/drivers/P/PIEGAS01_Pierre_Gasly/piegas01.png.transform/1col/image.png,FRA,,,,,,,,,
2023,Dutch Grand Prix,Practice 1,Sergio Perez,Red Bull Racing,,20.858024691358025,33.68888888888888,77.08641975308642,1.8222222222222224,11,S PEREZ,PER,perez,3671C6,red_bull,Sergio,Perez,https://www.formula1.com/content/dam/fom-website/drivers/S/SERPER01_Sergio_Perez/serper01.png.transform/1col/image.png,MEX,,,,,,,,,
2023,Dutch Grand Prix,Practice 1,Fernando Alonso,Aston Martin,,20.858024691358025,33.68888888888888,77.08641975308642,1.8222222222222224,14,F ALONSO,ALO,alonso,358C75,aston_martin,Fernando,Alonso,https://www.formula1.com/content/dam/fom-website/drivers/F/FERALO01_Fernando_Alonso/feralo01.png.transform/1col/image.png,ESP,,,,,,,,,
2023,Dutch Grand Prix,Practice 1,Charles Leclerc,Ferrari,,20.858024691358025,33.68888888888888,77.08641975308642,1.8222222222222224,16,C LECLERC,LEC,leclerc,F91536,ferrari,Charles,Leclerc,https://www.formula1.com/content/dam/fom-website/drivers/C/CHALEC01_Charles_Leclerc/chalec01.png.transform/1col/image.png,MON,,,,,,,,,
2023,Dutch Grand Prix,Practice 1,Lance Stroll,Aston Martin,,20.858024691358025,33.68888888888888,77.08641975308642,1.8222222222222224,18,L STROLL,STR,stroll,358C75,aston_martin,Lance,Stroll,https://www.formula1.com/content/dam/fom-website/drivers/L/LANSTR01_Lance_Stroll/lanstr01.png.transform/1col/image.png,CAN,,,,,,,,,
2023,Dutch Grand Prix,Practice 1,Kevin Magnussen,Haas F1 Team,,20.858024691358025,33.68888888888888,77.08641975308642,1.8222222222222224,20,K MAGNUSSEN,MAG,kevin_magnussen,B6BABD,haas,Kevin,Magnussen,https://www.formula1.com/content/dam/fom-website/drivers/K/KEVMAG01_Kevin_Magnussen/kevmag01.png.transform/1col/image.png,DEN,,,,,,,,,
2023,Dutch Grand Prix,Practice 1,Yuki Tsunoda,AlphaTauri,,20.858024691358025,33.68888888888888,77.08641975308642,1.8222222222222224,22,Y TSUNODA,TSU,tsunoda,5E8FAA,alphatauri,Yuki,Tsunoda,https://www.formula1.com/content/dam/fom-website/drivers/Y/YUKTSU01_Yuki_Tsunoda/yuktsu01.png.transform/1col/image.png,JPN,,,,,,,,,
2023,Dutch Grand Prix,Practice 1,Alexander Albon,Williams,,20.858024691358025,33.68888888888888,77.08641975308642,1.8222222222222224,23,A ALBON,ALB,albon,37BEDD,williams,Alexander,Albon,https://www.formula1.com/content/dam/fom-website/drivers/A/ALEALB01_Alexander_Albon/alealb01.png.transform/1col/image.png,THA,,,,,,,,,
2023,Dutch Grand Prix,Practice 1,Guanyu Zhou,Alfa Romeo,,20.858024691358025,33.68888888888888,77.08641975308642,1.8222222222222224,24,G ZHOU,ZHO,zhou,C92D4B,alfa,Guanyu,Zhou,https://www.formula1.com/content/dam/fom-website/drivers/G/GUAZHO01_Guanyu_Zhou/guazho01.png.transform/1col/image.png,CHN,,,,,,,,,
2023,Dutch Grand Prix,Practice 1,Nico Hulkenberg,Haas F1 Team,,20.858024691358025,33.68888888888888,77.08641975308642,1.8222222222222224,27,N HULKENBERG,HUL,hulkenberg,B6BABD,haas,Nico,Hulkenberg,https://www.formula1.com/content/dam/fom-website/drivers/N/NICHUL01_Nico_Hulkenberg/nichul01.png.transform/1col/image.png,GER,,,,,,,,,
2023,Dutch Grand Prix,Practice 1,Esteban Ocon,Alpine,,20.858024691358025,33.68888888888888,77.08641975308642,1.8222222222222224,31,E OCON,OCO,ocon,2293D1,alpine,Esteban,Ocon,https://www.formula1.com/content/dam/fom-website/drivers/E/ESTOCO01_Esteban_Ocon/estoco01.png.transform/1col/image.png,FRA,,,,,,,,,
2023,Dutch Grand Prix,Practice 1,Robert Shwartzman,Ferrari,,20.858024691358025,33.68888888888888,77.08641975308642,1.8222222222222224,39,R SHWARTZMAN,SHW,nan,F91536,nan,Robert,Shwartzman,None,ISR,,,,,,,,,
2023,Dutch Grand Prix,Practice 1,Lewis Hamilton,Mercedes,,20.858024691358025,33.68888888888888,77.08641975308642,1.8222222222222224,44,L HAMILTON,HAM,hamilton,6CD3BF,mercedes,Lewis,Hamilton,https://www.formula1.com/content/dam/fom-website/drivers/L/LEWHAM01_Lewis_Hamilton/lewham01.png.transform/1col/image.png,GBR,,,,,,,,,
2023,Dutch Grand Prix,Practice 1,George Russell,Mercedes,,20.858024691358025,33.68888888888888,77.08641975308642,1.8222222222222224,63,G RUSSELL,RUS,russell,6CD3BF,mercedes,George,Russell,https://www.formula1.com/content/dam/fom-website/drivers/G/GEORUS01_George_Russell/georus01.png.transform/1col/image.png,GBR,,,,,,,,,
2023,Dutch Grand Prix,Practice 1,Valtteri Bottas,Alfa Romeo,,20.858024691358025,33.68888888888888,77.08641975308642,1.8222222222222224,77,V BOTTAS,BOT,bottas,C92D4B,alfa,Valtteri,Bottas,https://www.formula1.com/content/dam/fom-website/drivers/V/VALBOT01_Valtteri_Bottas/valbot01.png.transform/1col/image.png,FIN,,,,,,,,,
2023,Dutch Grand Prix,Practice 1,Oscar Piastri,McLaren,,20.858024691358025,33.68888888888888,77.08641975308642,1.8222222222222224,81,O PIASTRI,PIA,piastri,F58020,mclaren,Oscar,Piastri,https://www.formula1.com/content/dam/fom-website/drivers/O/OSCPIA01_Oscar_Piastri/oscpia01.png.transform/1col/image.png,AUS,,,,,,,,,
2023,Dutch Grand Prix,Practice 2,Max Verstappen,Red Bull Racing,,20.04814814814815,32.91481481481481,71.77777777777777,1.3864197530864197,1,M VERSTAPPEN,VER,max_verstappen,3671C6,red_bull,Max,Verstappen,https://www.formula1.com/content/dam/fom-website/drivers/M/MAXVER01_Max_Verstappen/maxver01.png.transform/1col/image.png,NED,,,,,,,,,
2023,Dutch Grand Prix,Practice 2,Logan Sargeant,Williams,,20.04814814814815,32.91481481481481,71.77777777777777,1.3864197530864197,2,L SARGEANT,SAR,sargeant,37BEDD,williams,Logan,Sargeant,https://www.formula1.com/content/dam/fom-website/drivers/L/LOGSAR01_Logan_Sargeant/logsar01.png.transform/1col/image.png,USA,,,,,,,,,
2023,Dutch Grand Prix,Practice 2,Daniel Ricciardo,AlphaTauri,,20.04814814814815,32.91481481481481,71.77777777777777,1.3864197530864197,3,D RICCIARDO,RIC,nan,5E8FAA,nan,Daniel,Ricciardo,None,AUS,,,,,,,,,
2023,Dutch Grand Prix,Practice 2,Lando Norris,McLaren,,20.04814814814815,32.91481481481481,71.77777777777777,1.3864197530864197,4,L NORRIS,NOR,norris,F58020,mclaren,Lando,Norris,https://www.formula1.com/content/dam/fom-website/drivers/L/LANNOR01_Lando_Norris/lannor01.png.transform/1col/image.png,GBR,,,,,,,,,
2023,Dutch Grand Prix,Practice 2,Pierre Gasly,Alpine,,20.04814814814815,32.91481481481481,71.77777777777777,1.3864197530864197,10,P GASLY,GAS,gasly,2293D1,alpine,Pierre,Gasly,https://www.formula1.com/content/dam/fom-website/drivers/P/PIEGAS01_Pierre_Gasly/piegas01.png.transform/1col/image.png,FRA,,,,,,,,,
2023,Dutch Grand Prix,Practice 2,Sergio Perez,Red Bull Racing,,20.04814814814815,32.91481481481481,71.77777777777777,1.3864197530864197,11,S PEREZ,PER,perez,3671C6,red_bull,Sergio,Perez,https://www.formula1.com/content/dam/fom-website/drivers/S/SERPER01_Sergio_Perez/serper01.png.transform/1col/image.png,MEX,,,,,,,,,
2023,Dutch Grand Prix,Practice 2,Fernando Alonso,Aston Martin,,20.04814814814815,32.91481481481481,71.77777777777777,1.3864197530864197,14,F ALONSO,ALO,alonso,358C75,aston_martin,Fernando,Alonso,https://www.formula1.com/content/dam/fom-website/drivers/F/FERALO01_Fernando_Alonso/feralo01.png.transform/1col/image.png,ESP,,,,,,,,,
2023,Dutch Grand Prix,Practice 2,Charles Leclerc,Ferrari,,20.04814814814815,32.91481481481481,71.77777777777777,1.3864197530864197,16,C LECLERC,LEC,leclerc,F91536,ferrari,Charles,Leclerc,https://www.formula1.com/content/dam/fom-website/drivers/C/CHALEC01_Charles_Leclerc/chalec01.png.transform/1col/image.png,MON,,,,,,,,,
2023,Dutch Grand Prix,Practice 2,Lance Stroll,Aston Martin,,20.04814814814815,32.91481481481481,71.77777777777777,1.3864197530864197,18,L STROLL,STR,stroll,358C75,aston_martin,Lance,Stroll,https://www.formula1.com/content/dam/fom-website/drivers/L/LANSTR01_Lance_Stroll/lanstr01.png.transform/1col/image.png,CAN,,,,,,,,,
2023,Dutch Grand Prix,Practice 2,Kevin Magnussen,Haas F1 Team,,20.04814814814815,32.91481481481481,71.77777777777777,1.3864197530864197,20,K MAGNUSSEN,MAG,kevin_magnussen,B6BABD,haas,Kevin,Magnussen,https://www.formula1.com/content/dam/fom-website/drivers/K/KEVMAG01_Kevin_Magnussen/kevmag01.png.transform/1col/image.png,DEN,,,,,,,,,
2023,Dutch Grand Prix,Practice 2,Yuki Tsunoda,AlphaTauri,,20.04814814814815,32.91481481481481,71.77777777777777,1.3864197530864197,22,Y TSUNODA,TSU,tsunoda,5E8FAA,alphatauri,Yuki,Tsunoda,https://www.formula1.com/content/dam/fom-website/drivers/Y/YUKTSU01_Yuki_Tsunoda/yuktsu01.png.transform/1col/image.png,JPN,,,,,,,,,
2023,Dutch Grand Prix,Practice 2,Alexander Albon,Williams,,20.04814814814815,32.91481481481481,71.77777777777777,1.3864197530864197,23,A ALBON,ALB,albon,37BEDD,williams,Alexander,Albon,https://www.formula1.com/content/dam/fom-website/drivers/A/ALEALB01_Alexander_Albon/alealb01.png.transform/1col/image.png,THA,,,,,,,,,
2023,Dutch Grand Prix,Practice 2,Guanyu Zhou,Alfa Romeo,,20.04814814814815,32.91481481481481,71.77777777777777,1.3864197530864197,24,G ZHOU,ZHO,zhou,C92D4B,alfa,Guanyu,Zhou,https://www.formula1.com/content/dam/fom-website/drivers/G/GUAZHO01_Guanyu_Zhou/guazho01.png.transform/1col/image.png,CHN,,,,,,,,,
2023,Dutch Grand Prix,Practice 2,Nico Hulkenberg,Haas F1 Team,,20.04814814814815,32.91481481481481,71.77777777777777,1.3864197530864197,27,N HULKENBERG,HUL,hulkenberg,B6BABD,haas,Nico,Hulkenberg,https://www.formula1.com/content/dam/fom-website/drivers/N/NICHUL01_Nico_Hulkenberg/nichul01.png.transform/1col/image.png,GER,,,,,,,,,
2023,Dutch Grand Prix,Practice 2,Esteban Ocon,Alpine,,20.04814814814815,32.91481481481481,71.77777777777777,1.3864197530864197,31,E OCON,OCO,ocon,2293D1,alpine,Esteban,Ocon,https://www.formula1.com/content/dam/fom-website/drivers/E/ESTOCO01_Esteban_Ocon/estoco01.png.transform/1col/image.png,FRA,,,,,,,,,
2023,Dutch Grand Prix,Practice 2,Lewis Hamilton,Mercedes,,20.04814814814815,32.91481481481481,71.77777777777777,1.3864197530864197,44,L HAMILTON,HAM,hamilton,6CD3BF,mercedes,Lewis,Hamilton,https://www.formula1.com/content/dam/fom-website/drivers/L/LEWHAM01_Lewis_Hamilton/lewham01.png.transform/1col/image.png,GBR,,,,,,,,,
2023,Dutch Grand Prix,Practice 2,Carlos Sainz,Ferrari,,20.04814814814815,32.91481481481481,71.77777777777777,1.3864197530864197,55,C SAINZ,SAI,sainz,F91536,ferrari,Carlos,Sainz,https://www.formula1.com/content/dam/fom-website/drivers/C/CARSAI01_Carlos_Sainz/carsai01.png.transform/1col/image.png,ESP,,,,,,,,,
2023,Dutch Grand Prix,Practice 2,George Russell,Mercedes,,20.04814814814815,32.91481481481481,71.77777777777777,1.3864197530864197,63,G RUSSELL,RUS,russell,6CD3BF,mercedes,George,Russell,https://www.formula1.com/content/dam/fom-website/drivers/G/GEORUS01_George_Russell/georus01.png.transform/1col/image.png,GBR,,,,,,,,,
2023,Dutch Grand Prix,Practice 2,Valtteri Bottas,Alfa Romeo,,20.04814814814815,32.91481481481481,71.77777777777777,1.3864197530864197,77,V BOTTAS,BOT,bottas,C92D4B,alfa,Valtteri,Bottas,https://www.formula1.com/content/dam/fom-website/drivers/V/VALBOT01_Valtteri_Bottas/valbot01.png.transform/1col/image.png,FIN,,,,,,,,,
2023,Dutch Grand Prix,Practice 2,Oscar Piastri,McLaren,,20.04814814814815,32.91481481481481,71.77777777777777,1.3864197530864197,81,O PIASTRI,PIA,piastri,F58020,mclaren,Oscar,Piastri,https://www.formula1.com/content/dam/fom-website/drivers/O/OSCPIA01_Oscar_Piastri/oscpia01.png.transform/1col/image.png,AUS,,,,,,,,,
2023,Dutch Grand Prix,Practice 3,Max Verstappen,Red Bull Racing,,16.374390243902443,19.14878048780488,84.07317073170732,2.625609756097561,1,M VERSTAPPEN,VER,max_verstappen,3671C6,red_bull,Max,Verstappen,https://www.formula1.com/content/dam/fom-website/drivers/M/MAXVER01_Max_Verstappen/maxver01.png.transform/1col/image.png,NED,,,,,,,,,
2023,Dutch Grand Prix,Practice 3,Logan Sargeant,Williams,,16.374390243902443,19.14878048780488,84.07317073170732,2.625609756097561,2,L SARGEANT,SAR,sargeant,37BEDD,williams,Logan,Sargeant,https://www.formula1.com/content/dam/fom-website/drivers/L/LOGSAR01_Logan_Sargeant/logsar01.png.transform/1col/image.png,USA,,,,,,,,,
2023,Dutch Grand Prix,Practice 3,Lando Norris,McLaren,,16.374390243902443,19.14878048780488,84.07317073170732,2.625609756097561,4,L NORRIS,NOR,norris,F58020,mclaren,Lando,Norris,https://www.formula1.com/content/dam/fom-website/drivers/L/LANNOR01_Lando_Norris/lannor01.png.transform/1col/image.png,GBR,,,,,,,,,
2023,Dutch Grand Prix,Practice 3,Pierre Gasly,Alpine,,16.374390243902443,19.14878048780488,84.07317073170732,2.625609756097561,10,P GASLY,GAS,gasly,2293D1,alpine,Pierre,Gasly,https://www.formula1.com/content/dam/fom-website/drivers/P/PIEGAS01_Pierre_Gasly/piegas01.png.transform/1col/image.png,FRA,,,,,,,,,
2023,Dutch Grand Prix,Practice 3,Sergio Perez,Red Bull Racing,,16.374390243902443,19.14878048780488,84.07317073170732,2.625609756097561,11,S PEREZ,PER,perez,3671C6,red_bull,Sergio,Perez,https://www.formula1.com/content/dam/fom-website/drivers/S/SERPER01_Sergio_Perez/serper01.png.transform/1col/image.png,MEX,,,,,,,,,
2023,Dutch Grand Prix,Practice 3,Fernando Alonso,Aston Martin,,16.374390243902443,19.14878048780488,84.07317073170732,2.625609756097561,14,F ALONSO,ALO,alonso,358C75,aston_martin,Fernando,Alonso,https://www.formula1.com/content/dam/fom-website/drivers/F/FERALO01_Fernando_Alonso/feralo01.png.transform/1col/image.png,ESP,,,,,,,,,
2023,Dutch Grand Prix,Practice 3,Charles Leclerc,Ferrari,,16.374390243902443,19.14878048780488,84.07317073170732,2.625609756097561,16,C LECLERC,LEC,leclerc,F91536,ferrari,Charles,Leclerc,https://www.formula1.com/content/dam/fom-website/drivers/C/CHALEC01_Charles_Leclerc/chalec01.png.transform/1col/image.png,MON,,,,,,,,,
2023,Dutch Grand Prix,Practice 3,Lance Stroll,Aston Martin,,16.374390243902443,19.14878048780488,84.07317073170732,2.625609756097561,18,L STROLL,STR,stroll,358C75,aston_martin,Lance,Stroll,https://www.formula1.com/content/dam/fom-website/drivers/L/LANSTR01_Lance_Stroll/lanstr01.png.transform/1col/image.png,CAN,,,,,,,,,
2023,Dutch Grand Prix,Practice 3,Kevin Magnussen,Haas F1 Team,,16.374390243902443,19.14878048780488,84.07317073170732,2.625609756097561,20,K MAGNUSSEN,MAG,kevin_magnussen,B6BABD,haas,Kevin,Magnussen,https://www.formula1.com/content/dam/fom-website/drivers/K/KEVMAG01_Kevin_Magnussen/kevmag01.png.transform/1col/image.png,DEN,,,,,,,,,
2023,Dutch Grand Prix,Practice 3,Yuki Tsunoda,AlphaTauri,,16.374390243902443,19.14878048780488,84.07317073170732,2.625609756097561,22,Y TSUNODA,TSU,tsunoda,5E8FAA,alphatauri,Yuki,Tsunoda,https://www.formula1.com/content/dam/fom-website/drivers/Y/YUKTSU01_Yuki_Tsunoda/yuktsu01.png.transform/1col/image.png,JPN,,,,,,,,,
2023,Dutch Grand Prix,Practice 3,Alexander Albon,Williams,,16.374390243902443,19.14878048780488,84.07317073170732,2.625609756097561,23,A ALBON,ALB,albon,37BEDD,williams,Alexander,Albon,https://www.formula1.com/content/dam/fom-website/drivers/A/ALEALB01_Alexander_Albon/alealb01.png.transform/1col/image.png,THA,,,,,,,,,
2023,Dutch Grand Prix,Practice 3,Guanyu Zhou,Alfa Romeo,,16.374390243902443,19.14878048780488,84.07317073170732,2.625609756097561,24,G ZHOU,ZHO,zhou,C92D4B,alfa,Guanyu,Zhou,https://www.formula1.com/content/dam/fom-website/drivers/G/GUAZHO01_Guanyu_Zhou/guazho01.png.transform/1col/image.png,CHN,,,,,,,,,
2023,Dutch Grand Prix,Practice 3,Nico Hulkenberg,Haas F1 Team,,16.374390243902443,19.14878048780488,84.07317073170732,2.625609756097561,27,N HULKENBERG,HUL,hulkenberg,B6BABD,haas,Nico,Hulkenberg,https://www.formula1.com/content/dam/fom-website/drivers/N/NICHUL01_Nico_Hulkenberg/nichul01.png.transform/1col/image.png,GER,,,,,,,,,
2023,Dutch Grand Prix,Practice 3,Esteban Ocon,Alpine,,16.374390243902443,19.14878048780488,84.07317073170732,2.625609756097561,31,E OCON,OCO,ocon,2293D1,alpine,Esteban,Ocon,https://www.formula1.com/content/dam/fom-website/drivers/E/ESTOCO01_Esteban_Ocon/estoco01.png.transform/1col/image.png,FRA,,,,,,,,,
2023,Dutch Grand Prix,Practice 3,Liam Lawson,AlphaTauri,,16.374390243902443,19.14878048780488,84.07317073170732,2.625609756097561,40,L LAWSON,LAW,lawson,5E8FAA,alphatauri,Liam,Lawson,None,NZL,,,,,,,,,
2023,Dutch Grand Prix,Practice 3,Lewis Hamilton,Mercedes,,16.374390243902443,19.14878048780488,84.07317073170732,2.625609756097561,44,L HAMILTON,HAM,hamilton,6CD3BF,mercedes,Lewis,Hamilton,https://www.formula1.com/content/dam/fom-website/drivers/L/LEWHAM01_Lewis_Hamilton/lewham01.png.transform/1col/image.png,GBR,,,,,,,,,
2023,Dutch Grand Prix,Practice 3,Carlos Sainz,Ferrari,,16.374390243902443,19.14878048780488,84.07317073170732,2.625609756097561,55,C SAINZ,SAI,sainz,F91536,ferrari,Carlos,Sainz,https://www.formula1.com/content/dam/fom-website/drivers/C/CARSAI01_Carlos_Sainz/carsai01.png.transform/1col/image.png,ESP,,,,,,,,,
2023,Dutch Grand Prix,Practice 3,George Russell,Mercedes,,16.374390243902443,19.14878048780488,84.07317073170732,2.625609756097561,63,G RUSSELL,RUS,russell,6CD3BF,mercedes,George,Russell,https://www.formula1.com/content/dam/fom-website/drivers/G/GEORUS01_George_Russell/georus01.png.transform/1col/image.png,GBR,,,,,,,,,
2023,Dutch Grand Prix,Practice 3,Valtteri Bottas,Alfa Romeo,,16.374390243902443,19.14878048780488,84.07317073170732,2.625609756097561,77,V BOTTAS,BOT,bottas,C92D4B,alfa,Valtteri,Bottas,https://www.formula1.com/content/dam/fom-website/drivers/V/VALBOT01_Valtteri_Bottas/valbot01.png.transform/1col/image.png,FIN,,,,,,,,,
2023,Dutch Grand Prix,Practice 3,Oscar Piastri,McLaren,,16.374390243902443,19.14878048780488,84.07317073170732,2.625609756097561,81,O PIASTRI,PIA,piastri,F58020,mclaren,Oscar,Piastri,https://www.formula1.com/content/dam/fom-website/drivers/O/OSCPIA01_Oscar_Piastri/oscpia01.png.transform/1col/image.png,AUS,,,,,,,,,
