Year,EventName,SessionName,FullName,TeamName,Position,AvgAirTemp,AvgTrackTemp,AvgHumidity,AvgWindSpeed,DriverNumber,BroadcastName,Abbreviation,DriverId,TeamColor,TeamId,FirstName,LastName,HeadshotUrl,CountryCode,ClassifiedPosition,GridPosition,Q1,Q2,Q3,Time,Status,Points,Laps
2025,Australian Grand Prix,Race,Lando Norris,McLaren,1.0,15.707865168539326,18.942134831460674,78.42134831460675,3.475280898876404,4,L NORRIS,NOR,norris,FF8000,mclaren,Lando,Norris,https://media.formula1.com/d_driver_fallback_image.png/content/dam/fom-website/drivers/L/LANNOR01_Lando_Norris/lannor01.png.transform/1col/image.png,,1,1.0,,,,0 days 01:42:06.304000,Finished,25.0,57.0
2025,Australian Grand Prix,Race,Max Verstappen,Red Bull Racing,2.0,15.707865168539326,18.942134831460674,78.42134831460675,3.475280898876404,1,M VERSTAPPEN,VER,max_verstappen,3671C6,red_bull,Max,Verstappen,https://media.formula1.com/d_driver_fallback_image.png/content/dam/fom-website/drivers/M/MAXVER01_Max_Verstappen/maxver01.png.transform/1col/image.png,,2,3.0,,,,0 days 00:00:00.895000,Finished,18.0,57.0
2025,Australian Grand Prix,Race,George Russell,Mercedes,3.0,15.707865168539326,18.942134831460674,78.42134831460675,3.475280898876404,63,G RUSSELL,RUS,russell,27F4D2,mercedes,George,Russell,https://media.formula1.com/d_driver_fallback_image.png/content/dam/fom-website/drivers/G/GEORUS01_George_Russell/georus01.png.transform/1col/image.png,,3,4.0,,,,0 days 00:00:08.481000,Finished,15.0,57.0
2025,Australian Grand Prix,Race,Andrea Kimi Antonelli,Mercedes,4.0,15.707865168539326,18.942134831460674,78.42134831460675,3.475280898876404,12,A ANTONELLI,ANT,antonelli,27F4D2,mercedes,Andrea Kimi,Antonelli,https://media.formula1.com/d_driver_fallback_image.png/content/dam/fom-website/drivers/A/ANDANT01_Andrea%20Kimi_Antonelli/andant01.png.transform/1col/image.png,,4,16.0,,,,0 days 00:00:10.135000,Finished,12.0,57.0
2025,Australian Grand Prix,Race,Alexander Albon,Williams,5.0,15.707865168539326,18.942134831460674,78.42134831460675,3.475280898876404,23,A ALBON,ALB,albon,64C4FF,williams,Alexander,Albon,https://media.formula1.com/d_driver_fallback_image.png/content/dam/fom-website/drivers/A/ALEALB01_Alexander_Albon/alealb01.png.transform/1col/image.png,,5,6.0,,,,0 days 00:00:12.773000,Finished,10.0,57.0
2025,Australian Grand Prix,Race,Lance Stroll,Aston Martin,6.0,15.707865168539326,18.942134831460674,78.42134831460675,3.475280898876404,18,L STROLL,STR,stroll,229971,aston_martin,Lance,Stroll,https://media.formula1.com/d_driver_fallback_image.png/content/dam/fom-website/drivers/L/LANSTR01_Lance_Stroll/lanstr01.png.transform/1col/image.png,,6,13.0,,,,0 days 00:00:17.413000,Finished,8.0,57.0
2025,Australian Grand Prix,Race,Nico Hulkenberg,Kick Sauber,7.0,15.707865168539326,18.942134831460674,78.42134831460675,3.475280898876404,27,N HULKENBERG,HUL,hulkenberg,52E252,sauber,Nico,Hulkenberg,https://media.formula1.com/d_driver_fallback_image.png/content/dam/fom-website/drivers/N/NICHUL01_Nico_Hulkenberg/nichul01.png.transform/1col/image.png,,7,17.0,,,,0 days 00:00:18.423000,Finished,6.0,57.0
2025,Australian Grand Prix,Race,Charles Leclerc,Ferrari,8.0,15.707865168539326,18.942134831460674,78.42134831460675,3.475280898876404,16,C LECLERC,LEC,leclerc,E80020,ferrari,Charles,Leclerc,https://media.formula1.com/d_driver_fallback_image.png/content/dam/fom-website/drivers/C/CHALEC01_Charles_Leclerc/chalec01.png.transform/1col/image.png,,8,7.0,,,,0 days 00:00:19.826000,Finished,4.0,57.0
2025,Australian Grand Prix,Race,Oscar Piastri,McLaren,9.0,15.707865168539326,18.942134831460674,78.42134831460675,3.475280898876404,81,O PIASTRI,PIA,piastri,FF8000,mclaren,Oscar,Piastri,https://media.formula1.com/d_driver_fallback_image.png/content/dam/fom-website/drivers/O/OSCPIA01_Oscar_Piastri/oscpia01.png.transform/1col/image.png,,9,2.0,,,,0 days 00:00:20.448000,Finished,2.0,57.0
2025,Australian Grand Prix,Race,Lewis Hamilton,Ferrari,10.0,15.707865168539326,18.942134831460674,78.42134831460675,3.475280898876404,44,L HAMILTON,HAM,hamilton,E80020,ferrari,Lewis,Hamilton,https://media.formula1.com/d_driver_fallback_image.png/content/dam/fom-website/drivers/L/LEWHAM01_Lewis_Hamilton/lewham01.png.transform/1col/image.png,,10,8.0,,,,0 days 00:00:22.473000,Finished,1.0,57.0
2025,Australian Grand Prix,Race,Pierre Gasly,Alpine,11.0,15.707865168539326,18.942134831460674,78.42134831460675,3.475280898876404,10,P GASLY,GAS,gasly,0093CC,alpine,Pierre,Gasly,https://media.formula1.com/d_driver_fallback_image.png/content/dam/fom-website/drivers/P/PIEGAS01_Pierre_Gasly/piegas01.png.transform/1col/image.png,,11,9.0,,,,0 days 00:00:26.502000,Finished,0.0,57.0
2025,Australian Grand Prix,Race,Yuki Tsunoda,Racing Bulls,12.0,15.707865168539326,18.942134831460674,78.42134831460675,3.475280898876404,22,Y TSUNODA,TSU,tsunoda,6692FF,rb,Yuki,Tsunoda,https://media.formula1.com/d_driver_fallback_image.png/content/dam/fom-website/drivers/Y/YUKTSU01_Yuki_Tsunoda/yuktsu01.png.transform/1col/image.png,,12,5.0,,,,0 days 00:00:29.884000,Finished,0.0,57.0
2025,Australian Grand Prix,Race,Esteban Ocon,Haas F1 Team,13.0,15.707865168539326,18.942134831460674,78.42134831460675,3.475280898876404,31,E OCON,OCO,ocon,B6BABD,haas,Esteban,Ocon,https://media.formula1.com/d_driver_fallback_image.png/content/dam/fom-website/drivers/E/ESTOCO01_Esteban_Ocon/estoco01.png.transform/1col/image.png,,13,19.0,,,,0 days 00:00:33.161000,Finished,0.0,57.0
2025,Australian Grand Prix,Race,Oliver Bearman,Haas F1 Team,14.0,15.707865168539326,18.942134831460674,78.42134831460675,3.475280898876404,87,O BEARMAN,BEA,bearman,B6BABD,haas,Oliver,Bearman,https://media.formula1.com/d_driver_fallback_image.png/content/dam/fom-website/drivers/O/OLIBEA01_Oliver_Bearman/olibea01.png.transform/1col/image.png,,14,20.0,,,,0 days 00:00:40.351000,Finished,0.0,57.0
2025,Australian Grand Prix,Race,Liam Lawson,Red Bull Racing,15.0,15.707865168539326,18.942134831460674,78.42134831460675,3.475280898876404,30,L LAWSON,LAW,lawson,3671C6,red_bull,Liam,Lawson,https://media.formula1.com/d_driver_fallback_image.png/content/dam/fom-website/drivers/L/LIALAW01_Liam_Lawson/lialaw01.png.transform/1col/image.png,,R,18.0,,,,,Retired,0.0,46.0
2025,Australian Grand Prix,Race,Gabriel Bortoleto,Kick Sauber,16.0,15.707865168539326,18.942134831460674,78.42134831460675,3.475280898876404,5,G BORTOLETO,BOR,bortoleto,52E252,sauber,Gabriel,Bortoleto,https://media.formula1.com/d_driver_fallback_image.png/content/dam/fom-website/drivers/G/GABBOR01_Gabriel_Bortoleto/gabbor01.png.transform/1col/image.png,,R,15.0,,,,,Retired,0.0,45.0
2025,Australian Grand Prix,Race,Fernando Alonso,Aston Martin,17.0,15.707865168539326,18.942134831460674,78.42134831460675,3.475280898876404,14,F ALONSO,ALO,alonso,229971,aston_martin,Fernando,Alonso,https://media.formula1.com/d_driver_fallback_image.png/content/dam/fom-website/drivers/F/FERALO01_Fernando_Alonso/feralo01.png.transform/1col/image.png,,R,12.0,,,,,Retired,0.0,32.0
2025,Australian Grand Prix,Race,Carlos Sainz,Williams,18.0,15.707865168539326,18.942134831460674,78.42134831460675,3.475280898876404,55,C SAINZ,SAI,sainz,64C4FF,williams,Carlos,Sainz,https://media.formula1.com/d_driver_fallback_image.png/content/dam/fom-website/drivers/C/CARSAI01_Carlos_Sainz/carsai01.png.transform/1col/image.png,,R,10.0,,,,,Retired,0.0,0.0
2025,Australian Grand Prix,Race,Jack Doohan,Alpine,19.0,15.707865168539326,18.942134831460674,78.42134831460675,3.475280898876404,7,J DOOHAN,DOO,doohan,0093CC,alpine,Jack,Doohan,https://media.formula1.com/d_driver_fallback_image.png/content/dam/fom-website/drivers/J/JACDOO01_Jack_Doohan/jacdoo01.png.transform/1col/image.png,,R,14.0,,,,,Retired,0.0,0.0
2025,Australian Grand Prix,Race,Isack Hadjar,Racing Bulls,20.0,15.707865168539326,18.942134831460674,78.42134831460675,3.475280898876404,6,I HADJAR,HAD,hadjar,6692FF,rb,Isack,Hadjar,https://media.formula1.com/d_driver_fallback_image.png/content/dam/fom-website/drivers/I/ISAHAD01_Isack_Hadjar/isahad01.png.transform/1col/image.png,,R,11.0,,,,,Retired,0.0,0.0
2025,Australian Grand Prix,Qualifying,Lando Norris,McLaren,1.0,30.336000000000002,40.50133333333333,46.14666666666667,0.772,4,L NORRIS,NOR,norris,FF8000,mclaren,Lando,Norris,https://media.formula1.com/d_driver_fallback_image.png/content/dam/fom-website/drivers/L/LANNOR01_Lando_Norris/lannor01.png.transform/1col/image.png,,,,0 days 00:01:15.912000,0 days 00:01:15.415000,0 days 00:01:15.096000,,,,
2025,Australian Grand Prix,Qualifying,Oscar Piastri,McLaren,2.0,30.336000000000002,40.50133333333333,46.14666666666667,0.772,81,O PIASTRI,PIA,piastri,FF8000,mclaren,Oscar,Piastri,https://media.formula1.com/d_driver_fallback_image.png/content/dam/fom-website/drivers/O/OSCPIA01_Oscar_Piastri/oscpia01.png.transform/1col/image.png,,,,0 days 00:01:16.062000,0 days 00:01:15.468000,0 days 00:01:15.180000,,,,
2025,Australian Grand Prix,Qualifying,Max Verstappen,Red Bull Racing,3.0,30.336000000000002,40.50133333333333,46.14666666666667,0.772,1,M VERSTAPPEN,VER,max_verstappen,3671C6,red_bull,Max,Verstappen,https://media.formula1.com/d_driver_fallback_image.png/content/dam/fom-website/drivers/M/MAXVER01_Max_Verstappen/maxver01.png.transform/1col/image.png,,,,0 days 00:01:16.018000,0 days 00:01:15.565000,0 days 00:01:15.481000,,,,
2025,Australian Grand Prix,Qualifying,George Russell,Mercedes,4.0,30.336000000000002,40.50133333333333,46.14666666666667,0.772,63,G RUSSELL,RUS,russell,27F4D2,mercedes,George,Russell,https://media.formula1.com/d_driver_fallback_image.png/content/dam/fom-website/drivers/G/GEORUS01_George_Russell/georus01.png.transform/1col/image.png,,,,0 days 00:01:15.971000,0 days 00:01:15.798000,0 days 00:01:15.546000,,,,
2025,Australian Grand Prix,Qualifying,Yuki Tsunoda,Racing Bulls,5.0,30.336000000000002,40.50133333333333,46.14666666666667,0.772,22,Y TSUNODA,TSU,tsunoda,6692FF,rb,Yuki,Tsunoda,https://media.formula1.com/d_driver_fallback_image.png/content/dam/fom-website/drivers/Y/YUKTSU01_Yuki_Tsunoda/yuktsu01.png.transform/1col/image.png,,,,0 days 00:01:16.225000,0 days 00:01:16.009000,0 days 00:01:15.670000,,,,
2025,Australian Grand Prix,Qualifying,Alexander Albon,Williams,6.0,30.336000000000002,40.50133333333333,46.14666666666667,0.772,23,A ALBON,ALB,albon,64C4FF,williams,Alexander,Albon,https://media.formula1.com/d_driver_fallback_image.png/content/dam/fom-website/drivers/A/ALEALB01_Alexander_Albon/alealb01.png.transform/1col/image.png,,,,0 days 00:01:16.245000,0 days 00:01:16.017000,0 days 00:01:15.737000,,,,
2025,Australian Grand Prix,Qualifying,Charles Leclerc,Ferrari,7.0,30.336000000000002,40.50133333333333,46.14666666666667,0.772,16,C LECLERC,LEC,leclerc,E80020,ferrari,Charles,Leclerc,https://media.formula1.com/d_driver_fallback_image.png/content/dam/fom-website/drivers/C/CHALEC01_Charles_Leclerc/chalec01.png.transform/1col/image.png,,,,0 days 00:01:16.029000,0 days 00:01:15.827000,0 days 00:01:15.755000,,,,
2025,Australian Grand Prix,Qualifying,Lewis Hamilton,Ferrari,8.0,30.336000000000002,40.50133333333333,46.14666666666667,0.772,44,L HAMILTON,HAM,hamilton,E80020,ferrari,Lewis,Hamilton,https://media.formula1.com/d_driver_fallback_image.png/content/dam/fom-website/drivers/L/LEWHAM01_Lewis_Hamilton/lewham01.png.transform/1col/image.png,,,,0 days 00:01:16.213000,0 days 00:01:15.919000,0 days 00:01:15.973000,,,,
2025,Australian Grand Prix,Qualifying,Pierre Gasly,Alpine,9.0,30.336000000000002,40.50133333333333,46.14666666666667,0.772,10,P GASLY,GAS,gasly,0093CC,alpine,Pierre,Gasly,https://media.formula1.com/d_driver_fallback_image.png/content/dam/fom-website/drivers/P/PIEGAS01_Pierre_Gasly/piegas01.png.transform/1col/image.png,,,,0 days 00:01:16.328000,0 days 00:01:16.112000,0 days 00:01:15.980000,,,,
2025,Australian Grand Prix,Qualifying,Carlos Sainz,Williams,10.0,30.336000000000002,40.50133333333333,46.14666666666667,0.772,55,C SAINZ,SAI,sainz,64C4FF,williams,Carlos,Sainz,https://media.formula1.com/d_driver_fallback_image.png/content/dam/fom-website/drivers/C/CARSAI01_Carlos_Sainz/carsai01.png.transform/1col/image.png,,,,0 days 00:01:16.360000,0 days 00:01:15.931000,0 days 00:01:16.062000,,,,
2025,Australian Grand Prix,Qualifying,Isack Hadjar,Racing Bulls,11.0,30.336000000000002,40.50133333333333,46.14666666666667,0.772,6,I HADJAR,HAD,hadjar,6692FF,rb,Isack,Hadjar,https://media.formula1.com/d_driver_fallback_image.png/content/dam/fom-website/drivers/I/ISAHAD01_Isack_Hadjar/isahad01.png.transform/1col/image.png,,,,0 days 00:01:16.354000,0 days 00:01:16.175000,,,,,
2025,Australian Grand Prix,Qualifying,Fernando Alonso,Aston Martin,12.0,30.336000000000002,40.50133333333333,46.14666666666667,0.772,14,F ALONSO,ALO,alonso,229971,aston_martin,Fernando,Alonso,https://media.formula1.com/d_driver_fallback_image.png/content/dam/fom-website/drivers/F/FERALO01_Fernando_Alonso/feralo01.png.transform/1col/image.png,,,,0 days 00:01:16.288000,0 days 00:01:16.453000,,,,,
2025,Australian Grand Prix,Qualifying,Lance Stroll,Aston Martin,13.0,30.336000000000002,40.50133333333333,46.14666666666667,0.772,18,L STROLL,STR,stroll,229971,aston_martin,Lance,Stroll,https://media.formula1.com/d_driver_fallback_image.png/content/dam/fom-website/drivers/L/LANSTR01_Lance_Stroll/lanstr01.png.transform/1col/image.png,,,,0 days 00:01:16.369000,0 days 00:01:16.483000,,,,,
2025,Australian Grand Prix,Qualifying,Jack Doohan,Alpine,14.0,30.336000000000002,40.50133333333333,46.14666666666667,0.772,7,J DOOHAN,DOO,doohan,0093CC,alpine,Jack,Doohan,https://media.formula1.com/d_driver_fallback_image.png/content/dam/fom-website/drivers/J/JACDOO01_Jack_Doohan/jacdoo01.png.transform/1col/image.png,,,,0 days 00:01:16.315000,0 days 00:01:16.863000,,,,,
2025,Australian Grand Prix,Qualifying,Gabriel Bortoleto,Kick Sauber,15.0,30.336000000000002,40.50133333333333,46.14666666666667,0.772,5,G BORTOLETO,BOR,bortoleto,52E252,sauber,Gabriel,Bortoleto,https://media.formula1.com/d_driver_fallback_image.png/content/dam/fom-website/drivers/G/GABBOR01_Gabriel_Bortoleto/gabbor01.png.transform/1col/image.png,,,,0 days 00:01:16.516000,0 days 00:01:17.520000,,,,,
2025,Australian Grand Prix,Qualifying,Andrea Kimi Antonelli,Mercedes,16.0,30.336000000000002,40.50133333333333,46.14666666666667,0.772,12,A ANTONELLI,ANT,antonelli,27F4D2,mercedes,Andrea Kimi,Antonelli,https://media.formula1.com/d_driver_fallback_image.png/content/dam/fom-website/drivers/A/ANDANT01_Andrea%20Kimi_Antonelli/andant01.png.transform/1col/image.png,,,,0 days 00:01:16.525000,,,,,,
2025,Australian Grand Prix,Qualifying,Nico Hulkenberg,Kick Sauber,17.0,30.336000000000002,40.50133333333333,46.14666666666667,0.772,27,N HULKENBERG,HUL,hulkenberg,52E252,sauber,Nico,Hulkenberg,https://media.formula1.com/d_driver_fallback_image.png/content/dam/fom-website/drivers/N/NICHUL01_Nico_Hulkenberg/nichul01.png.transform/1col/image.png,,,,0 days 00:01:16.579000,,,,,,
2025,Australian Grand Prix,Qualifying,Liam Lawson,Red Bull Racing,18.0,30.336000000000002,40.50133333333333,46.14666666666667,0.772,30,L LAWSON,LAW,lawson,3671C6,red_bull,Liam,Lawson,https://media.formula1.com/d_driver_fallback_image.png/content/dam/fom-website/drivers/L/LIALAW01_Liam_Lawson/lialaw01.png.transform/1col/image.png,,,,0 days 00:01:17.094000,,,,,,
2025,Australian Grand Prix,Qualifying,Esteban Ocon,Haas F1 Team,19.0,30.336000000000002,40.50133333333333,46.14666666666667,0.772,31,E OCON,OCO,ocon,B6BABD,haas,Esteban,Ocon,https://media.formula1.com/d_driver_fallback_image.png/content/dam/fom-website/drivers/E/ESTOCO01_Esteban_Ocon/estoco01.png.transform/1col/image.png,,,,0 days 00:01:17.147000,,,,,,
2025,Australian Grand Prix,Qualifying,Oliver Bearman,Haas F1 Team,20.0,30.336000000000002,40.50133333333333,46.14666666666667,0.772,87,O BEARMAN,BEA,bearman,B6BABD,haas,Oliver,Bearman,https://media.formula1.com/d_driver_fallback_image.png/content/dam/fom-website/drivers/O/OLIBEA01_Oliver_Bearman/olibea01.png.transform/1col/image.png,,,,,,,,,,
2025,Australian Grand Prix,Practice 1,Max Verstappen,Red Bull Racing,,24.403703703703705,42.07654320987654,47.876543209876544,0.862962962962963,1,M VERSTAPPEN,VER,max_verstappen,3671C6,red_bull,Max,Verstappen,https://media.formula1.com/d_driver_fallback_image.png/content/dam/fom-website/drivers/M/MAXVER01_Max_Verstappen/maxver01.png.transform/1col/image.png,,,,,,,,,,
2025,Australian Grand Prix,Practice 1,Lando Norris,McLaren,,24.403703703703705,42.07654320987654,47.876543209876544,0.862962962962963,4,L NORRIS,NOR,norris,FF8000,mclaren,Lando,Norris,https://media.formula1.com/d_driver_fallback_image.png/content/dam/fom-website/drivers/L/LANNOR01_Lando_Norris/lannor01.png.transform/1col/image.png,,,,,,,,,,
2025,Australian Grand Prix,Practice 1,Gabriel Bortoleto,Kick Sauber,,24.403703703703705,42.07654320987654,47.876543209876544,0.862962962962963,5,G BORTOLETO,BOR,bortoleto,52E252,sauber,Gabriel,Bortoleto,https://media.formula1.com/d_driver_fallback_image.png/content/dam/fom-website/drivers/G/GABBOR01_Gabriel_Bortoleto/gabbor01.png.transform/1col/image.png,,,,,,,,,,
2025,Australian Grand Prix,Practice 1,Isack Hadjar,Racing Bulls,,24.403703703703705,42.07654320987654,47.876543209876544,0.862962962962963,6,I HADJAR,HAD,hadjar,6692FF,rb,Isack,Hadjar,https://media.formula1.com/d_driver_fallback_image.png/content/dam/fom-website/drivers/I/ISAHAD01_Isack_Hadjar/isahad01.png.transform/1col/image.png,,,,,,,,,,
2025,Australian Grand Prix,Practice 1,Jack Doohan,Alpine,,24.403703703703705,42.07654320987654,47.876543209876544,0.862962962962963,7,J DOOHAN,DOO,doohan,0093CC,alpine,Jack,Doohan,https://media.formula1.com/d_driver_fallback_image.png/content/dam/fom-website/drivers/J/JACDOO01_Jack_Doohan/jacdoo01.png.transform/1col/image.png,,,,,,,,,,
2025,Australian Grand Prix,Practice 1,Pierre Gasly,Alpine,,24.403703703703705,42.07654320987654,47.876543209876544,0.862962962962963,10,P GASLY,GAS,gasly,0093CC,alpine,Pierre,Gasly,https://media.formula1.com/d_driver_fallback_image.png/content/dam/fom-website/drivers/P/PIEGAS01_Pierre_Gasly/piegas01.png.transform/1col/image.png,,,,,,,,,,
2025,Australian Grand Prix,Practice 1,Andrea Kimi Antonelli,Mercedes,,24.403703703703705,42.07654320987654,47.876543209876544,0.862962962962963,12,A ANTONELLI,ANT,antonelli,27F4D2,mercedes,Andrea Kimi,Antonelli,https://media.formula1.com/d_driver_fallback_image.png/content/dam/fom-website/drivers/A/ANDANT01_Andrea%20Kimi_Antonelli/andant01.png.transform/1col/image.png,,,,,,,,,,
2025,Australian Grand Prix,Practice 1,Fernando Alonso,Aston Martin,,24.403703703703705,42.07654320987654,47.876543209876544,0.862962962962963,14,F ALONSO,ALO,alonso,229971,aston_martin,Fernando,Alonso,https://media.formula1.com/d_driver_fallback_image.png/content/dam/fom-website/drivers/F/FERALO01_Fernando_Alonso/feralo01.png.transform/1col/image.png,,,,,,,,,,
2025,Australian Grand Prix,Practice 1,Charles Leclerc,Ferrari,,24.403703703703705,42.07654320987654,47.876543209876544,0.862962962962963,16,C LECLERC,LEC,leclerc,E80020,ferrari,Charles,Leclerc,https://media.formula1.com/d_driver_fallback_image.png/content/dam/fom-website/drivers/C/CHALEC01_Charles_Leclerc/chalec01.png.transform/1col/image.png,,,,,,,,,,
2025,Australian Grand Prix,Practice 1,Lance Stroll,Aston Martin,,24.403703703703705,42.07654320987654,47.876543209876544,0.862962962962963,18,L STROLL,STR,stroll,229971,aston_martin,Lance,Stroll,https://media.formula1.com/d_driver_fallback_image.png/content/dam/fom-website/drivers/L/LANSTR01_Lance_Stroll/lanstr01.png.transform/1col/image.png,,,,,,,,,,
2025,Australian Grand Prix,Practice 1,Yuki Tsunoda,Racing Bulls,,24.403703703703705,42.07654320987654,47.876543209876544,0.862962962962963,22,Y TSUNODA,TSU,tsunoda,6692FF,rb,Yuki,Tsunoda,https://media.formula1.com/d_driver_fallback_image.png/content/dam/fom-website/drivers/Y/YUKTSU01_Yuki_Tsunoda/yuktsu01.png.transform/1col/image.png,,,,,,,,,,
2025,Australian Grand Prix,Practice 1,Alexander Albon,Williams,,24.403703703703705,42.07654320987654,47.876543209876544,0.862962962962963,23,A ALBON,ALB,albon,64C4FF,williams,Alexander,Albon,https://media.formula1.com/d_driver_fallback_image.png/content/dam/fom-website/drivers/A/ALEALB01_Alexander_Albon/alealb01.png.transform/1col/image.png,,,,,,,,,,
2025,Australian Grand Prix,Practice 1,Nico Hulkenberg,Kick Sauber,,24.403703703703705,42.07654320987654,47.876543209876544,0.862962962962963,27,N HULKENBERG,HUL,hulkenberg,52E252,sauber,Nico,Hulkenberg,https://media.formula1.com/d_driver_fallback_image.png/content/dam/fom-website/drivers/N/NICHUL01_Nico_Hulkenberg/nichul01.png.transform/1col/image.png,,,,,,,,,,
2025,Australian Grand Prix,Practice 1,Liam Lawson,Red Bull Racing,,24.403703703703705,42.07654320987654,47.876543209876544,0.862962962962963,30,L LAWSON,LAW,lawson,3671C6,red_bull,Liam,Lawson,https://media.formula1.com/d_driver_fallback_image.png/content/dam/fom-website/drivers/L/LIALAW01_Liam_Lawson/lialaw01.png.transform/1col/image.png,,,,,,,,,,
2025,Australian Grand Prix,Practice 1,Esteban Ocon,Haas F1 Team,,24.403703703703705,42.07654320987654,47.876543209876544,0.862962962962963,31,E OCON,OCO,ocon,B6BABD,haas,Esteban,Ocon,https://media.formula1.com/d_driver_fallback_image.png/content/dam/fom-website/drivers/E/ESTOCO01_Esteban_Ocon/estoco01.png.transform/1col/image.png,,,,,,,,,,
2025,Australian Grand Prix,Practice 1,Lewis Hamilton,Ferrari,,24.403703703703705,42.07654320987654,47.876543209876544,0.862962962962963,44,L HAMILTON,HAM,hamilton,E80020,ferrari,Lewis,Hamilton,https://media.formula1.com/d_driver_fallback_image.png/content/dam/fom-website/drivers/L/LEWHAM01_Lewis_Hamilton/lewham01.png.transform/1col/image.png,,,,,,,,,,
2025,Australian Grand Prix,Practice 1,Carlos Sainz,Williams,,24.403703703703705,42.07654320987654,47.876543209876544,0.862962962962963,55,C SAINZ,SAI,sainz,64C4FF,williams,Carlos,Sainz,https://media.formula1.com/d_driver_fallback_image.png/content/dam/fom-website/drivers/C/CARSAI01_Carlos_Sainz/carsai01.png.transform/1col/image.png,,,,,,,,,,
2025,Australian Grand Prix,Practice 1,George Russell,Mercedes,,24.403703703703705,42.07654320987654,47.876543209876544,0.862962962962963,63,G RUSSELL,RUS,russell,27F4D2,mercedes,George,Russell,https://media.formula1.com/d_driver_fallback_image.png/content/dam/fom-website/drivers/G/GEORUS01_George_Russell/georus01.png.transform/1col/image.png,,,,,,,,,,
2025,Australian Grand Prix,Practice 1,Oscar Piastri,McLaren,,24.403703703703705,42.07654320987654,47.876543209876544,0.862962962962963,81,O PIASTRI,PIA,piastri,FF8000,mclaren,Oscar,Piastri,https://media.formula1.com/d_driver_fallback_image.png/content/dam/fom-website/drivers/O/OSCPIA01_Oscar_Piastri/oscpia01.png.transform/1col/image.png,,,,,,,,,,
2025,Australian Grand Prix,Practice 1,Oliver Bearman,Haas F1 Team,,24.403703703703705,42.07654320987654,47.876543209876544,0.862962962962963,87,O BEARMAN,BEA,bearman,B6BABD,haas,Oliver,Bearman,https://media.formula1.com/d_driver_fallback_image.png/content/dam/fom-website/drivers/O/OLIBEA01_Oliver_Bearman/olibea01.png.transform/1col/image.png,,,,,,,,,,
2025,Australian Grand Prix,Practice 2,Max Verstappen,Red Bull Racing,,23.760493827160495,41.1320987654321,65.09876543209876,1.2271604938271603,1,M VERSTAPPEN,VER,max_verstappen,3671C6,red_bull,Max,Verstappen,https://media.formula1.com/d_driver_fallback_image.png/content/dam/fom-website/drivers/M/MAXVER01_Max_Verstappen/maxver01.png.transform/1col/image.png,,,,,,,,,,
2025,Australian Grand Prix,Practice 2,Lando Norris,McLaren,,23.760493827160495,41.1320987654321,65.09876543209876,1.2271604938271603,4,L NORRIS,NOR,norris,FF8000,mclaren,Lando,Norris,https://media.formula1.com/d_driver_fallback_image.png/content/dam/fom-website/drivers/L/LANNOR01_Lando_Norris/lannor01.png.transform/1col/image.png,,,,,,,,,,
2025,Australian Grand Prix,Practice 2,Gabriel Bortoleto,Kick Sauber,,23.760493827160495,41.1320987654321,65.09876543209876,1.2271604938271603,5,G BORTOLETO,BOR,bortoleto,52E252,sauber,Gabriel,Bortoleto,https://media.formula1.com/d_driver_fallback_image.png/content/dam/fom-website/drivers/G/GABBOR01_Gabriel_Bortoleto/gabbor01.png.transform/1col/image.png,,,,,,,,,,
2025,Australian Grand Prix,Practice 2,Isack Hadjar,Racing Bulls,,23.760493827160495,41.1320987654321,65.09876543209876,1.2271604938271603,6,I HADJAR,HAD,hadjar,6692FF,rb,Isack,Hadjar,https://media.formula1.com/d_driver_fallback_image.png/content/dam/fom-website/drivers/I/ISAHAD01_Isack_Hadjar/isahad01.png.transform/1col/image.png,,,,,,,,,,
2025,Australian Grand Prix,Practice 2,Jack Doohan,Alpine,,23.760493827160495,41.1320987654321,65.09876543209876,1.2271604938271603,7,J DOOHAN,DOO,doohan,0093CC,alpine,Jack,Doohan,https://media.formula1.com/d_driver_fallback_image.png/content/dam/fom-website/drivers/J/JACDOO01_Jack_Doohan/jacdoo01.png.transform/1col/image.png,,,,,,,,,,
2025,Australian Grand Prix,Practice 2,Pierre Gasly,Alpine,,23.760493827160495,41.1320987654321,65.09876543209876,1.2271604938271603,10,P GASLY,GAS,gasly,0093CC,alpine,Pierre,Gasly,https://media.formula1.com/d_driver_fallback_image.png/content/dam/fom-website/drivers/P/PIEGAS01_Pierre_Gasly/piegas01.png.transform/1col/image.png,,,,,,,,,,
2025,Australian Grand Prix,Practice 2,Andrea Kimi Antonelli,Mercedes,,23.760493827160495,41.1320987654321,65.09876543209876,1.2271604938271603,12,A ANTONELLI,ANT,antonelli,27F4D2,mercedes,Andrea Kimi,Antonelli,https://media.formula1.com/d_driver_fallback_image.png/content/dam/fom-website/drivers/A/ANDANT01_Andrea%20Kimi_Antonelli/andant01.png.transform/1col/image.png,,,,,,,,,,
2025,Australian Grand Prix,Practice 2,Fernando Alonso,Aston Martin,,23.760493827160495,41.1320987654321,65.09876543209876,1.2271604938271603,14,F ALONSO,ALO,alonso,229971,aston_martin,Fernando,Alonso,https://media.formula1.com/d_driver_fallback_image.png/content/dam/fom-website/drivers/F/FERALO01_Fernando_Alonso/feralo01.png.transform/1col/image.png,,,,,,,,,,
2025,Australian Grand Prix,Practice 2,Charles Leclerc,Ferrari,,23.760493827160495,41.1320987654321,65.09876543209876,1.2271604938271603,16,C LECLERC,LEC,leclerc,E80020,ferrari,Charles,Leclerc,https://media.formula1.com/d_driver_fallback_image.png/content/dam/fom-website/drivers/C/CHALEC01_Charles_Leclerc/chalec01.png.transform/1col/image.png,,,,,,,,,,
2025,Australian Grand Prix,Practice 2,Lance Stroll,Aston Martin,,23.760493827160495,41.1320987654321,65.09876543209876,1.2271604938271603,18,L STROLL,STR,stroll,229971,aston_martin,Lance,Stroll,https://media.formula1.com/d_driver_fallback_image.png/content/dam/fom-website/drivers/L/LANSTR01_Lance_Stroll/lanstr01.png.transform/1col/image.png,,,,,,,,,,
2025,Australian Grand Prix,Practice 2,Yuki Tsunoda,Racing Bulls,,23.760493827160495,41.1320987654321,65.09876543209876,1.2271604938271603,22,Y TSUNODA,TSU,tsunoda,6692FF,rb,Yuki,Tsunoda,https://media.formula1.com/d_driver_fallback_image.png/content/dam/fom-website/drivers/Y/YUKTSU01_Yuki_Tsunoda/yuktsu01.png.transform/1col/image.png,,,,,,,,,,
2025,Australian Grand Prix,Practice 2,Alexander Albon,Williams,,23.760493827160495,41.1320987654321,65.09876543209876,1.2271604938271603,23,A ALBON,ALB,albon,64C4FF,williams,Alexander,Albon,https://media.formula1.com/d_driver_fallback_image.png/content/dam/fom-website/drivers/A/ALEALB01_Alexander_Albon/alealb01.png.transform/1col/image.png,,,,,,,,,,
2025,Australian Grand Prix,Practice 2,Nico Hulkenberg,Kick Sauber,,23.760493827160495,41.1320987654321,65.09876543209876,1.2271604938271603,27,N HULKENBERG,HUL,hulkenberg,52E252,sauber,Nico,Hulkenberg,https://media.formula1.com/d_driver_fallback_image.png/content/dam/fom-website/drivers/N/NICHUL01_Nico_Hulkenberg/nichul01.png.transform/1col/image.png,,,,,,,,,,
2025,Australian Grand Prix,Practice 2,Liam Lawson,Red Bull Racing,,23.760493827160495,41.1320987654321,65.09876543209876,1.2271604938271603,30,L LAWSON,LAW,lawson,3671C6,red_bull,Liam,Lawson,https://media.formula1.com/d_driver_fallback_image.png/content/dam/fom-website/drivers/L/LIALAW01_Liam_Lawson/lialaw01.png.transform/1col/image.png,,,,,,,,,,
2025,Australian Grand Prix,Practice 2,Esteban Ocon,Haas F1 Team,,23.760493827160495,41.1320987654321,65.09876543209876,1.2271604938271603,31,E OCON,OCO,ocon,B6BABD,haas,Esteban,Ocon,https://media.formula1.com/d_driver_fallback_image.png/content/dam/fom-website/drivers/E/ESTOCO01_Esteban_Ocon/estoco01.png.transform/1col/image.png,,,,,,,,,,
2025,Australian Grand Prix,Practice 2,Lewis Hamilton,Ferrari,,23.760493827160495,41.1320987654321,65.09876543209876,1.2271604938271603,44,L HAMILTON,HAM,hamilton,E80020,ferrari,Lewis,Hamilton,https://media.formula1.com/d_driver_fallback_image.png/content/dam/fom-website/drivers/L/LEWHAM01_Lewis_Hamilton/lewham01.png.transform/1col/image.png,,,,,,,,,,
2025,Australian Grand Prix,Practice 2,Carlos Sainz,Williams,,23.760493827160495,41.1320987654321,65.09876543209876,1.2271604938271603,55,C SAINZ,SAI,sainz,64C4FF,williams,Carlos,Sainz,https://media.formula1.com/d_driver_fallback_image.png/content/dam/fom-website/drivers/C/CARSAI01_Carlos_Sainz/carsai01.png.transform/1col/image.png,,,,,,,,,,
2025,Australian Grand Prix,Practice 2,George Russell,Mercedes,,23.760493827160495,41.1320987654321,65.09876543209876,1.2271604938271603,63,G RUSSELL,RUS,russell,27F4D2,mercedes,George,Russell,https://media.formula1.com/d_driver_fallback_image.png/content/dam/fom-website/drivers/G/GEORUS01_George_Russell/georus01.png.transform/1col/image.png,,,,,,,,,,
2025,Australian Grand Prix,Practice 2,Oscar Piastri,McLaren,,23.760493827160495,41.1320987654321,65.09876543209876,1.2271604938271603,81,O PIASTRI,PIA,piastri,FF8000,mclaren,Oscar,Piastri,https://media.formula1.com/d_driver_fallback_image.png/content/dam/fom-website/drivers/O/OSCPIA01_Oscar_Piastri/oscpia01.png.transform/1col/image.png,,,,,,,,,,
2025,Australian Grand Prix,Practice 2,Oliver Bearman,Haas F1 Team,,23.760493827160495,41.1320987654321,65.09876543209876,1.2271604938271603,87,O BEARMAN,BEA,bearman,B6BABD,haas,Oliver,Bearman,https://media.formula1.com/d_driver_fallback_image.png/content/dam/fom-website/drivers/O/OLIBEA01_Oliver_Bearman/olibea01.png.transform/1col/image.png,,,,,,,,,,
2025,Australian Grand Prix,Practice 3,Max Verstappen,Red Bull Racing,,29.492307692307694,40.80128205128205,50.14102564102564,0.7717948717948718,1,M VERSTAPPEN,VER,max_verstappen,3671C6,red_bull,Max,Verstappen,https://media.formula1.com/d_driver_fallback_image.png/content/dam/fom-website/drivers/M/MAXVER01_Max_Verstappen/maxver01.png.transform/1col/image.png,,,,,,,,,,
2025,Australian Grand Prix,Practice 3,Lando Norris,McLaren,,29.492307692307694,40.80128205128205,50.14102564102564,0.7717948717948718,4,L NORRIS,NOR,norris,FF8000,mclaren,Lando,Norris,https://media.formula1.com/d_driver_fallback_image.png/content/dam/fom-website/drivers/L/LANNOR01_Lando_Norris/lannor01.png.transform/1col/image.png,,,,,,,,,,
2025,Australian Grand Prix,Practice 3,Gabriel Bortoleto,Kick Sauber,,29.492307692307694,40.80128205128205,50.14102564102564,0.7717948717948718,5,G BORTOLETO,BOR,bortoleto,52E252,sauber,Gabriel,Bortoleto,https://media.formula1.com/d_driver_fallback_image.png/content/dam/fom-website/drivers/G/GABBOR01_Gabriel_Bortoleto/gabbor01.png.transform/1col/image.png,,,,,,,,,,
2025,Australian Grand Prix,Practice 3,Isack Hadjar,Racing Bulls,,29.492307692307694,40.80128205128205,50.14102564102564,0.7717948717948718,6,I HADJAR,HAD,hadjar,6692FF,rb,Isack,Hadjar,https://media.formula1.com/d_driver_fallback_image.png/content/dam/fom-website/drivers/I/ISAHAD01_Isack_Hadjar/isahad01.png.transform/1col/image.png,,,,,,,,,,
2025,Australian Grand Prix,Practice 3,Jack Doohan,Alpine,,29.492307692307694,40.80128205128205,50.14102564102564,0.7717948717948718,7,J DOOHAN,DOO,doohan,0093CC,alpine,Jack,Doohan,https://media.formula1.com/d_driver_fallback_image.png/content/dam/fom-website/drivers/J/JACDOO01_Jack_Doohan/jacdoo01.png.transform/1col/image.png,,,,,,,,,,
2025,Australian Grand Prix,Practice 3,Pierre Gasly,Alpine,,29.492307692307694,40.80128205128205,50.14102564102564,0.7717948717948718,10,P GASLY,GAS,gasly,0093CC,alpine,Pierre,Gasly,https://media.formula1.com/d_driver_fallback_image.png/content/dam/fom-website/drivers/P/PIEGAS01_Pierre_Gasly/piegas01.png.transform/1col/image.png,,,,,,,,,,
2025,Australian Grand Prix,Practice 3,Andrea Kimi Antonelli,Mercedes,,29.492307692307694,40.80128205128205,50.14102564102564,0.7717948717948718,12,A ANTONELLI,ANT,antonelli,27F4D2,mercedes,Andrea Kimi,Antonelli,https://media.formula1.com/d_driver_fallback_image.png/content/dam/fom-website/drivers/A/ANDANT01_Andrea%20Kimi_Antonelli/andant01.png.transform/1col/image.png,,,,,,,,,,
2025,Australian Grand Prix,Practice 3,Fernando Alonso,Aston Martin,,29.492307692307694,40.80128205128205,50.14102564102564,0.7717948717948718,14,F ALONSO,ALO,alonso,229971,aston_martin,Fernando,Alonso,https://media.formula1.com/d_driver_fallback_image.png/content/dam/fom-website/drivers/F/FERALO01_Fernando_Alonso/feralo01.png.transform/1col/image.png,,,,,,,,,,
2025,Australian Grand Prix,Practice 3,Charles Leclerc,Ferrari,,29.492307692307694,40.80128205128205,50.14102564102564,0.7717948717948718,16,C LECLERC,LEC,leclerc,E80020,ferrari,Charles,Leclerc,https://media.formula1.com/d_driver_fallback_image.png/content/dam/fom-website/drivers/C/CHALEC01_Charles_Leclerc/chalec01.png.transform/1col/image.png,,,,,,,,,,
2025,Australian Grand Prix,Practice 3,Lance Stroll,Aston Martin,,29.492307692307694,40.80128205128205,50.14102564102564,0.7717948717948718,18,L STROLL,STR,stroll,229971,aston_martin,Lance,Stroll,https://media.formula1.com/d_driver_fallback_image.png/content/dam/fom-website/drivers/L/LANSTR01_Lance_Stroll/lanstr01.png.transform/1col/image.png,,,,,,,,,,
2025,Australian Grand Prix,Practice 3,Yuki Tsunoda,Racing Bulls,,29.492307692307694,40.80128205128205,50.14102564102564,0.7717948717948718,22,Y TSUNODA,TSU,tsunoda,6692FF,rb,Yuki,Tsunoda,https://media.formula1.com/d_driver_fallback_image.png/content/dam/fom-website/drivers/Y/YUKTSU01_Yuki_Tsunoda/yuktsu01.png.transform/1col/image.png,,,,,,,,,,
2025,Australian Grand Prix,Practice 3,Alexander Albon,Williams,,29.492307692307694,40.80128205128205,50.14102564102564,0.7717948717948718,23,A ALBON,ALB,albon,64C4FF,williams,Alexander,Albon,https://media.formula1.com/d_driver_fallback_image.png/content/dam/fom-website/drivers/A/ALEALB01_Alexander_Albon/alealb01.png.transform/1col/image.png,,,,,,,,,,
2025,Australian Grand Prix,Practice 3,Nico Hulkenberg,Kick Sauber,,29.492307692307694,40.80128205128205,50.14102564102564,0.7717948717948718,27,N HULKENBERG,HUL,hulkenberg,52E252,sauber,Nico,Hulkenberg,https://media.formula1.com/d_driver_fallback_image.png/content/dam/fom-website/drivers/N/NICHUL01_Nico_Hulkenberg/nichul01.png.transform/1col/image.png,,,,,,,,,,
2025,Australian Grand Prix,Practice 3,Liam Lawson,Red Bull Racing,,29.492307692307694,40.80128205128205,50.14102564102564,0.7717948717948718,30,L LAWSON,LAW,lawson,3671C6,red_bull,Liam,Lawson,https://media.formula1.com/d_driver_fallback_image.png/content/dam/fom-website/drivers/L/LIALAW01_Liam_Lawson/lialaw01.png.transform/1col/image.png,,,,,,,,,,
2025,Australian Grand Prix,Practice 3,Esteban Ocon,Haas F1 Team,,29.492307692307694,40.80128205128205,50.14102564102564,0.7717948717948718,31,E OCON,OCO,ocon,B6BABD,haas,Esteban,Ocon,https://media.formula1.com/d_driver_fallback_image.png/content/dam/fom-website/drivers/E/ESTOCO01_Esteban_Ocon/estoco01.png.transform/1col/image.png,,,,,,,,,,
2025,Australian Grand Prix,Practice 3,Lewis Hamilton,Ferrari,,29.492307692307694,40.80128205128205,50.14102564102564,0.7717948717948718,44,L HAMILTON,HAM,hamilton,E80020,ferrari,Lewis,Hamilton,https://media.formula1.com/d_driver_fallback_image.png/content/dam/fom-website/drivers/L/LEWHAM01_Lewis_Hamilton/lewham01.png.transform/1col/image.png,,,,,,,,,,
2025,Australian Grand Prix,Practice 3,Carlos Sainz,Williams,,29.492307692307694,40.80128205128205,50.14102564102564,0.7717948717948718,55,C SAINZ,SAI,sainz,64C4FF,williams,Carlos,Sainz,https://media.formula1.com/d_driver_fallback_image.png/content/dam/fom-website/drivers/C/CARSAI01_Carlos_Sainz/carsai01.png.transform/1col/image.png,,,,,,,,,,
2025,Australian Grand Prix,Practice 3,George Russell,Mercedes,,29.492307692307694,40.80128205128205,50.14102564102564,0.7717948717948718,63,G RUSSELL,RUS,russell,27F4D2,mercedes,George,Russell,https://media.formula1.com/d_driver_fallback_image.png/content/dam/fom-website/drivers/G/GEORUS01_George_Russell/georus01.png.transform/1col/image.png,,,,,,,,,,
2025,Australian Grand Prix,Practice 3,Oscar Piastri,McLaren,,29.492307692307694,40.80128205128205,50.14102564102564,0.7717948717948718,81,O PIASTRI,PIA,piastri,FF8000,mclaren,Oscar,Piastri,https://media.formula1.com/d_driver_fallback_image.png/content/dam/fom-website/drivers/O/OSCPIA01_Oscar_Piastri/oscpia01.png.transform/1col/image.png,,,,,,,,,,
2025,Australian Grand Prix,Practice 3,Oliver Bearman,Haas F1 Team,,29.492307692307694,40.80128205128205,50.14102564102564,0.7717948717948718,87,O BEARMAN,BEA,bearman,B6BABD,haas,Oliver,Bearman,https://media.formula1.com/d_driver_fallback_image.png/content/dam/fom-website/drivers/O/OLIBEA01_Oliver_Bearman/olibea01.png.transform/1col/image.png,,,,,,,,,,
2025,Chinese Grand Prix,Race,Oscar Piastri,McLaren,1.0,27.21558441558442,35.81688311688312,18.233766233766232,2.188311688311688,81,O PIASTRI,PIA,piastri,FF8000,mclaren,Oscar,Piastri,https://media.formula1.com/d_driver_fallback_image.png/content/dam/fom-website/drivers/O/OSCPIA01_Oscar_Piastri/oscpia01.png.transform/1col/image.png,,1,1.0,,,,0 days 01:30:55.026000,Finished,25.0,56.0
2025,Chinese Grand Prix,Race,Lando Norris,McLaren,2.0,27.21558441558442,35.81688311688312,18.233766233766232,2.188311688311688,4,L NORRIS,NOR,norris,FF8000,mclaren,Lando,Norris,https://media.formula1.com/d_driver_fallback_image.png/content/dam/fom-website/drivers/L/LANNOR01_Lando_Norris/lannor01.png.transform/1col/image.png,,2,3.0,,,,0 days 00:00:09.748000,Finished,18.0,56.0
2025,Chinese Grand Prix,Race,George Russell,Mercedes,3.0,27.21558441558442,35.81688311688312,18.233766233766232,2.188311688311688,63,G RUSSELL,RUS,russell,27F4D2,mercedes,George,Russell,https://media.formula1.com/d_driver_fallback_image.png/content/dam/fom-website/drivers/G/GEORUS01_George_Russell/georus01.png.transform/1col/image.png,,3,2.0,,,,0 days 00:00:11.097000,Finished,15.0,56.0
2025,Chinese Grand Prix,Race,Max Verstappen,Red Bull Racing,4.0,27.21558441558442,35.81688311688312,18.233766233766232,2.188311688311688,1,M VERSTAPPEN,VER,max_verstappen,3671C6,red_bull,Max,Verstappen,https://media.formula1.com/d_driver_fallback_image.png/content/dam/fom-website/drivers/M/MAXVER01_Max_Verstappen/maxver01.png.transform/1col/image.png,,4,4.0,,,,0 days 00:00:16.656000,Finished,12.0,56.0
2025,Chinese Grand Prix,Race,Esteban Ocon,Haas F1 Team,5.0,27.21558441558442,35.81688311688312,18.233766233766232,2.188311688311688,31,E OCON,OCO,ocon,B6BABD,haas,Esteban,Ocon,https://media.formula1.com/d_driver_fallback_image.png/content/dam/fom-website/drivers/E/ESTOCO01_Esteban_Ocon/estoco01.png.transform/1col/image.png,,5,11.0,,,,0 days 00:00:49.969000,Finished,10.0,56.0
2025,Chinese Grand Prix,Race,Kimi Antonelli,Mercedes,6.0,27.21558441558442,35.81688311688312,18.233766233766232,2.188311688311688,12,K ANTONELLI,ANT,antonelli,27F4D2,mercedes,Kimi,Antonelli,https://media.formula1.com/d_driver_fallback_image.png/content/dam/fom-website/drivers/A/ANDANT01_Andrea%20Kimi_Antonelli/andant01.png.transform/1col/image.png,,6,8.0,,,,0 days 00:00:53.748000,Finished,8.0,56.0
2025,Chinese Grand Prix,Race,Alexander Albon,Williams,7.0,27.21558441558442,35.81688311688312,18.233766233766232,2.188311688311688,23,A ALBON,ALB,albon,64C4FF,williams,Alexander,Albon,https://media.formula1.com/d_driver_fallback_image.png/content/dam/fom-website/drivers/A/ALEALB01_Alexander_Albon/alealb01.png.transform/1col/image.png,,7,10.0,,,,0 days 00:00:56.321000,Finished,6.0,56.0
2025,Chinese Grand Prix,Race,Oliver Bearman,Haas F1 Team,8.0,27.21558441558442,35.81688311688312,18.233766233766232,2.188311688311688,87,O BEARMAN,BEA,bearman,B6BABD,haas,Oliver,Bearman,https://media.formula1.com/d_driver_fallback_image.png/content/dam/fom-website/drivers/O/OLIBEA01_Oliver_Bearman/olibea01.png.transform/1col/image.png,,8,17.0,,,,0 days 00:01:01.303000,Finished,4.0,56.0
2025,Chinese Grand Prix,Race,Lance Stroll,Aston Martin,9.0,27.21558441558442,35.81688311688312,18.233766233766232,2.188311688311688,18,L STROLL,STR,stroll,229971,aston_martin,Lance,Stroll,https://media.formula1.com/d_driver_fallback_image.png/content/dam/fom-website/drivers/L/LANSTR01_Lance_Stroll/lanstr01.png.transform/1col/image.png,,9,14.0,,,,0 days 00:01:10.204000,Finished,2.0,56.0
2025,Chinese Grand Prix,Race,Carlos Sainz,Williams,10.0,27.21558441558442,35.81688311688312,18.233766233766232,2.188311688311688,55,C SAINZ,SAI,sainz,64C4FF,williams,Carlos,Sainz,https://media.formula1.com/d_driver_fallback_image.png/content/dam/fom-website/drivers/C/CARSAI01_Carlos_Sainz/carsai01.png.transform/1col/image.png,,10,15.0,,,,0 days 00:01:16.387000,Finished,1.0,56.0
2025,Chinese Grand Prix,Race,Isack Hadjar,Racing Bulls,11.0,27.21558441558442,35.81688311688312,18.233766233766232,2.188311688311688,6,I HADJAR,HAD,hadjar,6692FF,rb,Isack,Hadjar,https://media.formula1.com/d_driver_fallback_image.png/content/dam/fom-website/drivers/I/ISAHAD01_Isack_Hadjar/isahad01.png.transform/1col/image.png,,11,7.0,,,,0 days 00:01:18.875000,Finished,0.0,56.0
2025,Chinese Grand Prix,Race,Liam Lawson,Red Bull Racing,12.0,27.21558441558442,35.81688311688312,18.233766233766232,2.188311688311688,30,L LAWSON,LAW,lawson,3671C6,red_bull,Liam,Lawson,https://media.formula1.com/d_driver_fallback_image.png/content/dam/fom-website/drivers/L/LIALAW01_Liam_Lawson/lialaw01.png.transform/1col/image.png,,12,20.0,,,,0 days 00:01:21.147000,Finished,0.0,56.0
2025,Chinese Grand Prix,Race,Jack Doohan,Alpine,13.0,27.21558441558442,35.81688311688312,18.233766233766232,2.188311688311688,7,J DOOHAN,DOO,doohan,0093CC,alpine,Jack,Doohan,https://media.formula1.com/d_driver_fallback_image.png/content/dam/fom-website/drivers/J/JACDOO01_Jack_Doohan/jacdoo01.png.transform/1col/image.png,,13,18.0,,,,0 days 00:01:28.401000,Finished,0.0,56.0
2025,Chinese Grand Prix,Race,Gabriel Bortoleto,Kick Sauber,14.0,27.21558441558442,35.81688311688312,18.233766233766232,2.188311688311688,5,G BORTOLETO,BOR,bortoleto,52E252,sauber,Gabriel,Bortoleto,https://media.formula1.com/d_driver_fallback_image.png/content/dam/fom-website/drivers/G/GABBOR01_Gabriel_Bortoleto/gabbor01.png.transform/1col/image.png,,14,19.0,,,,0 days 00:00:10.756000,Lapped,0.0,55.0
2025,Chinese Grand Prix,Race,Nico Hulkenberg,Kick Sauber,15.0,27.21558441558442,35.81688311688312,18.233766233766232,2.188311688311688,27,N HULKENBERG,HUL,hulkenberg,52E252,sauber,Nico,Hulkenberg,https://media.formula1.com/d_driver_fallback_image.png/content/dam/fom-website/drivers/N/NICHUL01_Nico_Hulkenberg/nichul01.png.transform/1col/image.png,,15,12.0,,,,0 days 00:00:20.226000,Lapped,0.0,55.0
2025,Chinese Grand Prix,Race,Yuki Tsunoda,Racing Bulls,16.0,27.21558441558442,35.81688311688312,18.233766233766232,2.188311688311688,22,Y TSUNODA,TSU,tsunoda,6692FF,rb,Yuki,Tsunoda,https://media.formula1.com/d_driver_fallback_image.png/content/dam/fom-website/drivers/Y/YUKTSU01_Yuki_Tsunoda/yuktsu01.png.transform/1col/image.png,,16,9.0,,,,0 days 00:00:23.511000,Lapped,0.0,55.0
2025,Chinese Grand Prix,Race,Fernando Alonso,Aston Martin,17.0,27.21558441558442,35.81688311688312,18.233766233766232,2.188311688311688,14,F ALONSO,ALO,alonso,229971,aston_martin,Fernando,Alonso,https://media.formula1.com/d_driver_fallback_image.png/content/dam/fom-website/drivers/F/FERALO01_Fernando_Alonso/feralo01.png.transform/1col/image.png,,R,13.0,,,,,Retired,0.0,4.0
2025,Chinese Grand Prix,Race,Charles Leclerc,Ferrari,18.0,27.21558441558442,35.81688311688312,18.233766233766232,2.188311688311688,16,C LECLERC,LEC,leclerc,E80020,ferrari,Charles,Leclerc,https://media.formula1.com/d_driver_fallback_image.png/content/dam/fom-website/drivers/C/CHALEC01_Charles_Leclerc/chalec01.png.transform/1col/image.png,,D,6.0,,,,,Disqualified,0.0,0.0
2025,Chinese Grand Prix,Race,Lewis Hamilton,Ferrari,19.0,27.21558441558442,35.81688311688312,18.233766233766232,2.188311688311688,44,L HAMILTON,HAM,hamilton,E80020,ferrari,Lewis,Hamilton,https://media.formula1.com/d_driver_fallback_image.png/content/dam/fom-website/drivers/L/LEWHAM01_Lewis_Hamilton/lewham01.png.transform/1col/image.png,,D,5.0,,,,,Disqualified,0.0,0.0
2025,Chinese Grand Prix,Race,Pierre Gasly,Alpine,20.0,27.21558441558442,35.81688311688312,18.233766233766232,2.188311688311688,10,P GASLY,GAS,gasly,0093CC,alpine,Pierre,Gasly,https://media.formula1.com/d_driver_fallback_image.png/content/dam/fom-website/drivers/P/PIEGAS01_Pierre_Gasly/piegas01.png.transform/1col/image.png,,D,16.0,,,,,Disqualified,0.0,0.0
2025,Chinese Grand Prix,Qualifying,Oscar Piastri,McLaren,1.0,26.13246753246753,38.67012987012986,13.818181818181818,2.3000000000000003,81,O PIASTRI,PIA,piastri,FF8000,mclaren,Oscar,Piastri,https://media.formula1.com/d_driver_fallback_image.png/content/dam/fom-website/drivers/O/OSCPIA01_Oscar_Piastri/oscpia01.png.transform/1col/image.png,,,,0 days 00:01:31.591000,0 days 00:01:31.200000,0 days 00:01:30.641000,,,,
2025,Chinese Grand Prix,Qualifying,George Russell,Mercedes,2.0,26.13246753246753,38.67012987012986,13.818181818181818,2.3000000000000003,63,G RUSSELL,RUS,russell,27F4D2,mercedes,George,Russell,https://media.formula1.com/d_driver_fallback_image.png/content/dam/fom-website/drivers/G/GEORUS01_George_Russell/georus01.png.transform/1col/image.png,,,,0 days 00:01:31.295000,0 days 00:01:31.307000,0 days 00:01:30.723000,,,,
2025,Chinese Grand Prix,Qualifying,Lando Norris,McLaren,3.0,26.13246753246753,38.67012987012986,13.818181818181818,2.3000000000000003,4,L NORRIS,NOR,norris,FF8000,mclaren,Lando,Norris,https://media.formula1.com/d_driver_fallback_image.png/content/dam/fom-website/drivers/L/LANNOR01_Lando_Norris/lannor01.png.transform/1col/image.png,,,,0 days 00:01:30.983000,0 days 00:01:30.787000,0 days 00:01:30.793000,,,,
2025,Chinese Grand Prix,Qualifying,Max Verstappen,Red Bull Racing,4.0,26.13246753246753,38.67012987012986,13.818181818181818,2.3000000000000003,1,M VERSTAPPEN,VER,max_verstappen,3671C6,red_bull,Max,Verstappen,https://media.formula1.com/d_driver_fallback_image.png/content/dam/fom-website/drivers/M/MAXVER01_Max_Verstappen/maxver01.png.transform/1col/image.png,,,,0 days 00:01:31.424000,0 days 00:01:31.142000,0 days 00:01:30.817000,,,,
2025,Chinese Grand Prix,Qualifying,Lewis Hamilton,Ferrari,5.0,26.13246753246753,38.67012987012986,13.818181818181818,2.3000000000000003,44,L HAMILTON,HAM,hamilton,E80020,ferrari,Lewis,Hamilton,https://media.formula1.com/d_driver_fallback_image.png/content/dam/fom-website/drivers/L/LEWHAM01_Lewis_Hamilton/lewham01.png.transform/1col/image.png,,,,0 days 00:01:31.690000,0 days 00:01:31.501000,0 days 00:01:30.927000,,,,
2025,Chinese Grand Prix,Qualifying,Charles Leclerc,Ferrari,6.0,26.13246753246753,38.67012987012986,13.818181818181818,2.3000000000000003,16,C LECLERC,LEC,leclerc,E80020,ferrari,Charles,Leclerc,https://media.formula1.com/d_driver_fallback_image.png/content/dam/fom-website/drivers/C/CHALEC01_Charles_Leclerc/chalec01.png.transform/1col/image.png,,,,0 days 00:01:31.579000,0 days 00:01:31.450000,0 days 00:01:31.021000,,,,
2025,Chinese Grand Prix,Qualifying,Isack Hadjar,Racing Bulls,7.0,26.13246753246753,38.67012987012986,13.818181818181818,2.3000000000000003,6,I HADJAR,HAD,hadjar,6692FF,rb,Isack,Hadjar,https://media.formula1.com/d_driver_fallback_image.png/content/dam/fom-website/drivers/I/ISAHAD01_Isack_Hadjar/isahad01.png.transform/1col/image.png,,,,0 days 00:01:31.162000,0 days 00:01:31.253000,0 days 00:01:31.079000,,,,
2025,Chinese Grand Prix,Qualifying,Andrea Kimi Antonelli,Mercedes,8.0,26.13246753246753,38.67012987012986,13.818181818181818,2.3000000000000003,12,K ANTONELLI,ANT,antonelli,27F4D2,mercedes,Andrea Kimi,Antonelli,https://media.formula1.com/d_driver_fallback_image.png/content/dam/fom-website/drivers/A/ANDANT01_Andrea%20Kimi_Antonelli/andant01.png.transform/1col/image.png,,,,0 days 00:01:31.676000,0 days 00:01:31.590000,0 days 00:01:31.103000,,,,
2025,Chinese Grand Prix,Qualifying,Yuki Tsunoda,Racing Bulls,9.0,26.13246753246753,38.67012987012986,13.818181818181818,2.3000000000000003,22,Y TSUNODA,TSU,tsunoda,6692FF,rb,Yuki,Tsunoda,https://media.formula1.com/d_driver_fallback_image.png/content/dam/fom-website/drivers/Y/YUKTSU01_Yuki_Tsunoda/yuktsu01.png.transform/1col/image.png,,,,0 days 00:01:31.238000,0 days 00:01:31.260000,0 days 00:01:31.638000,,,,
2025,Chinese Grand Prix,Qualifying,Alexander Albon,Williams,10.0,26.13246753246753,38.67012987012986,13.818181818181818,2.3000000000000003,23,A ALBON,ALB,albon,64C4FF,williams,Alexander,Albon,https://media.formula1.com/d_driver_fallback_image.png/content/dam/fom-website/drivers/A/ALEALB01_Alexander_Albon/alealb01.png.transform/1col/image.png,,,,0 days 00:01:31.503000,0 days 00:01:31.595000,0 days 00:01:31.706000,,,,
2025,Chinese Grand Prix,Qualifying,Esteban Ocon,Haas F1 Team,11.0,26.13246753246753,38.67012987012986,13.818181818181818,2.3000000000000003,31,E OCON,OCO,ocon,B6BABD,haas,Esteban,Ocon,https://media.formula1.com/d_driver_fallback_image.png/content/dam/fom-website/drivers/E/ESTOCO01_Esteban_Ocon/estoco01.png.transform/1col/image.png,,,,0 days 00:01:31.876000,0 days 00:01:31.625000,,,,,
2025,Chinese Grand Prix,Qualifying,Nico Hulkenberg,Kick Sauber,12.0,26.13246753246753,38.67012987012986,13.818181818181818,2.3000000000000003,27,N HULKENBERG,HUL,hulkenberg,52E252,sauber,Nico,Hulkenberg,https://media.formula1.com/d_driver_fallback_image.png/content/dam/fom-website/drivers/N/NICHUL01_Nico_Hulkenberg/nichul01.png.transform/1col/image.png,,,,0 days 00:01:31.921000,0 days 00:01:31.632000,,,,,
2025,Chinese Grand Prix,Qualifying,Fernando Alonso,Aston Martin,13.0,26.13246753246753,38.67012987012986,13.818181818181818,2.3000000000000003,14,F ALONSO,ALO,alonso,229971,aston_martin,Fernando,Alonso,https://media.formula1.com/d_driver_fallback_image.png/content/dam/fom-website/drivers/F/FERALO01_Fernando_Alonso/feralo01.png.transform/1col/image.png,,,,0 days 00:01:31.719000,0 days 00:01:31.688000,,,,,
2025,Chinese Grand Prix,Qualifying,Lance Stroll,Aston Martin,14.0,26.13246753246753,38.67012987012986,13.818181818181818,2.3000000000000003,18,L STROLL,STR,stroll,229971,aston_martin,Lance,Stroll,https://media.formula1.com/d_driver_fallback_image.png/content/dam/fom-website/drivers/L/LANSTR01_Lance_Stroll/lanstr01.png.transform/1col/image.png,,,,0 days 00:01:31.923000,0 days 00:01:31.773000,,,,,
2025,Chinese Grand Prix,Qualifying,Carlos Sainz,Williams,15.0,26.13246753246753,38.67012987012986,13.818181818181818,2.3000000000000003,55,C SAINZ,SAI,sainz,64C4FF,williams,Carlos,Sainz,https://media.formula1.com/d_driver_fallback_image.png/content/dam/fom-website/drivers/C/CARSAI01_Carlos_Sainz/carsai01.png.transform/1col/image.png,,,,0 days 00:01:31.628000,0 days 00:01:31.840000,,,,,
2025,Chinese Grand Prix,Qualifying,Pierre Gasly,Alpine,16.0,26.13246753246753,38.67012987012986,13.818181818181818,2.3000000000000003,10,P GASLY,GAS,gasly,0093CC,alpine,Pierre,Gasly,https://media.formula1.com/d_driver_fallback_image.png/content/dam/fom-website/drivers/P/PIEGAS01_Pierre_Gasly/piegas01.png.transform/1col/image.png,,,,0 days 00:01:31.992000,,,,,,
2025,Chinese Grand Prix,Qualifying,Oliver Bearman,Haas F1 Team,17.0,26.13246753246753,38.67012987012986,13.818181818181818,2.3000000000000003,87,O BEARMAN,BEA,bearman,B6BABD,haas,Oliver,Bearman,https://media.formula1.com/d_driver_fallback_image.png/content/dam/fom-website/drivers/O/OLIBEA01_Oliver_Bearman/olibea01.png.transform/1col/image.png,,,,0 days 00:01:32.018000,,,,,,
2025,Chinese Grand Prix,Qualifying,Jack Doohan,Alpine,18.0,26.13246753246753,38.67012987012986,13.818181818181818,2.3000000000000003,7,J DOOHAN,DOO,doohan,0093CC,alpine,Jack,Doohan,https://media.formula1.com/d_driver_fallback_image.png/content/dam/fom-website/drivers/J/JACDOO01_Jack_Doohan/jacdoo01.png.transform/1col/image.png,,,,0 days 00:01:32.092000,,,,,,
2025,Chinese Grand Prix,Qualifying,Gabriel Bortoleto,Kick Sauber,19.0,26.13246753246753,38.67012987012986,13.818181818181818,2.3000000000000003,5,G BORTOLETO,BOR,bortoleto,52E252,sauber,Gabriel,Bortoleto,https://media.formula1.com/d_driver_fallback_image.png/content/dam/fom-website/drivers/G/GABBOR01_Gabriel_Bortoleto/gabbor01.png.transform/1col/image.png,,,,0 days 00:01:32.141000,,,,,,
2025,Chinese Grand Prix,Qualifying,Liam Lawson,Red Bull Racing,20.0,26.13246753246753,38.67012987012986,13.818181818181818,2.3000000000000003,30,L LAWSON,LAW,lawson,3671C6,red_bull,Liam,Lawson,https://media.formula1.com/d_driver_fallback_image.png/content/dam/fom-website/drivers/L/LIALAW01_Liam_Lawson/lialaw01.png.transform/1col/image.png,,,,0 days 00:01:32.174000,,,,,,
2025,Chinese Grand Prix,Sprint,Lewis Hamilton,Ferrari,1.0,22.896428571428572,35.660714285714285,25.428571428571427,1.7630952380952387,44,L HAMILTON,HAM,hamilton,E80020,ferrari,Lewis,Hamilton,https://media.formula1.com/d_driver_fallback_image.png/content/dam/fom-website/drivers/L/LEWHAM01_Lewis_Hamilton/lewham01.png.transform/1col/image.png,,1,1.0,,,,0 days 00:30:39.965000,Finished,8.0,19.0
2025,Chinese Grand Prix,Sprint,Oscar Piastri,McLaren,2.0,22.896428571428572,35.660714285714285,25.428571428571427,1.7630952380952387,81,O PIASTRI,PIA,piastri,FF8000,mclaren,Oscar,Piastri,https://media.formula1.com/d_driver_fallback_image.png/content/dam/fom-website/drivers/O/OSCPIA01_Oscar_Piastri/oscpia01.png.transform/1col/image.png,,2,3.0,,,,0 days 00:00:06.889000,Finished,7.0,19.0
2025,Chinese Grand Prix,Sprint,Max Verstappen,Red Bull Racing,3.0,22.896428571428572,35.660714285714285,25.428571428571427,1.7630952380952387,1,M VERSTAPPEN,VER,max_verstappen,3671C6,red_bull,Max,Verstappen,https://media.formula1.com/d_driver_fallback_image.png/content/dam/fom-website/drivers/M/MAXVER01_Max_Verstappen/maxver01.png.transform/1col/image.png,,3,2.0,,,,0 days 00:00:09.804000,Finished,6.0,19.0
2025,Chinese Grand Prix,Sprint,George Russell,Mercedes,4.0,22.896428571428572,35.660714285714285,25.428571428571427,1.7630952380952387,63,G RUSSELL,RUS,russell,27F4D2,mercedes,George,Russell,https://media.formula1.com/d_driver_fallback_image.png/content/dam/fom-website/drivers/G/GEORUS01_George_Russell/georus01.png.transform/1col/image.png,,4,5.0,,,,0 days 00:00:11.592000,Finished,5.0,19.0
2025,Chinese Grand Prix,Sprint,Charles Leclerc,Ferrari,5.0,22.896428571428572,35.660714285714285,25.428571428571427,1.7630952380952387,16,C LECLERC,LEC,leclerc,E80020,ferrari,Charles,Leclerc,https://media.formula1.com/d_driver_fallback_image.png/content/dam/fom-website/drivers/C/CHALEC01_Charles_Leclerc/chalec01.png.transform/1col/image.png,,5,4.0,,,,0 days 00:00:12.190000,Finished,4.0,19.0
2025,Chinese Grand Prix,Sprint,Yuki Tsunoda,Racing Bulls,6.0,22.896428571428572,35.660714285714285,25.428571428571427,1.7630952380952387,22,Y TSUNODA,TSU,tsunoda,6692FF,rb,Yuki,Tsunoda,https://media.formula1.com/d_driver_fallback_image.png/content/dam/fom-website/drivers/Y/YUKTSU01_Yuki_Tsunoda/yuktsu01.png.transform/1col/image.png,,6,8.0,,,,0 days 00:00:22.288000,Finished,3.0,19.0
2025,Chinese Grand Prix,Sprint,Andrea Kimi Antonelli,Mercedes,7.0,22.896428571428572,35.660714285714285,25.428571428571427,1.7630952380952387,12,A ANTONELLI,ANT,antonelli,27F4D2,mercedes,Andrea Kimi,Antonelli,https://media.formula1.com/d_driver_fallback_image.png/content/dam/fom-website/drivers/A/ANDANT01_Andrea%20Kimi_Antonelli/andant01.png.transform/1col/image.png,,7,7.0,,,,0 days 00:00:23.038000,Finished,2.0,19.0
2025,Chinese Grand Prix,Sprint,Lando Norris,McLaren,8.0,22.896428571428572,35.660714285714285,25.428571428571427,1.7630952380952387,4,L NORRIS,NOR,norris,FF8000,mclaren,Lando,Norris,https://media.formula1.com/d_driver_fallback_image.png/content/dam/fom-website/drivers/L/LANNOR01_Lando_Norris/lannor01.png.transform/1col/image.png,,8,6.0,,,,0 days 00:00:23.471000,Finished,1.0,19.0
2025,Chinese Grand Prix,Sprint,Lance Stroll,Aston Martin,9.0,22.896428571428572,35.660714285714285,25.428571428571427,1.7630952380952387,18,L STROLL,STR,stroll,229971,aston_martin,Lance,Stroll,https://media.formula1.com/d_driver_fallback_image.png/content/dam/fom-website/drivers/L/LANSTR01_Lance_Stroll/lanstr01.png.transform/1col/image.png,,9,10.0,,,,0 days 00:00:24.916000,Finished,0.0,19.0
2025,Chinese Grand Prix,Sprint,Fernando Alonso,Aston Martin,10.0,22.896428571428572,35.660714285714285,25.428571428571427,1.7630952380952387,14,F ALONSO,ALO,alonso,229971,aston_martin,Fernando,Alonso,https://media.formula1.com/d_driver_fallback_image.png/content/dam/fom-website/drivers/F/FERALO01_Fernando_Alonso/feralo01.png.transform/1col/image.png,,10,11.0,,,,0 days 00:00:38.218000,Finished,0.0,19.0
2025,Chinese Grand Prix,Sprint,Alexander Albon,Williams,11.0,22.896428571428572,35.660714285714285,25.428571428571427,1.7630952380952387,23,A ALBON,ALB,albon,64C4FF,williams,Alexander,Albon,https://media.formula1.com/d_driver_fallback_image.png/content/dam/fom-website/drivers/A/ALEALB01_Alexander_Albon/alealb01.png.transform/1col/image.png,,11,9.0,,,,0 days 00:00:39.292000,Finished,0.0,19.0
2025,Chinese Grand Prix,Sprint,Pierre Gasly,Alpine,12.0,22.896428571428572,35.660714285714285,25.428571428571427,1.7630952380952387,10,P GASLY,GAS,gasly,0093CC,alpine,Pierre,Gasly,https://media.formula1.com/d_driver_fallback_image.png/content/dam/fom-website/drivers/P/PIEGAS01_Pierre_Gasly/piegas01.png.transform/1col/image.png,,12,17.0,,,,0 days 00:00:39.649000,Finished,0.0,19.0
2025,Chinese Grand Prix,Sprint,Isack Hadjar,Racing Bulls,13.0,22.896428571428572,35.660714285714285,25.428571428571427,1.7630952380952387,6,I HADJAR,HAD,hadjar,6692FF,rb,Isack,Hadjar,https://media.formula1.com/d_driver_fallback_image.png/content/dam/fom-website/drivers/I/ISAHAD01_Isack_Hadjar/isahad01.png.transform/1col/image.png,,13,15.0,,,,0 days 00:00:42.400000,Finished,0.0,19.0
2025,Chinese Grand Prix,Sprint,Liam Lawson,Red Bull Racing,14.0,22.896428571428572,35.660714285714285,25.428571428571427,1.7630952380952387,30,L LAWSON,LAW,lawson,3671C6,red_bull,Liam,Lawson,https://media.formula1.com/d_driver_fallback_image.png/content/dam/fom-website/drivers/L/LIALAW01_Liam_Lawson/lialaw01.png.transform/1col/image.png,,14,19.0,,,,0 days 00:00:44.904000,Finished,0.0,19.0
2025,Chinese Grand Prix,Sprint,Oliver Bearman,Haas F1 Team,15.0,22.896428571428572,35.660714285714285,25.428571428571427,1.7630952380952387,87,O BEARMAN,BEA,bearman,B6BABD,haas,Oliver,Bearman,https://media.formula1.com/d_driver_fallback_image.png/content/dam/fom-website/drivers/O/OLIBEA01_Oliver_Bearman/olibea01.png.transform/1col/image.png,,15,12.0,,,,0 days 00:00:45.649000,Finished,0.0,19.0
2025,Chinese Grand Prix,Sprint,Esteban Ocon,Haas F1 Team,16.0,22.896428571428572,35.660714285714285,25.428571428571427,1.7630952380952387,31,E OCON,OCO,ocon,B6BABD,haas,Esteban,Ocon,https://media.formula1.com/d_driver_fallback_image.png/content/dam/fom-website/drivers/E/ESTOCO01_Esteban_Ocon/estoco01.png.transform/1col/image.png,,16,18.0,,,,0 days 00:00:46.182000,Finished,0.0,19.0
2025,Chinese Grand Prix,Sprint,Carlos Sainz,Williams,17.0,22.896428571428572,35.660714285714285,25.428571428571427,1.7630952380952387,55,C SAINZ,SAI,sainz,64C4FF,williams,Carlos,Sainz,https://media.formula1.com/d_driver_fallback_image.png/content/dam/fom-website/drivers/C/CARSAI01_Carlos_Sainz/carsai01.png.transform/1col/image.png,,17,13.0,,,,0 days 00:00:51.376000,Finished,0.0,19.0
2025,Chinese Grand Prix,Sprint,Gabriel Bortoleto,Kick Sauber,18.0,22.896428571428572,35.660714285714285,25.428571428571427,1.7630952380952387,5,G BORTOLETO,BOR,bortoleto,52E252,sauber,Gabriel,Bortoleto,https://media.formula1.com/d_driver_fallback_image.png/content/dam/fom-website/drivers/G/GABBOR01_Gabriel_Bortoleto/gabbor01.png.transform/1col/image.png,,18,14.0,,,,0 days 00:00:53.940000,Finished,0.0,19.0
2025,Chinese Grand Prix,Sprint,Nico Hulkenberg,Kick Sauber,19.0,22.896428571428572,35.660714285714285,25.428571428571427,1.7630952380952387,27,N HULKENBERG,HUL,hulkenberg,52E252,sauber,Nico,Hulkenberg,https://media.formula1.com/d_driver_fallback_image.png/content/dam/fom-website/drivers/N/NICHUL01_Nico_Hulkenberg/nichul01.png.transform/1col/image.png,,19,20.0,,,,0 days 00:00:56.682000,Finished,0.0,19.0
2025,Chinese Grand Prix,Sprint,Jack Doohan,Alpine,20.0,22.896428571428572,35.660714285714285,25.428571428571427,1.7630952380952387,7,J DOOHAN,DOO,doohan,0093CC,alpine,Jack,Doohan,https://media.formula1.com/d_driver_fallback_image.png/content/dam/fom-website/drivers/J/JACDOO01_Jack_Doohan/jacdoo01.png.transform/1col/image.png,,20,16.0,,,,0 days 00:01:10.212000,Finished,0.0,19.0
2025,Chinese Grand Prix,Practice 1,Max Verstappen,Red Bull Racing,,22.764634146341464,36.15243902439025,19.76829268292683,2.7512195121951217,1,M VERSTAPPEN,VER,max_verstappen,3671C6,red_bull,Max,Verstappen,https://media.formula1.com/d_driver_fallback_image.png/content/dam/fom-website/drivers/M/MAXVER01_Max_Verstappen/maxver01.png.transform/1col/image.png,,,,,,,,,,
2025,Chinese Grand Prix,Practice 1,Lando Norris,McLaren,,22.764634146341464,36.15243902439025,19.76829268292683,2.7512195121951217,4,L NORRIS,NOR,norris,FF8000,mclaren,Lando,Norris,https://media.formula1.com/d_driver_fallback_image.png/content/dam/fom-website/drivers/L/LANNOR01_Lando_Norris/lannor01.png.transform/1col/image.png,,,,,,,,,,
2025,Chinese Grand Prix,Practice 1,Gabriel Bortoleto,Kick Sauber,,22.764634146341464,36.15243902439025,19.76829268292683,2.7512195121951217,5,G BORTOLETO,BOR,bortoleto,52E252,sauber,Gabriel,Bortoleto,https://media.formula1.com/d_driver_fallback_image.png/content/dam/fom-website/drivers/G/GABBOR01_Gabriel_Bortoleto/gabbor01.png.transform/1col/image.png,,,,,,,,,,
2025,Chinese Grand Prix,Practice 1,Isack Hadjar,Racing Bulls,,22.764634146341464,36.15243902439025,19.76829268292683,2.7512195121951217,6,I HADJAR,HAD,hadjar,6692FF,rb,Isack,Hadjar,https://media.formula1.com/d_driver_fallback_image.png/content/dam/fom-website/drivers/I/ISAHAD01_Isack_Hadjar/isahad01.png.transform/1col/image.png,,,,,,,,,,
2025,Chinese Grand Prix,Practice 1,Jack Doohan,Alpine,,22.764634146341464,36.15243902439025,19.76829268292683,2.7512195121951217,7,J DOOHAN,DOO,doohan,0093CC,alpine,Jack,Doohan,https://media.formula1.com/d_driver_fallback_image.png/content/dam/fom-website/drivers/J/JACDOO01_Jack_Doohan/jacdoo01.png.transform/1col/image.png,,,,,,,,,,
2025,Chinese Grand Prix,Practice 1,Pierre Gasly,Alpine,,22.764634146341464,36.15243902439025,19.76829268292683,2.7512195121951217,10,P GASLY,GAS,gasly,0093CC,alpine,Pierre,Gasly,https://media.formula1.com/d_driver_fallback_image.png/content/dam/fom-website/drivers/P/PIEGAS01_Pierre_Gasly/piegas01.png.transform/1col/image.png,,,,,,,,,,
2025,Chinese Grand Prix,Practice 1,Andrea Kimi Antonelli,Mercedes,,22.764634146341464,36.15243902439025,19.76829268292683,2.7512195121951217,12,A ANTONELLI,ANT,antonelli,27F4D2,mercedes,Andrea Kimi,Antonelli,https://media.formula1.com/d_driver_fallback_image.png/content/dam/fom-website/drivers/A/ANDANT01_Andrea%20Kimi_Antonelli/andant01.png.transform/1col/image.png,,,,,,,,,,
2025,Chinese Grand Prix,Practice 1,Fernando Alonso,Aston Martin,,22.764634146341464,36.15243902439025,19.76829268292683,2.7512195121951217,14,F ALONSO,ALO,alonso,229971,aston_martin,Fernando,Alonso,https://media.formula1.com/d_driver_fallback_image.png/content/dam/fom-website/drivers/F/FERALO01_Fernando_Alonso/feralo01.png.transform/1col/image.png,,,,,,,,,,
2025,Chinese Grand Prix,Practice 1,Charles Leclerc,Ferrari,,22.764634146341464,36.15243902439025,19.76829268292683,2.7512195121951217,16,C LECLERC,LEC,leclerc,E80020,ferrari,Charles,Leclerc,https://media.formula1.com/d_driver_fallback_image.png/content/dam/fom-website/drivers/C/CHALEC01_Charles_Leclerc/chalec01.png.transform/1col/image.png,,,,,,,,,,
2025,Chinese Grand Prix,Practice 1,Lance Stroll,Aston Martin,,22.764634146341464,36.15243902439025,19.76829268292683,2.7512195121951217,18,L STROLL,STR,stroll,229971,aston_martin,Lance,Stroll,https://media.formula1.com/d_driver_fallback_image.png/content/dam/fom-website/drivers/L/LANSTR01_Lance_Stroll/lanstr01.png.transform/1col/image.png,,,,,,,,,,
2025,Chinese Grand Prix,Practice 1,Yuki Tsunoda,Racing Bulls,,22.764634146341464,36.15243902439025,19.76829268292683,2.7512195121951217,22,Y TSUNODA,TSU,tsunoda,6692FF,rb,Yuki,Tsunoda,https://media.formula1.com/d_driver_fallback_image.png/content/dam/fom-website/drivers/Y/YUKTSU01_Yuki_Tsunoda/yuktsu01.png.transform/1col/image.png,,,,,,,,,,
2025,Chinese Grand Prix,Practice 1,Alexander Albon,Williams,,22.764634146341464,36.15243902439025,19.76829268292683,2.7512195121951217,23,A ALBON,ALB,albon,64C4FF,williams,Alexander,Albon,https://media.formula1.com/d_driver_fallback_image.png/content/dam/fom-website/drivers/A/ALEALB01_Alexander_Albon/alealb01.png.transform/1col/image.png,,,,,,,,,,
2025,Chinese Grand Prix,Practice 1,Nico Hulkenberg,Kick Sauber,,22.764634146341464,36.15243902439025,19.76829268292683,2.7512195121951217,27,N HULKENBERG,HUL,hulkenberg,52E252,sauber,Nico,Hulkenberg,https://media.formula1.com/d_driver_fallback_image.png/content/dam/fom-website/drivers/N/NICHUL01_Nico_Hulkenberg/nichul01.png.transform/1col/image.png,,,,,,,,,,
2025,Chinese Grand Prix,Practice 1,Liam Lawson,Red Bull Racing,,22.764634146341464,36.15243902439025,19.76829268292683,2.7512195121951217,30,L LAWSON,LAW,lawson,3671C6,red_bull,Liam,Lawson,https://media.formula1.com/d_driver_fallback_image.png/content/dam/fom-website/drivers/L/LIALAW01_Liam_Lawson/lialaw01.png.transform/1col/image.png,,,,,,,,,,
2025,Chinese Grand Prix,Practice 1,Esteban Ocon,Haas F1 Team,,22.764634146341464,36.15243902439025,19.76829268292683,2.7512195121951217,31,E OCON,OCO,ocon,B6BABD,haas,Esteban,Ocon,https://media.formula1.com/d_driver_fallback_image.png/content/dam/fom-website/drivers/E/ESTOCO01_Esteban_Ocon/estoco01.png.transform/1col/image.png,,,,,,,,,,
2025,Chinese Grand Prix,Practice 1,Lewis Hamilton,Ferrari,,22.764634146341464,36.15243902439025,19.76829268292683,2.7512195121951217,44,L HAMILTON,HAM,hamilton,E80020,ferrari,Lewis,Hamilton,https://media.formula1.com/d_driver_fallback_image.png/content/dam/fom-website/drivers/L/LEWHAM01_Lewis_Hamilton/lewham01.png.transform/1col/image.png,,,,,,,,,,
2025,Chinese Grand Prix,Practice 1,Carlos Sainz,Williams,,22.764634146341464,36.15243902439025,19.76829268292683,2.7512195121951217,55,C SAINZ,SAI,sainz,64C4FF,williams,Carlos,Sainz,https://media.formula1.com/d_driver_fallback_image.png/content/dam/fom-website/drivers/C/CARSAI01_Carlos_Sainz/carsai01.png.transform/1col/image.png,,,,,,,,,,
2025,Chinese Grand Prix,Practice 1,George Russell,Mercedes,,22.764634146341464,36.15243902439025,19.76829268292683,2.7512195121951217,63,G RUSSELL,RUS,russell,27F4D2,mercedes,George,Russell,https://media.formula1.com/d_driver_fallback_image.png/content/dam/fom-website/drivers/G/GEORUS01_George_Russell/georus01.png.transform/1col/image.png,,,,,,,,,,
2025,Chinese Grand Prix,Practice 1,Oscar Piastri,McLaren,,22.764634146341464,36.15243902439025,19.76829268292683,2.7512195121951217,81,O PIASTRI,PIA,piastri,FF8000,mclaren,Oscar,Piastri,https://media.formula1.com/d_driver_fallback_image.png/content/dam/fom-website/drivers/O/OSCPIA01_Oscar_Piastri/oscpia01.png.transform/1col/image.png,,,,,,,,,,
2025,Chinese Grand Prix,Practice 1,Oliver Bearman,Haas F1 Team,,22.764634146341464,36.15243902439025,19.76829268292683,2.7512195121951217,87,O BEARMAN,BEA,bearman,B6BABD,haas,Oliver,Bearman,https://media.formula1.com/d_driver_fallback_image.png/content/dam/fom-website/drivers/O/OLIBEA01_Oliver_Bearman/olibea01.png.transform/1col/image.png,,,,,,,,,,
2025,Japanese Grand Prix,Race,Max Verstappen,Red Bull Racing,1.0,14.429999999999998,20.514285714285716,76.37142857142857,1.202142857142857,1,M VERSTAPPEN,VER,max_verstappen,3671C6,red_bull,Max,Verstappen,https://media.formula1.com/d_driver_fallback_image.png/content/dam/fom-website/drivers/M/MAXVER01_Max_Verstappen/maxver01.png.transform/1col/image.png,,1,1.0,,,,0 days 01:22:06.983000,Finished,25.0,53.0
2025,Japanese Grand Prix,Race,Lando Norris,McLaren,2.0,14.429999999999998,20.514285714285716,76.37142857142857,1.202142857142857,4,L NORRIS,NOR,norris,FF8000,mclaren,Lando,Norris,https://media.formula1.com/d_driver_fallback_image.png/content/dam/fom-website/drivers/L/LANNOR01_Lando_Norris/lannor01.png.transform/1col/image.png,,2,2.0,,,,0 days 00:00:01.423000,Finished,18.0,53.0
2025,Japanese Grand Prix,Race,Oscar Piastri,McLaren,3.0,14.429999999999998,20.514285714285716,76.37142857142857,1.202142857142857,81,O PIASTRI,PIA,piastri,FF8000,mclaren,Oscar,Piastri,https://media.formula1.com/d_driver_fallback_image.png/content/dam/fom-website/drivers/O/OSCPIA01_Oscar_Piastri/oscpia01.png.transform/1col/image.png,,3,3.0,,,,0 days 00:00:02.129000,Finished,15.0,53.0
2025,Japanese Grand Prix,Race,Charles Leclerc,Ferrari,4.0,14.429999999999998,20.514285714285716,76.37142857142857,1.202142857142857,16,C LECLERC,LEC,leclerc,E80020,ferrari,Charles,Leclerc,https://media.formula1.com/d_driver_fallback_image.png/content/dam/fom-website/drivers/C/CHALEC01_Charles_Leclerc/chalec01.png.transform/1col/image.png,,4,4.0,,,,0 days 00:00:16.097000,Finished,12.0,53.0
2025,Japanese Grand Prix,Race,George Russell,Mercedes,5.0,14.429999999999998,20.514285714285716,76.37142857142857,1.202142857142857,63,G RUSSELL,RUS,russell,27F4D2,mercedes,George,Russell,https://media.formula1.com/d_driver_fallback_image.png/content/dam/fom-website/drivers/G/GEORUS01_George_Russell/georus01.png.transform/1col/image.png,,5,5.0,,,,0 days 00:00:17.362000,Finished,10.0,53.0
2025,Japanese Grand Prix,Race,Kimi Antonelli,Mercedes,6.0,14.429999999999998,20.514285714285716,76.37142857142857,1.202142857142857,12,K ANTONELLI,ANT,antonelli,27F4D2,mercedes,Kimi,Antonelli,https://media.formula1.com/d_driver_fallback_image.png/content/dam/fom-website/drivers/A/ANDANT01_Andrea%20Kimi_Antonelli/andant01.png.transform/1col/image.png,,6,6.0,,,,0 days 00:00:18.671000,Finished,8.0,53.0
2025,Japanese Grand Prix,Race,Lewis Hamilton,Ferrari,7.0,14.429999999999998,20.514285714285716,76.37142857142857,1.202142857142857,44,L HAMILTON,HAM,hamilton,E80020,ferrari,Lewis,Hamilton,https://media.formula1.com/d_driver_fallback_image.png/content/dam/fom-website/drivers/L/LEWHAM01_Lewis_Hamilton/lewham01.png.transform/1col/image.png,,7,8.0,,,,0 days 00:00:29.182000,Finished,6.0,53.0
2025,Japanese Grand Prix,Race,Isack Hadjar,Racing Bulls,8.0,14.429999999999998,20.514285714285716,76.37142857142857,1.202142857142857,6,I HADJAR,HAD,hadjar,6692FF,rb,Isack,Hadjar,https://media.formula1.com/d_driver_fallback_image.png/content/dam/fom-website/drivers/I/ISAHAD01_Isack_Hadjar/isahad01.png.transform/1col/image.png,,8,7.0,,,,0 days 00:00:37.134000,Finished,4.0,53.0
2025,Japanese Grand Prix,Race,Alexander Albon,Williams,9.0,14.429999999999998,20.514285714285716,76.37142857142857,1.202142857142857,23,A ALBON,ALB,albon,64C4FF,williams,Alexander,Albon,https://media.formula1.com/d_driver_fallback_image.png/content/dam/fom-website/drivers/A/ALEALB01_Alexander_Albon/alealb01.png.transform/1col/image.png,,9,9.0,,,,0 days 00:00:40.367000,Finished,2.0,53.0
2025,Japanese Grand Prix,Race,Oliver Bearman,Haas F1 Team,10.0,14.429999999999998,20.514285714285716,76.37142857142857,1.202142857142857,87,O BEARMAN,BEA,bearman,B6BABD,haas,Oliver,Bearman,https://media.formula1.com/d_driver_fallback_image.png/content/dam/fom-website/drivers/O/OLIBEA01_Oliver_Bearman/olibea01.png.transform/1col/image.png,,10,10.0,,,,0 days 00:00:54.529000,Finished,1.0,53.0
2025,Japanese Grand Prix,Race,Fernando Alonso,Aston Martin,11.0,14.429999999999998,20.514285714285716,76.37142857142857,1.202142857142857,14,F ALONSO,ALO,alonso,229971,aston_martin,Fernando,Alonso,https://media.formula1.com/d_driver_fallback_image.png/content/dam/fom-website/drivers/F/FERALO01_Fernando_Alonso/feralo01.png.transform/1col/image.png,,11,12.0,,,,0 days 00:00:57.333000,Finished,0.0,53.0
2025,Japanese Grand Prix,Race,Yuki Tsunoda,Red Bull Racing,12.0,14.429999999999998,20.514285714285716,76.37142857142857,1.202142857142857,22,Y TSUNODA,TSU,tsunoda,3671C6,red_bull,Yuki,Tsunoda,https://media.formula1.com/d_driver_fallback_image.png/content/dam/fom-website/drivers/Y/YUKTSU01_Yuki_Tsunoda/yuktsu01.png.transform/1col/image.png,,12,14.0,,,,0 days 00:00:58.401000,Finished,0.0,53.0
2025,Japanese Grand Prix,Race,Pierre Gasly,Alpine,13.0,14.429999999999998,20.514285714285716,76.37142857142857,1.202142857142857,10,P GASLY,GAS,gasly,0093CC,alpine,Pierre,Gasly,https://media.formula1.com/d_driver_fallback_image.png/content/dam/fom-website/drivers/P/PIEGAS01_Pierre_Gasly/piegas01.png.transform/1col/image.png,,13,11.0,,,,0 days 00:01:02.122000,Finished,0.0,53.0
2025,Japanese Grand Prix,Race,Carlos Sainz,Williams,14.0,14.429999999999998,20.514285714285716,76.37142857142857,1.202142857142857,55,C SAINZ,SAI,sainz,64C4FF,williams,Carlos,Sainz,https://media.formula1.com/d_driver_fallback_image.png/content/dam/fom-website/drivers/C/CARSAI01_Carlos_Sainz/carsai01.png.transform/1col/image.png,,14,15.0,,,,0 days 00:01:14.129000,Finished,0.0,53.0
2025,Japanese Grand Prix,Race,Jack Doohan,Alpine,15.0,14.429999999999998,20.514285714285716,76.37142857142857,1.202142857142857,7,J DOOHAN,DOO,doohan,0093CC,alpine,Jack,Doohan,https://media.formula1.com/d_driver_fallback_image.png/content/dam/fom-website/drivers/J/JACDOO01_Jack_Doohan/jacdoo01.png.transform/1col/image.png,,15,19.0,,,,0 days 00:01:21.314000,Finished,0.0,53.0
2025,Japanese Grand Prix,Race,Nico Hulkenberg,Kick Sauber,16.0,14.429999999999998,20.514285714285716,76.37142857142857,1.202142857142857,27,N HULKENBERG,HUL,hulkenberg,52E252,sauber,Nico,Hulkenberg,https://media.formula1.com/d_driver_fallback_image.png/content/dam/fom-website/drivers/N/NICHUL01_Nico_Hulkenberg/nichul01.png.transform/1col/image.png,,16,16.0,,,,0 days 00:01:21.957000,Finished,0.0,53.0
2025,Japanese Grand Prix,Race,Liam Lawson,Racing Bulls,17.0,14.429999999999998,20.514285714285716,76.37142857142857,1.202142857142857,30,L LAWSON,LAW,lawson,6692FF,rb,Liam,Lawson,https://media.formula1.com/d_driver_fallback_image.png/content/dam/fom-website/drivers/L/LIALAW01_Liam_Lawson/lialaw01.png.transform/1col/image.png,,17,13.0,,,,0 days 00:01:22.734000,Finished,0.0,53.0
2025,Japanese Grand Prix,Race,Esteban Ocon,Haas F1 Team,18.0,14.429999999999998,20.514285714285716,76.37142857142857,1.202142857142857,31,E OCON,OCO,ocon,B6BABD,haas,Esteban,Ocon,https://media.formula1.com/d_driver_fallback_image.png/content/dam/fom-website/drivers/E/ESTOCO01_Esteban_Ocon/estoco01.png.transform/1col/image.png,,18,18.0,,,,0 days 00:01:23.438000,Finished,0.0,53.0
2025,Japanese Grand Prix,Race,Gabriel Bortoleto,Kick Sauber,19.0,14.429999999999998,20.514285714285716,76.37142857142857,1.202142857142857,5,G BORTOLETO,BOR,bortoleto,52E252,sauber,Gabriel,Bortoleto,https://media.formula1.com/d_driver_fallback_image.png/content/dam/fom-website/drivers/G/GABBOR01_Gabriel_Bortoleto/gabbor01.png.transform/1col/image.png,,19,17.0,,,,0 days 00:01:23.897000,Finished,0.0,53.0
2025,Japanese Grand Prix,Race,Lance Stroll,Aston Martin,20.0,14.429999999999998,20.514285714285716,76.37142857142857,1.202142857142857,18,L STROLL,STR,stroll,229971,aston_martin,Lance,Stroll,https://media.formula1.com/d_driver_fallback_image.png/content/dam/fom-website/drivers/L/LANSTR01_Lance_Stroll/lanstr01.png.transform/1col/image.png,,20,20.0,,,,0 days 00:00:12.929000,Lapped,0.0,52.0
2025,Japanese Grand Prix,Qualifying,Max Verstappen,Red Bull Racing,1.0,14.69529411764706,32.14117647058824,58.62352941176471,2.984705882352941,1,M VERSTAPPEN,VER,max_verstappen,3671C6,red_bull,Max,Verstappen,https://media.formula1.com/d_driver_fallback_image.png/content/dam/fom-website/drivers/M/MAXVER01_Max_Verstappen/maxver01.png.transform/1col/image.png,,,,0 days 00:01:27.943000,0 days 00:01:27.502000,0 days 00:01:26.983000,,,,
2025,Japanese Grand Prix,Qualifying,Lando Norris,McLaren,2.0,14.69529411764706,32.14117647058824,58.62352941176471,2.984705882352941,4,L NORRIS,NOR,norris,FF8000,mclaren,Lando,Norris,https://media.formula1.com/d_driver_fallback_image.png/content/dam/fom-website/drivers/L/LANNOR01_Lando_Norris/lannor01.png.transform/1col/image.png,,,,0 days 00:01:27.845000,0 days 00:01:27.146000,0 days 00:01:26.995000,,,,
2025,Japanese Grand Prix,Qualifying,Oscar Piastri,McLaren,3.0,14.69529411764706,32.14117647058824,58.62352941176471,2.984705882352941,81,O PIASTRI,PIA,piastri,FF8000,mclaren,Oscar,Piastri,https://media.formula1.com/d_driver_fallback_image.png/content/dam/fom-website/drivers/O/OSCPIA01_Oscar_Piastri/oscpia01.png.transform/1col/image.png,,,,0 days 00:01:27.687000,0 days 00:01:27.507000,0 days 00:01:27.027000,,,,
2025,Japanese Grand Prix,Qualifying,Charles Leclerc,Ferrari,4.0,14.69529411764706,32.14117647058824,58.62352941176471,2.984705882352941,16,C LECLERC,LEC,leclerc,E80020,ferrari,Charles,Leclerc,https://media.formula1.com/d_driver_fallback_image.png/content/dam/fom-website/drivers/C/CHALEC01_Charles_Leclerc/chalec01.png.transform/1col/image.png,,,,0 days 00:01:27.920000,0 days 00:01:27.555000,0 days 00:01:27.299000,,,,
2025,Japanese Grand Prix,Qualifying,George Russell,Mercedes,5.0,14.69529411764706,32.14117647058824,58.62352941176471,2.984705882352941,63,G RUSSELL,RUS,russell,27F4D2,mercedes,George,Russell,https://media.formula1.com/d_driver_fallback_image.png/content/dam/fom-website/drivers/G/GEORUS01_George_Russell/georus01.png.transform/1col/image.png,,,,0 days 00:01:27.843000,0 days 00:01:27.400000,0 days 00:01:27.318000,,,,
2025,Japanese Grand Prix,Qualifying,Kimi Antonelli,Mercedes,6.0,14.69529411764706,32.14117647058824,58.62352941176471,2.984705882352941,12,K ANTONELLI,ANT,antonelli,27F4D2,mercedes,Kimi,Antonelli,https://media.formula1.com/d_driver_fallback_image.png/content/dam/fom-website/drivers/A/ANDANT01_Andrea%20Kimi_Antonelli/andant01.png.transform/1col/image.png,,,,0 days 00:01:27.968000,0 days 00:01:27.639000,0 days 00:01:27.555000,,,,
2025,Japanese Grand Prix,Qualifying,Isack Hadjar,Racing Bulls,7.0,14.69529411764706,32.14117647058824,58.62352941176471,2.984705882352941,6,I HADJAR,HAD,hadjar,6692FF,rb,Isack,Hadjar,https://media.formula1.com/d_driver_fallback_image.png/content/dam/fom-website/drivers/I/ISAHAD01_Isack_Hadjar/isahad01.png.transform/1col/image.png,,,,0 days 00:01:28.278000,0 days 00:01:27.775000,0 days 00:01:27.569000,,,,
2025,Japanese Grand Prix,Qualifying,Lewis Hamilton,Ferrari,8.0,14.69529411764706,32.14117647058824,58.62352941176471,2.984705882352941,44,L HAMILTON,HAM,hamilton,E80020,ferrari,Lewis,Hamilton,https://media.formula1.com/d_driver_fallback_image.png/content/dam/fom-website/drivers/L/LEWHAM01_Lewis_Hamilton/lewham01.png.transform/1col/image.png,,,,0 days 00:01:27.942000,0 days 00:01:27.610000,0 days 00:01:27.610000,,,,
2025,Japanese Grand Prix,Qualifying,Alexander Albon,Williams,9.0,14.69529411764706,32.14117647058824,58.62352941176471,2.984705882352941,23,A ALBON,ALB,albon,64C4FF,williams,Alexander,Albon,https://media.formula1.com/d_driver_fallback_image.png/content/dam/fom-website/drivers/A/ALEALB01_Alexander_Albon/alealb01.png.transform/1col/image.png,,,,0 days 00:01:28.218000,0 days 00:01:27.783000,0 days 00:01:27.615000,,,,
2025,Japanese Grand Prix,Qualifying,Oliver Bearman,Haas F1 Team,10.0,14.69529411764706,32.14117647058824,58.62352941176471,2.984705882352941,87,O BEARMAN,BEA,bearman,B6BABD,haas,Oliver,Bearman,https://media.formula1.com/d_driver_fallback_image.png/content/dam/fom-website/drivers/O/OLIBEA01_Oliver_Bearman/olibea01.png.transform/1col/image.png,,,,0 days 00:01:28.228000,0 days 00:01:27.711000,0 days 00:01:27.867000,,,,
2025,Japanese Grand Prix,Qualifying,Pierre Gasly,Alpine,11.0,14.69529411764706,32.14117647058824,58.62352941176471,2.984705882352941,10,P GASLY,GAS,gasly,0093CC,alpine,Pierre,Gasly,https://media.formula1.com/d_driver_fallback_image.png/content/dam/fom-website/drivers/P/PIEGAS01_Pierre_Gasly/piegas01.png.transform/1col/image.png,,,,0 days 00:01:28.186000,0 days 00:01:27.822000,,,,,
2025,Japanese Grand Prix,Qualifying,Carlos Sainz,Williams,12.0,14.69529411764706,32.14117647058824,58.62352941176471,2.984705882352941,55,C SAINZ,SAI,sainz,64C4FF,williams,Carlos,Sainz,https://media.formula1.com/d_driver_fallback_image.png/content/dam/fom-website/drivers/C/CARSAI01_Carlos_Sainz/carsai01.png.transform/1col/image.png,,,,0 days 00:01:28.209000,0 days 00:01:27.836000,,,,,
2025,Japanese Grand Prix,Qualifying,Fernando Alonso,Aston Martin,13.0,14.69529411764706,32.14117647058824,58.62352941176471,2.984705882352941,14,F ALONSO,ALO,alonso,229971,aston_martin,Fernando,Alonso,https://media.formula1.com/d_driver_fallback_image.png/content/dam/fom-website/drivers/F/FERALO01_Fernando_Alonso/feralo01.png.transform/1col/image.png,,,,0 days 00:01:28.337000,0 days 00:01:27.897000,,,,,
2025,Japanese Grand Prix,Qualifying,Liam Lawson,Racing Bulls,14.0,14.69529411764706,32.14117647058824,58.62352941176471,2.984705882352941,30,L LAWSON,LAW,lawson,6692FF,rb,Liam,Lawson,https://media.formula1.com/d_driver_fallback_image.png/content/dam/fom-website/drivers/L/LIALAW01_Liam_Lawson/lialaw01.png.transform/1col/image.png,,,,0 days 00:01:28.554000,0 days 00:01:27.906000,,,,,
2025,Japanese Grand Prix,Qualifying,Yuki Tsunoda,Red Bull Racing,15.0,14.69529411764706,32.14117647058824,58.62352941176471,2.984705882352941,22,Y TSUNODA,TSU,tsunoda,3671C6,red_bull,Yuki,Tsunoda,https://media.formula1.com/d_driver_fallback_image.png/content/dam/fom-website/drivers/Y/YUKTSU01_Yuki_Tsunoda/yuktsu01.png.transform/1col/image.png,,,,0 days 00:01:27.967000,0 days 00:01:28,,,,,
2025,Japanese Grand Prix,Qualifying,Nico Hulkenberg,Kick Sauber,16.0,14.69529411764706,32.14117647058824,58.62352941176471,2.984705882352941,27,N HULKENBERG,HUL,hulkenberg,52E252,sauber,Nico,Hulkenberg,https://media.formula1.com/d_driver_fallback_image.png/content/dam/fom-website/drivers/N/NICHUL01_Nico_Hulkenberg/nichul01.png.transform/1col/image.png,,,,0 days 00:01:28.570000,,,,,,
2025,Japanese Grand Prix,Qualifying,Gabriel Bortoleto,Kick Sauber,17.0,14.69529411764706,32.14117647058824,58.62352941176471,2.984705882352941,5,G BORTOLETO,BOR,bortoleto,52E252,sauber,Gabriel,Bortoleto,https://media.formula1.com/d_driver_fallback_image.png/content/dam/fom-website/drivers/G/GABBOR01_Gabriel_Bortoleto/gabbor01.png.transform/1col/image.png,,,,0 days 00:01:28.622000,,,,,,
2025,Japanese Grand Prix,Qualifying,Esteban Ocon,Haas F1 Team,18.0,14.69529411764706,32.14117647058824,58.62352941176471,2.984705882352941,31,E OCON,OCO,ocon,B6BABD,haas,Esteban,Ocon,https://media.formula1.com/d_driver_fallback_image.png/content/dam/fom-website/drivers/E/ESTOCO01_Esteban_Ocon/estoco01.png.transform/1col/image.png,,,,0 days 00:01:28.696000,,,,,,
2025,Japanese Grand Prix,Qualifying,Jack Doohan,Alpine,19.0,14.69529411764706,32.14117647058824,58.62352941176471,2.984705882352941,7,J DOOHAN,DOO,doohan,0093CC,alpine,Jack,Doohan,https://media.formula1.com/d_driver_fallback_image.png/content/dam/fom-website/drivers/J/JACDOO01_Jack_Doohan/jacdoo01.png.transform/1col/image.png,,,,0 days 00:01:28.877000,,,,,,
2025,Japanese Grand Prix,Qualifying,Lance Stroll,Aston Martin,20.0,14.69529411764706,32.14117647058824,58.62352941176471,2.984705882352941,18,L STROLL,STR,stroll,229971,aston_martin,Lance,Stroll,https://media.formula1.com/d_driver_fallback_image.png/content/dam/fom-website/drivers/L/LANSTR01_Lance_Stroll/lanstr01.png.transform/1col/image.png,,,,0 days 00:01:29.271000,,,,,,
2025,Japanese Grand Prix,Practice 1,Max Verstappen,Red Bull Racing,,13.598765432098766,35.94197530864197,41.65432098765432,4.630864197530864,1,M VERSTAPPEN,VER,max_verstappen,3671C6,red_bull,Max,Verstappen,https://media.formula1.com/d_driver_fallback_image.png/content/dam/fom-website/drivers/M/MAXVER01_Max_Verstappen/maxver01.png.transform/1col/image.png,,,,,,,,,,
2025,Japanese Grand Prix,Practice 1,Lando Norris,McLaren,,13.598765432098766,35.94197530864197,41.65432098765432,4.630864197530864,4,L NORRIS,NOR,norris,FF8000,mclaren,Lando,Norris,https://media.formula1.com/d_driver_fallback_image.png/content/dam/fom-website/drivers/L/LANNOR01_Lando_Norris/lannor01.png.transform/1col/image.png,,,,,,,,,,
2025,Japanese Grand Prix,Practice 1,Gabriel Bortoleto,Kick Sauber,,13.598765432098766,35.94197530864197,41.65432098765432,4.630864197530864,5,G BORTOLETO,BOR,bortoleto,52E252,sauber,Gabriel,Bortoleto,https://media.formula1.com/d_driver_fallback_image.png/content/dam/fom-website/drivers/G/GABBOR01_Gabriel_Bortoleto/gabbor01.png.transform/1col/image.png,,,,,,,,,,
2025,Japanese Grand Prix,Practice 1,Isack Hadjar,Racing Bulls,,13.598765432098766,35.94197530864197,41.65432098765432,4.630864197530864,6,I HADJAR,HAD,hadjar,6692FF,rb,Isack,Hadjar,https://media.formula1.com/d_driver_fallback_image.png/content/dam/fom-website/drivers/I/ISAHAD01_Isack_Hadjar/isahad01.png.transform/1col/image.png,,,,,,,,,,
2025,Japanese Grand Prix,Practice 1,Pierre Gasly,Alpine,,13.598765432098766,35.94197530864197,41.65432098765432,4.630864197530864,10,P GASLY,GAS,gasly,0093CC,alpine,Pierre,Gasly,https://media.formula1.com/d_driver_fallback_image.png/content/dam/fom-website/drivers/P/PIEGAS01_Pierre_Gasly/piegas01.png.transform/1col/image.png,,,,,,,,,,
2025,Japanese Grand Prix,Practice 1,Kimi Antonelli,Mercedes,,13.598765432098766,35.94197530864197,41.65432098765432,4.630864197530864,12,K ANTONELLI,ANT,antonelli,27F4D2,mercedes,Kimi,Antonelli,https://media.formula1.com/d_driver_fallback_image.png/content/dam/fom-website/drivers/A/ANDANT01_Andrea%20Kimi_Antonelli/andant01.png.transform/1col/image.png,,,,,,,,,,
2025,Japanese Grand Prix,Practice 1,Fernando Alonso,Aston Martin,,13.598765432098766,35.94197530864197,41.65432098765432,4.630864197530864,14,F ALONSO,ALO,alonso,229971,aston_martin,Fernando,Alonso,https://media.formula1.com/d_driver_fallback_image.png/content/dam/fom-website/drivers/F/FERALO01_Fernando_Alonso/feralo01.png.transform/1col/image.png,,,,,,,,,,
2025,Japanese Grand Prix,Practice 1,Charles Leclerc,Ferrari,,13.598765432098766,35.94197530864197,41.65432098765432,4.630864197530864,16,C LECLERC,LEC,leclerc,E80020,ferrari,Charles,Leclerc,https://media.formula1.com/d_driver_fallback_image.png/content/dam/fom-website/drivers/C/CHALEC01_Charles_Leclerc/chalec01.png.transform/1col/image.png,,,,,,,,,,
2025,Japanese Grand Prix,Practice 1,Lance Stroll,Aston Martin,,13.598765432098766,35.94197530864197,41.65432098765432,4.630864197530864,18,L STROLL,STR,stroll,229971,aston_martin,Lance,Stroll,https://media.formula1.com/d_driver_fallback_image.png/content/dam/fom-website/drivers/L/LANSTR01_Lance_Stroll/lanstr01.png.transform/1col/image.png,,,,,,,,,,
2025,Japanese Grand Prix,Practice 1,Yuki Tsunoda,Red Bull Racing,,13.598765432098766,35.94197530864197,41.65432098765432,4.630864197530864,22,Y TSUNODA,TSU,tsunoda,3671C6,red_bull,Yuki,Tsunoda,https://media.formula1.com/d_driver_fallback_image.png/content/dam/fom-website/drivers/Y/YUKTSU01_Yuki_Tsunoda/yuktsu01.png.transform/1col/image.png,,,,,,,,,,
2025,Japanese Grand Prix,Practice 1,Alexander Albon,Williams,,13.598765432098766,35.94197530864197,41.65432098765432,4.630864197530864,23,A ALBON,ALB,albon,64C4FF,williams,Alexander,Albon,https://media.formula1.com/d_driver_fallback_image.png/content/dam/fom-website/drivers/A/ALEALB01_Alexander_Albon/alealb01.png.transform/1col/image.png,,,,,,,,,,
2025,Japanese Grand Prix,Practice 1,Nico Hulkenberg,Kick Sauber,,13.598765432098766,35.94197530864197,41.65432098765432,4.630864197530864,27,N HULKENBERG,HUL,hulkenberg,52E252,sauber,Nico,Hulkenberg,https://media.formula1.com/d_driver_fallback_image.png/content/dam/fom-website/drivers/N/NICHUL01_Nico_Hulkenberg/nichul01.png.transform/1col/image.png,,,,,,,,,,
2025,Japanese Grand Prix,Practice 1,Liam Lawson,Racing Bulls,,13.598765432098766,35.94197530864197,41.65432098765432,4.630864197530864,30,L LAWSON,LAW,lawson,6692FF,rb,Liam,Lawson,https://media.formula1.com/d_driver_fallback_image.png/content/dam/fom-website/drivers/L/LIALAW01_Liam_Lawson/lialaw01.png.transform/1col/image.png,,,,,,,,,,
2025,Japanese Grand Prix,Practice 1,Esteban Ocon,Haas F1 Team,,13.598765432098766,35.94197530864197,41.65432098765432,4.630864197530864,31,E OCON,OCO,ocon,B6BABD,haas,Esteban,Ocon,https://media.formula1.com/d_driver_fallback_image.png/content/dam/fom-website/drivers/E/ESTOCO01_Esteban_Ocon/estoco01.png.transform/1col/image.png,,,,,,,,,,
2025,Japanese Grand Prix,Practice 1,Lewis Hamilton,Ferrari,,13.598765432098766,35.94197530864197,41.65432098765432,4.630864197530864,44,L HAMILTON,HAM,hamilton,E80020,ferrari,Lewis,Hamilton,https://media.formula1.com/d_driver_fallback_image.png/content/dam/fom-website/drivers/L/LEWHAM01_Lewis_Hamilton/lewham01.png.transform/1col/image.png,,,,,,,,,,
2025,Japanese Grand Prix,Practice 1,Carlos Sainz,Williams,,13.598765432098766,35.94197530864197,41.65432098765432,4.630864197530864,55,C SAINZ,SAI,sainz,64C4FF,williams,Carlos,Sainz,https://media.formula1.com/d_driver_fallback_image.png/content/dam/fom-website/drivers/C/CARSAI01_Carlos_Sainz/carsai01.png.transform/1col/image.png,,,,,,,,,,
2025,Japanese Grand Prix,Practice 1,Ryo Hirakawa,Alpine,,13.598765432098766,35.94197530864197,41.65432098765432,4.630864197530864,62,R HIRAKAWA,HIR,nan,0093CC,nan,Ryo,Hirakawa,None,,,,,,,,,,
2025,Japanese Grand Prix,Practice 1,George Russell,Mercedes,,13.598765432098766,35.94197530864197,41.65432098765432,4.630864197530864,63,G RUSSELL,RUS,russell,27F4D2,mercedes,George,Russell,https://media.formula1.com/d_driver_fallback_image.png/content/dam/fom-website/drivers/G/GEORUS01_George_Russell/georus01.png.transform/1col/image.png,,,,,,,,,,
2025,Japanese Grand Prix,Practice 1,Oscar Piastri,McLaren,,13.598765432098766,35.94197530864197,41.65432098765432,4.630864197530864,81,O PIASTRI,PIA,piastri,FF8000,mclaren,Oscar,Piastri,https://media.formula1.com/d_driver_fallback_image.png/content/dam/fom-website/drivers/O/OSCPIA01_Oscar_Piastri/oscpia01.png.transform/1col/image.png,,,,,,,,,,
2025,Japanese Grand Prix,Practice 1,Oliver Bearman,Haas F1 Team,,13.598765432098766,35.94197530864197,41.65432098765432,4.630864197530864,87,O BEARMAN,BEA,bearman,B6BABD,haas,Oliver,Bearman,https://media.formula1.com/d_driver_fallback_image.png/content/dam/fom-website/drivers/O/OLIBEA01_Oliver_Bearman/olibea01.png.transform/1col/image.png,,,,,,,,,,
2025,Japanese Grand Prix,Practice 2,Max Verstappen,Red Bull Racing,,13.586666666666666,32.65733333333333,42.13333333333333,5.221333333333335,1,M VERSTAPPEN,VER,max_verstappen,3671C6,red_bull,Max,Verstappen,https://media.formula1.com/d_driver_fallback_image.png/content/dam/fom-website/drivers/M/MAXVER01_Max_Verstappen/maxver01.png.transform/1col/image.png,,,,,,,,,,
2025,Japanese Grand Prix,Practice 2,Lando Norris,McLaren,,13.586666666666666,32.65733333333333,42.13333333333333,5.221333333333335,4,L NORRIS,NOR,norris,FF8000,mclaren,Lando,Norris,https://media.formula1.com/d_driver_fallback_image.png/content/dam/fom-website/drivers/L/LANNOR01_Lando_Norris/lannor01.png.transform/1col/image.png,,,,,,,,,,
2025,Japanese Grand Prix,Practice 2,Gabriel Bortoleto,Kick Sauber,,13.586666666666666,32.65733333333333,42.13333333333333,5.221333333333335,5,G BORTOLETO,BOR,bortoleto,52E252,sauber,Gabriel,Bortoleto,https://media.formula1.com/d_driver_fallback_image.png/content/dam/fom-website/drivers/G/GABBOR01_Gabriel_Bortoleto/gabbor01.png.transform/1col/image.png,,,,,,,,,,
2025,Japanese Grand Prix,Practice 2,Isack Hadjar,Racing Bulls,,13.586666666666666,32.65733333333333,42.13333333333333,5.221333333333335,6,I HADJAR,HAD,hadjar,6692FF,rb,Isack,Hadjar,https://media.formula1.com/d_driver_fallback_image.png/content/dam/fom-website/drivers/I/ISAHAD01_Isack_Hadjar/isahad01.png.transform/1col/image.png,,,,,,,,,,
2025,Japanese Grand Prix,Practice 2,Jack Doohan,Alpine,,13.586666666666666,32.65733333333333,42.13333333333333,5.221333333333335,7,J DOOHAN,DOO,doohan,0093CC,alpine,Jack,Doohan,https://media.formula1.com/d_driver_fallback_image.png/content/dam/fom-website/drivers/J/JACDOO01_Jack_Doohan/jacdoo01.png.transform/1col/image.png,,,,,,,,,,
2025,Japanese Grand Prix,Practice 2,Pierre Gasly,Alpine,,13.586666666666666,32.65733333333333,42.13333333333333,5.221333333333335,10,P GASLY,GAS,gasly,0093CC,alpine,Pierre,Gasly,https://media.formula1.com/d_driver_fallback_image.png/content/dam/fom-website/drivers/P/PIEGAS01_Pierre_Gasly/piegas01.png.transform/1col/image.png,,,,,,,,,,
2025,Japanese Grand Prix,Practice 2,Kimi Antonelli,Mercedes,,13.586666666666666,32.65733333333333,42.13333333333333,5.221333333333335,12,K ANTONELLI,ANT,antonelli,27F4D2,mercedes,Kimi,Antonelli,https://media.formula1.com/d_driver_fallback_image.png/content/dam/fom-website/drivers/A/ANDANT01_Andrea%20Kimi_Antonelli/andant01.png.transform/1col/image.png,,,,,,,,,,
2025,Japanese Grand Prix,Practice 2,Fernando Alonso,Aston Martin,,13.586666666666666,32.65733333333333,42.13333333333333,5.221333333333335,14,F ALONSO,ALO,alonso,229971,aston_martin,Fernando,Alonso,https://media.formula1.com/d_driver_fallback_image.png/content/dam/fom-website/drivers/F/FERALO01_Fernando_Alonso/feralo01.png.transform/1col/image.png,,,,,,,,,,
2025,Japanese Grand Prix,Practice 2,Charles Leclerc,Ferrari,,13.586666666666666,32.65733333333333,42.13333333333333,5.221333333333335,16,C LECLERC,LEC,leclerc,E80020,ferrari,Charles,Leclerc,https://media.formula1.com/d_driver_fallback_image.png/content/dam/fom-website/drivers/C/CHALEC01_Charles_Leclerc/chalec01.png.transform/1col/image.png,,,,,,,,,,
2025,Japanese Grand Prix,Practice 2,Lance Stroll,Aston Martin,,13.586666666666666,32.65733333333333,42.13333333333333,5.221333333333335,18,L STROLL,STR,stroll,229971,aston_martin,Lance,Stroll,https://media.formula1.com/d_driver_fallback_image.png/content/dam/fom-website/drivers/L/LANSTR01_Lance_Stroll/lanstr01.png.transform/1col/image.png,,,,,,,,,,
2025,Japanese Grand Prix,Practice 2,Yuki Tsunoda,Red Bull Racing,,13.586666666666666,32.65733333333333,42.13333333333333,5.221333333333335,22,Y TSUNODA,TSU,tsunoda,3671C6,red_bull,Yuki,Tsunoda,https://media.formula1.com/d_driver_fallback_image.png/content/dam/fom-website/drivers/Y/YUKTSU01_Yuki_Tsunoda/yuktsu01.png.transform/1col/image.png,,,,,,,,,,
2025,Japanese Grand Prix,Practice 2,Alexander Albon,Williams,,13.586666666666666,32.65733333333333,42.13333333333333,5.221333333333335,23,A ALBON,ALB,albon,64C4FF,williams,Alexander,Albon,https://media.formula1.com/d_driver_fallback_image.png/content/dam/fom-website/drivers/A/ALEALB01_Alexander_Albon/alealb01.png.transform/1col/image.png,,,,,,,,,,
2025,Japanese Grand Prix,Practice 2,Nico Hulkenberg,Kick Sauber,,13.586666666666666,32.65733333333333,42.13333333333333,5.221333333333335,27,N HULKENBERG,HUL,hulkenberg,52E252,sauber,Nico,Hulkenberg,https://media.formula1.com/d_driver_fallback_image.png/content/dam/fom-website/drivers/N/NICHUL01_Nico_Hulkenberg/nichul01.png.transform/1col/image.png,,,,,,,,,,
2025,Japanese Grand Prix,Practice 2,Liam Lawson,Racing Bulls,,13.586666666666666,32.65733333333333,42.13333333333333,5.221333333333335,30,L LAWSON,LAW,lawson,6692FF,rb,Liam,Lawson,https://media.formula1.com/d_driver_fallback_image.png/content/dam/fom-website/drivers/L/LIALAW01_Liam_Lawson/lialaw01.png.transform/1col/image.png,,,,,,,,,,
2025,Japanese Grand Prix,Practice 2,Esteban Ocon,Haas F1 Team,,13.586666666666666,32.65733333333333,42.13333333333333,5.221333333333335,31,E OCON,OCO,ocon,B6BABD,haas,Esteban,Ocon,https://media.formula1.com/d_driver_fallback_image.png/content/dam/fom-website/drivers/E/ESTOCO01_Esteban_Ocon/estoco01.png.transform/1col/image.png,,,,,,,,,,
2025,Japanese Grand Prix,Practice 2,Lewis Hamilton,Ferrari,,13.586666666666666,32.65733333333333,42.13333333333333,5.221333333333335,44,L HAMILTON,HAM,hamilton,E80020,ferrari,Lewis,Hamilton,https://media.formula1.com/d_driver_fallback_image.png/content/dam/fom-website/drivers/L/LEWHAM01_Lewis_Hamilton/lewham01.png.transform/1col/image.png,,,,,,,,,,
2025,Japanese Grand Prix,Practice 2,Carlos Sainz,Williams,,13.586666666666666,32.65733333333333,42.13333333333333,5.221333333333335,55,C SAINZ,SAI,sainz,64C4FF,williams,Carlos,Sainz,https://media.formula1.com/d_driver_fallback_image.png/content/dam/fom-website/drivers/C/CARSAI01_Carlos_Sainz/carsai01.png.transform/1col/image.png,,,,,,,,,,
2025,Japanese Grand Prix,Practice 2,George Russell,Mercedes,,13.586666666666666,32.65733333333333,42.13333333333333,5.221333333333335,63,G RUSSELL,RUS,russell,27F4D2,mercedes,George,Russell,https://media.formula1.com/d_driver_fallback_image.png/content/dam/fom-website/drivers/G/GEORUS01_George_Russell/georus01.png.transform/1col/image.png,,,,,,,,,,
2025,Japanese Grand Prix,Practice 2,Oscar Piastri,McLaren,,13.586666666666666,32.65733333333333,42.13333333333333,5.221333333333335,81,O PIASTRI,PIA,piastri,FF8000,mclaren,Oscar,Piastri,https://media.formula1.com/d_driver_fallback_image.png/content/dam/fom-website/drivers/O/OSCPIA01_Oscar_Piastri/oscpia01.png.transform/1col/image.png,,,,,,,,,,
2025,Japanese Grand Prix,Practice 2,Oliver Bearman,Haas F1 Team,,13.586666666666666,32.65733333333333,42.13333333333333,5.221333333333335,87,O BEARMAN,BEA,bearman,B6BABD,haas,Oliver,Bearman,https://media.formula1.com/d_driver_fallback_image.png/content/dam/fom-website/drivers/O/OLIBEA01_Oliver_Bearman/olibea01.png.transform/1col/image.png,,,,,,,,,,
2025,Japanese Grand Prix,Practice 3,Max Verstappen,Red Bull Racing,,14.227999999999998,38.547999999999995,38.16,3.3240000000000007,1,M VERSTAPPEN,VER,max_verstappen,3671C6,red_bull,Max,Verstappen,https://media.formula1.com/d_driver_fallback_image.png/content/dam/fom-website/drivers/M/MAXVER01_Max_Verstappen/maxver01.png.transform/1col/image.png,,,,,,,,,,
2025,Japanese Grand Prix,Practice 3,Lando Norris,McLaren,,14.227999999999998,38.547999999999995,38.16,3.3240000000000007,4,L NORRIS,NOR,norris,FF8000,mclaren,Lando,Norris,https://media.formula1.com/d_driver_fallback_image.png/content/dam/fom-website/drivers/L/LANNOR01_Lando_Norris/lannor01.png.transform/1col/image.png,,,,,,,,,,
2025,Japanese Grand Prix,Practice 3,Gabriel Bortoleto,Kick Sauber,,14.227999999999998,38.547999999999995,38.16,3.3240000000000007,5,G BORTOLETO,BOR,bortoleto,52E252,sauber,Gabriel,Bortoleto,https://media.formula1.com/d_driver_fallback_image.png/content/dam/fom-website/drivers/G/GABBOR01_Gabriel_Bortoleto/gabbor01.png.transform/1col/image.png,,,,,,,,,,
2025,Japanese Grand Prix,Practice 3,Isack Hadjar,Racing Bulls,,14.227999999999998,38.547999999999995,38.16,3.3240000000000007,6,I HADJAR,HAD,hadjar,6692FF,rb,Isack,Hadjar,https://media.formula1.com/d_driver_fallback_image.png/content/dam/fom-website/drivers/I/ISAHAD01_Isack_Hadjar/isahad01.png.transform/1col/image.png,,,,,,,,,,
2025,Japanese Grand Prix,Practice 3,Jack Doohan,Alpine,,14.227999999999998,38.547999999999995,38.16,3.3240000000000007,7,J DOOHAN,DOO,doohan,0093CC,alpine,Jack,Doohan,https://media.formula1.com/d_driver_fallback_image.png/content/dam/fom-website/drivers/J/JACDOO01_Jack_Doohan/jacdoo01.png.transform/1col/image.png,,,,,,,,,,
2025,Japanese Grand Prix,Practice 3,Pierre Gasly,Alpine,,14.227999999999998,38.547999999999995,38.16,3.3240000000000007,10,P GASLY,GAS,gasly,0093CC,alpine,Pierre,Gasly,https://media.formula1.com/d_driver_fallback_image.png/content/dam/fom-website/drivers/P/PIEGAS01_Pierre_Gasly/piegas01.png.transform/1col/image.png,,,,,,,,,,
2025,Japanese Grand Prix,Practice 3,Kimi Antonelli,Mercedes,,14.227999999999998,38.547999999999995,38.16,3.3240000000000007,12,K ANTONELLI,ANT,antonelli,27F4D2,mercedes,Kimi,Antonelli,https://media.formula1.com/d_driver_fallback_image.png/content/dam/fom-website/drivers/A/ANDANT01_Andrea%20Kimi_Antonelli/andant01.png.transform/1col/image.png,,,,,,,,,,
2025,Japanese Grand Prix,Practice 3,Fernando Alonso,Aston Martin,,14.227999999999998,38.547999999999995,38.16,3.3240000000000007,14,F ALONSO,ALO,alonso,229971,aston_martin,Fernando,Alonso,https://media.formula1.com/d_driver_fallback_image.png/content/dam/fom-website/drivers/F/FERALO01_Fernando_Alonso/feralo01.png.transform/1col/image.png,,,,,,,,,,
2025,Japanese Grand Prix,Practice 3,Charles Leclerc,Ferrari,,14.227999999999998,38.547999999999995,38.16,3.3240000000000007,16,C LECLERC,LEC,leclerc,E80020,ferrari,Charles,Leclerc,https://media.formula1.com/d_driver_fallback_image.png/content/dam/fom-website/drivers/C/CHALEC01_Charles_Leclerc/chalec01.png.transform/1col/image.png,,,,,,,,,,
2025,Japanese Grand Prix,Practice 3,Lance Stroll,Aston Martin,,14.227999999999998,38.547999999999995,38.16,3.3240000000000007,18,L STROLL,STR,stroll,229971,aston_martin,Lance,Stroll,https://media.formula1.com/d_driver_fallback_image.png/content/dam/fom-website/drivers/L/LANSTR01_Lance_Stroll/lanstr01.png.transform/1col/image.png,,,,,,,,,,
2025,Japanese Grand Prix,Practice 3,Yuki Tsunoda,Red Bull Racing,,14.227999999999998,38.547999999999995,38.16,3.3240000000000007,22,Y TSUNODA,TSU,tsunoda,3671C6,red_bull,Yuki,Tsunoda,https://media.formula1.com/d_driver_fallback_image.png/content/dam/fom-website/drivers/Y/YUKTSU01_Yuki_Tsunoda/yuktsu01.png.transform/1col/image.png,,,,,,,,,,
2025,Japanese Grand Prix,Practice 3,Alexander Albon,Williams,,14.227999999999998,38.547999999999995,38.16,3.3240000000000007,23,A ALBON,ALB,albon,64C4FF,williams,Alexander,Albon,https://media.formula1.com/d_driver_fallback_image.png/content/dam/fom-website/drivers/A/ALEALB01_Alexander_Albon/alealb01.png.transform/1col/image.png,,,,,,,,,,
2025,Japanese Grand Prix,Practice 3,Nico Hulkenberg,Kick Sauber,,14.227999999999998,38.547999999999995,38.16,3.3240000000000007,27,N HULKENBERG,HUL,hulkenberg,52E252,sauber,Nico,Hulkenberg,https://media.formula1.com/d_driver_fallback_image.png/content/dam/fom-website/drivers/N/NICHUL01_Nico_Hulkenberg/nichul01.png.transform/1col/image.png,,,,,,,,,,
2025,Japanese Grand Prix,Practice 3,Liam Lawson,Racing Bulls,,14.227999999999998,38.547999999999995,38.16,3.3240000000000007,30,L LAWSON,LAW,lawson,6692FF,rb,Liam,Lawson,https://media.formula1.com/d_driver_fallback_image.png/content/dam/fom-website/drivers/L/LIALAW01_Liam_Lawson/lialaw01.png.transform/1col/image.png,,,,,,,,,,
2025,Japanese Grand Prix,Practice 3,Esteban Ocon,Haas F1 Team,,14.227999999999998,38.547999999999995,38.16,3.3240000000000007,31,E OCON,OCO,ocon,B6BABD,haas,Esteban,Ocon,https://media.formula1.com/d_driver_fallback_image.png/content/dam/fom-website/drivers/E/ESTOCO01_Esteban_Ocon/estoco01.png.transform/1col/image.png,,,,,,,,,,
2025,Japanese Grand Prix,Practice 3,Lewis Hamilton,Ferrari,,14.227999999999998,38.547999999999995,38.16,3.3240000000000007,44,L HAMILTON,HAM,hamilton,E80020,ferrari,Lewis,Hamilton,https://media.formula1.com/d_driver_fallback_image.png/content/dam/fom-website/drivers/L/LEWHAM01_Lewis_Hamilton/lewham01.png.transform/1col/image.png,,,,,,,,,,
2025,Japanese Grand Prix,Practice 3,Carlos Sainz,Williams,,14.227999999999998,38.547999999999995,38.16,3.3240000000000007,55,C SAINZ,SAI,sainz,64C4FF,williams,Carlos,Sainz,https://media.formula1.com/d_driver_fallback_image.png/content/dam/fom-website/drivers/C/CARSAI01_Carlos_Sainz/carsai01.png.transform/1col/image.png,,,,,,,,,,
2025,Japanese Grand Prix,Practice 3,George Russell,Mercedes,,14.227999999999998,38.547999999999995,38.16,3.3240000000000007,63,G RUSSELL,RUS,russell,27F4D2,mercedes,George,Russell,https://media.formula1.com/d_driver_fallback_image.png/content/dam/fom-website/drivers/G/GEORUS01_George_Russell/georus01.png.transform/1col/image.png,,,,,,,,,,
2025,Japanese Grand Prix,Practice 3,Oscar Piastri,McLaren,,14.227999999999998,38.547999999999995,38.16,3.3240000000000007,81,O PIASTRI,PIA,piastri,FF8000,mclaren,Oscar,Piastri,https://media.formula1.com/d_driver_fallback_image.png/content/dam/fom-website/drivers/O/OSCPIA01_Oscar_Piastri/oscpia01.png.transform/1col/image.png,,,,,,,,,,
2025,Japanese Grand Prix,Practice 3,Oliver Bearman,Haas F1 Team,,14.227999999999998,38.547999999999995,38.16,3.3240000000000007,87,O BEARMAN,BEA,bearman,B6BABD,haas,Oliver,Bearman,https://media.formula1.com/d_driver_fallback_image.png/content/dam/fom-website/drivers/O/OLIBEA01_Oliver_Bearman/olibea01.png.transform/1col/image.png,,,,,,,,,,
2025,Bahrain Grand Prix,Race,Oscar Piastri,McLaren,1.0,27.052531645569626,31.870253164556964,45.32911392405063,2.1056962025316457,81,O PIASTRI,PIA,piastri,FF8000,mclaren,Oscar,Piastri,https://media.formula1.com/d_driver_fallback_image.png/content/dam/fom-website/drivers/O/OSCPIA01_Oscar_Piastri/oscpia01.png.transform/1col/image.png,,1,1.0,,,,0 days 01:35:39.435000,Finished,25.0,57.0
2025,Bahrain Grand Prix,Race,George Russell,Mercedes,2.0,27.052531645569626,31.870253164556964,45.32911392405063,2.1056962025316457,63,G RUSSELL,RUS,russell,27F4D2,mercedes,George,Russell,https://media.formula1.com/d_driver_fallback_image.png/content/dam/fom-website/drivers/G/GEORUS01_George_Russell/georus01.png.transform/1col/image.png,,2,3.0,,,,0 days 00:00:15.499000,Finished,18.0,57.0
2025,Bahrain Grand Prix,Race,Lando Norris,McLaren,3.0,27.052531645569626,31.870253164556964,45.32911392405063,2.1056962025316457,4,L NORRIS,NOR,norris,FF8000,mclaren,Lando,Norris,https://media.formula1.com/d_driver_fallback_image.png/content/dam/fom-website/drivers/L/LANNOR01_Lando_Norris/lannor01.png.transform/1col/image.png,,3,6.0,,,,0 days 00:00:16.273000,Finished,15.0,57.0
2025,Bahrain Grand Prix,Race,Charles Leclerc,Ferrari,4.0,27.052531645569626,31.870253164556964,45.32911392405063,2.1056962025316457,16,C LECLERC,LEC,leclerc,E80020,ferrari,Charles,Leclerc,https://media.formula1.com/d_driver_fallback_image.png/content/dam/fom-website/drivers/C/CHALEC01_Charles_Leclerc/chalec01.png.transform/1col/image.png,,4,2.0,,,,0 days 00:00:19.679000,Finished,12.0,57.0
2025,Bahrain Grand Prix,Race,Lewis Hamilton,Ferrari,5.0,27.052531645569626,31.870253164556964,45.32911392405063,2.1056962025316457,44,L HAMILTON,HAM,hamilton,E80020,ferrari,Lewis,Hamilton,https://media.formula1.com/d_driver_fallback_image.png/content/dam/fom-website/drivers/L/LEWHAM01_Lewis_Hamilton/lewham01.png.transform/1col/image.png,,5,9.0,,,,0 days 00:00:27.993000,Finished,10.0,57.0
2025,Bahrain Grand Prix,Race,Max Verstappen,Red Bull Racing,6.0,27.052531645569626,31.870253164556964,45.32911392405063,2.1056962025316457,1,M VERSTAPPEN,VER,max_verstappen,3671C6,red_bull,Max,Verstappen,https://media.formula1.com/d_driver_fallback_image.png/content/dam/fom-website/drivers/M/MAXVER01_Max_Verstappen/maxver01.png.transform/1col/image.png,,6,7.0,,,,0 days 00:00:34.395000,Finished,8.0,57.0
2025,Bahrain Grand Prix,Race,Pierre Gasly,Alpine,7.0,27.052531645569626,31.870253164556964,45.32911392405063,2.1056962025316457,10,P GASLY,GAS,gasly,0093CC,alpine,Pierre,Gasly,https://media.formula1.com/d_driver_fallback_image.png/content/dam/fom-website/drivers/P/PIEGAS01_Pierre_Gasly/piegas01.png.transform/1col/image.png,,7,4.0,,,,0 days 00:00:36.002000,Finished,6.0,57.0
2025,Bahrain Grand Prix,Race,Esteban Ocon,Haas F1 Team,8.0,27.052531645569626,31.870253164556964,45.32911392405063,2.1056962025316457,31,E OCON,OCO,ocon,B6BABD,haas,Esteban,Ocon,https://media.formula1.com/d_driver_fallback_image.png/content/dam/fom-website/drivers/E/ESTOCO01_Esteban_Ocon/estoco01.png.transform/1col/image.png,,8,14.0,,,,0 days 00:00:44.244000,Finished,4.0,57.0
2025,Bahrain Grand Prix,Race,Yuki Tsunoda,Red Bull Racing,9.0,27.052531645569626,31.870253164556964,45.32911392405063,2.1056962025316457,22,Y TSUNODA,TSU,tsunoda,3671C6,red_bull,Yuki,Tsunoda,https://media.formula1.com/d_driver_fallback_image.png/content/dam/fom-website/drivers/Y/YUKTSU01_Yuki_Tsunoda/yuktsu01.png.transform/1col/image.png,,9,10.0,,,,0 days 00:00:45.061000,Finished,2.0,57.0
2025,Bahrain Grand Prix,Race,Oliver Bearman,Haas F1 Team,10.0,27.052531645569626,31.870253164556964,45.32911392405063,2.1056962025316457,87,O BEARMAN,BEA,bearman,B6BABD,haas,Oliver,Bearman,https://media.formula1.com/d_driver_fallback_image.png/content/dam/fom-website/drivers/O/OLIBEA01_Oliver_Bearman/olibea01.png.transform/1col/image.png,,10,20.0,,,,0 days 00:00:47.594000,Finished,1.0,57.0
2025,Bahrain Grand Prix,Race,Kimi Antonelli,Mercedes,11.0,27.052531645569626,31.870253164556964,45.32911392405063,2.1056962025316457,12,K ANTONELLI,ANT,antonelli,27F4D2,mercedes,Kimi,Antonelli,https://media.formula1.com/d_driver_fallback_image.png/content/dam/fom-website/drivers/A/ANDANT01_Andrea%20Kimi_Antonelli/andant01.png.transform/1col/image.png,,11,5.0,,,,0 days 00:00:48.016000,Finished,0.0,57.0
2025,Bahrain Grand Prix,Race,Alexander Albon,Williams,12.0,27.052531645569626,31.870253164556964,45.32911392405063,2.1056962025316457,23,A ALBON,ALB,albon,64C4FF,williams,Alexander,Albon,https://media.formula1.com/d_driver_fallback_image.png/content/dam/fom-website/drivers/A/ALEALB01_Alexander_Albon/alealb01.png.transform/1col/image.png,,12,15.0,,,,0 days 00:00:48.839000,Finished,0.0,57.0
2025,Bahrain Grand Prix,Race,Isack Hadjar,Racing Bulls,13.0,27.052531645569626,31.870253164556964,45.32911392405063,2.1056962025316457,6,I HADJAR,HAD,hadjar,6692FF,rb,Isack,Hadjar,https://media.formula1.com/d_driver_fallback_image.png/content/dam/fom-website/drivers/I/ISAHAD01_Isack_Hadjar/isahad01.png.transform/1col/image.png,,13,12.0,,,,0 days 00:00:56.314000,Finished,0.0,57.0
2025,Bahrain Grand Prix,Race,Jack Doohan,Alpine,14.0,27.052531645569626,31.870253164556964,45.32911392405063,2.1056962025316457,7,J DOOHAN,DOO,doohan,0093CC,alpine,Jack,Doohan,https://media.formula1.com/d_driver_fallback_image.png/content/dam/fom-website/drivers/J/JACDOO01_Jack_Doohan/jacdoo01.png.transform/1col/image.png,,14,11.0,,,,0 days 00:00:57.806000,Finished,0.0,57.0
2025,Bahrain Grand Prix,Race,Fernando Alonso,Aston Martin,15.0,27.052531645569626,31.870253164556964,45.32911392405063,2.1056962025316457,14,F ALONSO,ALO,alonso,229971,aston_martin,Fernando,Alonso,https://media.formula1.com/d_driver_fallback_image.png/content/dam/fom-website/drivers/F/FERALO01_Fernando_Alonso/feralo01.png.transform/1col/image.png,,15,13.0,,,,0 days 00:01:00.340000,Finished,0.0,57.0
2025,Bahrain Grand Prix,Race,Liam Lawson,Racing Bulls,16.0,27.052531645569626,31.870253164556964,45.32911392405063,2.1056962025316457,30,L LAWSON,LAW,lawson,6692FF,rb,Liam,Lawson,https://media.formula1.com/d_driver_fallback_image.png/content/dam/fom-website/drivers/L/LIALAW01_Liam_Lawson/lialaw01.png.transform/1col/image.png,,16,17.0,,,,0 days 00:01:04.435000,Finished,0.0,57.0
2025,Bahrain Grand Prix,Race,Lance Stroll,Aston Martin,17.0,27.052531645569626,31.870253164556964,45.32911392405063,2.1056962025316457,18,L STROLL,STR,stroll,229971,aston_martin,Lance,Stroll,https://media.formula1.com/d_driver_fallback_image.png/content/dam/fom-website/drivers/L/LANSTR01_Lance_Stroll/lanstr01.png.transform/1col/image.png,,17,19.0,,,,0 days 00:01:05.489000,Finished,0.0,57.0
2025,Bahrain Grand Prix,Race,Gabriel Bortoleto,Kick Sauber,18.0,27.052531645569626,31.870253164556964,45.32911392405063,2.1056962025316457,5,G BORTOLETO,BOR,bortoleto,52E252,sauber,Gabriel,Bortoleto,https://media.formula1.com/d_driver_fallback_image.png/content/dam/fom-website/drivers/G/GABBOR01_Gabriel_Bortoleto/gabbor01.png.transform/1col/image.png,,18,18.0,,,,0 days 00:01:06.872000,Finished,0.0,57.0
2025,Bahrain Grand Prix,Race,Carlos Sainz,Williams,19.0,27.052531645569626,31.870253164556964,45.32911392405063,2.1056962025316457,55,C SAINZ,SAI,sainz,64C4FF,williams,Carlos,Sainz,https://media.formula1.com/d_driver_fallback_image.png/content/dam/fom-website/drivers/C/CARSAI01_Carlos_Sainz/carsai01.png.transform/1col/image.png,,R,8.0,,,,,Retired,0.0,45.0
2025,Bahrain Grand Prix,Race,Nico Hulkenberg,Kick Sauber,20.0,27.052531645569626,31.870253164556964,45.32911392405063,2.1056962025316457,27,N HULKENBERG,HUL,hulkenberg,52E252,sauber,Nico,Hulkenberg,https://media.formula1.com/d_driver_fallback_image.png/content/dam/fom-website/drivers/N/NICHUL01_Nico_Hulkenberg/nichul01.png.transform/1col/image.png,,D,16.0,,,,,Disqualified,0.0,0.0
2025,Bahrain Grand Prix,Qualifying,Oscar Piastri,McLaren,1.0,26.296551724137935,30.89425287356321,57.11494252873563,3.1321839080459766,81,O PIASTRI,PIA,piastri,FF8000,mclaren,Oscar,Piastri,https://media.formula1.com/d_driver_fallback_image.png/content/dam/fom-website/drivers/O/OSCPIA01_Oscar_Piastri/oscpia01.png.transform/1col/image.png,,,,0 days 00:01:31.392000,0 days 00:01:30.454000,0 days 00:01:29.841000,,,,
2025,Bahrain Grand Prix,Qualifying,George Russell,Mercedes,2.0,26.296551724137935,30.89425287356321,57.11494252873563,3.1321839080459766,63,G RUSSELL,RUS,russell,27F4D2,mercedes,George,Russell,https://media.formula1.com/d_driver_fallback_image.png/content/dam/fom-website/drivers/G/GEORUS01_George_Russell/georus01.png.transform/1col/image.png,,,,0 days 00:01:31.494000,0 days 00:01:30.664000,0 days 00:01:30.009000,,,,
2025,Bahrain Grand Prix,Qualifying,Charles Leclerc,Ferrari,3.0,26.296551724137935,30.89425287356321,57.11494252873563,3.1321839080459766,16,C LECLERC,LEC,leclerc,E80020,ferrari,Charles,Leclerc,https://media.formula1.com/d_driver_fallback_image.png/content/dam/fom-website/drivers/C/CHALEC01_Charles_Leclerc/chalec01.png.transform/1col/image.png,,,,0 days 00:01:31.454000,0 days 00:01:30.724000,0 days 00:01:30.175000,,,,
2025,Bahrain Grand Prix,Qualifying,Kimi Antonelli,Mercedes,4.0,26.296551724137935,30.89425287356321,57.11494252873563,3.1321839080459766,12,K ANTONELLI,ANT,antonelli,27F4D2,mercedes,Kimi,Antonelli,https://media.formula1.com/d_driver_fallback_image.png/content/dam/fom-website/drivers/A/ANDANT01_Andrea%20Kimi_Antonelli/andant01.png.transform/1col/image.png,,,,0 days 00:01:31.415000,0 days 00:01:30.716000,0 days 00:01:30.213000,,,,
2025,Bahrain Grand Prix,Qualifying,Pierre Gasly,Alpine,5.0,26.296551724137935,30.89425287356321,57.11494252873563,3.1321839080459766,10,P GASLY,GAS,gasly,0093CC,alpine,Pierre,Gasly,https://media.formula1.com/d_driver_fallback_image.png/content/dam/fom-website/drivers/P/PIEGAS01_Pierre_Gasly/piegas01.png.transform/1col/image.png,,,,0 days 00:01:31.462000,0 days 00:01:30.643000,0 days 00:01:30.216000,,,,
2025,Bahrain Grand Prix,Qualifying,Lando Norris,McLaren,6.0,26.296551724137935,30.89425287356321,57.11494252873563,3.1321839080459766,4,L NORRIS,NOR,norris,FF8000,mclaren,Lando,Norris,https://media.formula1.com/d_driver_fallback_image.png/content/dam/fom-website/drivers/L/LANNOR01_Lando_Norris/lannor01.png.transform/1col/image.png,,,,0 days 00:01:31.107000,0 days 00:01:30.560000,0 days 00:01:30.267000,,,,
2025,Bahrain Grand Prix,Qualifying,Max Verstappen,Red Bull Racing,7.0,26.296551724137935,30.89425287356321,57.11494252873563,3.1321839080459766,1,M VERSTAPPEN,VER,max_verstappen,3671C6,red_bull,Max,Verstappen,https://media.formula1.com/d_driver_fallback_image.png/content/dam/fom-website/drivers/M/MAXVER01_Max_Verstappen/maxver01.png.transform/1col/image.png,,,,0 days 00:01:31.303000,0 days 00:01:31.019000,0 days 00:01:30.423000,,,,
2025,Bahrain Grand Prix,Qualifying,Carlos Sainz,Williams,8.0,26.296551724137935,30.89425287356321,57.11494252873563,3.1321839080459766,55,C SAINZ,SAI,sainz,64C4FF,williams,Carlos,Sainz,https://media.formula1.com/d_driver_fallback_image.png/content/dam/fom-website/drivers/C/CARSAI01_Carlos_Sainz/carsai01.png.transform/1col/image.png,,,,0 days 00:01:31.591000,0 days 00:01:30.844000,0 days 00:01:30.680000,,,,
2025,Bahrain Grand Prix,Qualifying,Lewis Hamilton,Ferrari,9.0,26.296551724137935,30.89425287356321,57.11494252873563,3.1321839080459766,44,L HAMILTON,HAM,hamilton,E80020,ferrari,Lewis,Hamilton,https://media.formula1.com/d_driver_fallback_image.png/content/dam/fom-website/drivers/L/LEWHAM01_Lewis_Hamilton/lewham01.png.transform/1col/image.png,,,,0 days 00:01:31.219000,0 days 00:01:31.009000,0 days 00:01:30.772000,,,,
2025,Bahrain Grand Prix,Qualifying,Yuki Tsunoda,Red Bull Racing,10.0,26.296551724137935,30.89425287356321,57.11494252873563,3.1321839080459766,22,Y TSUNODA,TSU,tsunoda,3671C6,red_bull,Yuki,Tsunoda,https://media.formula1.com/d_driver_fallback_image.png/content/dam/fom-website/drivers/Y/YUKTSU01_Yuki_Tsunoda/yuktsu01.png.transform/1col/image.png,,,,0 days 00:01:31.751000,0 days 00:01:31.228000,0 days 00:01:31.303000,,,,
2025,Bahrain Grand Prix,Qualifying,Jack Doohan,Alpine,11.0,26.296551724137935,30.89425287356321,57.11494252873563,3.1321839080459766,7,J DOOHAN,DOO,doohan,0093CC,alpine,Jack,Doohan,https://media.formula1.com/d_driver_fallback_image.png/content/dam/fom-website/drivers/J/JACDOO01_Jack_Doohan/jacdoo01.png.transform/1col/image.png,,,,0 days 00:01:31.414000,0 days 00:01:31.245000,,,,,
2025,Bahrain Grand Prix,Qualifying,Isack Hadjar,Racing Bulls,12.0,26.296551724137935,30.89425287356321,57.11494252873563,3.1321839080459766,6,I HADJAR,HAD,hadjar,6692FF,rb,Isack,Hadjar,https://media.formula1.com/d_driver_fallback_image.png/content/dam/fom-website/drivers/I/ISAHAD01_Isack_Hadjar/isahad01.png.transform/1col/image.png,,,,0 days 00:01:31.591000,0 days 00:01:31.271000,,,,,
2025,Bahrain Grand Prix,Qualifying,Fernando Alonso,Aston Martin,13.0,26.296551724137935,30.89425287356321,57.11494252873563,3.1321839080459766,14,F ALONSO,ALO,alonso,229971,aston_martin,Fernando,Alonso,https://media.formula1.com/d_driver_fallback_image.png/content/dam/fom-website/drivers/F/FERALO01_Fernando_Alonso/feralo01.png.transform/1col/image.png,,,,0 days 00:01:31.634000,0 days 00:01:31.886000,,,,,
2025,Bahrain Grand Prix,Qualifying,Esteban Ocon,Haas F1 Team,14.0,26.296551724137935,30.89425287356321,57.11494252873563,3.1321839080459766,31,E OCON,OCO,ocon,B6BABD,haas,Esteban,Ocon,https://media.formula1.com/d_driver_fallback_image.png/content/dam/fom-website/drivers/E/ESTOCO01_Esteban_Ocon/estoco01.png.transform/1col/image.png,,,,0 days 00:01:31.594000,,,,,,
2025,Bahrain Grand Prix,Qualifying,Alexander Albon,Williams,15.0,26.296551724137935,30.89425287356321,57.11494252873563,3.1321839080459766,23,A ALBON,ALB,albon,64C4FF,williams,Alexander,Albon,https://media.formula1.com/d_driver_fallback_image.png/content/dam/fom-website/drivers/A/ALEALB01_Alexander_Albon/alealb01.png.transform/1col/image.png,,,,0 days 00:01:32.040000,,,,,,
2025,Bahrain Grand Prix,Qualifying,Nico Hulkenberg,Kick Sauber,16.0,26.296551724137935,30.89425287356321,57.11494252873563,3.1321839080459766,27,N HULKENBERG,HUL,hulkenberg,52E252,sauber,Nico,Hulkenberg,https://media.formula1.com/d_driver_fallback_image.png/content/dam/fom-website/drivers/N/NICHUL01_Nico_Hulkenberg/nichul01.png.transform/1col/image.png,,,,0 days 00:01:32.067000,,,,,,
2025,Bahrain Grand Prix,Qualifying,Liam Lawson,Racing Bulls,17.0,26.296551724137935,30.89425287356321,57.11494252873563,3.1321839080459766,30,L LAWSON,LAW,lawson,6692FF,rb,Liam,Lawson,https://media.formula1.com/d_driver_fallback_image.png/content/dam/fom-website/drivers/L/LIALAW01_Liam_Lawson/lialaw01.png.transform/1col/image.png,,,,0 days 00:01:32.165000,,,,,,
2025,Bahrain Grand Prix,Qualifying,Gabriel Bortoleto,Kick Sauber,18.0,26.296551724137935,30.89425287356321,57.11494252873563,3.1321839080459766,5,G BORTOLETO,BOR,bortoleto,52E252,sauber,Gabriel,Bortoleto,https://media.formula1.com/d_driver_fallback_image.png/content/dam/fom-website/drivers/G/GABBOR01_Gabriel_Bortoleto/gabbor01.png.transform/1col/image.png,,,,0 days 00:01:32.186000,,,,,,
2025,Bahrain Grand Prix,Qualifying,Lance Stroll,Aston Martin,19.0,26.296551724137935,30.89425287356321,57.11494252873563,3.1321839080459766,18,L STROLL,STR,stroll,229971,aston_martin,Lance,Stroll,https://media.formula1.com/d_driver_fallback_image.png/content/dam/fom-website/drivers/L/LANSTR01_Lance_Stroll/lanstr01.png.transform/1col/image.png,,,,0 days 00:01:32.283000,,,,,,
2025,Bahrain Grand Prix,Qualifying,Oliver Bearman,Haas F1 Team,20.0,26.296551724137935,30.89425287356321,57.11494252873563,3.1321839080459766,87,O BEARMAN,BEA,bearman,B6BABD,haas,Oliver,Bearman,https://media.formula1.com/d_driver_fallback_image.png/content/dam/fom-website/drivers/O/OLIBEA01_Oliver_Bearman/olibea01.png.transform/1col/image.png,,,,0 days 00:01:32.373000,,,,,,
2025,Bahrain Grand Prix,Practice 1,Lando Norris,McLaren,,35.15625,47.14874999999999,24.25,1.93125,4,L NORRIS,NOR,norris,FF8000,mclaren,Lando,Norris,https://media.formula1.com/d_driver_fallback_image.png/content/dam/fom-website/drivers/L/LANNOR01_Lando_Norris/lannor01.png.transform/1col/image.png,,,,,,,,,,
2025,Bahrain Grand Prix,Practice 1,Gabriel Bortoleto,Kick Sauber,,35.15625,47.14874999999999,24.25,1.93125,5,G BORTOLETO,BOR,bortoleto,52E252,sauber,Gabriel,Bortoleto,https://media.formula1.com/d_driver_fallback_image.png/content/dam/fom-website/drivers/G/GABBOR01_Gabriel_Bortoleto/gabbor01.png.transform/1col/image.png,,,,,,,,,,
2025,Bahrain Grand Prix,Practice 1,Isack Hadjar,Racing Bulls,,35.15625,47.14874999999999,24.25,1.93125,6,I HADJAR,HAD,hadjar,6692FF,rb,Isack,Hadjar,https://media.formula1.com/d_driver_fallback_image.png/content/dam/fom-website/drivers/I/ISAHAD01_Isack_Hadjar/isahad01.png.transform/1col/image.png,,,,,,,,,,
2025,Bahrain Grand Prix,Practice 1,Jack Doohan,Alpine,,35.15625,47.14874999999999,24.25,1.93125,7,J DOOHAN,DOO,doohan,0093CC,alpine,Jack,Doohan,https://media.formula1.com/d_driver_fallback_image.png/content/dam/fom-website/drivers/J/JACDOO01_Jack_Doohan/jacdoo01.png.transform/1col/image.png,,,,,,,,,,
2025,Bahrain Grand Prix,Practice 1,Pierre Gasly,Alpine,,35.15625,47.14874999999999,24.25,1.93125,10,P GASLY,GAS,gasly,0093CC,alpine,Pierre,Gasly,https://media.formula1.com/d_driver_fallback_image.png/content/dam/fom-website/drivers/P/PIEGAS01_Pierre_Gasly/piegas01.png.transform/1col/image.png,,,,,,,,,,
2025,Bahrain Grand Prix,Practice 1,Kimi Antonelli,Mercedes,,35.15625,47.14874999999999,24.25,1.93125,12,K ANTONELLI,ANT,antonelli,27F4D2,mercedes,Kimi,Antonelli,https://media.formula1.com/d_driver_fallback_image.png/content/dam/fom-website/drivers/A/ANDANT01_Andrea%20Kimi_Antonelli/andant01.png.transform/1col/image.png,,,,,,,,,,
2025,Bahrain Grand Prix,Practice 1,Lance Stroll,Aston Martin,,35.15625,47.14874999999999,24.25,1.93125,18,L STROLL,STR,stroll,229971,aston_martin,Lance,Stroll,https://media.formula1.com/d_driver_fallback_image.png/content/dam/fom-website/drivers/L/LANSTR01_Lance_Stroll/lanstr01.png.transform/1col/image.png,,,,,,,,,,
2025,Bahrain Grand Prix,Practice 1,Yuki Tsunoda,Red Bull Racing,,35.15625,47.14874999999999,24.25,1.93125,22,Y TSUNODA,TSU,tsunoda,3671C6,red_bull,Yuki,Tsunoda,https://media.formula1.com/d_driver_fallback_image.png/content/dam/fom-website/drivers/Y/YUKTSU01_Yuki_Tsunoda/yuktsu01.png.transform/1col/image.png,,,,,,,,,,
2025,Bahrain Grand Prix,Practice 1,Alexander Albon,Williams,,35.15625,47.14874999999999,24.25,1.93125,23,A ALBON,ALB,albon,64C4FF,williams,Alexander,Albon,https://media.formula1.com/d_driver_fallback_image.png/content/dam/fom-website/drivers/A/ALEALB01_Alexander_Albon/alealb01.png.transform/1col/image.png,,,,,,,,,,
2025,Bahrain Grand Prix,Practice 1,Nico Hulkenberg,Kick Sauber,,35.15625,47.14874999999999,24.25,1.93125,27,N HULKENBERG,HUL,hulkenberg,52E252,sauber,Nico,Hulkenberg,https://media.formula1.com/d_driver_fallback_image.png/content/dam/fom-website/drivers/N/NICHUL01_Nico_Hulkenberg/nichul01.png.transform/1col/image.png,,,,,,,,,,
2025,Bahrain Grand Prix,Practice 1,Liam Lawson,Racing Bulls,,35.15625,47.14874999999999,24.25,1.93125,30,L LAWSON,LAW,lawson,6692FF,rb,Liam,Lawson,https://media.formula1.com/d_driver_fallback_image.png/content/dam/fom-website/drivers/L/LIALAW01_Liam_Lawson/lialaw01.png.transform/1col/image.png,,,,,,,,,,
2025,Bahrain Grand Prix,Practice 1,Esteban Ocon,Haas F1 Team,,35.15625,47.14874999999999,24.25,1.93125,31,E OCON,OCO,ocon,B6BABD,haas,Esteban,Ocon,https://media.formula1.com/d_driver_fallback_image.png/content/dam/fom-website/drivers/E/ESTOCO01_Esteban_Ocon/estoco01.png.transform/1col/image.png,,,,,,,,,,
2025,Bahrain Grand Prix,Practice 1,Felipe Drugovich,Aston Martin,,35.15625,47.14874999999999,24.25,1.93125,34,F DRUGOVICH,DRU,nan,229971,nan,Felipe,Drugovich,None,,,,,,,,,,
2025,Bahrain Grand Prix,Practice 1,Ayumu Iwasa,Red Bull Racing,,35.15625,47.14874999999999,24.25,1.93125,37,A IWASA,IWA,nan,3671C6,nan,Ayumu,Iwasa,None,,,,,,,,,,
2025,Bahrain Grand Prix,Practice 1,Dino Beganovic,Ferrari,,35.15625,47.14874999999999,24.25,1.93125,38,D BEGANOVIC,BEG,nan,E80020,nan,Dino,Beganovic,None,,,,,,,,,,
2025,Bahrain Grand Prix,Practice 1,Lewis Hamilton,Ferrari,,35.15625,47.14874999999999,24.25,1.93125,44,L HAMILTON,HAM,hamilton,E80020,ferrari,Lewis,Hamilton,https://media.formula1.com/d_driver_fallback_image.png/content/dam/fom-website/drivers/L/LEWHAM01_Lewis_Hamilton/lewham01.png.transform/1col/image.png,,,,,,,,,,
2025,Bahrain Grand Prix,Practice 1,Luke Browning,Williams,,35.15625,47.14874999999999,24.25,1.93125,46,L BROWNING,BRO,nan,64C4FF,nan,Luke,Browning,None,,,,,,,,,,
2025,Bahrain Grand Prix,Practice 1,Ryo Hirakawa,Haas F1 Team,,35.15625,47.14874999999999,24.25,1.93125,50,R HIRAKAWA,HIR,nan,B6BABD,nan,Ryo,Hirakawa,None,,,,,,,,,,
2025,Bahrain Grand Prix,Practice 1,Frederik Vesti,Mercedes,,35.15625,47.14874999999999,24.25,1.93125,72,F VESTI,VES,nan,27F4D2,nan,Frederik,Vesti,None,,,,,,,,,,
2025,Bahrain Grand Prix,Practice 1,Oscar Piastri,McLaren,,35.15625,47.14874999999999,24.25,1.93125,81,O PIASTRI,PIA,piastri,FF8000,mclaren,Oscar,Piastri,https://media.formula1.com/d_driver_fallback_image.png/content/dam/fom-website/drivers/O/OSCPIA01_Oscar_Piastri/oscpia01.png.transform/1col/image.png,,,,,,,,,,
2025,Bahrain Grand Prix,Practice 2,Max Verstappen,Red Bull Racing,,29.839240506329105,34.80759493670886,47.40506329113924,1.1063291139240505,1,M VERSTAPPEN,VER,max_verstappen,3671C6,red_bull,Max,Verstappen,https://media.formula1.com/d_driver_fallback_image.png/content/dam/fom-website/drivers/M/MAXVER01_Max_Verstappen/maxver01.png.transform/1col/image.png,,,,,,,,,,
2025,Bahrain Grand Prix,Practice 2,Lando Norris,McLaren,,29.839240506329105,34.80759493670886,47.40506329113924,1.1063291139240505,4,L NORRIS,NOR,norris,FF8000,mclaren,Lando,Norris,https://media.formula1.com/d_driver_fallback_image.png/content/dam/fom-website/drivers/L/LANNOR01_Lando_Norris/lannor01.png.transform/1col/image.png,,,,,,,,,,
2025,Bahrain Grand Prix,Practice 2,Gabriel Bortoleto,Kick Sauber,,29.839240506329105,34.80759493670886,47.40506329113924,1.1063291139240505,5,G BORTOLETO,BOR,bortoleto,52E252,sauber,Gabriel,Bortoleto,https://media.formula1.com/d_driver_fallback_image.png/content/dam/fom-website/drivers/G/GABBOR01_Gabriel_Bortoleto/gabbor01.png.transform/1col/image.png,,,,,,,,,,
2025,Bahrain Grand Prix,Practice 2,Isack Hadjar,Racing Bulls,,29.839240506329105,34.80759493670886,47.40506329113924,1.1063291139240505,6,I HADJAR,HAD,hadjar,6692FF,rb,Isack,Hadjar,https://media.formula1.com/d_driver_fallback_image.png/content/dam/fom-website/drivers/I/ISAHAD01_Isack_Hadjar/isahad01.png.transform/1col/image.png,,,,,,,,,,
2025,Bahrain Grand Prix,Practice 2,Jack Doohan,Alpine,,29.839240506329105,34.80759493670886,47.40506329113924,1.1063291139240505,7,J DOOHAN,DOO,doohan,0093CC,alpine,Jack,Doohan,https://media.formula1.com/d_driver_fallback_image.png/content/dam/fom-website/drivers/J/JACDOO01_Jack_Doohan/jacdoo01.png.transform/1col/image.png,,,,,,,,,,
2025,Bahrain Grand Prix,Practice 2,Pierre Gasly,Alpine,,29.839240506329105,34.80759493670886,47.40506329113924,1.1063291139240505,10,P GASLY,GAS,gasly,0093CC,alpine,Pierre,Gasly,https://media.formula1.com/d_driver_fallback_image.png/content/dam/fom-website/drivers/P/PIEGAS01_Pierre_Gasly/piegas01.png.transform/1col/image.png,,,,,,,,,,
2025,Bahrain Grand Prix,Practice 2,Kimi Antonelli,Mercedes,,29.839240506329105,34.80759493670886,47.40506329113924,1.1063291139240505,12,K ANTONELLI,ANT,antonelli,27F4D2,mercedes,Kimi,Antonelli,https://media.formula1.com/d_driver_fallback_image.png/content/dam/fom-website/drivers/A/ANDANT01_Andrea%20Kimi_Antonelli/andant01.png.transform/1col/image.png,,,,,,,,,,
2025,Bahrain Grand Prix,Practice 2,Fernando Alonso,Aston Martin,,29.839240506329105,34.80759493670886,47.40506329113924,1.1063291139240505,14,F ALONSO,ALO,alonso,229971,aston_martin,Fernando,Alonso,https://media.formula1.com/d_driver_fallback_image.png/content/dam/fom-website/drivers/F/FERALO01_Fernando_Alonso/feralo01.png.transform/1col/image.png,,,,,,,,,,
2025,Bahrain Grand Prix,Practice 2,Charles Leclerc,Ferrari,,29.839240506329105,34.80759493670886,47.40506329113924,1.1063291139240505,16,C LECLERC,LEC,leclerc,E80020,ferrari,Charles,Leclerc,https://media.formula1.com/d_driver_fallback_image.png/content/dam/fom-website/drivers/C/CHALEC01_Charles_Leclerc/chalec01.png.transform/1col/image.png,,,,,,,,,,
2025,Bahrain Grand Prix,Practice 2,Lance Stroll,Aston Martin,,29.839240506329105,34.80759493670886,47.40506329113924,1.1063291139240505,18,L STROLL,STR,stroll,229971,aston_martin,Lance,Stroll,https://media.formula1.com/d_driver_fallback_image.png/content/dam/fom-website/drivers/L/LANSTR01_Lance_Stroll/lanstr01.png.transform/1col/image.png,,,,,,,,,,
2025,Bahrain Grand Prix,Practice 2,Yuki Tsunoda,Red Bull Racing,,29.839240506329105,34.80759493670886,47.40506329113924,1.1063291139240505,22,Y TSUNODA,TSU,tsunoda,3671C6,red_bull,Yuki,Tsunoda,https://media.formula1.com/d_driver_fallback_image.png/content/dam/fom-website/drivers/Y/YUKTSU01_Yuki_Tsunoda/yuktsu01.png.transform/1col/image.png,,,,,,,,,,
2025,Bahrain Grand Prix,Practice 2,Alexander Albon,Williams,,29.839240506329105,34.80759493670886,47.40506329113924,1.1063291139240505,23,A ALBON,ALB,albon,64C4FF,williams,Alexander,Albon,https://media.formula1.com/d_driver_fallback_image.png/content/dam/fom-website/drivers/A/ALEALB01_Alexander_Albon/alealb01.png.transform/1col/image.png,,,,,,,,,,
2025,Bahrain Grand Prix,Practice 2,Nico Hulkenberg,Kick Sauber,,29.839240506329105,34.80759493670886,47.40506329113924,1.1063291139240505,27,N HULKENBERG,HUL,hulkenberg,52E252,sauber,Nico,Hulkenberg,https://media.formula1.com/d_driver_fallback_image.png/content/dam/fom-website/drivers/N/NICHUL01_Nico_Hulkenberg/nichul01.png.transform/1col/image.png,,,,,,,,,,
2025,Bahrain Grand Prix,Practice 2,Liam Lawson,Racing Bulls,,29.839240506329105,34.80759493670886,47.40506329113924,1.1063291139240505,30,L LAWSON,LAW,lawson,6692FF,rb,Liam,Lawson,https://media.formula1.com/d_driver_fallback_image.png/content/dam/fom-website/drivers/L/LIALAW01_Liam_Lawson/lialaw01.png.transform/1col/image.png,,,,,,,,,,
2025,Bahrain Grand Prix,Practice 2,Esteban Ocon,Haas F1 Team,,29.839240506329105,34.80759493670886,47.40506329113924,1.1063291139240505,31,E OCON,OCO,ocon,B6BABD,haas,Esteban,Ocon,https://media.formula1.com/d_driver_fallback_image.png/content/dam/fom-website/drivers/E/ESTOCO01_Esteban_Ocon/estoco01.png.transform/1col/image.png,,,,,,,,,,
2025,Bahrain Grand Prix,Practice 2,Lewis Hamilton,Ferrari,,29.839240506329105,34.80759493670886,47.40506329113924,1.1063291139240505,44,L HAMILTON,HAM,hamilton,E80020,ferrari,Lewis,Hamilton,https://media.formula1.com/d_driver_fallback_image.png/content/dam/fom-website/drivers/L/LEWHAM01_Lewis_Hamilton/lewham01.png.transform/1col/image.png,,,,,,,,,,
2025,Bahrain Grand Prix,Practice 2,Carlos Sainz,Williams,,29.839240506329105,34.80759493670886,47.40506329113924,1.1063291139240505,55,C SAINZ,SAI,sainz,64C4FF,williams,Carlos,Sainz,https://media.formula1.com/d_driver_fallback_image.png/content/dam/fom-website/drivers/C/CARSAI01_Carlos_Sainz/carsai01.png.transform/1col/image.png,,,,,,,,,,
2025,Bahrain Grand Prix,Practice 2,George Russell,Mercedes,,29.839240506329105,34.80759493670886,47.40506329113924,1.1063291139240505,63,G RUSSELL,RUS,russell,27F4D2,mercedes,George,Russell,https://media.formula1.com/d_driver_fallback_image.png/content/dam/fom-website/drivers/G/GEORUS01_George_Russell/georus01.png.transform/1col/image.png,,,,,,,,,,
2025,Bahrain Grand Prix,Practice 2,Oscar Piastri,McLaren,,29.839240506329105,34.80759493670886,47.40506329113924,1.1063291139240505,81,O PIASTRI,PIA,piastri,FF8000,mclaren,Oscar,Piastri,https://media.formula1.com/d_driver_fallback_image.png/content/dam/fom-website/drivers/O/OSCPIA01_Oscar_Piastri/oscpia01.png.transform/1col/image.png,,,,,,,,,,
2025,Bahrain Grand Prix,Practice 2,Oliver Bearman,Haas F1 Team,,29.839240506329105,34.80759493670886,47.40506329113924,1.1063291139240505,87,O BEARMAN,BEA,bearman,B6BABD,haas,Oliver,Bearman,https://media.formula1.com/d_driver_fallback_image.png/content/dam/fom-website/drivers/O/OLIBEA01_Oliver_Bearman/olibea01.png.transform/1col/image.png,,,,,,,,,,
2025,Bahrain Grand Prix,Practice 3,Max Verstappen,Red Bull Racing,,31.186249999999994,42.2,46.6375,3.07625,1,M VERSTAPPEN,VER,max_verstappen,3671C6,red_bull,Max,Verstappen,https://media.formula1.com/d_driver_fallback_image.png/content/dam/fom-website/drivers/M/MAXVER01_Max_Verstappen/maxver01.png.transform/1col/image.png,,,,,,,,,,
2025,Bahrain Grand Prix,Practice 3,Lando Norris,McLaren,,31.186249999999994,42.2,46.6375,3.07625,4,L NORRIS,NOR,norris,FF8000,mclaren,Lando,Norris,https://media.formula1.com/d_driver_fallback_image.png/content/dam/fom-website/drivers/L/LANNOR01_Lando_Norris/lannor01.png.transform/1col/image.png,,,,,,,,,,
2025,Bahrain Grand Prix,Practice 3,Gabriel Bortoleto,Kick Sauber,,31.186249999999994,42.2,46.6375,3.07625,5,G BORTOLETO,BOR,bortoleto,52E252,sauber,Gabriel,Bortoleto,https://media.formula1.com/d_driver_fallback_image.png/content/dam/fom-website/drivers/G/GABBOR01_Gabriel_Bortoleto/gabbor01.png.transform/1col/image.png,,,,,,,,,,
2025,Bahrain Grand Prix,Practice 3,Isack Hadjar,Racing Bulls,,31.186249999999994,42.2,46.6375,3.07625,6,I HADJAR,HAD,hadjar,6692FF,rb,Isack,Hadjar,https://media.formula1.com/d_driver_fallback_image.png/content/dam/fom-website/drivers/I/ISAHAD01_Isack_Hadjar/isahad01.png.transform/1col/image.png,,,,,,,,,,
2025,Bahrain Grand Prix,Practice 3,Jack Doohan,Alpine,,31.186249999999994,42.2,46.6375,3.07625,7,J DOOHAN,DOO,doohan,0093CC,alpine,Jack,Doohan,https://media.formula1.com/d_driver_fallback_image.png/content/dam/fom-website/drivers/J/JACDOO01_Jack_Doohan/jacdoo01.png.transform/1col/image.png,,,,,,,,,,
2025,Bahrain Grand Prix,Practice 3,Pierre Gasly,Alpine,,31.186249999999994,42.2,46.6375,3.07625,10,P GASLY,GAS,gasly,0093CC,alpine,Pierre,Gasly,https://media.formula1.com/d_driver_fallback_image.png/content/dam/fom-website/drivers/P/PIEGAS01_Pierre_Gasly/piegas01.png.transform/1col/image.png,,,,,,,,,,
2025,Bahrain Grand Prix,Practice 3,Kimi Antonelli,Mercedes,,31.186249999999994,42.2,46.6375,3.07625,12,K ANTONELLI,ANT,antonelli,27F4D2,mercedes,Kimi,Antonelli,https://media.formula1.com/d_driver_fallback_image.png/content/dam/fom-website/drivers/A/ANDANT01_Andrea%20Kimi_Antonelli/andant01.png.transform/1col/image.png,,,,,,,,,,
2025,Bahrain Grand Prix,Practice 3,Fernando Alonso,Aston Martin,,31.186249999999994,42.2,46.6375,3.07625,14,F ALONSO,ALO,alonso,229971,aston_martin,Fernando,Alonso,https://media.formula1.com/d_driver_fallback_image.png/content/dam/fom-website/drivers/F/FERALO01_Fernando_Alonso/feralo01.png.transform/1col/image.png,,,,,,,,,,
2025,Bahrain Grand Prix,Practice 3,Charles Leclerc,Ferrari,,31.186249999999994,42.2,46.6375,3.07625,16,C LECLERC,LEC,leclerc,E80020,ferrari,Charles,Leclerc,https://media.formula1.com/d_driver_fallback_image.png/content/dam/fom-website/drivers/C/CHALEC01_Charles_Leclerc/chalec01.png.transform/1col/image.png,,,,,,,,,,
2025,Bahrain Grand Prix,Practice 3,Lance Stroll,Aston Martin,,31.186249999999994,42.2,46.6375,3.07625,18,L STROLL,STR,stroll,229971,aston_martin,Lance,Stroll,https://media.formula1.com/d_driver_fallback_image.png/content/dam/fom-website/drivers/L/LANSTR01_Lance_Stroll/lanstr01.png.transform/1col/image.png,,,,,,,,,,
2025,Bahrain Grand Prix,Practice 3,Yuki Tsunoda,Red Bull Racing,,31.186249999999994,42.2,46.6375,3.07625,22,Y TSUNODA,TSU,tsunoda,3671C6,red_bull,Yuki,Tsunoda,https://media.formula1.com/d_driver_fallback_image.png/content/dam/fom-website/drivers/Y/YUKTSU01_Yuki_Tsunoda/yuktsu01.png.transform/1col/image.png,,,,,,,,,,
2025,Bahrain Grand Prix,Practice 3,Alexander Albon,Williams,,31.186249999999994,42.2,46.6375,3.07625,23,A ALBON,ALB,albon,64C4FF,williams,Alexander,Albon,https://media.formula1.com/d_driver_fallback_image.png/content/dam/fom-website/drivers/A/ALEALB01_Alexander_Albon/alealb01.png.transform/1col/image.png,,,,,,,,,,
2025,Bahrain Grand Prix,Practice 3,Nico Hulkenberg,Kick Sauber,,31.186249999999994,42.2,46.6375,3.07625,27,N HULKENBERG,HUL,hulkenberg,52E252,sauber,Nico,Hulkenberg,https://media.formula1.com/d_driver_fallback_image.png/content/dam/fom-website/drivers/N/NICHUL01_Nico_Hulkenberg/nichul01.png.transform/1col/image.png,,,,,,,,,,
2025,Bahrain Grand Prix,Practice 3,Liam Lawson,Racing Bulls,,31.186249999999994,42.2,46.6375,3.07625,30,L LAWSON,LAW,lawson,6692FF,rb,Liam,Lawson,https://media.formula1.com/d_driver_fallback_image.png/content/dam/fom-website/drivers/L/LIALAW01_Liam_Lawson/lialaw01.png.transform/1col/image.png,,,,,,,,,,
2025,Bahrain Grand Prix,Practice 3,Esteban Ocon,Haas F1 Team,,31.186249999999994,42.2,46.6375,3.07625,31,E OCON,OCO,ocon,B6BABD,haas,Esteban,Ocon,https://media.formula1.com/d_driver_fallback_image.png/content/dam/fom-website/drivers/E/ESTOCO01_Esteban_Ocon/estoco01.png.transform/1col/image.png,,,,,,,,,,
2025,Bahrain Grand Prix,Practice 3,Lewis Hamilton,Ferrari,,31.186249999999994,42.2,46.6375,3.07625,44,L HAMILTON,HAM,hamilton,E80020,ferrari,Lewis,Hamilton,https://media.formula1.com/d_driver_fallback_image.png/content/dam/fom-website/drivers/L/LEWHAM01_Lewis_Hamilton/lewham01.png.transform/1col/image.png,,,,,,,,,,
2025,Bahrain Grand Prix,Practice 3,Carlos Sainz,Williams,,31.186249999999994,42.2,46.6375,3.07625,55,C SAINZ,SAI,sainz,64C4FF,williams,Carlos,Sainz,https://media.formula1.com/d_driver_fallback_image.png/content/dam/fom-website/drivers/C/CARSAI01_Carlos_Sainz/carsai01.png.transform/1col/image.png,,,,,,,,,,
2025,Bahrain Grand Prix,Practice 3,George Russell,Mercedes,,31.186249999999994,42.2,46.6375,3.07625,63,G RUSSELL,RUS,russell,27F4D2,mercedes,George,Russell,https://media.formula1.com/d_driver_fallback_image.png/content/dam/fom-website/drivers/G/GEORUS01_George_Russell/georus01.png.transform/1col/image.png,,,,,,,,,,
2025,Bahrain Grand Prix,Practice 3,Oscar Piastri,McLaren,,31.186249999999994,42.2,46.6375,3.07625,81,O PIASTRI,PIA,piastri,FF8000,mclaren,Oscar,Piastri,https://media.formula1.com/d_driver_fallback_image.png/content/dam/fom-website/drivers/O/OSCPIA01_Oscar_Piastri/oscpia01.png.transform/1col/image.png,,,,,,,,,,
2025,Bahrain Grand Prix,Practice 3,Oliver Bearman,Haas F1 Team,,31.186249999999994,42.2,46.6375,3.07625,87,O BEARMAN,BEA,bearman,B6BABD,haas,Oliver,Bearman,https://media.formula1.com/d_driver_fallback_image.png/content/dam/fom-website/drivers/O/OLIBEA01_Oliver_Bearman/olibea01.png.transform/1col/image.png,,,,,,,,,,
2025,Saudi Arabian Grand Prix,Race,Oscar Piastri,McLaren,1.0,29.483802816901402,37.819718309859155,62.725352112676056,1.0260563380281689,81,O PIASTRI,PIA,piastri,FF8000,mclaren,Oscar,Piastri,https://media.formula1.com/d_driver_fallback_image.png/content/dam/fom-website/drivers/O/OSCPIA01_Oscar_Piastri/oscpia01.png.transform/1col/image.png,,1,2.0,,,,0 days 01:21:06.758000,Finished,25.0,50.0
2025,Saudi Arabian Grand Prix,Race,Max Verstappen,Red Bull Racing,2.0,29.483802816901402,37.819718309859155,62.725352112676056,1.0260563380281689,1,M VERSTAPPEN,VER,max_verstappen,3671C6,red_bull,Max,Verstappen,https://media.formula1.com/d_driver_fallback_image.png/content/dam/fom-website/drivers/M/MAXVER01_Max_Verstappen/maxver01.png.transform/1col/image.png,,2,1.0,,,,0 days 00:00:02.843000,Finished,18.0,50.0
2025,Saudi Arabian Grand Prix,Race,Charles Leclerc,Ferrari,3.0,29.483802816901402,37.819718309859155,62.725352112676056,1.0260563380281689,16,C LECLERC,LEC,leclerc,E80020,ferrari,Charles,Leclerc,https://media.formula1.com/d_driver_fallback_image.png/content/dam/fom-website/drivers/C/CHALEC01_Charles_Leclerc/chalec01.png.transform/1col/image.png,,3,4.0,,,,0 days 00:00:08.104000,Finished,15.0,50.0
2025,Saudi Arabian Grand Prix,Race,Lando Norris,McLaren,4.0,29.483802816901402,37.819718309859155,62.725352112676056,1.0260563380281689,4,L NORRIS,NOR,norris,FF8000,mclaren,Lando,Norris,https://media.formula1.com/d_driver_fallback_image.png/content/dam/fom-website/drivers/L/LANNOR01_Lando_Norris/lannor01.png.transform/1col/image.png,,4,10.0,,,,0 days 00:00:09.196000,Finished,12.0,50.0
2025,Saudi Arabian Grand Prix,Race,George Russell,Mercedes,5.0,29.483802816901402,37.819718309859155,62.725352112676056,1.0260563380281689,63,G RUSSELL,RUS,russell,27F4D2,mercedes,George,Russell,https://media.formula1.com/d_driver_fallback_image.png/content/dam/fom-website/drivers/G/GEORUS01_George_Russell/georus01.png.transform/1col/image.png,,5,3.0,,,,0 days 00:00:27.236000,Finished,10.0,50.0
2025,Saudi Arabian Grand Prix,Race,Kimi Antonelli,Mercedes,6.0,29.483802816901402,37.819718309859155,62.725352112676056,1.0260563380281689,12,K ANTONELLI,ANT,antonelli,27F4D2,mercedes,Kimi,Antonelli,https://media.formula1.com/d_driver_fallback_image.png/content/dam/fom-website/drivers/A/ANDANT01_Andrea%20Kimi_Antonelli/andant01.png.transform/1col/image.png,,6,5.0,,,,0 days 00:00:34.688000,Finished,8.0,50.0
2025,Saudi Arabian Grand Prix,Race,Lewis Hamilton,Ferrari,7.0,29.483802816901402,37.819718309859155,62.725352112676056,1.0260563380281689,44,L HAMILTON,HAM,hamilton,E80020,ferrari,Lewis,Hamilton,https://media.formula1.com/d_driver_fallback_image.png/content/dam/fom-website/drivers/L/LEWHAM01_Lewis_Hamilton/lewham01.png.transform/1col/image.png,,7,7.0,,,,0 days 00:00:39.073000,Finished,6.0,50.0
2025,Saudi Arabian Grand Prix,Race,Carlos Sainz,Williams,8.0,29.483802816901402,37.819718309859155,62.725352112676056,1.0260563380281689,55,C SAINZ,SAI,sainz,64C4FF,williams,Carlos,Sainz,https://media.formula1.com/d_driver_fallback_image.png/content/dam/fom-website/drivers/C/CARSAI01_Carlos_Sainz/carsai01.png.transform/1col/image.png,,8,6.0,,,,0 days 00:01:04.630000,Finished,4.0,50.0
2025,Saudi Arabian Grand Prix,Race,Alexander Albon,Williams,9.0,29.483802816901402,37.819718309859155,62.725352112676056,1.0260563380281689,23,A ALBON,ALB,albon,64C4FF,williams,Alexander,Albon,https://media.formula1.com/d_driver_fallback_image.png/content/dam/fom-website/drivers/A/ALEALB01_Alexander_Albon/alealb01.png.transform/1col/image.png,,9,11.0,,,,0 days 00:01:06.515000,Finished,2.0,50.0
2025,Saudi Arabian Grand Prix,Race,Isack Hadjar,Racing Bulls,10.0,29.483802816901402,37.819718309859155,62.725352112676056,1.0260563380281689,6,I HADJAR,HAD,hadjar,6692FF,rb,Isack,Hadjar,https://media.formula1.com/d_driver_fallback_image.png/content/dam/fom-website/drivers/I/ISAHAD01_Isack_Hadjar/isahad01.png.transform/1col/image.png,,10,14.0,,,,0 days 00:01:07.091000,Finished,1.0,50.0
2025,Saudi Arabian Grand Prix,Race,Fernando Alonso,Aston Martin,11.0,29.483802816901402,37.819718309859155,62.725352112676056,1.0260563380281689,14,F ALONSO,ALO,alonso,229971,aston_martin,Fernando,Alonso,https://media.formula1.com/d_driver_fallback_image.png/content/dam/fom-website/drivers/F/FERALO01_Fernando_Alonso/feralo01.png.transform/1col/image.png,,11,13.0,,,,0 days 00:01:15.917000,Finished,0.0,50.0
2025,Saudi Arabian Grand Prix,Race,Liam Lawson,Racing Bulls,12.0,29.483802816901402,37.819718309859155,62.725352112676056,1.0260563380281689,30,L LAWSON,LAW,lawson,6692FF,rb,Liam,Lawson,https://media.formula1.com/d_driver_fallback_image.png/content/dam/fom-website/drivers/L/LIALAW01_Liam_Lawson/lialaw01.png.transform/1col/image.png,,12,12.0,,,,0 days 00:01:18.451000,Finished,0.0,50.0
2025,Saudi Arabian Grand Prix,Race,Oliver Bearman,Haas F1 Team,13.0,29.483802816901402,37.819718309859155,62.725352112676056,1.0260563380281689,87,O BEARMAN,BEA,bearman,B6BABD,haas,Oliver,Bearman,https://media.formula1.com/d_driver_fallback_image.png/content/dam/fom-website/drivers/O/OLIBEA01_Oliver_Bearman/olibea01.png.transform/1col/image.png,,13,15.0,,,,0 days 00:01:19.194000,Finished,0.0,50.0
2025,Saudi Arabian Grand Prix,Race,Esteban Ocon,Haas F1 Team,14.0,29.483802816901402,37.819718309859155,62.725352112676056,1.0260563380281689,31,E OCON,OCO,ocon,B6BABD,haas,Esteban,Ocon,https://media.formula1.com/d_driver_fallback_image.png/content/dam/fom-website/drivers/E/ESTOCO01_Esteban_Ocon/estoco01.png.transform/1col/image.png,,14,19.0,,,,0 days 00:01:39.723000,Finished,0.0,50.0
2025,Saudi Arabian Grand Prix,Race,Nico Hulkenberg,Kick Sauber,15.0,29.483802816901402,37.819718309859155,62.725352112676056,1.0260563380281689,27,N HULKENBERG,HUL,hulkenberg,52E252,sauber,Nico,Hulkenberg,https://media.formula1.com/d_driver_fallback_image.png/content/dam/fom-website/drivers/N/NICHUL01_Nico_Hulkenberg/nichul01.png.transform/1col/image.png,,15,18.0,,,,0 days 00:00:04.609000,Lapped,0.0,49.0
2025,Saudi Arabian Grand Prix,Race,Lance Stroll,Aston Martin,16.0,29.483802816901402,37.819718309859155,62.725352112676056,1.0260563380281689,18,L STROLL,STR,stroll,229971,aston_martin,Lance,Stroll,https://media.formula1.com/d_driver_fallback_image.png/content/dam/fom-website/drivers/L/LANSTR01_Lance_Stroll/lanstr01.png.transform/1col/image.png,,16,16.0,,,,0 days 00:00:05.527000,Lapped,0.0,49.0
2025,Saudi Arabian Grand Prix,Race,Jack Doohan,Alpine,17.0,29.483802816901402,37.819718309859155,62.725352112676056,1.0260563380281689,7,J DOOHAN,DOO,doohan,0093CC,alpine,Jack,Doohan,https://media.formula1.com/d_driver_fallback_image.png/content/dam/fom-website/drivers/J/JACDOO01_Jack_Doohan/jacdoo01.png.transform/1col/image.png,,17,17.0,,,,0 days 00:00:19.264000,Lapped,0.0,49.0
2025,Saudi Arabian Grand Prix,Race,Gabriel Bortoleto,Kick Sauber,18.0,29.483802816901402,37.819718309859155,62.725352112676056,1.0260563380281689,5,G BORTOLETO,BOR,bortoleto,52E252,sauber,Gabriel,Bortoleto,https://media.formula1.com/d_driver_fallback_image.png/content/dam/fom-website/drivers/G/GABBOR01_Gabriel_Bortoleto/gabbor01.png.transform/1col/image.png,,18,20.0,,,,0 days 00:00:19.306000,Lapped,0.0,49.0
2025,Saudi Arabian Grand Prix,Race,Yuki Tsunoda,Red Bull Racing,19.0,29.483802816901402,37.819718309859155,62.725352112676056,1.0260563380281689,22,Y TSUNODA,TSU,tsunoda,3671C6,red_bull,Yuki,Tsunoda,https://media.formula1.com/d_driver_fallback_image.png/content/dam/fom-website/drivers/Y/YUKTSU01_Yuki_Tsunoda/yuktsu01.png.transform/1col/image.png,,R,8.0,,,,,Retired,0.0,1.0
2025,Saudi Arabian Grand Prix,Race,Pierre Gasly,Alpine,20.0,29.483802816901402,37.819718309859155,62.725352112676056,1.0260563380281689,10,P GASLY,GAS,gasly,0093CC,alpine,Pierre,Gasly,https://media.formula1.com/d_driver_fallback_image.png/content/dam/fom-website/drivers/P/PIEGAS01_Pierre_Gasly/piegas01.png.transform/1col/image.png,,R,9.0,,,,,Retired,0.0,0.0
2025,Saudi Arabian Grand Prix,Qualifying,Max Verstappen,Red Bull Racing,1.0,29.57558139534884,37.22558139534884,57.56976744186046,0.8569767441860465,1,M VERSTAPPEN,VER,max_verstappen,3671C6,red_bull,Max,Verstappen,https://media.formula1.com/d_driver_fallback_image.png/content/dam/fom-website/drivers/M/MAXVER01_Max_Verstappen/maxver01.png.transform/1col/image.png,,,,0 days 00:01:27.778000,0 days 00:01:27.529000,0 days 00:01:27.294000,,,,
2025,Saudi Arabian Grand Prix,Qualifying,Oscar Piastri,McLaren,2.0,29.57558139534884,37.22558139534884,57.56976744186046,0.8569767441860465,81,O PIASTRI,PIA,piastri,FF8000,mclaren,Oscar,Piastri,https://media.formula1.com/d_driver_fallback_image.png/content/dam/fom-website/drivers/O/OSCPIA01_Oscar_Piastri/oscpia01.png.transform/1col/image.png,,,,0 days 00:01:27.901000,0 days 00:01:27.545000,0 days 00:01:27.304000,,,,
2025,Saudi Arabian Grand Prix,Qualifying,George Russell,Mercedes,3.0,29.57558139534884,37.22558139534884,57.56976744186046,0.8569767441860465,63,G RUSSELL,RUS,russell,27F4D2,mercedes,George,Russell,https://media.formula1.com/d_driver_fallback_image.png/content/dam/fom-website/drivers/G/GEORUS01_George_Russell/georus01.png.transform/1col/image.png,,,,0 days 00:01:28.282000,0 days 00:01:27.599000,0 days 00:01:27.407000,,,,
2025,Saudi Arabian Grand Prix,Qualifying,Charles Leclerc,Ferrari,4.0,29.57558139534884,37.22558139534884,57.56976744186046,0.8569767441860465,16,C LECLERC,LEC,leclerc,E80020,ferrari,Charles,Leclerc,https://media.formula1.com/d_driver_fallback_image.png/content/dam/fom-website/drivers/C/CHALEC01_Charles_Leclerc/chalec01.png.transform/1col/image.png,,,,0 days 00:01:28.552000,0 days 00:01:27.866000,0 days 00:01:27.670000,,,,
2025,Saudi Arabian Grand Prix,Qualifying,Kimi Antonelli,Mercedes,5.0,29.57558139534884,37.22558139534884,57.56976744186046,0.8569767441860465,12,K ANTONELLI,ANT,antonelli,27F4D2,mercedes,Kimi,Antonelli,https://media.formula1.com/d_driver_fallback_image.png/content/dam/fom-website/drivers/A/ANDANT01_Andrea%20Kimi_Antonelli/andant01.png.transform/1col/image.png,,,,0 days 00:01:28.128000,0 days 00:01:27.798000,0 days 00:01:27.866000,,,,
2025,Saudi Arabian Grand Prix,Qualifying,Carlos Sainz,Williams,6.0,29.57558139534884,37.22558139534884,57.56976744186046,0.8569767441860465,55,C SAINZ,SAI,sainz,64C4FF,williams,Carlos,Sainz,https://media.formula1.com/d_driver_fallback_image.png/content/dam/fom-website/drivers/C/CARSAI01_Carlos_Sainz/carsai01.png.transform/1col/image.png,,,,0 days 00:01:28.354000,0 days 00:01:28.024000,0 days 00:01:28.164000,,,,
2025,Saudi Arabian Grand Prix,Qualifying,Lewis Hamilton,Ferrari,7.0,29.57558139534884,37.22558139534884,57.56976744186046,0.8569767441860465,44,L HAMILTON,HAM,hamilton,E80020,ferrari,Lewis,Hamilton,https://media.formula1.com/d_driver_fallback_image.png/content/dam/fom-website/drivers/L/LEWHAM01_Lewis_Hamilton/lewham01.png.transform/1col/image.png,,,,0 days 00:01:28.372000,0 days 00:01:28.102000,0 days 00:01:28.201000,,,,
2025,Saudi Arabian Grand Prix,Qualifying,Yuki Tsunoda,Red Bull Racing,8.0,29.57558139534884,37.22558139534884,57.56976744186046,0.8569767441860465,22,Y TSUNODA,TSU,tsunoda,3671C6,red_bull,Yuki,Tsunoda,https://media.formula1.com/d_driver_fallback_image.png/content/dam/fom-website/drivers/Y/YUKTSU01_Yuki_Tsunoda/yuktsu01.png.transform/1col/image.png,,,,0 days 00:01:28.226000,0 days 00:01:27.990000,0 days 00:01:28.204000,,,,
2025,Saudi Arabian Grand Prix,Qualifying,Pierre Gasly,Alpine,9.0,29.57558139534884,37.22558139534884,57.56976744186046,0.8569767441860465,10,P GASLY,GAS,gasly,0093CC,alpine,Pierre,Gasly,https://media.formula1.com/d_driver_fallback_image.png/content/dam/fom-website/drivers/P/PIEGAS01_Pierre_Gasly/piegas01.png.transform/1col/image.png,,,,0 days 00:01:28.421000,0 days 00:01:28.025000,0 days 00:01:28.367000,,,,
2025,Saudi Arabian Grand Prix,Qualifying,Lando Norris,McLaren,10.0,29.57558139534884,37.22558139534884,57.56976744186046,0.8569767441860465,4,L NORRIS,NOR,norris,FF8000,mclaren,Lando,Norris,https://media.formula1.com/d_driver_fallback_image.png/content/dam/fom-website/drivers/L/LANNOR01_Lando_Norris/lannor01.png.transform/1col/image.png,,,,0 days 00:01:27.805000,0 days 00:01:27.481000,,,,,
2025,Saudi Arabian Grand Prix,Qualifying,Alexander Albon,Williams,11.0,29.57558139534884,37.22558139534884,57.56976744186046,0.8569767441860465,23,A ALBON,ALB,albon,64C4FF,williams,Alexander,Albon,https://media.formula1.com/d_driver_fallback_image.png/content/dam/fom-website/drivers/A/ALEALB01_Alexander_Albon/alealb01.png.transform/1col/image.png,,,,0 days 00:01:28.279000,0 days 00:01:28.109000,,,,,
2025,Saudi Arabian Grand Prix,Qualifying,Liam Lawson,Racing Bulls,12.0,29.57558139534884,37.22558139534884,57.56976744186046,0.8569767441860465,30,L LAWSON,LAW,lawson,6692FF,rb,Liam,Lawson,https://media.formula1.com/d_driver_fallback_image.png/content/dam/fom-website/drivers/L/LIALAW01_Liam_Lawson/lialaw01.png.transform/1col/image.png,,,,0 days 00:01:28.561000,0 days 00:01:28.191000,,,,,
2025,Saudi Arabian Grand Prix,Qualifying,Fernando Alonso,Aston Martin,13.0,29.57558139534884,37.22558139534884,57.56976744186046,0.8569767441860465,14,F ALONSO,ALO,alonso,229971,aston_martin,Fernando,Alonso,https://media.formula1.com/d_driver_fallback_image.png/content/dam/fom-website/drivers/F/FERALO01_Fernando_Alonso/feralo01.png.transform/1col/image.png,,,,0 days 00:01:28.548000,0 days 00:01:28.303000,,,,,
2025,Saudi Arabian Grand Prix,Qualifying,Isack Hadjar,Racing Bulls,14.0,29.57558139534884,37.22558139534884,57.56976744186046,0.8569767441860465,6,I HADJAR,HAD,hadjar,6692FF,rb,Isack,Hadjar,https://media.formula1.com/d_driver_fallback_image.png/content/dam/fom-website/drivers/I/ISAHAD01_Isack_Hadjar/isahad01.png.transform/1col/image.png,,,,0 days 00:01:28.571000,0 days 00:01:28.418000,,,,,
2025,Saudi Arabian Grand Prix,Qualifying,Oliver Bearman,Haas F1 Team,15.0,29.57558139534884,37.22558139534884,57.56976744186046,0.8569767441860465,87,O BEARMAN,BEA,bearman,B6BABD,haas,Oliver,Bearman,https://media.formula1.com/d_driver_fallback_image.png/content/dam/fom-website/drivers/O/OLIBEA01_Oliver_Bearman/olibea01.png.transform/1col/image.png,,,,0 days 00:01:28.536000,0 days 00:01:28.648000,,,,,
2025,Saudi Arabian Grand Prix,Qualifying,Lance Stroll,Aston Martin,16.0,29.57558139534884,37.22558139534884,57.56976744186046,0.8569767441860465,18,L STROLL,STR,stroll,229971,aston_martin,Lance,Stroll,https://media.formula1.com/d_driver_fallback_image.png/content/dam/fom-website/drivers/L/LANSTR01_Lance_Stroll/lanstr01.png.transform/1col/image.png,,,,0 days 00:01:28.645000,,,,,,
2025,Saudi Arabian Grand Prix,Qualifying,Jack Doohan,Alpine,17.0,29.57558139534884,37.22558139534884,57.56976744186046,0.8569767441860465,7,J DOOHAN,DOO,doohan,0093CC,alpine,Jack,Doohan,https://media.formula1.com/d_driver_fallback_image.png/content/dam/fom-website/drivers/J/JACDOO01_Jack_Doohan/jacdoo01.png.transform/1col/image.png,,,,0 days 00:01:28.739000,,,,,,
2025,Saudi Arabian Grand Prix,Qualifying,Nico Hulkenberg,Kick Sauber,18.0,29.57558139534884,37.22558139534884,57.56976744186046,0.8569767441860465,27,N HULKENBERG,HUL,hulkenberg,52E252,sauber,Nico,Hulkenberg,https://media.formula1.com/d_driver_fallback_image.png/content/dam/fom-website/drivers/N/NICHUL01_Nico_Hulkenberg/nichul01.png.transform/1col/image.png,,,,0 days 00:01:28.782000,,,,,,
2025,Saudi Arabian Grand Prix,Qualifying,Esteban Ocon,Haas F1 Team,19.0,29.57558139534884,37.22558139534884,57.56976744186046,0.8569767441860465,31,E OCON,OCO,ocon,B6BABD,haas,Esteban,Ocon,https://media.formula1.com/d_driver_fallback_image.png/content/dam/fom-website/drivers/E/ESTOCO01_Esteban_Ocon/estoco01.png.transform/1col/image.png,,,,0 days 00:01:29.092000,,,,,,
2025,Saudi Arabian Grand Prix,Qualifying,Gabriel Bortoleto,Kick Sauber,20.0,29.57558139534884,37.22558139534884,57.56976744186046,0.8569767441860465,5,G BORTOLETO,BOR,bortoleto,52E252,sauber,Gabriel,Bortoleto,https://media.formula1.com/d_driver_fallback_image.png/content/dam/fom-website/drivers/G/GABBOR01_Gabriel_Bortoleto/gabbor01.png.transform/1col/image.png,,,,0 days 00:01:29.462000,,,,,,
2025,Saudi Arabian Grand Prix,Practice 1,Max Verstappen,Red Bull Racing,,28.05375,47.01625,69.0125,1.64125,1,M VERSTAPPEN,VER,max_verstappen,3671C6,red_bull,Max,Verstappen,https://media.formula1.com/d_driver_fallback_image.png/content/dam/fom-website/drivers/M/MAXVER01_Max_Verstappen/maxver01.png.transform/1col/image.png,,,,,,,,,,
2025,Saudi Arabian Grand Prix,Practice 1,Lando Norris,McLaren,,28.05375,47.01625,69.0125,1.64125,4,L NORRIS,NOR,norris,FF8000,mclaren,Lando,Norris,https://media.formula1.com/d_driver_fallback_image.png/content/dam/fom-website/drivers/L/LANNOR01_Lando_Norris/lannor01.png.transform/1col/image.png,,,,,,,,,,
2025,Saudi Arabian Grand Prix,Practice 1,Gabriel Bortoleto,Kick Sauber,,28.05375,47.01625,69.0125,1.64125,5,G BORTOLETO,BOR,bortoleto,52E252,sauber,Gabriel,Bortoleto,https://media.formula1.com/d_driver_fallback_image.png/content/dam/fom-website/drivers/G/GABBOR01_Gabriel_Bortoleto/gabbor01.png.transform/1col/image.png,,,,,,,,,,
2025,Saudi Arabian Grand Prix,Practice 1,Isack Hadjar,Racing Bulls,,28.05375,47.01625,69.0125,1.64125,6,I HADJAR,HAD,hadjar,6692FF,rb,Isack,Hadjar,https://media.formula1.com/d_driver_fallback_image.png/content/dam/fom-website/drivers/I/ISAHAD01_Isack_Hadjar/isahad01.png.transform/1col/image.png,,,,,,,,,,
2025,Saudi Arabian Grand Prix,Practice 1,Jack Doohan,Alpine,,28.05375,47.01625,69.0125,1.64125,7,J DOOHAN,DOO,doohan,0093CC,alpine,Jack,Doohan,https://media.formula1.com/d_driver_fallback_image.png/content/dam/fom-website/drivers/J/JACDOO01_Jack_Doohan/jacdoo01.png.transform/1col/image.png,,,,,,,,,,
2025,Saudi Arabian Grand Prix,Practice 1,Pierre Gasly,Alpine,,28.05375,47.01625,69.0125,1.64125,10,P GASLY,GAS,gasly,0093CC,alpine,Pierre,Gasly,https://media.formula1.com/d_driver_fallback_image.png/content/dam/fom-website/drivers/P/PIEGAS01_Pierre_Gasly/piegas01.png.transform/1col/image.png,,,,,,,,,,
2025,Saudi Arabian Grand Prix,Practice 1,Kimi Antonelli,Mercedes,,28.05375,47.01625,69.0125,1.64125,12,K ANTONELLI,ANT,antonelli,27F4D2,mercedes,Kimi,Antonelli,https://media.formula1.com/d_driver_fallback_image.png/content/dam/fom-website/drivers/A/ANDANT01_Andrea%20Kimi_Antonelli/andant01.png.transform/1col/image.png,,,,,,,,,,
2025,Saudi Arabian Grand Prix,Practice 1,Fernando Alonso,Aston Martin,,28.05375,47.01625,69.0125,1.64125,14,F ALONSO,ALO,alonso,229971,aston_martin,Fernando,Alonso,https://media.formula1.com/d_driver_fallback_image.png/content/dam/fom-website/drivers/F/FERALO01_Fernando_Alonso/feralo01.png.transform/1col/image.png,,,,,,,,,,
2025,Saudi Arabian Grand Prix,Practice 1,Charles Leclerc,Ferrari,,28.05375,47.01625,69.0125,1.64125,16,C LECLERC,LEC,leclerc,E80020,ferrari,Charles,Leclerc,https://media.formula1.com/d_driver_fallback_image.png/content/dam/fom-website/drivers/C/CHALEC01_Charles_Leclerc/chalec01.png.transform/1col/image.png,,,,,,,,,,
2025,Saudi Arabian Grand Prix,Practice 1,Lance Stroll,Aston Martin,,28.05375,47.01625,69.0125,1.64125,18,L STROLL,STR,stroll,229971,aston_martin,Lance,Stroll,https://media.formula1.com/d_driver_fallback_image.png/content/dam/fom-website/drivers/L/LANSTR01_Lance_Stroll/lanstr01.png.transform/1col/image.png,,,,,,,,,,
2025,Saudi Arabian Grand Prix,Practice 1,Yuki Tsunoda,Red Bull Racing,,28.05375,47.01625,69.0125,1.64125,22,Y TSUNODA,TSU,tsunoda,3671C6,red_bull,Yuki,Tsunoda,https://media.formula1.com/d_driver_fallback_image.png/content/dam/fom-website/drivers/Y/YUKTSU01_Yuki_Tsunoda/yuktsu01.png.transform/1col/image.png,,,,,,,,,,
2025,Saudi Arabian Grand Prix,Practice 1,Alexander Albon,Williams,,28.05375,47.01625,69.0125,1.64125,23,A ALBON,ALB,albon,64C4FF,williams,Alexander,Albon,https://media.formula1.com/d_driver_fallback_image.png/content/dam/fom-website/drivers/A/ALEALB01_Alexander_Albon/alealb01.png.transform/1col/image.png,,,,,,,,,,
2025,Saudi Arabian Grand Prix,Practice 1,Nico Hulkenberg,Kick Sauber,,28.05375,47.01625,69.0125,1.64125,27,N HULKENBERG,HUL,hulkenberg,52E252,sauber,Nico,Hulkenberg,https://media.formula1.com/d_driver_fallback_image.png/content/dam/fom-website/drivers/N/NICHUL01_Nico_Hulkenberg/nichul01.png.transform/1col/image.png,,,,,,,,,,
2025,Saudi Arabian Grand Prix,Practice 1,Liam Lawson,Racing Bulls,,28.05375,47.01625,69.0125,1.64125,30,L LAWSON,LAW,lawson,6692FF,rb,Liam,Lawson,https://media.formula1.com/d_driver_fallback_image.png/content/dam/fom-website/drivers/L/LIALAW01_Liam_Lawson/lialaw01.png.transform/1col/image.png,,,,,,,,,,
2025,Saudi Arabian Grand Prix,Practice 1,Esteban Ocon,Haas F1 Team,,28.05375,47.01625,69.0125,1.64125,31,E OCON,OCO,ocon,B6BABD,haas,Esteban,Ocon,https://media.formula1.com/d_driver_fallback_image.png/content/dam/fom-website/drivers/E/ESTOCO01_Esteban_Ocon/estoco01.png.transform/1col/image.png,,,,,,,,,,
2025,Saudi Arabian Grand Prix,Practice 1,Lewis Hamilton,Ferrari,,28.05375,47.01625,69.0125,1.64125,44,L HAMILTON,HAM,hamilton,E80020,ferrari,Lewis,Hamilton,https://media.formula1.com/d_driver_fallback_image.png/content/dam/fom-website/drivers/L/LEWHAM01_Lewis_Hamilton/lewham01.png.transform/1col/image.png,,,,,,,,,,
2025,Saudi Arabian Grand Prix,Practice 1,Carlos Sainz,Williams,,28.05375,47.01625,69.0125,1.64125,55,C SAINZ,SAI,sainz,64C4FF,williams,Carlos,Sainz,https://media.formula1.com/d_driver_fallback_image.png/content/dam/fom-website/drivers/C/CARSAI01_Carlos_Sainz/carsai01.png.transform/1col/image.png,,,,,,,,,,
2025,Saudi Arabian Grand Prix,Practice 1,George Russell,Mercedes,,28.05375,47.01625,69.0125,1.64125,63,G RUSSELL,RUS,russell,27F4D2,mercedes,George,Russell,https://media.formula1.com/d_driver_fallback_image.png/content/dam/fom-website/drivers/G/GEORUS01_George_Russell/georus01.png.transform/1col/image.png,,,,,,,,,,
2025,Saudi Arabian Grand Prix,Practice 1,Oscar Piastri,McLaren,,28.05375,47.01625,69.0125,1.64125,81,O PIASTRI,PIA,piastri,FF8000,mclaren,Oscar,Piastri,https://media.formula1.com/d_driver_fallback_image.png/content/dam/fom-website/drivers/O/OSCPIA01_Oscar_Piastri/oscpia01.png.transform/1col/image.png,,,,,,,,,,
2025,Saudi Arabian Grand Prix,Practice 1,Oliver Bearman,Haas F1 Team,,28.05375,47.01625,69.0125,1.64125,87,O BEARMAN,BEA,bearman,B6BABD,haas,Oliver,Bearman,https://media.formula1.com/d_driver_fallback_image.png/content/dam/fom-website/drivers/O/OLIBEA01_Oliver_Bearman/olibea01.png.transform/1col/image.png,,,,,,,,,,
2025,Saudi Arabian Grand Prix,Practice 2,Max Verstappen,Red Bull Racing,,29.717283950617283,37.00987654320988,46.666666666666664,0.8962962962962964,1,M VERSTAPPEN,VER,max_verstappen,3671C6,red_bull,Max,Verstappen,https://media.formula1.com/d_driver_fallback_image.png/content/dam/fom-website/drivers/M/MAXVER01_Max_Verstappen/maxver01.png.transform/1col/image.png,,,,,,,,,,
2025,Saudi Arabian Grand Prix,Practice 2,Lando Norris,McLaren,,29.717283950617283,37.00987654320988,46.666666666666664,0.8962962962962964,4,L NORRIS,NOR,norris,FF8000,mclaren,Lando,Norris,https://media.formula1.com/d_driver_fallback_image.png/content/dam/fom-website/drivers/L/LANNOR01_Lando_Norris/lannor01.png.transform/1col/image.png,,,,,,,,,,
2025,Saudi Arabian Grand Prix,Practice 2,Gabriel Bortoleto,Kick Sauber,,29.717283950617283,37.00987654320988,46.666666666666664,0.8962962962962964,5,G BORTOLETO,BOR,bortoleto,52E252,sauber,Gabriel,Bortoleto,https://media.formula1.com/d_driver_fallback_image.png/content/dam/fom-website/drivers/G/GABBOR01_Gabriel_Bortoleto/gabbor01.png.transform/1col/image.png,,,,,,,,,,
2025,Saudi Arabian Grand Prix,Practice 2,Isack Hadjar,Racing Bulls,,29.717283950617283,37.00987654320988,46.666666666666664,0.8962962962962964,6,I HADJAR,HAD,hadjar,6692FF,rb,Isack,Hadjar,https://media.formula1.com/d_driver_fallback_image.png/content/dam/fom-website/drivers/I/ISAHAD01_Isack_Hadjar/isahad01.png.transform/1col/image.png,,,,,,,,,,
2025,Saudi Arabian Grand Prix,Practice 2,Jack Doohan,Alpine,,29.717283950617283,37.00987654320988,46.666666666666664,0.8962962962962964,7,J DOOHAN,DOO,doohan,0093CC,alpine,Jack,Doohan,https://media.formula1.com/d_driver_fallback_image.png/content/dam/fom-website/drivers/J/JACDOO01_Jack_Doohan/jacdoo01.png.transform/1col/image.png,,,,,,,,,,
2025,Saudi Arabian Grand Prix,Practice 2,Pierre Gasly,Alpine,,29.717283950617283,37.00987654320988,46.666666666666664,0.8962962962962964,10,P GASLY,GAS,gasly,0093CC,alpine,Pierre,Gasly,https://media.formula1.com/d_driver_fallback_image.png/content/dam/fom-website/drivers/P/PIEGAS01_Pierre_Gasly/piegas01.png.transform/1col/image.png,,,,,,,,,,
2025,Saudi Arabian Grand Prix,Practice 2,Kimi Antonelli,Mercedes,,29.717283950617283,37.00987654320988,46.666666666666664,0.8962962962962964,12,K ANTONELLI,ANT,antonelli,27F4D2,mercedes,Kimi,Antonelli,https://media.formula1.com/d_driver_fallback_image.png/content/dam/fom-website/drivers/A/ANDANT01_Andrea%20Kimi_Antonelli/andant01.png.transform/1col/image.png,,,,,,,,,,
2025,Saudi Arabian Grand Prix,Practice 2,Fernando Alonso,Aston Martin,,29.717283950617283,37.00987654320988,46.666666666666664,0.8962962962962964,14,F ALONSO,ALO,alonso,229971,aston_martin,Fernando,Alonso,https://media.formula1.com/d_driver_fallback_image.png/content/dam/fom-website/drivers/F/FERALO01_Fernando_Alonso/feralo01.png.transform/1col/image.png,,,,,,,,,,
2025,Saudi Arabian Grand Prix,Practice 2,Charles Leclerc,Ferrari,,29.717283950617283,37.00987654320988,46.666666666666664,0.8962962962962964,16,C LECLERC,LEC,leclerc,E80020,ferrari,Charles,Leclerc,https://media.formula1.com/d_driver_fallback_image.png/content/dam/fom-website/drivers/C/CHALEC01_Charles_Leclerc/chalec01.png.transform/1col/image.png,,,,,,,,,,
2025,Saudi Arabian Grand Prix,Practice 2,Lance Stroll,Aston Martin,,29.717283950617283,37.00987654320988,46.666666666666664,0.8962962962962964,18,L STROLL,STR,stroll,229971,aston_martin,Lance,Stroll,https://media.formula1.com/d_driver_fallback_image.png/content/dam/fom-website/drivers/L/LANSTR01_Lance_Stroll/lanstr01.png.transform/1col/image.png,,,,,,,,,,
2025,Saudi Arabian Grand Prix,Practice 2,Yuki Tsunoda,Red Bull Racing,,29.717283950617283,37.00987654320988,46.666666666666664,0.8962962962962964,22,Y TSUNODA,TSU,tsunoda,3671C6,red_bull,Yuki,Tsunoda,https://media.formula1.com/d_driver_fallback_image.png/content/dam/fom-website/drivers/Y/YUKTSU01_Yuki_Tsunoda/yuktsu01.png.transform/1col/image.png,,,,,,,,,,
2025,Saudi Arabian Grand Prix,Practice 2,Alexander Albon,Williams,,29.717283950617283,37.00987654320988,46.666666666666664,0.8962962962962964,23,A ALBON,ALB,albon,64C4FF,williams,Alexander,Albon,https://media.formula1.com/d_driver_fallback_image.png/content/dam/fom-website/drivers/A/ALEALB01_Alexander_Albon/alealb01.png.transform/1col/image.png,,,,,,,,,,
2025,Saudi Arabian Grand Prix,Practice 2,Nico Hulkenberg,Kick Sauber,,29.717283950617283,37.00987654320988,46.666666666666664,0.8962962962962964,27,N HULKENBERG,HUL,hulkenberg,52E252,sauber,Nico,Hulkenberg,https://media.formula1.com/d_driver_fallback_image.png/content/dam/fom-website/drivers/N/NICHUL01_Nico_Hulkenberg/nichul01.png.transform/1col/image.png,,,,,,,,,,
2025,Saudi Arabian Grand Prix,Practice 2,Liam Lawson,Racing Bulls,,29.717283950617283,37.00987654320988,46.666666666666664,0.8962962962962964,30,L LAWSON,LAW,lawson,6692FF,rb,Liam,Lawson,https://media.formula1.com/d_driver_fallback_image.png/content/dam/fom-website/drivers/L/LIALAW01_Liam_Lawson/lialaw01.png.transform/1col/image.png,,,,,,,,,,
2025,Saudi Arabian Grand Prix,Practice 2,Esteban Ocon,Haas F1 Team,,29.717283950617283,37.00987654320988,46.666666666666664,0.8962962962962964,31,E OCON,OCO,ocon,B6BABD,haas,Esteban,Ocon,https://media.formula1.com/d_driver_fallback_image.png/content/dam/fom-website/drivers/E/ESTOCO01_Esteban_Ocon/estoco01.png.transform/1col/image.png,,,,,,,,,,
2025,Saudi Arabian Grand Prix,Practice 2,Lewis Hamilton,Ferrari,,29.717283950617283,37.00987654320988,46.666666666666664,0.8962962962962964,44,L HAMILTON,HAM,hamilton,E80020,ferrari,Lewis,Hamilton,https://media.formula1.com/d_driver_fallback_image.png/content/dam/fom-website/drivers/L/LEWHAM01_Lewis_Hamilton/lewham01.png.transform/1col/image.png,,,,,,,,,,
2025,Saudi Arabian Grand Prix,Practice 2,Carlos Sainz,Williams,,29.717283950617283,37.00987654320988,46.666666666666664,0.8962962962962964,55,C SAINZ,SAI,sainz,64C4FF,williams,Carlos,Sainz,https://media.formula1.com/d_driver_fallback_image.png/content/dam/fom-website/drivers/C/CARSAI01_Carlos_Sainz/carsai01.png.transform/1col/image.png,,,,,,,,,,
2025,Saudi Arabian Grand Prix,Practice 2,George Russell,Mercedes,,29.717283950617283,37.00987654320988,46.666666666666664,0.8962962962962964,63,G RUSSELL,RUS,russell,27F4D2,mercedes,George,Russell,https://media.formula1.com/d_driver_fallback_image.png/content/dam/fom-website/drivers/G/GEORUS01_George_Russell/georus01.png.transform/1col/image.png,,,,,,,,,,
2025,Saudi Arabian Grand Prix,Practice 2,Oscar Piastri,McLaren,,29.717283950617283,37.00987654320988,46.666666666666664,0.8962962962962964,81,O PIASTRI,PIA,piastri,FF8000,mclaren,Oscar,Piastri,https://media.formula1.com/d_driver_fallback_image.png/content/dam/fom-website/drivers/O/OSCPIA01_Oscar_Piastri/oscpia01.png.transform/1col/image.png,,,,,,,,,,
2025,Saudi Arabian Grand Prix,Practice 2,Oliver Bearman,Haas F1 Team,,29.717283950617283,37.00987654320988,46.666666666666664,0.8962962962962964,87,O BEARMAN,BEA,bearman,B6BABD,haas,Oliver,Bearman,https://media.formula1.com/d_driver_fallback_image.png/content/dam/fom-website/drivers/O/OLIBEA01_Oliver_Bearman/olibea01.png.transform/1col/image.png,,,,,,,,,,
2025,Saudi Arabian Grand Prix,Practice 3,Max Verstappen,Red Bull Racing,,29.267901234567905,48.76543209876543,61.24691358024691,1.8901234567901233,1,M VERSTAPPEN,VER,max_verstappen,3671C6,red_bull,Max,Verstappen,https://media.formula1.com/d_driver_fallback_image.png/content/dam/fom-website/drivers/M/MAXVER01_Max_Verstappen/maxver01.png.transform/1col/image.png,,,,,,,,,,
2025,Saudi Arabian Grand Prix,Practice 3,Lando Norris,McLaren,,29.267901234567905,48.76543209876543,61.24691358024691,1.8901234567901233,4,L NORRIS,NOR,norris,FF8000,mclaren,Lando,Norris,https://media.formula1.com/d_driver_fallback_image.png/content/dam/fom-website/drivers/L/LANNOR01_Lando_Norris/lannor01.png.transform/1col/image.png,,,,,,,,,,
2025,Saudi Arabian Grand Prix,Practice 3,Gabriel Bortoleto,Kick Sauber,,29.267901234567905,48.76543209876543,61.24691358024691,1.8901234567901233,5,G BORTOLETO,BOR,bortoleto,52E252,sauber,Gabriel,Bortoleto,https://media.formula1.com/d_driver_fallback_image.png/content/dam/fom-website/drivers/G/GABBOR01_Gabriel_Bortoleto/gabbor01.png.transform/1col/image.png,,,,,,,,,,
2025,Saudi Arabian Grand Prix,Practice 3,Isack Hadjar,Racing Bulls,,29.267901234567905,48.76543209876543,61.24691358024691,1.8901234567901233,6,I HADJAR,HAD,hadjar,6692FF,rb,Isack,Hadjar,https://media.formula1.com/d_driver_fallback_image.png/content/dam/fom-website/drivers/I/ISAHAD01_Isack_Hadjar/isahad01.png.transform/1col/image.png,,,,,,,,,,
2025,Saudi Arabian Grand Prix,Practice 3,Jack Doohan,Alpine,,29.267901234567905,48.76543209876543,61.24691358024691,1.8901234567901233,7,J DOOHAN,DOO,doohan,0093CC,alpine,Jack,Doohan,https://media.formula1.com/d_driver_fallback_image.png/content/dam/fom-website/drivers/J/JACDOO01_Jack_Doohan/jacdoo01.png.transform/1col/image.png,,,,,,,,,,
2025,Saudi Arabian Grand Prix,Practice 3,Pierre Gasly,Alpine,,29.267901234567905,48.76543209876543,61.24691358024691,1.8901234567901233,10,P GASLY,GAS,gasly,0093CC,alpine,Pierre,Gasly,https://media.formula1.com/d_driver_fallback_image.png/content/dam/fom-website/drivers/P/PIEGAS01_Pierre_Gasly/piegas01.png.transform/1col/image.png,,,,,,,,,,
2025,Saudi Arabian Grand Prix,Practice 3,Kimi Antonelli,Mercedes,,29.267901234567905,48.76543209876543,61.24691358024691,1.8901234567901233,12,K ANTONELLI,ANT,antonelli,27F4D2,mercedes,Kimi,Antonelli,https://media.formula1.com/d_driver_fallback_image.png/content/dam/fom-website/drivers/A/ANDANT01_Andrea%20Kimi_Antonelli/andant01.png.transform/1col/image.png,,,,,,,,,,
2025,Saudi Arabian Grand Prix,Practice 3,Fernando Alonso,Aston Martin,,29.267901234567905,48.76543209876543,61.24691358024691,1.8901234567901233,14,F ALONSO,ALO,alonso,229971,aston_martin,Fernando,Alonso,https://media.formula1.com/d_driver_fallback_image.png/content/dam/fom-website/drivers/F/FERALO01_Fernando_Alonso/feralo01.png.transform/1col/image.png,,,,,,,,,,
2025,Saudi Arabian Grand Prix,Practice 3,Charles Leclerc,Ferrari,,29.267901234567905,48.76543209876543,61.24691358024691,1.8901234567901233,16,C LECLERC,LEC,leclerc,E80020,ferrari,Charles,Leclerc,https://media.formula1.com/d_driver_fallback_image.png/content/dam/fom-website/drivers/C/CHALEC01_Charles_Leclerc/chalec01.png.transform/1col/image.png,,,,,,,,,,
2025,Saudi Arabian Grand Prix,Practice 3,Lance Stroll,Aston Martin,,29.267901234567905,48.76543209876543,61.24691358024691,1.8901234567901233,18,L STROLL,STR,stroll,229971,aston_martin,Lance,Stroll,https://media.formula1.com/d_driver_fallback_image.png/content/dam/fom-website/drivers/L/LANSTR01_Lance_Stroll/lanstr01.png.transform/1col/image.png,,,,,,,,,,
2025,Saudi Arabian Grand Prix,Practice 3,Yuki Tsunoda,Red Bull Racing,,29.267901234567905,48.76543209876543,61.24691358024691,1.8901234567901233,22,Y TSUNODA,TSU,tsunoda,3671C6,red_bull,Yuki,Tsunoda,https://media.formula1.com/d_driver_fallback_image.png/content/dam/fom-website/drivers/Y/YUKTSU01_Yuki_Tsunoda/yuktsu01.png.transform/1col/image.png,,,,,,,,,,
2025,Saudi Arabian Grand Prix,Practice 3,Alexander Albon,Williams,,29.267901234567905,48.76543209876543,61.24691358024691,1.8901234567901233,23,A ALBON,ALB,albon,64C4FF,williams,Alexander,Albon,https://media.formula1.com/d_driver_fallback_image.png/content/dam/fom-website/drivers/A/ALEALB01_Alexander_Albon/alealb01.png.transform/1col/image.png,,,,,,,,,,
2025,Saudi Arabian Grand Prix,Practice 3,Nico Hulkenberg,Kick Sauber,,29.267901234567905,48.76543209876543,61.24691358024691,1.8901234567901233,27,N HULKENBERG,HUL,hulkenberg,52E252,sauber,Nico,Hulkenberg,https://media.formula1.com/d_driver_fallback_image.png/content/dam/fom-website/drivers/N/NICHUL01_Nico_Hulkenberg/nichul01.png.transform/1col/image.png,,,,,,,,,,
2025,Saudi Arabian Grand Prix,Practice 3,Liam Lawson,Racing Bulls,,29.267901234567905,48.76543209876543,61.24691358024691,1.8901234567901233,30,L LAWSON,LAW,lawson,6692FF,rb,Liam,Lawson,https://media.formula1.com/d_driver_fallback_image.png/content/dam/fom-website/drivers/L/LIALAW01_Liam_Lawson/lialaw01.png.transform/1col/image.png,,,,,,,,,,
2025,Saudi Arabian Grand Prix,Practice 3,Esteban Ocon,Haas F1 Team,,29.267901234567905,48.76543209876543,61.24691358024691,1.8901234567901233,31,E OCON,OCO,ocon,B6BABD,haas,Esteban,Ocon,https://media.formula1.com/d_driver_fallback_image.png/content/dam/fom-website/drivers/E/ESTOCO01_Esteban_Ocon/estoco01.png.transform/1col/image.png,,,,,,,,,,
2025,Saudi Arabian Grand Prix,Practice 3,Lewis Hamilton,Ferrari,,29.267901234567905,48.76543209876543,61.24691358024691,1.8901234567901233,44,L HAMILTON,HAM,hamilton,E80020,ferrari,Lewis,Hamilton,https://media.formula1.com/d_driver_fallback_image.png/content/dam/fom-website/drivers/L/LEWHAM01_Lewis_Hamilton/lewham01.png.transform/1col/image.png,,,,,,,,,,
2025,Saudi Arabian Grand Prix,Practice 3,Carlos Sainz,Williams,,29.267901234567905,48.76543209876543,61.24691358024691,1.8901234567901233,55,C SAINZ,SAI,sainz,64C4FF,williams,Carlos,Sainz,https://media.formula1.com/d_driver_fallback_image.png/content/dam/fom-website/drivers/C/CARSAI01_Carlos_Sainz/carsai01.png.transform/1col/image.png,,,,,,,,,,
2025,Saudi Arabian Grand Prix,Practice 3,George Russell,Mercedes,,29.267901234567905,48.76543209876543,61.24691358024691,1.8901234567901233,63,G RUSSELL,RUS,russell,27F4D2,mercedes,George,Russell,https://media.formula1.com/d_driver_fallback_image.png/content/dam/fom-website/drivers/G/GEORUS01_George_Russell/georus01.png.transform/1col/image.png,,,,,,,,,,
2025,Saudi Arabian Grand Prix,Practice 3,Oscar Piastri,McLaren,,29.267901234567905,48.76543209876543,61.24691358024691,1.8901234567901233,81,O PIASTRI,PIA,piastri,FF8000,mclaren,Oscar,Piastri,https://media.formula1.com/d_driver_fallback_image.png/content/dam/fom-website/drivers/O/OSCPIA01_Oscar_Piastri/oscpia01.png.transform/1col/image.png,,,,,,,,,,
2025,Saudi Arabian Grand Prix,Practice 3,Oliver Bearman,Haas F1 Team,,29.267901234567905,48.76543209876543,61.24691358024691,1.8901234567901233,87,O BEARMAN,BEA,bearman,B6BABD,haas,Oliver,Bearman,https://media.formula1.com/d_driver_fallback_image.png/content/dam/fom-website/drivers/O/OLIBEA01_Oliver_Bearman/olibea01.png.transform/1col/image.png,,,,,,,,,,
2025,Miami Grand Prix,Race,Oscar Piastri,McLaren,1.0,26.573154362416112,38.69060402684564,63.02013422818792,1.0469798657718121,81,O PIASTRI,PIA,piastri,FF8000,mclaren,Oscar,Piastri,https://media.formula1.com/d_driver_fallback_image.png/content/dam/fom-website/drivers/O/OSCPIA01_Oscar_Piastri/oscpia01.png.transform/1col/image.png,,1,4.0,,,,0 days 01:28:51.587000,Finished,25.0,57.0
2025,Miami Grand Prix,Race,Lando Norris,McLaren,2.0,26.573154362416112,38.69060402684564,63.02013422818792,1.0469798657718121,4,L NORRIS,NOR,norris,FF8000,mclaren,Lando,Norris,https://media.formula1.com/d_driver_fallback_image.png/content/dam/fom-website/drivers/L/LANNOR01_Lando_Norris/lannor01.png.transform/1col/image.png,,2,2.0,,,,0 days 00:00:04.630000,Finished,18.0,57.0
2025,Miami Grand Prix,Race,George Russell,Mercedes,3.0,26.573154362416112,38.69060402684564,63.02013422818792,1.0469798657718121,63,G RUSSELL,RUS,russell,27F4D2,mercedes,George,Russell,https://media.formula1.com/d_driver_fallback_image.png/content/dam/fom-website/drivers/G/GEORUS01_George_Russell/georus01.png.transform/1col/image.png,,3,5.0,,,,0 days 00:00:37.644000,Finished,15.0,57.0
2025,Miami Grand Prix,Race,Max Verstappen,Red Bull Racing,4.0,26.573154362416112,38.69060402684564,63.02013422818792,1.0469798657718121,1,M VERSTAPPEN,VER,max_verstappen,3671C6,red_bull,Max,Verstappen,https://media.formula1.com/d_driver_fallback_image.png/content/dam/fom-website/drivers/M/MAXVER01_Max_Verstappen/maxver01.png.transform/1col/image.png,,4,1.0,,,,0 days 00:00:39.956000,Finished,12.0,57.0
2025,Miami Grand Prix,Race,Alexander Albon,Williams,5.0,26.573154362416112,38.69060402684564,63.02013422818792,1.0469798657718121,23,A ALBON,ALB,albon,64C4FF,williams,Alexander,Albon,https://media.formula1.com/d_driver_fallback_image.png/content/dam/fom-website/drivers/A/ALEALB01_Alexander_Albon/alealb01.png.transform/1col/image.png,,5,7.0,,,,0 days 00:00:48.067000,Finished,10.0,57.0
2025,Miami Grand Prix,Race,Kimi Antonelli,Mercedes,6.0,26.573154362416112,38.69060402684564,63.02013422818792,1.0469798657718121,12,K ANTONELLI,ANT,antonelli,27F4D2,mercedes,Kimi,Antonelli,https://media.formula1.com/d_driver_fallback_image.png/content/dam/fom-website/drivers/A/ANDANT01_Andrea%20Kimi_Antonelli/andant01.png.transform/1col/image.png,,6,3.0,,,,0 days 00:00:55.502000,Finished,8.0,57.0
2025,Miami Grand Prix,Race,Charles Leclerc,Ferrari,7.0,26.573154362416112,38.69060402684564,63.02013422818792,1.0469798657718121,16,C LECLERC,LEC,leclerc,E80020,ferrari,Charles,Leclerc,https://media.formula1.com/d_driver_fallback_image.png/content/dam/fom-website/drivers/C/CHALEC01_Charles_Leclerc/chalec01.png.transform/1col/image.png,,7,8.0,,,,0 days 00:00:57.036000,Finished,6.0,57.0
2025,Miami Grand Prix,Race,Lewis Hamilton,Ferrari,8.0,26.573154362416112,38.69060402684564,63.02013422818792,1.0469798657718121,44,L HAMILTON,HAM,hamilton,E80020,ferrari,Lewis,Hamilton,https://media.formula1.com/d_driver_fallback_image.png/content/dam/fom-website/drivers/L/LEWHAM01_Lewis_Hamilton/lewham01.png.transform/1col/image.png,,8,12.0,,,,0 days 00:01:00.186000,Finished,4.0,57.0
2025,Miami Grand Prix,Race,Carlos Sainz,Williams,9.0,26.573154362416112,38.69060402684564,63.02013422818792,1.0469798657718121,55,C SAINZ,SAI,sainz,64C4FF,williams,Carlos,Sainz,https://media.formula1.com/d_driver_fallback_image.png/content/dam/fom-website/drivers/C/CARSAI01_Carlos_Sainz/carsai01.png.transform/1col/image.png,,9,6.0,,,,0 days 00:01:00.577000,Finished,2.0,57.0
2025,Miami Grand Prix,Race,Yuki Tsunoda,Red Bull Racing,10.0,26.573154362416112,38.69060402684564,63.02013422818792,1.0469798657718121,22,Y TSUNODA,TSU,tsunoda,3671C6,red_bull,Yuki,Tsunoda,https://media.formula1.com/d_driver_fallback_image.png/content/dam/fom-website/drivers/Y/YUKTSU01_Yuki_Tsunoda/yuktsu01.png.transform/1col/image.png,,10,10.0,,,,0 days 00:01:14.434000,Finished,1.0,57.0
2025,Miami Grand Prix,Race,Isack Hadjar,Racing Bulls,11.0,26.573154362416112,38.69060402684564,63.02013422818792,1.0469798657718121,6,I HADJAR,HAD,hadjar,6692FF,rb,Isack,Hadjar,https://media.formula1.com/d_driver_fallback_image.png/content/dam/fom-website/drivers/I/ISAHAD01_Isack_Hadjar/isahad01.png.transform/1col/image.png,,11,11.0,,,,0 days 00:01:14.602000,Finished,0.0,57.0
2025,Miami Grand Prix,Race,Esteban Ocon,Haas F1 Team,12.0,26.573154362416112,38.69060402684564,63.02013422818792,1.0469798657718121,31,E OCON,OCO,ocon,B6BABD,haas,Esteban,Ocon,https://media.formula1.com/d_driver_fallback_image.png/content/dam/fom-website/drivers/E/ESTOCO01_Esteban_Ocon/estoco01.png.transform/1col/image.png,,12,9.0,,,,0 days 00:01:22.006000,Finished,0.0,57.0
2025,Miami Grand Prix,Race,Pierre Gasly,Alpine,13.0,26.573154362416112,38.69060402684564,63.02013422818792,1.0469798657718121,10,P GASLY,GAS,gasly,0093CC,alpine,Pierre,Gasly,https://media.formula1.com/d_driver_fallback_image.png/content/dam/fom-website/drivers/P/PIEGAS01_Pierre_Gasly/piegas01.png.transform/1col/image.png,,13,20.0,,,,0 days 00:01:30.445000,Finished,0.0,57.0
2025,Miami Grand Prix,Race,Nico Hulkenberg,Kick Sauber,14.0,26.573154362416112,38.69060402684564,63.02013422818792,1.0469798657718121,27,N HULKENBERG,HUL,hulkenberg,52E252,sauber,Nico,Hulkenberg,https://media.formula1.com/d_driver_fallback_image.png/content/dam/fom-website/drivers/N/NICHUL01_Nico_Hulkenberg/nichul01.png.transform/1col/image.png,,14,16.0,,,,0 days 00:00:01.155000,Lapped,0.0,56.0
2025,Miami Grand Prix,Race,Fernando Alonso,Aston Martin,15.0,26.573154362416112,38.69060402684564,63.02013422818792,1.0469798657718121,14,F ALONSO,ALO,alonso,229971,aston_martin,Fernando,Alonso,https://media.formula1.com/d_driver_fallback_image.png/content/dam/fom-website/drivers/F/FERALO01_Fernando_Alonso/feralo01.png.transform/1col/image.png,,15,17.0,,,,0 days 00:00:20.979000,Lapped,0.0,56.0
2025,Miami Grand Prix,Race,Lance Stroll,Aston Martin,16.0,26.573154362416112,38.69060402684564,63.02013422818792,1.0469798657718121,18,L STROLL,STR,stroll,229971,aston_martin,Lance,Stroll,https://media.formula1.com/d_driver_fallback_image.png/content/dam/fom-website/drivers/L/LANSTR01_Lance_Stroll/lanstr01.png.transform/1col/image.png,,16,18.0,,,,0 days 00:00:25.162000,Lapped,0.0,56.0
2025,Miami Grand Prix,Race,Liam Lawson,Racing Bulls,17.0,26.573154362416112,38.69060402684564,63.02013422818792,1.0469798657718121,30,L LAWSON,LAW,lawson,6692FF,rb,Liam,Lawson,https://media.formula1.com/d_driver_fallback_image.png/content/dam/fom-website/drivers/L/LIALAW01_Liam_Lawson/lialaw01.png.transform/1col/image.png,,R,15.0,,,,,Retired,0.0,36.0
2025,Miami Grand Prix,Race,Gabriel Bortoleto,Kick Sauber,18.0,26.573154362416112,38.69060402684564,63.02013422818792,1.0469798657718121,5,G BORTOLETO,BOR,bortoleto,52E252,sauber,Gabriel,Bortoleto,https://media.formula1.com/d_driver_fallback_image.png/content/dam/fom-website/drivers/G/GABBOR01_Gabriel_Bortoleto/gabbor01.png.transform/1col/image.png,,R,13.0,,,,,Retired,0.0,30.0
2025,Miami Grand Prix,Race,Oliver Bearman,Haas F1 Team,19.0,26.573154362416112,38.69060402684564,63.02013422818792,1.0469798657718121,87,O BEARMAN,BEA,bearman,B6BABD,haas,Oliver,Bearman,https://media.formula1.com/d_driver_fallback_image.png/content/dam/fom-website/drivers/O/OLIBEA01_Oliver_Bearman/olibea01.png.transform/1col/image.png,,R,19.0,,,,,Retired,0.0,27.0
2025,Miami Grand Prix,Race,Jack Doohan,Alpine,20.0,26.573154362416112,38.69060402684564,63.02013422818792,1.0469798657718121,7,J DOOHAN,DOO,doohan,0093CC,alpine,Jack,Doohan,https://media.formula1.com/d_driver_fallback_image.png/content/dam/fom-website/drivers/J/JACDOO01_Jack_Doohan/jacdoo01.png.transform/1col/image.png,,R,14.0,,,,,Retired,0.0,0.0
2025,Miami Grand Prix,Qualifying,Max Verstappen,Red Bull Racing,1.0,27.974358974358967,41.015384615384605,63.05128205128205,2.519230769230769,1,M VERSTAPPEN,VER,max_verstappen,3671C6,red_bull,Max,Verstappen,https://media.formula1.com/d_driver_fallback_image.png/content/dam/fom-website/drivers/M/MAXVER01_Max_Verstappen/maxver01.png.transform/1col/image.png,,,,0 days 00:01:26.870000,0 days 00:01:26.643000,0 days 00:01:26.204000,,,,
2025,Miami Grand Prix,Qualifying,Lando Norris,McLaren,2.0,27.974358974358967,41.015384615384605,63.05128205128205,2.519230769230769,4,L NORRIS,NOR,norris,FF8000,mclaren,Lando,Norris,https://media.formula1.com/d_driver_fallback_image.png/content/dam/fom-website/drivers/L/LANNOR01_Lando_Norris/lannor01.png.transform/1col/image.png,,,,0 days 00:01:26.955000,0 days 00:01:26.499000,0 days 00:01:26.269000,,,,
2025,Miami Grand Prix,Qualifying,Kimi Antonelli,Mercedes,3.0,27.974358974358967,41.015384615384605,63.05128205128205,2.519230769230769,12,K ANTONELLI,ANT,antonelli,27F4D2,mercedes,Kimi,Antonelli,https://media.formula1.com/d_driver_fallback_image.png/content/dam/fom-website/drivers/A/ANDANT01_Andrea%20Kimi_Antonelli/andant01.png.transform/1col/image.png,,,,0 days 00:01:27.077000,0 days 00:01:26.606000,0 days 00:01:26.271000,,,,
2025,Miami Grand Prix,Qualifying,Oscar Piastri,McLaren,4.0,27.974358974358967,41.015384615384605,63.05128205128205,2.519230769230769,81,O PIASTRI,PIA,piastri,FF8000,mclaren,Oscar,Piastri,https://media.formula1.com/d_driver_fallback_image.png/content/dam/fom-website/drivers/O/OSCPIA01_Oscar_Piastri/oscpia01.png.transform/1col/image.png,,,,0 days 00:01:27.006000,0 days 00:01:26.269000,0 days 00:01:26.375000,,,,
2025,Miami Grand Prix,Qualifying,George Russell,Mercedes,5.0,27.974358974358967,41.015384615384605,63.05128205128205,2.519230769230769,63,G RUSSELL,RUS,russell,27F4D2,mercedes,George,Russell,https://media.formula1.com/d_driver_fallback_image.png/content/dam/fom-website/drivers/G/GEORUS01_George_Russell/georus01.png.transform/1col/image.png,,,,0 days 00:01:27.014000,0 days 00:01:26.575000,0 days 00:01:26.385000,,,,
2025,Miami Grand Prix,Qualifying,Carlos Sainz,Williams,6.0,27.974358974358967,41.015384615384605,63.05128205128205,2.519230769230769,55,C SAINZ,SAI,sainz,64C4FF,williams,Carlos,Sainz,https://media.formula1.com/d_driver_fallback_image.png/content/dam/fom-website/drivers/C/CARSAI01_Carlos_Sainz/carsai01.png.transform/1col/image.png,,,,0 days 00:01:27.098000,0 days 00:01:26.847000,0 days 00:01:26.569000,,,,
2025,Miami Grand Prix,Qualifying,Alexander Albon,Williams,7.0,27.974358974358967,41.015384615384605,63.05128205128205,2.519230769230769,23,A ALBON,ALB,albon,64C4FF,williams,Alexander,Albon,https://media.formula1.com/d_driver_fallback_image.png/content/dam/fom-website/drivers/A/ALEALB01_Alexander_Albon/alealb01.png.transform/1col/image.png,,,,0 days 00:01:27.042000,0 days 00:01:26.855000,0 days 00:01:26.682000,,,,
2025,Miami Grand Prix,Qualifying,Charles Leclerc,Ferrari,8.0,27.974358974358967,41.015384615384605,63.05128205128205,2.519230769230769,16,C LECLERC,LEC,leclerc,E80020,ferrari,Charles,Leclerc,https://media.formula1.com/d_driver_fallback_image.png/content/dam/fom-website/drivers/C/CHALEC01_Charles_Leclerc/chalec01.png.transform/1col/image.png,,,,0 days 00:01:27.417000,0 days 00:01:26.948000,0 days 00:01:26.754000,,,,
2025,Miami Grand Prix,Qualifying,Esteban Ocon,Haas F1 Team,9.0,27.974358974358967,41.015384615384605,63.05128205128205,2.519230769230769,31,E OCON,OCO,ocon,B6BABD,haas,Esteban,Ocon,https://media.formula1.com/d_driver_fallback_image.png/content/dam/fom-website/drivers/E/ESTOCO01_Esteban_Ocon/estoco01.png.transform/1col/image.png,,,,0 days 00:01:27.450000,0 days 00:01:26.967000,0 days 00:01:26.824000,,,,
2025,Miami Grand Prix,Qualifying,Yuki Tsunoda,Red Bull Racing,10.0,27.974358974358967,41.015384615384605,63.05128205128205,2.519230769230769,22,Y TSUNODA,TSU,tsunoda,3671C6,red_bull,Yuki,Tsunoda,https://media.formula1.com/d_driver_fallback_image.png/content/dam/fom-website/drivers/Y/YUKTSU01_Yuki_Tsunoda/yuktsu01.png.transform/1col/image.png,,,,0 days 00:01:27.298000,0 days 00:01:26.959000,0 days 00:01:26.943000,,,,
2025,Miami Grand Prix,Qualifying,Isack Hadjar,Racing Bulls,11.0,27.974358974358967,41.015384615384605,63.05128205128205,2.519230769230769,6,I HADJAR,HAD,hadjar,6692FF,rb,Isack,Hadjar,https://media.formula1.com/d_driver_fallback_image.png/content/dam/fom-website/drivers/I/ISAHAD01_Isack_Hadjar/isahad01.png.transform/1col/image.png,,,,0 days 00:01:27.301000,0 days 00:01:26.987000,,,,,
2025,Miami Grand Prix,Qualifying,Lewis Hamilton,Ferrari,12.0,27.974358974358967,41.015384615384605,63.05128205128205,2.519230769230769,44,L HAMILTON,HAM,hamilton,E80020,ferrari,Lewis,Hamilton,https://media.formula1.com/d_driver_fallback_image.png/content/dam/fom-website/drivers/L/LEWHAM01_Lewis_Hamilton/lewham01.png.transform/1col/image.png,,,,0 days 00:01:27.279000,0 days 00:01:27.006000,,,,,
2025,Miami Grand Prix,Qualifying,Gabriel Bortoleto,Kick Sauber,13.0,27.974358974358967,41.015384615384605,63.05128205128205,2.519230769230769,5,G BORTOLETO,BOR,bortoleto,52E252,sauber,Gabriel,Bortoleto,https://media.formula1.com/d_driver_fallback_image.png/content/dam/fom-website/drivers/G/GABBOR01_Gabriel_Bortoleto/gabbor01.png.transform/1col/image.png,,,,0 days 00:01:27.343000,0 days 00:01:27.151000,,,,,
2025,Miami Grand Prix,Qualifying,Jack Doohan,Alpine,14.0,27.974358974358967,41.015384615384605,63.05128205128205,2.519230769230769,7,J DOOHAN,DOO,doohan,0093CC,alpine,Jack,Doohan,https://media.formula1.com/d_driver_fallback_image.png/content/dam/fom-website/drivers/J/JACDOO01_Jack_Doohan/jacdoo01.png.transform/1col/image.png,,,,0 days 00:01:27.422000,0 days 00:01:27.186000,,,,,
2025,Miami Grand Prix,Qualifying,Liam Lawson,Racing Bulls,15.0,27.974358974358967,41.015384615384605,63.05128205128205,2.519230769230769,30,L LAWSON,LAW,lawson,6692FF,rb,Liam,Lawson,https://media.formula1.com/d_driver_fallback_image.png/content/dam/fom-website/drivers/L/LIALAW01_Liam_Lawson/lialaw01.png.transform/1col/image.png,,,,0 days 00:01:27.444000,0 days 00:01:27.363000,,,,,
2025,Miami Grand Prix,Qualifying,Nico Hulkenberg,Kick Sauber,16.0,27.974358974358967,41.015384615384605,63.05128205128205,2.519230769230769,27,N HULKENBERG,HUL,hulkenberg,52E252,sauber,Nico,Hulkenberg,https://media.formula1.com/d_driver_fallback_image.png/content/dam/fom-website/drivers/N/NICHUL01_Nico_Hulkenberg/nichul01.png.transform/1col/image.png,,,,0 days 00:01:27.473000,,,,,,
2025,Miami Grand Prix,Qualifying,Fernando Alonso,Aston Martin,17.0,27.974358974358967,41.015384615384605,63.05128205128205,2.519230769230769,14,F ALONSO,ALO,alonso,229971,aston_martin,Fernando,Alonso,https://media.formula1.com/d_driver_fallback_image.png/content/dam/fom-website/drivers/F/FERALO01_Fernando_Alonso/feralo01.png.transform/1col/image.png,,,,0 days 00:01:27.604000,,,,,,
2025,Miami Grand Prix,Qualifying,Pierre Gasly,Alpine,18.0,27.974358974358967,41.015384615384605,63.05128205128205,2.519230769230769,10,P GASLY,GAS,gasly,0093CC,alpine,Pierre,Gasly,https://media.formula1.com/d_driver_fallback_image.png/content/dam/fom-website/drivers/P/PIEGAS01_Pierre_Gasly/piegas01.png.transform/1col/image.png,,,,0 days 00:01:27.710000,,,,,,
2025,Miami Grand Prix,Qualifying,Lance Stroll,Aston Martin,19.0,27.974358974358967,41.015384615384605,63.05128205128205,2.519230769230769,18,L STROLL,STR,stroll,229971,aston_martin,Lance,Stroll,https://media.formula1.com/d_driver_fallback_image.png/content/dam/fom-website/drivers/L/LANSTR01_Lance_Stroll/lanstr01.png.transform/1col/image.png,,,,0 days 00:01:27.830000,,,,,,
2025,Miami Grand Prix,Qualifying,Oliver Bearman,Haas F1 Team,20.0,27.974358974358967,41.015384615384605,63.05128205128205,2.519230769230769,87,O BEARMAN,BEA,bearman,B6BABD,haas,Oliver,Bearman,https://media.formula1.com/d_driver_fallback_image.png/content/dam/fom-website/drivers/O/OLIBEA01_Oliver_Bearman/olibea01.png.transform/1col/image.png,,,,0 days 00:01:27.999000,,,,,,
2025,Miami Grand Prix,Sprint,Lando Norris,McLaren,1.0,24.77017543859649,30.650877192982456,79.32456140350877,1.6140350877192982,4,L NORRIS,NOR,norris,FF8000,mclaren,Lando,Norris,https://media.formula1.com/d_driver_fallback_image.png/content/dam/fom-website/drivers/L/LANNOR01_Lando_Norris/lannor01.png.transform/1col/image.png,,1,3.0,,,,0 days 00:36:37.647000,Finished,8.0,18.0
2025,Miami Grand Prix,Sprint,Oscar Piastri,McLaren,2.0,24.77017543859649,30.650877192982456,79.32456140350877,1.6140350877192982,81,O PIASTRI,PIA,piastri,FF8000,mclaren,Oscar,Piastri,https://media.formula1.com/d_driver_fallback_image.png/content/dam/fom-website/drivers/O/OSCPIA01_Oscar_Piastri/oscpia01.png.transform/1col/image.png,,2,2.0,,,,0 days 00:00:00.672000,Finished,7.0,18.0
2025,Miami Grand Prix,Sprint,Lewis Hamilton,Ferrari,3.0,24.77017543859649,30.650877192982456,79.32456140350877,1.6140350877192982,44,L HAMILTON,HAM,hamilton,E80020,ferrari,Lewis,Hamilton,https://media.formula1.com/d_driver_fallback_image.png/content/dam/fom-website/drivers/L/LEWHAM01_Lewis_Hamilton/lewham01.png.transform/1col/image.png,,3,7.0,,,,0 days 00:00:01.073000,Finished,6.0,18.0
2025,Miami Grand Prix,Sprint,George Russell,Mercedes,4.0,24.77017543859649,30.650877192982456,79.32456140350877,1.6140350877192982,63,G RUSSELL,RUS,russell,27F4D2,mercedes,George,Russell,https://media.formula1.com/d_driver_fallback_image.png/content/dam/fom-website/drivers/G/GEORUS01_George_Russell/georus01.png.transform/1col/image.png,,4,5.0,,,,0 days 00:00:03.127000,Finished,5.0,18.0
2025,Miami Grand Prix,Sprint,Lance Stroll,Aston Martin,5.0,24.77017543859649,30.650877192982456,79.32456140350877,1.6140350877192982,18,L STROLL,STR,stroll,229971,aston_martin,Lance,Stroll,https://media.formula1.com/d_driver_fallback_image.png/content/dam/fom-website/drivers/L/LANSTR01_Lance_Stroll/lanstr01.png.transform/1col/image.png,,5,16.0,,,,0 days 00:00:03.412000,Finished,4.0,18.0
2025,Miami Grand Prix,Sprint,Yuki Tsunoda,Red Bull Racing,6.0,24.77017543859649,30.650877192982456,79.32456140350877,1.6140350877192982,22,Y TSUNODA,TSU,tsunoda,3671C6,red_bull,Yuki,Tsunoda,https://media.formula1.com/d_driver_fallback_image.png/content/dam/fom-website/drivers/Y/YUKTSU01_Yuki_Tsunoda/yuktsu01.png.transform/1col/image.png,,6,20.0,,,,0 days 00:00:05.153000,Finished,3.0,18.0
2025,Miami Grand Prix,Sprint,Kimi Antonelli,Mercedes,7.0,24.77017543859649,30.650877192982456,79.32456140350877,1.6140350877192982,12,K ANTONELLI,ANT,antonelli,27F4D2,mercedes,Kimi,Antonelli,https://media.formula1.com/d_driver_fallback_image.png/content/dam/fom-website/drivers/A/ANDANT01_Andrea%20Kimi_Antonelli/andant01.png.transform/1col/image.png,,7,1.0,,,,0 days 00:00:05.635000,Finished,2.0,18.0
2025,Miami Grand Prix,Sprint,Pierre Gasly,Alpine,8.0,24.77017543859649,30.650877192982456,79.32456140350877,1.6140350877192982,10,P GASLY,GAS,gasly,0093CC,alpine,Pierre,Gasly,https://media.formula1.com/d_driver_fallback_image.png/content/dam/fom-website/drivers/P/PIEGAS01_Pierre_Gasly/piegas01.png.transform/1col/image.png,,8,13.0,,,,0 days 00:00:05.973000,Finished,1.0,18.0
2025,Miami Grand Prix,Sprint,Nico Hulkenberg,Kick Sauber,9.0,24.77017543859649,30.650877192982456,79.32456140350877,1.6140350877192982,27,N HULKENBERG,HUL,hulkenberg,52E252,sauber,Nico,Hulkenberg,https://media.formula1.com/d_driver_fallback_image.png/content/dam/fom-website/drivers/N/NICHUL01_Nico_Hulkenberg/nichul01.png.transform/1col/image.png,,9,11.0,,,,0 days 00:00:06.153000,Finished,0.0,18.0
2025,Miami Grand Prix,Sprint,Isack Hadjar,Racing Bulls,10.0,24.77017543859649,30.650877192982456,79.32456140350877,1.6140350877192982,6,I HADJAR,HAD,hadjar,6692FF,rb,Isack,Hadjar,https://media.formula1.com/d_driver_fallback_image.png/content/dam/fom-website/drivers/I/ISAHAD01_Isack_Hadjar/isahad01.png.transform/1col/image.png,,10,9.0,,,,0 days 00:00:07.502000,Finished,0.0,18.0
2025,Miami Grand Prix,Sprint,Alexander Albon,Williams,11.0,24.77017543859649,30.650877192982456,79.32456140350877,1.6140350877192982,23,A ALBON,ALB,albon,64C4FF,williams,Alexander,Albon,https://media.formula1.com/d_driver_fallback_image.png/content/dam/fom-website/drivers/A/ALEALB01_Alexander_Albon/alealb01.png.transform/1col/image.png,,11,8.0,,,,0 days 00:00:07.522000,Finished,0.0,18.0
2025,Miami Grand Prix,Sprint,Esteban Ocon,Haas F1 Team,12.0,24.77017543859649,30.650877192982456,79.32456140350877,1.6140350877192982,31,E OCON,OCO,ocon,B6BABD,haas,Esteban,Ocon,https://media.formula1.com/d_driver_fallback_image.png/content/dam/fom-website/drivers/E/ESTOCO01_Esteban_Ocon/estoco01.png.transform/1col/image.png,,12,12.0,,,,0 days 00:00:08.998000,Finished,0.0,18.0
2025,Miami Grand Prix,Sprint,Liam Lawson,Racing Bulls,13.0,24.77017543859649,30.650877192982456,79.32456140350877,1.6140350877192982,30,L LAWSON,LAW,lawson,6692FF,rb,Liam,Lawson,https://media.formula1.com/d_driver_fallback_image.png/content/dam/fom-website/drivers/L/LIALAW01_Liam_Lawson/lialaw01.png.transform/1col/image.png,,13,14.0,,,,0 days 00:00:09.024000,Finished,0.0,18.0
2025,Miami Grand Prix,Sprint,Oliver Bearman,Haas F1 Team,14.0,24.77017543859649,30.650877192982456,79.32456140350877,1.6140350877192982,87,O BEARMAN,BEA,bearman,B6BABD,haas,Oliver,Bearman,https://media.formula1.com/d_driver_fallback_image.png/content/dam/fom-website/drivers/O/OLIBEA01_Oliver_Bearman/olibea01.png.transform/1col/image.png,,14,19.0,,,,0 days 00:00:09.218000,Finished,0.0,18.0
2025,Miami Grand Prix,Sprint,Gabriel Bortoleto,Kick Sauber,15.0,24.77017543859649,30.650877192982456,79.32456140350877,1.6140350877192982,5,G BORTOLETO,BOR,bortoleto,52E252,sauber,Gabriel,Bortoleto,https://media.formula1.com/d_driver_fallback_image.png/content/dam/fom-website/drivers/G/GABBOR01_Gabriel_Bortoleto/gabbor01.png.transform/1col/image.png,,15,18.0,,,,0 days 00:00:09.675000,Finished,0.0,18.0
2025,Miami Grand Prix,Sprint,Jack Doohan,Alpine,16.0,24.77017543859649,30.650877192982456,79.32456140350877,1.6140350877192982,7,J DOOHAN,DOO,doohan,0093CC,alpine,Jack,Doohan,https://media.formula1.com/d_driver_fallback_image.png/content/dam/fom-website/drivers/J/JACDOO01_Jack_Doohan/jacdoo01.png.transform/1col/image.png,,16,17.0,,,,0 days 00:00:09.909000,Finished,0.0,18.0
2025,Miami Grand Prix,Sprint,Max Verstappen,Red Bull Racing,17.0,24.77017543859649,30.650877192982456,79.32456140350877,1.6140350877192982,1,M VERSTAPPEN,VER,max_verstappen,3671C6,red_bull,Max,Verstappen,https://media.formula1.com/d_driver_fallback_image.png/content/dam/fom-website/drivers/M/MAXVER01_Max_Verstappen/maxver01.png.transform/1col/image.png,,17,4.0,,,,0 days 00:00:12.059000,Finished,0.0,18.0
2025,Miami Grand Prix,Sprint,Fernando Alonso,Aston Martin,18.0,24.77017543859649,30.650877192982456,79.32456140350877,1.6140350877192982,14,F ALONSO,ALO,alonso,229971,aston_martin,Fernando,Alonso,https://media.formula1.com/d_driver_fallback_image.png/content/dam/fom-website/drivers/F/FERALO01_Fernando_Alonso/feralo01.png.transform/1col/image.png,,R,10.0,,,,,Retired,0.0,13.0
2025,Miami Grand Prix,Sprint,Carlos Sainz,Williams,19.0,24.77017543859649,30.650877192982456,79.32456140350877,1.6140350877192982,55,C SAINZ,SAI,sainz,64C4FF,williams,Carlos,Sainz,https://media.formula1.com/d_driver_fallback_image.png/content/dam/fom-website/drivers/C/CARSAI01_Carlos_Sainz/carsai01.png.transform/1col/image.png,,R,15.0,,,,,Retired,0.0,12.0
2025,Miami Grand Prix,Sprint,Charles Leclerc,Ferrari,20.0,24.77017543859649,30.650877192982456,79.32456140350877,1.6140350877192982,16,C LECLERC,LEC,leclerc,E80020,ferrari,Charles,Leclerc,https://media.formula1.com/d_driver_fallback_image.png/content/dam/fom-website/drivers/C/CHALEC01_Charles_Leclerc/chalec01.png.transform/1col/image.png,,R,6.0,,,,,Retired,0.0,0.0
2025,Miami Grand Prix,Practice 1,Max Verstappen,Red Bull Racing,,27.873076923076926,41.64358974358975,50.217948717948715,1.8525641025641026,1,M VERSTAPPEN,VER,max_verstappen,3671C6,red_bull,Max,Verstappen,https://media.formula1.com/d_driver_fallback_image.png/content/dam/fom-website/drivers/M/MAXVER01_Max_Verstappen/maxver01.png.transform/1col/image.png,,,,,,,,,,
2025,Miami Grand Prix,Practice 1,Lando Norris,McLaren,,27.873076923076926,41.64358974358975,50.217948717948715,1.8525641025641026,4,L NORRIS,NOR,norris,FF8000,mclaren,Lando,Norris,https://media.formula1.com/d_driver_fallback_image.png/content/dam/fom-website/drivers/L/LANNOR01_Lando_Norris/lannor01.png.transform/1col/image.png,,,,,,,,,,
2025,Miami Grand Prix,Practice 1,Gabriel Bortoleto,Kick Sauber,,27.873076923076926,41.64358974358975,50.217948717948715,1.8525641025641026,5,G BORTOLETO,BOR,bortoleto,52E252,sauber,Gabriel,Bortoleto,https://media.formula1.com/d_driver_fallback_image.png/content/dam/fom-website/drivers/G/GABBOR01_Gabriel_Bortoleto/gabbor01.png.transform/1col/image.png,,,,,,,,,,
2025,Miami Grand Prix,Practice 1,Isack Hadjar,Racing Bulls,,27.873076923076926,41.64358974358975,50.217948717948715,1.8525641025641026,6,I HADJAR,HAD,hadjar,6692FF,rb,Isack,Hadjar,https://media.formula1.com/d_driver_fallback_image.png/content/dam/fom-website/drivers/I/ISAHAD01_Isack_Hadjar/isahad01.png.transform/1col/image.png,,,,,,,,,,
2025,Miami Grand Prix,Practice 1,Jack Doohan,Alpine,,27.873076923076926,41.64358974358975,50.217948717948715,1.8525641025641026,7,J DOOHAN,DOO,doohan,0093CC,alpine,Jack,Doohan,https://media.formula1.com/d_driver_fallback_image.png/content/dam/fom-website/drivers/J/JACDOO01_Jack_Doohan/jacdoo01.png.transform/1col/image.png,,,,,,,,,,
2025,Miami Grand Prix,Practice 1,Pierre Gasly,Alpine,,27.873076923076926,41.64358974358975,50.217948717948715,1.8525641025641026,10,P GASLY,GAS,gasly,0093CC,alpine,Pierre,Gasly,https://media.formula1.com/d_driver_fallback_image.png/content/dam/fom-website/drivers/P/PIEGAS01_Pierre_Gasly/piegas01.png.transform/1col/image.png,,,,,,,,,,
2025,Miami Grand Prix,Practice 1,Kimi Antonelli,Mercedes,,27.873076923076926,41.64358974358975,50.217948717948715,1.8525641025641026,12,K ANTONELLI,ANT,antonelli,27F4D2,mercedes,Kimi,Antonelli,https://media.formula1.com/d_driver_fallback_image.png/content/dam/fom-website/drivers/A/ANDANT01_Andrea%20Kimi_Antonelli/andant01.png.transform/1col/image.png,,,,,,,,,,
2025,Miami Grand Prix,Practice 1,Fernando Alonso,Aston Martin,,27.873076923076926,41.64358974358975,50.217948717948715,1.8525641025641026,14,F ALONSO,ALO,alonso,229971,aston_martin,Fernando,Alonso,https://media.formula1.com/d_driver_fallback_image.png/content/dam/fom-website/drivers/F/FERALO01_Fernando_Alonso/feralo01.png.transform/1col/image.png,,,,,,,,,,
2025,Miami Grand Prix,Practice 1,Charles Leclerc,Ferrari,,27.873076923076926,41.64358974358975,50.217948717948715,1.8525641025641026,16,C LECLERC,LEC,leclerc,E80020,ferrari,Charles,Leclerc,https://media.formula1.com/d_driver_fallback_image.png/content/dam/fom-website/drivers/C/CHALEC01_Charles_Leclerc/chalec01.png.transform/1col/image.png,,,,,,,,,,
2025,Miami Grand Prix,Practice 1,Lance Stroll,Aston Martin,,27.873076923076926,41.64358974358975,50.217948717948715,1.8525641025641026,18,L STROLL,STR,stroll,229971,aston_martin,Lance,Stroll,https://media.formula1.com/d_driver_fallback_image.png/content/dam/fom-website/drivers/L/LANSTR01_Lance_Stroll/lanstr01.png.transform/1col/image.png,,,,,,,,,,
2025,Miami Grand Prix,Practice 1,Yuki Tsunoda,Red Bull Racing,,27.873076923076926,41.64358974358975,50.217948717948715,1.8525641025641026,22,Y TSUNODA,TSU,tsunoda,3671C6,red_bull,Yuki,Tsunoda,https://media.formula1.com/d_driver_fallback_image.png/content/dam/fom-website/drivers/Y/YUKTSU01_Yuki_Tsunoda/yuktsu01.png.transform/1col/image.png,,,,,,,,,,
2025,Miami Grand Prix,Practice 1,Alexander Albon,Williams,,27.873076923076926,41.64358974358975,50.217948717948715,1.8525641025641026,23,A ALBON,ALB,albon,64C4FF,williams,Alexander,Albon,https://media.formula1.com/d_driver_fallback_image.png/content/dam/fom-website/drivers/A/ALEALB01_Alexander_Albon/alealb01.png.transform/1col/image.png,,,,,,,,,,
2025,Miami Grand Prix,Practice 1,Nico Hulkenberg,Kick Sauber,,27.873076923076926,41.64358974358975,50.217948717948715,1.8525641025641026,27,N HULKENBERG,HUL,hulkenberg,52E252,sauber,Nico,Hulkenberg,https://media.formula1.com/d_driver_fallback_image.png/content/dam/fom-website/drivers/N/NICHUL01_Nico_Hulkenberg/nichul01.png.transform/1col/image.png,,,,,,,,,,
2025,Miami Grand Prix,Practice 1,Liam Lawson,Racing Bulls,,27.873076923076926,41.64358974358975,50.217948717948715,1.8525641025641026,30,L LAWSON,LAW,lawson,6692FF,rb,Liam,Lawson,https://media.formula1.com/d_driver_fallback_image.png/content/dam/fom-website/drivers/L/LIALAW01_Liam_Lawson/lialaw01.png.transform/1col/image.png,,,,,,,,,,
2025,Miami Grand Prix,Practice 1,Esteban Ocon,Haas F1 Team,,27.873076923076926,41.64358974358975,50.217948717948715,1.8525641025641026,31,E OCON,OCO,ocon,B6BABD,haas,Esteban,Ocon,https://media.formula1.com/d_driver_fallback_image.png/content/dam/fom-website/drivers/E/ESTOCO01_Esteban_Ocon/estoco01.png.transform/1col/image.png,,,,,,,,,,
2025,Miami Grand Prix,Practice 1,Lewis Hamilton,Ferrari,,27.873076923076926,41.64358974358975,50.217948717948715,1.8525641025641026,44,L HAMILTON,HAM,hamilton,E80020,ferrari,Lewis,Hamilton,https://media.formula1.com/d_driver_fallback_image.png/content/dam/fom-website/drivers/L/LEWHAM01_Lewis_Hamilton/lewham01.png.transform/1col/image.png,,,,,,,,,,
2025,Miami Grand Prix,Practice 1,Carlos Sainz,Williams,,27.873076923076926,41.64358974358975,50.217948717948715,1.8525641025641026,55,C SAINZ,SAI,sainz,64C4FF,williams,Carlos,Sainz,https://media.formula1.com/d_driver_fallback_image.png/content/dam/fom-website/drivers/C/CARSAI01_Carlos_Sainz/carsai01.png.transform/1col/image.png,,,,,,,,,,
2025,Miami Grand Prix,Practice 1,George Russell,Mercedes,,27.873076923076926,41.64358974358975,50.217948717948715,1.8525641025641026,63,G RUSSELL,RUS,russell,27F4D2,mercedes,George,Russell,https://media.formula1.com/d_driver_fallback_image.png/content/dam/fom-website/drivers/G/GEORUS01_George_Russell/georus01.png.transform/1col/image.png,,,,,,,,,,
2025,Miami Grand Prix,Practice 1,Oscar Piastri,McLaren,,27.873076923076926,41.64358974358975,50.217948717948715,1.8525641025641026,81,O PIASTRI,PIA,piastri,FF8000,mclaren,Oscar,Piastri,https://media.formula1.com/d_driver_fallback_image.png/content/dam/fom-website/drivers/O/OSCPIA01_Oscar_Piastri/oscpia01.png.transform/1col/image.png,,,,,,,,,,
2025,Miami Grand Prix,Practice 1,Oliver Bearman,Haas F1 Team,,27.873076923076926,41.64358974358975,50.217948717948715,1.8525641025641026,87,O BEARMAN,BEA,bearman,B6BABD,haas,Oliver,Bearman,https://media.formula1.com/d_driver_fallback_image.png/content/dam/fom-website/drivers/O/OLIBEA01_Oliver_Bearman/olibea01.png.transform/1col/image.png,,,,,,,,,,
2025,Emilia Romagna Grand Prix,Race,Max Verstappen,Red Bull Racing,1.0,23.964666666666666,42.664,38.306666666666665,3.2479999999999998,1,M VERSTAPPEN,VER,max_verstappen,3671C6,red_bull,Max,Verstappen,https://media.formula1.com/d_driver_fallback_image.png/content/dam/fom-website/drivers/M/MAXVER01_Max_Verstappen/maxver01.png.transform/1col/image.png,,1,2.0,,,,0 days 01:31:33.199000,Finished,25.0,63.0
2025,Emilia Romagna Grand Prix,Race,Lando Norris,McLaren,2.0,23.964666666666666,42.664,38.306666666666665,3.2479999999999998,4,L NORRIS,NOR,norris,FF8000,mclaren,Lando,Norris,https://media.formula1.com/d_driver_fallback_image.png/content/dam/fom-website/drivers/L/LANNOR01_Lando_Norris/lannor01.png.transform/1col/image.png,,2,4.0,,,,0 days 00:00:06.109000,Finished,18.0,63.0
2025,Emilia Romagna Grand Prix,Race,Oscar Piastri,McLaren,3.0,23.964666666666666,42.664,38.306666666666665,3.2479999999999998,81,O PIASTRI,PIA,piastri,FF8000,mclaren,Oscar,Piastri,https://media.formula1.com/d_driver_fallback_image.png/content/dam/fom-website/drivers/O/OSCPIA01_Oscar_Piastri/oscpia01.png.transform/1col/image.png,,3,1.0,,,,0 days 00:00:12.956000,Finished,15.0,63.0
2025,Emilia Romagna Grand Prix,Race,Lewis Hamilton,Ferrari,4.0,23.964666666666666,42.664,38.306666666666665,3.2479999999999998,44,L HAMILTON,HAM,hamilton,E80020,ferrari,Lewis,Hamilton,https://media.formula1.com/d_driver_fallback_image.png/content/dam/fom-website/drivers/L/LEWHAM01_Lewis_Hamilton/lewham01.png.transform/1col/image.png,,4,12.0,,,,0 days 00:00:14.356000,Finished,12.0,63.0
2025,Emilia Romagna Grand Prix,Race,Alexander Albon,Williams,5.0,23.964666666666666,42.664,38.306666666666665,3.2479999999999998,23,A ALBON,ALB,albon,64C4FF,williams,Alexander,Albon,https://media.formula1.com/d_driver_fallback_image.png/content/dam/fom-website/drivers/A/ALEALB01_Alexander_Albon/alealb01.png.transform/1col/image.png,,5,7.0,,,,0 days 00:00:17.945000,Finished,10.0,63.0
2025,Emilia Romagna Grand Prix,Race,Charles Leclerc,Ferrari,6.0,23.964666666666666,42.664,38.306666666666665,3.2479999999999998,16,C LECLERC,LEC,leclerc,E80020,ferrari,Charles,Leclerc,https://media.formula1.com/d_driver_fallback_image.png/content/dam/fom-website/drivers/C/CHALEC01_Charles_Leclerc/chalec01.png.transform/1col/image.png,,6,11.0,,,,0 days 00:00:20.774000,Finished,8.0,63.0
2025,Emilia Romagna Grand Prix,Race,George Russell,Mercedes,7.0,23.964666666666666,42.664,38.306666666666665,3.2479999999999998,63,G RUSSELL,RUS,russell,27F4D2,mercedes,George,Russell,https://media.formula1.com/d_driver_fallback_image.png/content/dam/fom-website/drivers/G/GEORUS01_George_Russell/georus01.png.transform/1col/image.png,,7,3.0,,,,0 days 00:00:22.034000,Finished,6.0,63.0
2025,Emilia Romagna Grand Prix,Race,Carlos Sainz,Williams,8.0,23.964666666666666,42.664,38.306666666666665,3.2479999999999998,55,C SAINZ,SAI,sainz,64C4FF,williams,Carlos,Sainz,https://media.formula1.com/d_driver_fallback_image.png/content/dam/fom-website/drivers/C/CARSAI01_Carlos_Sainz/carsai01.png.transform/1col/image.png,,8,6.0,,,,0 days 00:00:22.898000,Finished,4.0,63.0
2025,Emilia Romagna Grand Prix,Race,Isack Hadjar,Racing Bulls,9.0,23.964666666666666,42.664,38.306666666666665,3.2479999999999998,6,I HADJAR,HAD,hadjar,6692FF,rb,Isack,Hadjar,https://media.formula1.com/d_driver_fallback_image.png/content/dam/fom-website/drivers/I/ISAHAD01_Isack_Hadjar/isahad01.png.transform/1col/image.png,,9,9.0,,,,0 days 00:00:23.586000,Finished,2.0,63.0
2025,Emilia Romagna Grand Prix,Race,Yuki Tsunoda,Red Bull Racing,10.0,23.964666666666666,42.664,38.306666666666665,3.2479999999999998,22,Y TSUNODA,TSU,tsunoda,3671C6,red_bull,Yuki,Tsunoda,https://media.formula1.com/d_driver_fallback_image.png/content/dam/fom-website/drivers/Y/YUKTSU01_Yuki_Tsunoda/yuktsu01.png.transform/1col/image.png,,10,20.0,,,,0 days 00:00:26.446000,Finished,1.0,63.0
2025,Emilia Romagna Grand Prix,Race,Fernando Alonso,Aston Martin,11.0,23.964666666666666,42.664,38.306666666666665,3.2479999999999998,14,F ALONSO,ALO,alonso,229971,aston_martin,Fernando,Alonso,https://media.formula1.com/d_driver_fallback_image.png/content/dam/fom-website/drivers/F/FERALO01_Fernando_Alonso/feralo01.png.transform/1col/image.png,,11,5.0,,,,0 days 00:00:27.250000,Finished,0.0,63.0
2025,Emilia Romagna Grand Prix,Race,Nico Hulkenberg,Kick Sauber,12.0,23.964666666666666,42.664,38.306666666666665,3.2479999999999998,27,N HULKENBERG,HUL,hulkenberg,52E252,sauber,Nico,Hulkenberg,https://media.formula1.com/d_driver_fallback_image.png/content/dam/fom-website/drivers/N/NICHUL01_Nico_Hulkenberg/nichul01.png.transform/1col/image.png,,12,17.0,,,,0 days 00:00:30.296000,Finished,0.0,63.0
2025,Emilia Romagna Grand Prix,Race,Pierre Gasly,Alpine,13.0,23.964666666666666,42.664,38.306666666666665,3.2479999999999998,10,P GASLY,GAS,gasly,0093CC,alpine,Pierre,Gasly,https://media.formula1.com/d_driver_fallback_image.png/content/dam/fom-website/drivers/P/PIEGAS01_Pierre_Gasly/piegas01.png.transform/1col/image.png,,13,10.0,,,,0 days 00:00:31.424000,Finished,0.0,63.0
2025,Emilia Romagna Grand Prix,Race,Liam Lawson,Racing Bulls,14.0,23.964666666666666,42.664,38.306666666666665,3.2479999999999998,30,L LAWSON,LAW,lawson,6692FF,rb,Liam,Lawson,https://media.formula1.com/d_driver_fallback_image.png/content/dam/fom-website/drivers/L/LIALAW01_Liam_Lawson/lialaw01.png.transform/1col/image.png,,14,15.0,,,,0 days 00:00:32.511000,Finished,0.0,63.0
2025,Emilia Romagna Grand Prix,Race,Lance Stroll,Aston Martin,15.0,23.964666666666666,42.664,38.306666666666665,3.2479999999999998,18,L STROLL,STR,stroll,229971,aston_martin,Lance,Stroll,https://media.formula1.com/d_driver_fallback_image.png/content/dam/fom-website/drivers/L/LANSTR01_Lance_Stroll/lanstr01.png.transform/1col/image.png,,15,8.0,,,,0 days 00:00:32.993000,Finished,0.0,63.0
2025,Emilia Romagna Grand Prix,Race,Franco Colapinto,Alpine,16.0,23.964666666666666,42.664,38.306666666666665,3.2479999999999998,43,F COLAPINTO,COL,colapinto,0093CC,alpine,Franco,Colapinto,None,,16,16.0,,,,0 days 00:00:33.411000,Finished,0.0,63.0
2025,Emilia Romagna Grand Prix,Race,Oliver Bearman,Haas F1 Team,17.0,23.964666666666666,42.664,38.306666666666665,3.2479999999999998,87,O BEARMAN,BEA,bearman,B6BABD,haas,Oliver,Bearman,https://media.formula1.com/d_driver_fallback_image.png/content/dam/fom-website/drivers/O/OLIBEA01_Oliver_Bearman/olibea01.png.transform/1col/image.png,,17,19.0,,,,0 days 00:00:33.808000,Finished,0.0,63.0
2025,Emilia Romagna Grand Prix,Race,Gabriel Bortoleto,Kick Sauber,18.0,23.964666666666666,42.664,38.306666666666665,3.2479999999999998,5,G BORTOLETO,BOR,bortoleto,52E252,sauber,Gabriel,Bortoleto,https://media.formula1.com/d_driver_fallback_image.png/content/dam/fom-website/drivers/G/GABBOR01_Gabriel_Bortoleto/gabbor01.png.transform/1col/image.png,,18,14.0,,,,0 days 00:00:38.572000,Finished,0.0,63.0
2025,Emilia Romagna Grand Prix,Race,Kimi Antonelli,Mercedes,19.0,23.964666666666666,42.664,38.306666666666665,3.2479999999999998,12,K ANTONELLI,ANT,antonelli,27F4D2,mercedes,Kimi,Antonelli,https://media.formula1.com/d_driver_fallback_image.png/content/dam/fom-website/drivers/A/ANDANT01_Andrea%20Kimi_Antonelli/andant01.png.transform/1col/image.png,,R,13.0,,,,,Retired,0.0,44.0
2025,Emilia Romagna Grand Prix,Race,Esteban Ocon,Haas F1 Team,20.0,23.964666666666666,42.664,38.306666666666665,3.2479999999999998,31,E OCON,OCO,ocon,B6BABD,haas,Esteban,Ocon,https://media.formula1.com/d_driver_fallback_image.png/content/dam/fom-website/drivers/E/ESTOCO01_Esteban_Ocon/estoco01.png.transform/1col/image.png,,R,18.0,,,,,Retired,0.0,27.0
2025,Emilia Romagna Grand Prix,Qualifying,Oscar Piastri,McLaren,1.0,22.800909090909094,39.41636363636363,30.436363636363637,1.9636363636363636,81,O PIASTRI,PIA,piastri,FF8000,mclaren,Oscar,Piastri,https://media.formula1.com/d_driver_fallback_image.png/content/dam/fom-website/drivers/O/OSCPIA01_Oscar_Piastri/oscpia01.png.transform/1col/image.png,,,,0 days 00:01:15.500000,0 days 00:01:15.214000,0 days 00:01:14.670000,,,,
2025,Emilia Romagna Grand Prix,Qualifying,Max Verstappen,Red Bull Racing,2.0,22.800909090909094,39.41636363636363,30.436363636363637,1.9636363636363636,1,M VERSTAPPEN,VER,max_verstappen,3671C6,red_bull,Max,Verstappen,https://media.formula1.com/d_driver_fallback_image.png/content/dam/fom-website/drivers/M/MAXVER01_Max_Verstappen/maxver01.png.transform/1col/image.png,,,,0 days 00:01:15.175000,0 days 00:01:15.394000,0 days 00:01:14.704000,,,,
2025,Emilia Romagna Grand Prix,Qualifying,George Russell,Mercedes,3.0,22.800909090909094,39.41636363636363,30.436363636363637,1.9636363636363636,63,G RUSSELL,RUS,russell,27F4D2,mercedes,George,Russell,https://media.formula1.com/d_driver_fallback_image.png/content/dam/fom-website/drivers/G/GEORUS01_George_Russell/georus01.png.transform/1col/image.png,,,,0 days 00:01:15.852000,0 days 00:01:15.334000,0 days 00:01:14.807000,,,,
2025,Emilia Romagna Grand Prix,Qualifying,Lando Norris,McLaren,4.0,22.800909090909094,39.41636363636363,30.436363636363637,1.9636363636363636,4,L NORRIS,NOR,norris,FF8000,mclaren,Lando,Norris,https://media.formula1.com/d_driver_fallback_image.png/content/dam/fom-website/drivers/L/LANNOR01_Lando_Norris/lannor01.png.transform/1col/image.png,,,,0 days 00:01:15.894000,0 days 00:01:15.261000,0 days 00:01:14.962000,,,,
2025,Emilia Romagna Grand Prix,Qualifying,Fernando Alonso,Aston Martin,5.0,22.800909090909094,39.41636363636363,30.436363636363637,1.9636363636363636,14,F ALONSO,ALO,alonso,229971,aston_martin,Fernando,Alonso,https://media.formula1.com/d_driver_fallback_image.png/content/dam/fom-website/drivers/F/FERALO01_Fernando_Alonso/feralo01.png.transform/1col/image.png,,,,0 days 00:01:15.695000,0 days 00:01:15.442000,0 days 00:01:15.431000,,,,
2025,Emilia Romagna Grand Prix,Qualifying,Carlos Sainz,Williams,6.0,22.800909090909094,39.41636363636363,30.436363636363637,1.9636363636363636,55,C SAINZ,SAI,sainz,64C4FF,williams,Carlos,Sainz,https://media.formula1.com/d_driver_fallback_image.png/content/dam/fom-website/drivers/C/CARSAI01_Carlos_Sainz/carsai01.png.transform/1col/image.png,,,,0 days 00:01:15.987000,0 days 00:01:15.198000,0 days 00:01:15.432000,,,,
2025,Emilia Romagna Grand Prix,Qualifying,Alexander Albon,Williams,7.0,22.800909090909094,39.41636363636363,30.436363636363637,1.9636363636363636,23,A ALBON,ALB,albon,64C4FF,williams,Alexander,Albon,https://media.formula1.com/d_driver_fallback_image.png/content/dam/fom-website/drivers/A/ALEALB01_Alexander_Albon/alealb01.png.transform/1col/image.png,,,,0 days 00:01:16.123000,0 days 00:01:15.521000,0 days 00:01:15.473000,,,,
2025,Emilia Romagna Grand Prix,Qualifying,Lance Stroll,Aston Martin,8.0,22.800909090909094,39.41636363636363,30.436363636363637,1.9636363636363636,18,L STROLL,STR,stroll,229971,aston_martin,Lance,Stroll,https://media.formula1.com/d_driver_fallback_image.png/content/dam/fom-website/drivers/L/LANSTR01_Lance_Stroll/lanstr01.png.transform/1col/image.png,,,,0 days 00:01:15.817000,0 days 00:01:15.497000,0 days 00:01:15.581000,,,,
2025,Emilia Romagna Grand Prix,Qualifying,Isack Hadjar,Racing Bulls,9.0,22.800909090909094,39.41636363636363,30.436363636363637,1.9636363636363636,6,I HADJAR,HAD,hadjar,6692FF,rb,Isack,Hadjar,https://media.formula1.com/d_driver_fallback_image.png/content/dam/fom-website/drivers/I/ISAHAD01_Isack_Hadjar/isahad01.png.transform/1col/image.png,,,,0 days 00:01:16.253000,0 days 00:01:15.510000,0 days 00:01:15.746000,,,,
2025,Emilia Romagna Grand Prix,Qualifying,Pierre Gasly,Alpine,10.0,22.800909090909094,39.41636363636363,30.436363636363637,1.9636363636363636,10,P GASLY,GAS,gasly,0093CC,alpine,Pierre,Gasly,https://media.formula1.com/d_driver_fallback_image.png/content/dam/fom-website/drivers/P/PIEGAS01_Pierre_Gasly/piegas01.png.transform/1col/image.png,,,,0 days 00:01:15.937000,0 days 00:01:15.505000,0 days 00:01:15.787000,,,,
2025,Emilia Romagna Grand Prix,Qualifying,Charles Leclerc,Ferrari,11.0,22.800909090909094,39.41636363636363,30.436363636363637,1.9636363636363636,16,C LECLERC,LEC,leclerc,E80020,ferrari,Charles,Leclerc,https://media.formula1.com/d_driver_fallback_image.png/content/dam/fom-website/drivers/C/CHALEC01_Charles_Leclerc/chalec01.png.transform/1col/image.png,,,,0 days 00:01:16.108000,0 days 00:01:15.604000,,,,,
2025,Emilia Romagna Grand Prix,Qualifying,Lewis Hamilton,Ferrari,12.0,22.800909090909094,39.41636363636363,30.436363636363637,1.9636363636363636,44,L HAMILTON,HAM,hamilton,E80020,ferrari,Lewis,Hamilton,https://media.formula1.com/d_driver_fallback_image.png/content/dam/fom-website/drivers/L/LEWHAM01_Lewis_Hamilton/lewham01.png.transform/1col/image.png,,,,0 days 00:01:16.163000,0 days 00:01:15.765000,,,,,
2025,Emilia Romagna Grand Prix,Qualifying,Kimi Antonelli,Mercedes,13.0,22.800909090909094,39.41636363636363,30.436363636363637,1.9636363636363636,12,K ANTONELLI,ANT,antonelli,27F4D2,mercedes,Kimi,Antonelli,https://media.formula1.com/d_driver_fallback_image.png/content/dam/fom-website/drivers/A/ANDANT01_Andrea%20Kimi_Antonelli/andant01.png.transform/1col/image.png,,,,0 days 00:01:15.943000,0 days 00:01:15.772000,,,,,
2025,Emilia Romagna Grand Prix,Qualifying,Gabriel Bortoleto,Kick Sauber,14.0,22.800909090909094,39.41636363636363,30.436363636363637,1.9636363636363636,5,G BORTOLETO,BOR,bortoleto,52E252,sauber,Gabriel,Bortoleto,https://media.formula1.com/d_driver_fallback_image.png/content/dam/fom-website/drivers/G/GABBOR01_Gabriel_Bortoleto/gabbor01.png.transform/1col/image.png,,,,0 days 00:01:16.340000,0 days 00:01:16.260000,,,,,
2025,Emilia Romagna Grand Prix,Qualifying,Franco Colapinto,Alpine,15.0,22.800909090909094,39.41636363636363,30.436363636363637,1.9636363636363636,43,F COLAPINTO,COL,colapinto,0093CC,alpine,Franco,Colapinto,None,,,,0 days 00:01:16.256000,,,,,,
2025,Emilia Romagna Grand Prix,Qualifying,Liam Lawson,Racing Bulls,16.0,22.800909090909094,39.41636363636363,30.436363636363637,1.9636363636363636,30,L LAWSON,LAW,lawson,6692FF,rb,Liam,Lawson,https://media.formula1.com/d_driver_fallback_image.png/content/dam/fom-website/drivers/L/LIALAW01_Liam_Lawson/lialaw01.png.transform/1col/image.png,,,,0 days 00:01:16.379000,,,,,,
2025,Emilia Romagna Grand Prix,Qualifying,Nico Hulkenberg,Kick Sauber,17.0,22.800909090909094,39.41636363636363,30.436363636363637,1.9636363636363636,27,N HULKENBERG,HUL,hulkenberg,52E252,sauber,Nico,Hulkenberg,https://media.formula1.com/d_driver_fallback_image.png/content/dam/fom-website/drivers/N/NICHUL01_Nico_Hulkenberg/nichul01.png.transform/1col/image.png,,,,0 days 00:01:16.518000,,,,,,
2025,Emilia Romagna Grand Prix,Qualifying,Esteban Ocon,Haas F1 Team,18.0,22.800909090909094,39.41636363636363,30.436363636363637,1.9636363636363636,31,E OCON,OCO,ocon,B6BABD,haas,Esteban,Ocon,https://media.formula1.com/d_driver_fallback_image.png/content/dam/fom-website/drivers/E/ESTOCO01_Esteban_Ocon/estoco01.png.transform/1col/image.png,,,,0 days 00:01:16.613000,,,,,,
2025,Emilia Romagna Grand Prix,Qualifying,Oliver Bearman,Haas F1 Team,19.0,22.800909090909094,39.41636363636363,30.436363636363637,1.9636363636363636,87,O BEARMAN,BEA,bearman,B6BABD,haas,Oliver,Bearman,https://media.formula1.com/d_driver_fallback_image.png/content/dam/fom-website/drivers/O/OLIBEA01_Oliver_Bearman/olibea01.png.transform/1col/image.png,,,,0 days 00:01:16.918000,,,,,,
2025,Emilia Romagna Grand Prix,Qualifying,Yuki Tsunoda,Red Bull Racing,20.0,22.800909090909094,39.41636363636363,30.436363636363637,1.9636363636363636,22,Y TSUNODA,TSU,tsunoda,3671C6,red_bull,Yuki,Tsunoda,https://media.formula1.com/d_driver_fallback_image.png/content/dam/fom-website/drivers/Y/YUKTSU01_Yuki_Tsunoda/yuktsu01.png.transform/1col/image.png,,,,,,,,,,
2025,Emilia Romagna Grand Prix,Practice 1,Max Verstappen,Red Bull Racing,,19.302631578947366,39.53157894736842,32.421052631578945,3.206578947368421,1,M VERSTAPPEN,VER,max_verstappen,3671C6,red_bull,Max,Verstappen,https://media.formula1.com/d_driver_fallback_image.png/content/dam/fom-website/drivers/M/MAXVER01_Max_Verstappen/maxver01.png.transform/1col/image.png,,,,,,,,,,
2025,Emilia Romagna Grand Prix,Practice 1,Lando Norris,McLaren,,19.302631578947366,39.53157894736842,32.421052631578945,3.206578947368421,4,L NORRIS,NOR,norris,FF8000,mclaren,Lando,Norris,https://media.formula1.com/d_driver_fallback_image.png/content/dam/fom-website/drivers/L/LANNOR01_Lando_Norris/lannor01.png.transform/1col/image.png,,,,,,,,,,
2025,Emilia Romagna Grand Prix,Practice 1,Gabriel Bortoleto,Kick Sauber,,19.302631578947366,39.53157894736842,32.421052631578945,3.206578947368421,5,G BORTOLETO,BOR,bortoleto,52E252,sauber,Gabriel,Bortoleto,https://media.formula1.com/d_driver_fallback_image.png/content/dam/fom-website/drivers/G/GABBOR01_Gabriel_Bortoleto/gabbor01.png.transform/1col/image.png,,,,,,,,,,
2025,Emilia Romagna Grand Prix,Practice 1,Isack Hadjar,Racing Bulls,,19.302631578947366,39.53157894736842,32.421052631578945,3.206578947368421,6,I HADJAR,HAD,hadjar,6692FF,rb,Isack,Hadjar,https://media.formula1.com/d_driver_fallback_image.png/content/dam/fom-website/drivers/I/ISAHAD01_Isack_Hadjar/isahad01.png.transform/1col/image.png,,,,,,,,,,
2025,Emilia Romagna Grand Prix,Practice 1,Pierre Gasly,Alpine,,19.302631578947366,39.53157894736842,32.421052631578945,3.206578947368421,10,P GASLY,GAS,gasly,0093CC,alpine,Pierre,Gasly,https://media.formula1.com/d_driver_fallback_image.png/content/dam/fom-website/drivers/P/PIEGAS01_Pierre_Gasly/piegas01.png.transform/1col/image.png,,,,,,,,,,
2025,Emilia Romagna Grand Prix,Practice 1,Kimi Antonelli,Mercedes,,19.302631578947366,39.53157894736842,32.421052631578945,3.206578947368421,12,K ANTONELLI,ANT,antonelli,27F4D2,mercedes,Kimi,Antonelli,https://media.formula1.com/d_driver_fallback_image.png/content/dam/fom-website/drivers/A/ANDANT01_Andrea%20Kimi_Antonelli/andant01.png.transform/1col/image.png,,,,,,,,,,
2025,Emilia Romagna Grand Prix,Practice 1,Fernando Alonso,Aston Martin,,19.302631578947366,39.53157894736842,32.421052631578945,3.206578947368421,14,F ALONSO,ALO,alonso,229971,aston_martin,Fernando,Alonso,https://media.formula1.com/d_driver_fallback_image.png/content/dam/fom-website/drivers/F/FERALO01_Fernando_Alonso/feralo01.png.transform/1col/image.png,,,,,,,,,,
2025,Emilia Romagna Grand Prix,Practice 1,Charles Leclerc,Ferrari,,19.302631578947366,39.53157894736842,32.421052631578945,3.206578947368421,16,C LECLERC,LEC,leclerc,E80020,ferrari,Charles,Leclerc,https://media.formula1.com/d_driver_fallback_image.png/content/dam/fom-website/drivers/C/CHALEC01_Charles_Leclerc/chalec01.png.transform/1col/image.png,,,,,,,,,,
2025,Emilia Romagna Grand Prix,Practice 1,Lance Stroll,Aston Martin,,19.302631578947366,39.53157894736842,32.421052631578945,3.206578947368421,18,L STROLL,STR,stroll,229971,aston_martin,Lance,Stroll,https://media.formula1.com/d_driver_fallback_image.png/content/dam/fom-website/drivers/L/LANSTR01_Lance_Stroll/lanstr01.png.transform/1col/image.png,,,,,,,,,,
2025,Emilia Romagna Grand Prix,Practice 1,Yuki Tsunoda,Red Bull Racing,,19.302631578947366,39.53157894736842,32.421052631578945,3.206578947368421,22,Y TSUNODA,TSU,tsunoda,3671C6,red_bull,Yuki,Tsunoda,https://media.formula1.com/d_driver_fallback_image.png/content/dam/fom-website/drivers/Y/YUKTSU01_Yuki_Tsunoda/yuktsu01.png.transform/1col/image.png,,,,,,,,,,
2025,Emilia Romagna Grand Prix,Practice 1,Alexander Albon,Williams,,19.302631578947366,39.53157894736842,32.421052631578945,3.206578947368421,23,A ALBON,ALB,albon,64C4FF,williams,Alexander,Albon,https://media.formula1.com/d_driver_fallback_image.png/content/dam/fom-website/drivers/A/ALEALB01_Alexander_Albon/alealb01.png.transform/1col/image.png,,,,,,,,,,
2025,Emilia Romagna Grand Prix,Practice 1,Nico Hulkenberg,Kick Sauber,,19.302631578947366,39.53157894736842,32.421052631578945,3.206578947368421,27,N HULKENBERG,HUL,hulkenberg,52E252,sauber,Nico,Hulkenberg,https://media.formula1.com/d_driver_fallback_image.png/content/dam/fom-website/drivers/N/NICHUL01_Nico_Hulkenberg/nichul01.png.transform/1col/image.png,,,,,,,,,,
2025,Emilia Romagna Grand Prix,Practice 1,Liam Lawson,Racing Bulls,,19.302631578947366,39.53157894736842,32.421052631578945,3.206578947368421,30,L LAWSON,LAW,lawson,6692FF,rb,Liam,Lawson,https://media.formula1.com/d_driver_fallback_image.png/content/dam/fom-website/drivers/L/LIALAW01_Liam_Lawson/lialaw01.png.transform/1col/image.png,,,,,,,,,,
2025,Emilia Romagna Grand Prix,Practice 1,Esteban Ocon,Haas F1 Team,,19.302631578947366,39.53157894736842,32.421052631578945,3.206578947368421,31,E OCON,OCO,ocon,B6BABD,haas,Esteban,Ocon,https://media.formula1.com/d_driver_fallback_image.png/content/dam/fom-website/drivers/E/ESTOCO01_Esteban_Ocon/estoco01.png.transform/1col/image.png,,,,,,,,,,
2025,Emilia Romagna Grand Prix,Practice 1,Franco Colapinto,Alpine,,19.302631578947366,39.53157894736842,32.421052631578945,3.206578947368421,43,F COLAPINTO,COL,colapinto,0093CC,alpine,Franco,Colapinto,None,,,,,,,,,,
2025,Emilia Romagna Grand Prix,Practice 1,Lewis Hamilton,Ferrari,,19.302631578947366,39.53157894736842,32.421052631578945,3.206578947368421,44,L HAMILTON,HAM,hamilton,E80020,ferrari,Lewis,Hamilton,https://media.formula1.com/d_driver_fallback_image.png/content/dam/fom-website/drivers/L/LEWHAM01_Lewis_Hamilton/lewham01.png.transform/1col/image.png,,,,,,,,,,
2025,Emilia Romagna Grand Prix,Practice 1,Carlos Sainz,Williams,,19.302631578947366,39.53157894736842,32.421052631578945,3.206578947368421,55,C SAINZ,SAI,sainz,64C4FF,williams,Carlos,Sainz,https://media.formula1.com/d_driver_fallback_image.png/content/dam/fom-website/drivers/C/CARSAI01_Carlos_Sainz/carsai01.png.transform/1col/image.png,,,,,,,,,,
2025,Emilia Romagna Grand Prix,Practice 1,George Russell,Mercedes,,19.302631578947366,39.53157894736842,32.421052631578945,3.206578947368421,63,G RUSSELL,RUS,russell,27F4D2,mercedes,George,Russell,https://media.formula1.com/d_driver_fallback_image.png/content/dam/fom-website/drivers/G/GEORUS01_George_Russell/georus01.png.transform/1col/image.png,,,,,,,,,,
2025,Emilia Romagna Grand Prix,Practice 1,Oscar Piastri,McLaren,,19.302631578947366,39.53157894736842,32.421052631578945,3.206578947368421,81,O PIASTRI,PIA,piastri,FF8000,mclaren,Oscar,Piastri,https://media.formula1.com/d_driver_fallback_image.png/content/dam/fom-website/drivers/O/OSCPIA01_Oscar_Piastri/oscpia01.png.transform/1col/image.png,,,,,,,,,,
2025,Emilia Romagna Grand Prix,Practice 1,Oliver Bearman,Haas F1 Team,,19.302631578947366,39.53157894736842,32.421052631578945,3.206578947368421,87,O BEARMAN,BEA,bearman,B6BABD,haas,Oliver,Bearman,https://media.formula1.com/d_driver_fallback_image.png/content/dam/fom-website/drivers/O/OLIBEA01_Oliver_Bearman/olibea01.png.transform/1col/image.png,,,,,,,,,,
2025,Emilia Romagna Grand Prix,Practice 2,Max Verstappen,Red Bull Racing,,19.67654320987654,34.91234567901235,31.555555555555557,2.328395061728395,1,M VERSTAPPEN,VER,max_verstappen,3671C6,red_bull,Max,Verstappen,https://media.formula1.com/d_driver_fallback_image.png/content/dam/fom-website/drivers/M/MAXVER01_Max_Verstappen/maxver01.png.transform/1col/image.png,,,,,,,,,,
2025,Emilia Romagna Grand Prix,Practice 2,Lando Norris,McLaren,,19.67654320987654,34.91234567901235,31.555555555555557,2.328395061728395,4,L NORRIS,NOR,norris,FF8000,mclaren,Lando,Norris,https://media.formula1.com/d_driver_fallback_image.png/content/dam/fom-website/drivers/L/LANNOR01_Lando_Norris/lannor01.png.transform/1col/image.png,,,,,,,,,,
2025,Emilia Romagna Grand Prix,Practice 2,Gabriel Bortoleto,Kick Sauber,,19.67654320987654,34.91234567901235,31.555555555555557,2.328395061728395,5,G BORTOLETO,BOR,bortoleto,52E252,sauber,Gabriel,Bortoleto,https://media.formula1.com/d_driver_fallback_image.png/content/dam/fom-website/drivers/G/GABBOR01_Gabriel_Bortoleto/gabbor01.png.transform/1col/image.png,,,,,,,,,,
2025,Emilia Romagna Grand Prix,Practice 2,Isack Hadjar,Racing Bulls,,19.67654320987654,34.91234567901235,31.555555555555557,2.328395061728395,6,I HADJAR,HAD,hadjar,6692FF,rb,Isack,Hadjar,https://media.formula1.com/d_driver_fallback_image.png/content/dam/fom-website/drivers/I/ISAHAD01_Isack_Hadjar/isahad01.png.transform/1col/image.png,,,,,,,,,,
2025,Emilia Romagna Grand Prix,Practice 2,Pierre Gasly,Alpine,,19.67654320987654,34.91234567901235,31.555555555555557,2.328395061728395,10,P GASLY,GAS,gasly,0093CC,alpine,Pierre,Gasly,https://media.formula1.com/d_driver_fallback_image.png/content/dam/fom-website/drivers/P/PIEGAS01_Pierre_Gasly/piegas01.png.transform/1col/image.png,,,,,,,,,,
2025,Emilia Romagna Grand Prix,Practice 2,Kimi Antonelli,Mercedes,,19.67654320987654,34.91234567901235,31.555555555555557,2.328395061728395,12,K ANTONELLI,ANT,antonelli,27F4D2,mercedes,Kimi,Antonelli,https://media.formula1.com/d_driver_fallback_image.png/content/dam/fom-website/drivers/A/ANDANT01_Andrea%20Kimi_Antonelli/andant01.png.transform/1col/image.png,,,,,,,,,,
2025,Emilia Romagna Grand Prix,Practice 2,Fernando Alonso,Aston Martin,,19.67654320987654,34.91234567901235,31.555555555555557,2.328395061728395,14,F ALONSO,ALO,alonso,229971,aston_martin,Fernando,Alonso,https://media.formula1.com/d_driver_fallback_image.png/content/dam/fom-website/drivers/F/FERALO01_Fernando_Alonso/feralo01.png.transform/1col/image.png,,,,,,,,,,
2025,Emilia Romagna Grand Prix,Practice 2,Charles Leclerc,Ferrari,,19.67654320987654,34.91234567901235,31.555555555555557,2.328395061728395,16,C LECLERC,LEC,leclerc,E80020,ferrari,Charles,Leclerc,https://media.formula1.com/d_driver_fallback_image.png/content/dam/fom-website/drivers/C/CHALEC01_Charles_Leclerc/chalec01.png.transform/1col/image.png,,,,,,,,,,
2025,Emilia Romagna Grand Prix,Practice 2,Lance Stroll,Aston Martin,,19.67654320987654,34.91234567901235,31.555555555555557,2.328395061728395,18,L STROLL,STR,stroll,229971,aston_martin,Lance,Stroll,https://media.formula1.com/d_driver_fallback_image.png/content/dam/fom-website/drivers/L/LANSTR01_Lance_Stroll/lanstr01.png.transform/1col/image.png,,,,,,,,,,
2025,Emilia Romagna Grand Prix,Practice 2,Yuki Tsunoda,Red Bull Racing,,19.67654320987654,34.91234567901235,31.555555555555557,2.328395061728395,22,Y TSUNODA,TSU,tsunoda,3671C6,red_bull,Yuki,Tsunoda,https://media.formula1.com/d_driver_fallback_image.png/content/dam/fom-website/drivers/Y/YUKTSU01_Yuki_Tsunoda/yuktsu01.png.transform/1col/image.png,,,,,,,,,,
2025,Emilia Romagna Grand Prix,Practice 2,Alexander Albon,Williams,,19.67654320987654,34.91234567901235,31.555555555555557,2.328395061728395,23,A ALBON,ALB,albon,64C4FF,williams,Alexander,Albon,https://media.formula1.com/d_driver_fallback_image.png/content/dam/fom-website/drivers/A/ALEALB01_Alexander_Albon/alealb01.png.transform/1col/image.png,,,,,,,,,,
2025,Emilia Romagna Grand Prix,Practice 2,Nico Hulkenberg,Kick Sauber,,19.67654320987654,34.91234567901235,31.555555555555557,2.328395061728395,27,N HULKENBERG,HUL,hulkenberg,52E252,sauber,Nico,Hulkenberg,https://media.formula1.com/d_driver_fallback_image.png/content/dam/fom-website/drivers/N/NICHUL01_Nico_Hulkenberg/nichul01.png.transform/1col/image.png,,,,,,,,,,
2025,Emilia Romagna Grand Prix,Practice 2,Liam Lawson,Racing Bulls,,19.67654320987654,34.91234567901235,31.555555555555557,2.328395061728395,30,L LAWSON,LAW,lawson,6692FF,rb,Liam,Lawson,https://media.formula1.com/d_driver_fallback_image.png/content/dam/fom-website/drivers/L/LIALAW01_Liam_Lawson/lialaw01.png.transform/1col/image.png,,,,,,,,,,
2025,Emilia Romagna Grand Prix,Practice 2,Esteban Ocon,Haas F1 Team,,19.67654320987654,34.91234567901235,31.555555555555557,2.328395061728395,31,E OCON,OCO,ocon,B6BABD,haas,Esteban,Ocon,https://media.formula1.com/d_driver_fallback_image.png/content/dam/fom-website/drivers/E/ESTOCO01_Esteban_Ocon/estoco01.png.transform/1col/image.png,,,,,,,,,,
2025,Emilia Romagna Grand Prix,Practice 2,Franco Colapinto,Alpine,,19.67654320987654,34.91234567901235,31.555555555555557,2.328395061728395,43,F COLAPINTO,COL,colapinto,0093CC,alpine,Franco,Colapinto,None,,,,,,,,,,
2025,Emilia Romagna Grand Prix,Practice 2,Lewis Hamilton,Ferrari,,19.67654320987654,34.91234567901235,31.555555555555557,2.328395061728395,44,L HAMILTON,HAM,hamilton,E80020,ferrari,Lewis,Hamilton,https://media.formula1.com/d_driver_fallback_image.png/content/dam/fom-website/drivers/L/LEWHAM01_Lewis_Hamilton/lewham01.png.transform/1col/image.png,,,,,,,,,,
2025,Emilia Romagna Grand Prix,Practice 2,Carlos Sainz,Williams,,19.67654320987654,34.91234567901235,31.555555555555557,2.328395061728395,55,C SAINZ,SAI,sainz,64C4FF,williams,Carlos,Sainz,https://media.formula1.com/d_driver_fallback_image.png/content/dam/fom-website/drivers/C/CARSAI01_Carlos_Sainz/carsai01.png.transform/1col/image.png,,,,,,,,,,
2025,Emilia Romagna Grand Prix,Practice 2,George Russell,Mercedes,,19.67654320987654,34.91234567901235,31.555555555555557,2.328395061728395,63,G RUSSELL,RUS,russell,27F4D2,mercedes,George,Russell,https://media.formula1.com/d_driver_fallback_image.png/content/dam/fom-website/drivers/G/GEORUS01_George_Russell/georus01.png.transform/1col/image.png,,,,,,,,,,
2025,Emilia Romagna Grand Prix,Practice 2,Oscar Piastri,McLaren,,19.67654320987654,34.91234567901235,31.555555555555557,2.328395061728395,81,O PIASTRI,PIA,piastri,FF8000,mclaren,Oscar,Piastri,https://media.formula1.com/d_driver_fallback_image.png/content/dam/fom-website/drivers/O/OSCPIA01_Oscar_Piastri/oscpia01.png.transform/1col/image.png,,,,,,,,,,
2025,Emilia Romagna Grand Prix,Practice 2,Oliver Bearman,Haas F1 Team,,19.67654320987654,34.91234567901235,31.555555555555557,2.328395061728395,87,O BEARMAN,BEA,bearman,B6BABD,haas,Oliver,Bearman,https://media.formula1.com/d_driver_fallback_image.png/content/dam/fom-website/drivers/O/OLIBEA01_Oliver_Bearman/olibea01.png.transform/1col/image.png,,,,,,,,,,
2025,Emilia Romagna Grand Prix,Practice 3,Max Verstappen,Red Bull Racing,,21.992307692307694,42.15897435897436,30.58974358974359,1.6538461538461537,1,M VERSTAPPEN,VER,max_verstappen,3671C6,red_bull,Max,Verstappen,https://media.formula1.com/d_driver_fallback_image.png/content/dam/fom-website/drivers/M/MAXVER01_Max_Verstappen/maxver01.png.transform/1col/image.png,,,,,,,,,,
2025,Emilia Romagna Grand Prix,Practice 3,Lando Norris,McLaren,,21.992307692307694,42.15897435897436,30.58974358974359,1.6538461538461537,4,L NORRIS,NOR,norris,FF8000,mclaren,Lando,Norris,https://media.formula1.com/d_driver_fallback_image.png/content/dam/fom-website/drivers/L/LANNOR01_Lando_Norris/lannor01.png.transform/1col/image.png,,,,,,,,,,
2025,Emilia Romagna Grand Prix,Practice 3,Gabriel Bortoleto,Kick Sauber,,21.992307692307694,42.15897435897436,30.58974358974359,1.6538461538461537,5,G BORTOLETO,BOR,bortoleto,52E252,sauber,Gabriel,Bortoleto,https://media.formula1.com/d_driver_fallback_image.png/content/dam/fom-website/drivers/G/GABBOR01_Gabriel_Bortoleto/gabbor01.png.transform/1col/image.png,,,,,,,,,,
2025,Emilia Romagna Grand Prix,Practice 3,Isack Hadjar,Racing Bulls,,21.992307692307694,42.15897435897436,30.58974358974359,1.6538461538461537,6,I HADJAR,HAD,hadjar,6692FF,rb,Isack,Hadjar,https://media.formula1.com/d_driver_fallback_image.png/content/dam/fom-website/drivers/I/ISAHAD01_Isack_Hadjar/isahad01.png.transform/1col/image.png,,,,,,,,,,
2025,Emilia Romagna Grand Prix,Practice 3,Pierre Gasly,Alpine,,21.992307692307694,42.15897435897436,30.58974358974359,1.6538461538461537,10,P GASLY,GAS,gasly,0093CC,alpine,Pierre,Gasly,https://media.formula1.com/d_driver_fallback_image.png/content/dam/fom-website/drivers/P/PIEGAS01_Pierre_Gasly/piegas01.png.transform/1col/image.png,,,,,,,,,,
2025,Emilia Romagna Grand Prix,Practice 3,Kimi Antonelli,Mercedes,,21.992307692307694,42.15897435897436,30.58974358974359,1.6538461538461537,12,K ANTONELLI,ANT,antonelli,27F4D2,mercedes,Kimi,Antonelli,https://media.formula1.com/d_driver_fallback_image.png/content/dam/fom-website/drivers/A/ANDANT01_Andrea%20Kimi_Antonelli/andant01.png.transform/1col/image.png,,,,,,,,,,
2025,Emilia Romagna Grand Prix,Practice 3,Fernando Alonso,Aston Martin,,21.992307692307694,42.15897435897436,30.58974358974359,1.6538461538461537,14,F ALONSO,ALO,alonso,229971,aston_martin,Fernando,Alonso,https://media.formula1.com/d_driver_fallback_image.png/content/dam/fom-website/drivers/F/FERALO01_Fernando_Alonso/feralo01.png.transform/1col/image.png,,,,,,,,,,
2025,Emilia Romagna Grand Prix,Practice 3,Charles Leclerc,Ferrari,,21.992307692307694,42.15897435897436,30.58974358974359,1.6538461538461537,16,C LECLERC,LEC,leclerc,E80020,ferrari,Charles,Leclerc,https://media.formula1.com/d_driver_fallback_image.png/content/dam/fom-website/drivers/C/CHALEC01_Charles_Leclerc/chalec01.png.transform/1col/image.png,,,,,,,,,,
2025,Emilia Romagna Grand Prix,Practice 3,Lance Stroll,Aston Martin,,21.992307692307694,42.15897435897436,30.58974358974359,1.6538461538461537,18,L STROLL,STR,stroll,229971,aston_martin,Lance,Stroll,https://media.formula1.com/d_driver_fallback_image.png/content/dam/fom-website/drivers/L/LANSTR01_Lance_Stroll/lanstr01.png.transform/1col/image.png,,,,,,,,,,
2025,Emilia Romagna Grand Prix,Practice 3,Yuki Tsunoda,Red Bull Racing,,21.992307692307694,42.15897435897436,30.58974358974359,1.6538461538461537,22,Y TSUNODA,TSU,tsunoda,3671C6,red_bull,Yuki,Tsunoda,https://media.formula1.com/d_driver_fallback_image.png/content/dam/fom-website/drivers/Y/YUKTSU01_Yuki_Tsunoda/yuktsu01.png.transform/1col/image.png,,,,,,,,,,
2025,Emilia Romagna Grand Prix,Practice 3,Alexander Albon,Williams,,21.992307692307694,42.15897435897436,30.58974358974359,1.6538461538461537,23,A ALBON,ALB,albon,64C4FF,williams,Alexander,Albon,https://media.formula1.com/d_driver_fallback_image.png/content/dam/fom-website/drivers/A/ALEALB01_Alexander_Albon/alealb01.png.transform/1col/image.png,,,,,,,,,,
2025,Emilia Romagna Grand Prix,Practice 3,Nico Hulkenberg,Kick Sauber,,21.992307692307694,42.15897435897436,30.58974358974359,1.6538461538461537,27,N HULKENBERG,HUL,hulkenberg,52E252,sauber,Nico,Hulkenberg,https://media.formula1.com/d_driver_fallback_image.png/content/dam/fom-website/drivers/N/NICHUL01_Nico_Hulkenberg/nichul01.png.transform/1col/image.png,,,,,,,,,,
2025,Emilia Romagna Grand Prix,Practice 3,Liam Lawson,Racing Bulls,,21.992307692307694,42.15897435897436,30.58974358974359,1.6538461538461537,30,L LAWSON,LAW,lawson,6692FF,rb,Liam,Lawson,https://media.formula1.com/d_driver_fallback_image.png/content/dam/fom-website/drivers/L/LIALAW01_Liam_Lawson/lialaw01.png.transform/1col/image.png,,,,,,,,,,
2025,Emilia Romagna Grand Prix,Practice 3,Esteban Ocon,Haas F1 Team,,21.992307692307694,42.15897435897436,30.58974358974359,1.6538461538461537,31,E OCON,OCO,ocon,B6BABD,haas,Esteban,Ocon,https://media.formula1.com/d_driver_fallback_image.png/content/dam/fom-website/drivers/E/ESTOCO01_Esteban_Ocon/estoco01.png.transform/1col/image.png,,,,,,,,,,
2025,Emilia Romagna Grand Prix,Practice 3,Franco Colapinto,Alpine,,21.992307692307694,42.15897435897436,30.58974358974359,1.6538461538461537,43,F COLAPINTO,COL,colapinto,0093CC,alpine,Franco,Colapinto,None,,,,,,,,,,
2025,Emilia Romagna Grand Prix,Practice 3,Lewis Hamilton,Ferrari,,21.992307692307694,42.15897435897436,30.58974358974359,1.6538461538461537,44,L HAMILTON,HAM,hamilton,E80020,ferrari,Lewis,Hamilton,https://media.formula1.com/d_driver_fallback_image.png/content/dam/fom-website/drivers/L/LEWHAM01_Lewis_Hamilton/lewham01.png.transform/1col/image.png,,,,,,,,,,
2025,Emilia Romagna Grand Prix,Practice 3,Carlos Sainz,Williams,,21.992307692307694,42.15897435897436,30.58974358974359,1.6538461538461537,55,C SAINZ,SAI,sainz,64C4FF,williams,Carlos,Sainz,https://media.formula1.com/d_driver_fallback_image.png/content/dam/fom-website/drivers/C/CARSAI01_Carlos_Sainz/carsai01.png.transform/1col/image.png,,,,,,,,,,
2025,Emilia Romagna Grand Prix,Practice 3,George Russell,Mercedes,,21.992307692307694,42.15897435897436,30.58974358974359,1.6538461538461537,63,G RUSSELL,RUS,russell,27F4D2,mercedes,George,Russell,https://media.formula1.com/d_driver_fallback_image.png/content/dam/fom-website/drivers/G/GEORUS01_George_Russell/georus01.png.transform/1col/image.png,,,,,,,,,,
2025,Emilia Romagna Grand Prix,Practice 3,Oscar Piastri,McLaren,,21.992307692307694,42.15897435897436,30.58974358974359,1.6538461538461537,81,O PIASTRI,PIA,piastri,FF8000,mclaren,Oscar,Piastri,https://media.formula1.com/d_driver_fallback_image.png/content/dam/fom-website/drivers/O/OSCPIA01_Oscar_Piastri/oscpia01.png.transform/1col/image.png,,,,,,,,,,
2025,Emilia Romagna Grand Prix,Practice 3,Oliver Bearman,Haas F1 Team,,21.992307692307694,42.15897435897436,30.58974358974359,1.6538461538461537,87,O BEARMAN,BEA,bearman,B6BABD,haas,Oliver,Bearman,https://media.formula1.com/d_driver_fallback_image.png/content/dam/fom-website/drivers/O/OLIBEA01_Oliver_Bearman/olibea01.png.transform/1col/image.png,,,,,,,,,,
2025,Monaco Grand Prix,Race,Lando Norris,McLaren,1.0,22.209375,43.317499999999995,52.51875,0.9793749999999999,4,L NORRIS,NOR,norris,F47600,mclaren,Lando,Norris,https://media.formula1.com/d_driver_fallback_image.png/content/dam/fom-website/drivers/L/LANNOR01_Lando_Norris/lannor01.png.transform/1col/image.png,,1,1.0,,,,0 days 01:40:33.843000,Finished,25.0,78.0
2025,Monaco Grand Prix,Race,Charles Leclerc,Ferrari,2.0,22.209375,43.317499999999995,52.51875,0.9793749999999999,16,C LECLERC,LEC,leclerc,ED1131,ferrari,Charles,Leclerc,https://media.formula1.com/d_driver_fallback_image.png/content/dam/fom-website/drivers/C/CHALEC01_Charles_Leclerc/chalec01.png.transform/1col/image.png,,2,2.0,,,,0 days 00:00:03.131000,Finished,18.0,78.0
2025,Monaco Grand Prix,Race,Oscar Piastri,McLaren,3.0,22.209375,43.317499999999995,52.51875,0.9793749999999999,81,O PIASTRI,PIA,piastri,F47600,mclaren,Oscar,Piastri,https://media.formula1.com/d_driver_fallback_image.png/content/dam/fom-website/drivers/O/OSCPIA01_Oscar_Piastri/oscpia01.png.transform/1col/image.png,,3,3.0,,,,0 days 00:00:03.658000,Finished,15.0,78.0
2025,Monaco Grand Prix,Race,Max Verstappen,Red Bull Racing,4.0,22.209375,43.317499999999995,52.51875,0.9793749999999999,1,M VERSTAPPEN,VER,max_verstappen,4781D7,red_bull,Max,Verstappen,https://media.formula1.com/d_driver_fallback_image.png/content/dam/fom-website/drivers/M/MAXVER01_Max_Verstappen/maxver01.png.transform/1col/image.png,,4,4.0,,,,0 days 00:00:20.572000,Finished,12.0,78.0
2025,Monaco Grand Prix,Race,Lewis Hamilton,Ferrari,5.0,22.209375,43.317499999999995,52.51875,0.9793749999999999,44,L HAMILTON,HAM,hamilton,ED1131,ferrari,Lewis,Hamilton,https://media.formula1.com/d_driver_fallback_image.png/content/dam/fom-website/drivers/L/LEWHAM01_Lewis_Hamilton/lewham01.png.transform/1col/image.png,,5,7.0,,,,0 days 00:00:51.387000,Finished,10.0,78.0
2025,Monaco Grand Prix,Race,Isack Hadjar,Racing Bulls,6.0,22.209375,43.317499999999995,52.51875,0.9793749999999999,6,I HADJAR,HAD,hadjar,6C98FF,rb,Isack,Hadjar,https://media.formula1.com/d_driver_fallback_image.png/content/dam/fom-website/drivers/I/ISAHAD01_Isack_Hadjar/isahad01.png.transform/1col/image.png,,6,5.0,,,,0 days 00:01:05.082000,Lapped,8.0,77.0
2025,Monaco Grand Prix,Race,Esteban Ocon,Haas F1 Team,7.0,22.209375,43.317499999999995,52.51875,0.9793749999999999,31,E OCON,OCO,ocon,9C9FA2,haas,Esteban,Ocon,https://media.formula1.com/d_driver_fallback_image.png/content/dam/fom-website/drivers/E/ESTOCO01_Esteban_Ocon/estoco01.png.transform/1col/image.png,,7,8.0,,,,0 days 00:01:06.029000,Lapped,6.0,77.0
2025,Monaco Grand Prix,Race,Liam Lawson,Racing Bulls,8.0,22.209375,43.317499999999995,52.51875,0.9793749999999999,30,L LAWSON,LAW,lawson,6C98FF,rb,Liam,Lawson,https://media.formula1.com/d_driver_fallback_image.png/content/dam/fom-website/drivers/L/LIALAW01_Liam_Lawson/lialaw01.png.transform/1col/image.png,,8,9.0,,,,0 days 00:01:06.746000,Lapped,4.0,77.0
2025,Monaco Grand Prix,Race,Alexander Albon,Williams,9.0,22.209375,43.317499999999995,52.51875,0.9793749999999999,23,A ALBON,ALB,albon,1868DB,williams,Alexander,Albon,https://media.formula1.com/d_driver_fallback_image.png/content/dam/fom-website/drivers/A/ALEALB01_Alexander_Albon/alealb01.png.transform/1col/image.png,,9,10.0,,,,0 days 00:00:11.869000,Lapped,2.0,76.0
2025,Monaco Grand Prix,Race,Carlos Sainz,Williams,10.0,22.209375,43.317499999999995,52.51875,0.9793749999999999,55,C SAINZ,SAI,sainz,1868DB,williams,Carlos,Sainz,https://media.formula1.com/d_driver_fallback_image.png/content/dam/fom-website/drivers/C/CARSAI01_Carlos_Sainz/carsai01.png.transform/1col/image.png,,10,11.0,,,,0 days 00:00:15.232000,Lapped,1.0,76.0
2025,Monaco Grand Prix,Race,George Russell,Mercedes,11.0,22.209375,43.317499999999995,52.51875,0.9793749999999999,63,G RUSSELL,RUS,russell,00D7B6,mercedes,George,Russell,https://media.formula1.com/d_driver_fallback_image.png/content/dam/fom-website/drivers/G/GEORUS01_George_Russell/georus01.png.transform/1col/image.png,,11,14.0,,,,0 days 00:00:33.844000,Lapped,0.0,76.0
2025,Monaco Grand Prix,Race,Oliver Bearman,Haas F1 Team,12.0,22.209375,43.317499999999995,52.51875,0.9793749999999999,87,O BEARMAN,BEA,bearman,9C9FA2,haas,Oliver,Bearman,https://media.formula1.com/d_driver_fallback_image.png/content/dam/fom-website/drivers/O/OLIBEA01_Oliver_Bearman/olibea01.png.transform/1col/image.png,,12,20.0,,,,0 days 00:00:54.693000,Lapped,0.0,76.0
2025,Monaco Grand Prix,Race,Franco Colapinto,Alpine,13.0,22.209375,43.317499999999995,52.51875,0.9793749999999999,43,F COLAPINTO,COL,colapinto,00A1E8,alpine,Franco,Colapinto,None,,13,18.0,,,,0 days 00:00:57.114000,Lapped,0.0,76.0
2025,Monaco Grand Prix,Race,Gabriel Bortoleto,Kick Sauber,14.0,22.209375,43.317499999999995,52.51875,0.9793749999999999,5,G BORTOLETO,BOR,bortoleto,01C00E,sauber,Gabriel,Bortoleto,https://media.formula1.com/d_driver_fallback_image.png/content/dam/fom-website/drivers/G/GABBOR01_Gabriel_Bortoleto/gabbor01.png.transform/1col/image.png,,14,16.0,,,,0 days 00:01:08.424000,Lapped,0.0,76.0
2025,Monaco Grand Prix,Race,Lance Stroll,Aston Martin,15.0,22.209375,43.317499999999995,52.51875,0.9793749999999999,18,L STROLL,STR,stroll,229971,aston_martin,Lance,Stroll,https://media.formula1.com/d_driver_fallback_image.png/content/dam/fom-website/drivers/L/LANSTR01_Lance_Stroll/lanstr01.png.transform/1col/image.png,,15,19.0,,,,0 days 00:01:10.395000,Lapped,0.0,76.0
2025,Monaco Grand Prix,Race,Nico Hulkenberg,Kick Sauber,16.0,22.209375,43.317499999999995,52.51875,0.9793749999999999,27,N HULKENBERG,HUL,hulkenberg,01C00E,sauber,Nico,Hulkenberg,https://media.formula1.com/d_driver_fallback_image.png/content/dam/fom-website/drivers/N/NICHUL01_Nico_Hulkenberg/nichul01.png.transform/1col/image.png,,16,13.0,,,,0 days 00:01:11.544000,Lapped,0.0,76.0
2025,Monaco Grand Prix,Race,Yuki Tsunoda,Red Bull Racing,17.0,22.209375,43.317499999999995,52.51875,0.9793749999999999,22,Y TSUNODA,TSU,tsunoda,4781D7,red_bull,Yuki,Tsunoda,https://media.formula1.com/d_driver_fallback_image.png/content/dam/fom-website/drivers/Y/YUKTSU01_Yuki_Tsunoda/yuktsu01.png.transform/1col/image.png,,17,12.0,,,,0 days 00:01:11.849000,Lapped,0.0,76.0
2025,Monaco Grand Prix,Race,Kimi Antonelli,Mercedes,18.0,22.209375,43.317499999999995,52.51875,0.9793749999999999,12,K ANTONELLI,ANT,antonelli,00D7B6,mercedes,Kimi,Antonelli,https://media.formula1.com/d_driver_fallback_image.png/content/dam/fom-website/drivers/A/ANDANT01_Andrea%20Kimi_Antonelli/andant01.png.transform/1col/image.png,,18,15.0,,,,0 days 00:00:08.409000,Lapped,0.0,75.0
2025,Monaco Grand Prix,Race,Fernando Alonso,Aston Martin,19.0,22.209375,43.317499999999995,52.51875,0.9793749999999999,14,F ALONSO,ALO,alonso,229971,aston_martin,Fernando,Alonso,https://media.formula1.com/d_driver_fallback_image.png/content/dam/fom-website/drivers/F/FERALO01_Fernando_Alonso/feralo01.png.transform/1col/image.png,,R,6.0,,,,,Retired,0.0,36.0
2025,Monaco Grand Prix,Race,Pierre Gasly,Alpine,20.0,22.209375,43.317499999999995,52.51875,0.9793749999999999,10,P GASLY,GAS,gasly,00A1E8,alpine,Pierre,Gasly,https://media.formula1.com/d_driver_fallback_image.png/content/dam/fom-website/drivers/P/PIEGAS01_Pierre_Gasly/piegas01.png.transform/1col/image.png,,R,17.0,,,,,Retired,0.0,7.0
2025,Monaco Grand Prix,Qualifying,Lando Norris,McLaren,1.0,21.137634408602153,40.28709677419354,59.44086021505376,0.881720430107527,4,L NORRIS,NOR,norris,F47600,mclaren,Lando,Norris,https://media.formula1.com/d_driver_fallback_image.png/content/dam/fom-website/drivers/L/LANNOR01_Lando_Norris/lannor01.png.transform/1col/image.png,,,,0 days 00:01:11.285000,0 days 00:01:10.570000,0 days 00:01:09.954000,,,,
2025,Monaco Grand Prix,Qualifying,Charles Leclerc,Ferrari,2.0,21.137634408602153,40.28709677419354,59.44086021505376,0.881720430107527,16,C LECLERC,LEC,leclerc,ED1131,ferrari,Charles,Leclerc,https://media.formula1.com/d_driver_fallback_image.png/content/dam/fom-website/drivers/C/CHALEC01_Charles_Leclerc/chalec01.png.transform/1col/image.png,,,,0 days 00:01:11.229000,0 days 00:01:10.581000,0 days 00:01:10.063000,,,,
2025,Monaco Grand Prix,Qualifying,Oscar Piastri,McLaren,3.0,21.137634408602153,40.28709677419354,59.44086021505376,0.881720430107527,81,O PIASTRI,PIA,piastri,F47600,mclaren,Oscar,Piastri,https://media.formula1.com/d_driver_fallback_image.png/content/dam/fom-website/drivers/O/OSCPIA01_Oscar_Piastri/oscpia01.png.transform/1col/image.png,,,,0 days 00:01:11.308000,0 days 00:01:10.858000,0 days 00:01:10.129000,,,,
2025,Monaco Grand Prix,Qualifying,Lewis Hamilton,Ferrari,4.0,21.137634408602153,40.28709677419354,59.44086021505376,0.881720430107527,44,L HAMILTON,HAM,hamilton,ED1131,ferrari,Lewis,Hamilton,https://media.formula1.com/d_driver_fallback_image.png/content/dam/fom-website/drivers/L/LEWHAM01_Lewis_Hamilton/lewham01.png.transform/1col/image.png,,,,0 days 00:01:11.575000,0 days 00:01:10.883000,0 days 00:01:10.382000,,,,
2025,Monaco Grand Prix,Qualifying,Max Verstappen,Red Bull Racing,5.0,21.137634408602153,40.28709677419354,59.44086021505376,0.881720430107527,1,M VERSTAPPEN,VER,max_verstappen,4781D7,red_bull,Max,Verstappen,https://media.formula1.com/d_driver_fallback_image.png/content/dam/fom-website/drivers/M/MAXVER01_Max_Verstappen/maxver01.png.transform/1col/image.png,,,,0 days 00:01:11.431000,0 days 00:01:10.875000,0 days 00:01:10.669000,,,,
2025,Monaco Grand Prix,Qualifying,Isack Hadjar,Racing Bulls,6.0,21.137634408602153,40.28709677419354,59.44086021505376,0.881720430107527,6,I HADJAR,HAD,hadjar,6C98FF,rb,Isack,Hadjar,https://media.formula1.com/d_driver_fallback_image.png/content/dam/fom-website/drivers/I/ISAHAD01_Isack_Hadjar/isahad01.png.transform/1col/image.png,,,,0 days 00:01:11.811000,0 days 00:01:11.040000,0 days 00:01:10.923000,,,,
2025,Monaco Grand Prix,Qualifying,Fernando Alonso,Aston Martin,7.0,21.137634408602153,40.28709677419354,59.44086021505376,0.881720430107527,14,F ALONSO,ALO,alonso,229971,aston_martin,Fernando,Alonso,https://media.formula1.com/d_driver_fallback_image.png/content/dam/fom-website/drivers/F/FERALO01_Fernando_Alonso/feralo01.png.transform/1col/image.png,,,,0 days 00:01:11.674000,0 days 00:01:11.182000,0 days 00:01:10.924000,,,,
2025,Monaco Grand Prix,Qualifying,Esteban Ocon,Haas F1 Team,8.0,21.137634408602153,40.28709677419354,59.44086021505376,0.881720430107527,31,E OCON,OCO,ocon,9C9FA2,haas,Esteban,Ocon,https://media.formula1.com/d_driver_fallback_image.png/content/dam/fom-website/drivers/E/ESTOCO01_Esteban_Ocon/estoco01.png.transform/1col/image.png,,,,0 days 00:01:11.839000,0 days 00:01:11.262000,0 days 00:01:10.942000,,,,
2025,Monaco Grand Prix,Qualifying,Liam Lawson,Racing Bulls,9.0,21.137634408602153,40.28709677419354,59.44086021505376,0.881720430107527,30,L LAWSON,LAW,lawson,6C98FF,rb,Liam,Lawson,https://media.formula1.com/d_driver_fallback_image.png/content/dam/fom-website/drivers/L/LIALAW01_Liam_Lawson/lialaw01.png.transform/1col/image.png,,,,0 days 00:01:11.818000,0 days 00:01:11.250000,0 days 00:01:11.129000,,,,
2025,Monaco Grand Prix,Qualifying,Alexander Albon,Williams,10.0,21.137634408602153,40.28709677419354,59.44086021505376,0.881720430107527,23,A ALBON,ALB,albon,1868DB,williams,Alexander,Albon,https://media.formula1.com/d_driver_fallback_image.png/content/dam/fom-website/drivers/A/ALEALB01_Alexander_Albon/alealb01.png.transform/1col/image.png,,,,0 days 00:01:11.629000,0 days 00:01:10.732000,0 days 00:01:11.213000,,,,
2025,Monaco Grand Prix,Qualifying,Carlos Sainz,Williams,11.0,21.137634408602153,40.28709677419354,59.44086021505376,0.881720430107527,55,C SAINZ,SAI,sainz,1868DB,williams,Carlos,Sainz,https://media.formula1.com/d_driver_fallback_image.png/content/dam/fom-website/drivers/C/CARSAI01_Carlos_Sainz/carsai01.png.transform/1col/image.png,,,,0 days 00:01:11.707000,0 days 00:01:11.362000,,,,,
2025,Monaco Grand Prix,Qualifying,Yuki Tsunoda,Red Bull Racing,12.0,21.137634408602153,40.28709677419354,59.44086021505376,0.881720430107527,22,Y TSUNODA,TSU,tsunoda,4781D7,red_bull,Yuki,Tsunoda,https://media.formula1.com/d_driver_fallback_image.png/content/dam/fom-website/drivers/Y/YUKTSU01_Yuki_Tsunoda/yuktsu01.png.transform/1col/image.png,,,,0 days 00:01:11.800000,0 days 00:01:11.415000,,,,,
2025,Monaco Grand Prix,Qualifying,Nico Hulkenberg,Kick Sauber,13.0,21.137634408602153,40.28709677419354,59.44086021505376,0.881720430107527,27,N HULKENBERG,HUL,hulkenberg,01C00E,sauber,Nico,Hulkenberg,https://media.formula1.com/d_driver_fallback_image.png/content/dam/fom-website/drivers/N/NICHUL01_Nico_Hulkenberg/nichul01.png.transform/1col/image.png,,,,0 days 00:01:11.871000,0 days 00:01:11.596000,,,,,
2025,Monaco Grand Prix,Qualifying,George Russell,Mercedes,14.0,21.137634408602153,40.28709677419354,59.44086021505376,0.881720430107527,63,G RUSSELL,RUS,russell,00D7B6,mercedes,George,Russell,https://media.formula1.com/d_driver_fallback_image.png/content/dam/fom-website/drivers/G/GEORUS01_George_Russell/georus01.png.transform/1col/image.png,,,,0 days 00:01:11.507000,,,,,,
2025,Monaco Grand Prix,Qualifying,Kimi Antonelli,Mercedes,15.0,21.137634408602153,40.28709677419354,59.44086021505376,0.881720430107527,12,K ANTONELLI,ANT,antonelli,00D7B6,mercedes,Kimi,Antonelli,https://media.formula1.com/d_driver_fallback_image.png/content/dam/fom-website/drivers/A/ANDANT01_Andrea%20Kimi_Antonelli/andant01.png.transform/1col/image.png,,,,0 days 00:01:11.880000,,,,,,
2025,Monaco Grand Prix,Qualifying,Gabriel Bortoleto,Kick Sauber,16.0,21.137634408602153,40.28709677419354,59.44086021505376,0.881720430107527,5,G BORTOLETO,BOR,bortoleto,01C00E,sauber,Gabriel,Bortoleto,https://media.formula1.com/d_driver_fallback_image.png/content/dam/fom-website/drivers/G/GABBOR01_Gabriel_Bortoleto/gabbor01.png.transform/1col/image.png,,,,0 days 00:01:11.902000,,,,,,
2025,Monaco Grand Prix,Qualifying,Oliver Bearman,Haas F1 Team,17.0,21.137634408602153,40.28709677419354,59.44086021505376,0.881720430107527,87,O BEARMAN,BEA,bearman,9C9FA2,haas,Oliver,Bearman,https://media.formula1.com/d_driver_fallback_image.png/content/dam/fom-website/drivers/O/OLIBEA01_Oliver_Bearman/olibea01.png.transform/1col/image.png,,,,0 days 00:01:11.979000,,,,,,
2025,Monaco Grand Prix,Qualifying,Pierre Gasly,Alpine,18.0,21.137634408602153,40.28709677419354,59.44086021505376,0.881720430107527,10,P GASLY,GAS,gasly,00A1E8,alpine,Pierre,Gasly,https://media.formula1.com/d_driver_fallback_image.png/content/dam/fom-website/drivers/P/PIEGAS01_Pierre_Gasly/piegas01.png.transform/1col/image.png,,,,0 days 00:01:11.994000,,,,,,
2025,Monaco Grand Prix,Qualifying,Lance Stroll,Aston Martin,19.0,21.137634408602153,40.28709677419354,59.44086021505376,0.881720430107527,18,L STROLL,STR,stroll,229971,aston_martin,Lance,Stroll,https://media.formula1.com/d_driver_fallback_image.png/content/dam/fom-website/drivers/L/LANSTR01_Lance_Stroll/lanstr01.png.transform/1col/image.png,,,,0 days 00:01:12.563000,,,,,,
2025,Monaco Grand Prix,Qualifying,Franco Colapinto,Alpine,20.0,21.137634408602153,40.28709677419354,59.44086021505376,0.881720430107527,43,F COLAPINTO,COL,colapinto,00A1E8,alpine,Franco,Colapinto,None,,,,0 days 00:01:12.597000,,,,,,
2025,Monaco Grand Prix,Practice 1,Max Verstappen,Red Bull Racing,,21.456097560975607,38.36585365853659,42.65853658536585,0.775609756097561,1,M VERSTAPPEN,VER,max_verstappen,4781D7,red_bull,Max,Verstappen,https://media.formula1.com/d_driver_fallback_image.png/content/dam/fom-website/drivers/M/MAXVER01_Max_Verstappen/maxver01.png.transform/1col/image.png,,,,,,,,,,
2025,Monaco Grand Prix,Practice 1,Lando Norris,McLaren,,21.456097560975607,38.36585365853659,42.65853658536585,0.775609756097561,4,L NORRIS,NOR,norris,F47600,mclaren,Lando,Norris,https://media.formula1.com/d_driver_fallback_image.png/content/dam/fom-website/drivers/L/LANNOR01_Lando_Norris/lannor01.png.transform/1col/image.png,,,,,,,,,,
2025,Monaco Grand Prix,Practice 1,Gabriel Bortoleto,Kick Sauber,,21.456097560975607,38.36585365853659,42.65853658536585,0.775609756097561,5,G BORTOLETO,BOR,bortoleto,01C00E,sauber,Gabriel,Bortoleto,https://media.formula1.com/d_driver_fallback_image.png/content/dam/fom-website/drivers/G/GABBOR01_Gabriel_Bortoleto/gabbor01.png.transform/1col/image.png,,,,,,,,,,
2025,Monaco Grand Prix,Practice 1,Isack Hadjar,Racing Bulls,,21.456097560975607,38.36585365853659,42.65853658536585,0.775609756097561,6,I HADJAR,HAD,hadjar,6C98FF,rb,Isack,Hadjar,https://media.formula1.com/d_driver_fallback_image.png/content/dam/fom-website/drivers/I/ISAHAD01_Isack_Hadjar/isahad01.png.transform/1col/image.png,,,,,,,,,,
2025,Monaco Grand Prix,Practice 1,Pierre Gasly,Alpine,,21.456097560975607,38.36585365853659,42.65853658536585,0.775609756097561,10,P GASLY,GAS,gasly,00A1E8,alpine,Pierre,Gasly,https://media.formula1.com/d_driver_fallback_image.png/content/dam/fom-website/drivers/P/PIEGAS01_Pierre_Gasly/piegas01.png.transform/1col/image.png,,,,,,,,,,
2025,Monaco Grand Prix,Practice 1,Kimi Antonelli,Mercedes,,21.456097560975607,38.36585365853659,42.65853658536585,0.775609756097561,12,K ANTONELLI,ANT,antonelli,00D7B6,mercedes,Kimi,Antonelli,https://media.formula1.com/d_driver_fallback_image.png/content/dam/fom-website/drivers/A/ANDANT01_Andrea%20Kimi_Antonelli/andant01.png.transform/1col/image.png,,,,,,,,,,
2025,Monaco Grand Prix,Practice 1,Fernando Alonso,Aston Martin,,21.456097560975607,38.36585365853659,42.65853658536585,0.775609756097561,14,F ALONSO,ALO,alonso,229971,aston_martin,Fernando,Alonso,https://media.formula1.com/d_driver_fallback_image.png/content/dam/fom-website/drivers/F/FERALO01_Fernando_Alonso/feralo01.png.transform/1col/image.png,,,,,,,,,,
2025,Monaco Grand Prix,Practice 1,Charles Leclerc,Ferrari,,21.456097560975607,38.36585365853659,42.65853658536585,0.775609756097561,16,C LECLERC,LEC,leclerc,ED1131,ferrari,Charles,Leclerc,https://media.formula1.com/d_driver_fallback_image.png/content/dam/fom-website/drivers/C/CHALEC01_Charles_Leclerc/chalec01.png.transform/1col/image.png,,,,,,,,,,
2025,Monaco Grand Prix,Practice 1,Lance Stroll,Aston Martin,,21.456097560975607,38.36585365853659,42.65853658536585,0.775609756097561,18,L STROLL,STR,stroll,229971,aston_martin,Lance,Stroll,https://media.formula1.com/d_driver_fallback_image.png/content/dam/fom-website/drivers/L/LANSTR01_Lance_Stroll/lanstr01.png.transform/1col/image.png,,,,,,,,,,
2025,Monaco Grand Prix,Practice 1,Yuki Tsunoda,Red Bull Racing,,21.456097560975607,38.36585365853659,42.65853658536585,0.775609756097561,22,Y TSUNODA,TSU,tsunoda,4781D7,red_bull,Yuki,Tsunoda,https://media.formula1.com/d_driver_fallback_image.png/content/dam/fom-website/drivers/Y/YUKTSU01_Yuki_Tsunoda/yuktsu01.png.transform/1col/image.png,,,,,,,,,,
2025,Monaco Grand Prix,Practice 1,Alexander Albon,Williams,,21.456097560975607,38.36585365853659,42.65853658536585,0.775609756097561,23,A ALBON,ALB,albon,1868DB,williams,Alexander,Albon,https://media.formula1.com/d_driver_fallback_image.png/content/dam/fom-website/drivers/A/ALEALB01_Alexander_Albon/alealb01.png.transform/1col/image.png,,,,,,,,,,
2025,Monaco Grand Prix,Practice 1,Nico Hulkenberg,Kick Sauber,,21.456097560975607,38.36585365853659,42.65853658536585,0.775609756097561,27,N HULKENBERG,HUL,hulkenberg,01C00E,sauber,Nico,Hulkenberg,https://media.formula1.com/d_driver_fallback_image.png/content/dam/fom-website/drivers/N/NICHUL01_Nico_Hulkenberg/nichul01.png.transform/1col/image.png,,,,,,,,,,
2025,Monaco Grand Prix,Practice 1,Liam Lawson,Racing Bulls,,21.456097560975607,38.36585365853659,42.65853658536585,0.775609756097561,30,L LAWSON,LAW,lawson,6C98FF,rb,Liam,Lawson,https://media.formula1.com/d_driver_fallback_image.png/content/dam/fom-website/drivers/L/LIALAW01_Liam_Lawson/lialaw01.png.transform/1col/image.png,,,,,,,,,,
2025,Monaco Grand Prix,Practice 1,Esteban Ocon,Haas F1 Team,,21.456097560975607,38.36585365853659,42.65853658536585,0.775609756097561,31,E OCON,OCO,ocon,9C9FA2,haas,Esteban,Ocon,https://media.formula1.com/d_driver_fallback_image.png/content/dam/fom-website/drivers/E/ESTOCO01_Esteban_Ocon/estoco01.png.transform/1col/image.png,,,,,,,,,,
2025,Monaco Grand Prix,Practice 1,Franco Colapinto,Alpine,,21.456097560975607,38.36585365853659,42.65853658536585,0.775609756097561,43,F COLAPINTO,COL,colapinto,00A1E8,alpine,Franco,Colapinto,None,,,,,,,,,,
2025,Monaco Grand Prix,Practice 1,Lewis Hamilton,Ferrari,,21.456097560975607,38.36585365853659,42.65853658536585,0.775609756097561,44,L HAMILTON,HAM,hamilton,ED1131,ferrari,Lewis,Hamilton,https://media.formula1.com/d_driver_fallback_image.png/content/dam/fom-website/drivers/L/LEWHAM01_Lewis_Hamilton/lewham01.png.transform/1col/image.png,,,,,,,,,,
2025,Monaco Grand Prix,Practice 1,Carlos Sainz,Williams,,21.456097560975607,38.36585365853659,42.65853658536585,0.775609756097561,55,C SAINZ,SAI,sainz,1868DB,williams,Carlos,Sainz,https://media.formula1.com/d_driver_fallback_image.png/content/dam/fom-website/drivers/C/CARSAI01_Carlos_Sainz/carsai01.png.transform/1col/image.png,,,,,,,,,,
2025,Monaco Grand Prix,Practice 1,George Russell,Mercedes,,21.456097560975607,38.36585365853659,42.65853658536585,0.775609756097561,63,G RUSSELL,RUS,russell,00D7B6,mercedes,George,Russell,https://media.formula1.com/d_driver_fallback_image.png/content/dam/fom-website/drivers/G/GEORUS01_George_Russell/georus01.png.transform/1col/image.png,,,,,,,,,,
2025,Monaco Grand Prix,Practice 1,Oscar Piastri,McLaren,,21.456097560975607,38.36585365853659,42.65853658536585,0.775609756097561,81,O PIASTRI,PIA,piastri,F47600,mclaren,Oscar,Piastri,https://media.formula1.com/d_driver_fallback_image.png/content/dam/fom-website/drivers/O/OSCPIA01_Oscar_Piastri/oscpia01.png.transform/1col/image.png,,,,,,,,,,
2025,Monaco Grand Prix,Practice 1,Oliver Bearman,Haas F1 Team,,21.456097560975607,38.36585365853659,42.65853658536585,0.775609756097561,87,O BEARMAN,BEA,bearman,9C9FA2,haas,Oliver,Bearman,https://media.formula1.com/d_driver_fallback_image.png/content/dam/fom-website/drivers/O/OLIBEA01_Oliver_Bearman/olibea01.png.transform/1col/image.png,,,,,,,,,,
2025,Monaco Grand Prix,Practice 2,Max Verstappen,Red Bull Racing,,22.889999999999997,38.18875,38.1625,0.9800000000000001,1,M VERSTAPPEN,VER,max_verstappen,4781D7,red_bull,Max,Verstappen,https://media.formula1.com/d_driver_fallback_image.png/content/dam/fom-website/drivers/M/MAXVER01_Max_Verstappen/maxver01.png.transform/1col/image.png,,,,,,,,,,
2025,Monaco Grand Prix,Practice 2,Lando Norris,McLaren,,22.889999999999997,38.18875,38.1625,0.9800000000000001,4,L NORRIS,NOR,norris,F47600,mclaren,Lando,Norris,https://media.formula1.com/d_driver_fallback_image.png/content/dam/fom-website/drivers/L/LANNOR01_Lando_Norris/lannor01.png.transform/1col/image.png,,,,,,,,,,
2025,Monaco Grand Prix,Practice 2,Gabriel Bortoleto,Kick Sauber,,22.889999999999997,38.18875,38.1625,0.9800000000000001,5,G BORTOLETO,BOR,bortoleto,01C00E,sauber,Gabriel,Bortoleto,https://media.formula1.com/d_driver_fallback_image.png/content/dam/fom-website/drivers/G/GABBOR01_Gabriel_Bortoleto/gabbor01.png.transform/1col/image.png,,,,,,,,,,
2025,Monaco Grand Prix,Practice 2,Isack Hadjar,Racing Bulls,,22.889999999999997,38.18875,38.1625,0.9800000000000001,6,I HADJAR,HAD,hadjar,6C98FF,rb,Isack,Hadjar,https://media.formula1.com/d_driver_fallback_image.png/content/dam/fom-website/drivers/I/ISAHAD01_Isack_Hadjar/isahad01.png.transform/1col/image.png,,,,,,,,,,
2025,Monaco Grand Prix,Practice 2,Pierre Gasly,Alpine,,22.889999999999997,38.18875,38.1625,0.9800000000000001,10,P GASLY,GAS,gasly,00A1E8,alpine,Pierre,Gasly,https://media.formula1.com/d_driver_fallback_image.png/content/dam/fom-website/drivers/P/PIEGAS01_Pierre_Gasly/piegas01.png.transform/1col/image.png,,,,,,,,,,
2025,Monaco Grand Prix,Practice 2,Kimi Antonelli,Mercedes,,22.889999999999997,38.18875,38.1625,0.9800000000000001,12,K ANTONELLI,ANT,antonelli,00D7B6,mercedes,Kimi,Antonelli,https://media.formula1.com/d_driver_fallback_image.png/content/dam/fom-website/drivers/A/ANDANT01_Andrea%20Kimi_Antonelli/andant01.png.transform/1col/image.png,,,,,,,,,,
2025,Monaco Grand Prix,Practice 2,Fernando Alonso,Aston Martin,,22.889999999999997,38.18875,38.1625,0.9800000000000001,14,F ALONSO,ALO,alonso,229971,aston_martin,Fernando,Alonso,https://media.formula1.com/d_driver_fallback_image.png/content/dam/fom-website/drivers/F/FERALO01_Fernando_Alonso/feralo01.png.transform/1col/image.png,,,,,,,,,,
2025,Monaco Grand Prix,Practice 2,Charles Leclerc,Ferrari,,22.889999999999997,38.18875,38.1625,0.9800000000000001,16,C LECLERC,LEC,leclerc,ED1131,ferrari,Charles,Leclerc,https://media.formula1.com/d_driver_fallback_image.png/content/dam/fom-website/drivers/C/CHALEC01_Charles_Leclerc/chalec01.png.transform/1col/image.png,,,,,,,,,,
2025,Monaco Grand Prix,Practice 2,Lance Stroll,Aston Martin,,22.889999999999997,38.18875,38.1625,0.9800000000000001,18,L STROLL,STR,stroll,229971,aston_martin,Lance,Stroll,https://media.formula1.com/d_driver_fallback_image.png/content/dam/fom-website/drivers/L/LANSTR01_Lance_Stroll/lanstr01.png.transform/1col/image.png,,,,,,,,,,
2025,Monaco Grand Prix,Practice 2,Yuki Tsunoda,Red Bull Racing,,22.889999999999997,38.18875,38.1625,0.9800000000000001,22,Y TSUNODA,TSU,tsunoda,4781D7,red_bull,Yuki,Tsunoda,https://media.formula1.com/d_driver_fallback_image.png/content/dam/fom-website/drivers/Y/YUKTSU01_Yuki_Tsunoda/yuktsu01.png.transform/1col/image.png,,,,,,,,,,
2025,Monaco Grand Prix,Practice 2,Alexander Albon,Williams,,22.889999999999997,38.18875,38.1625,0.9800000000000001,23,A ALBON,ALB,albon,1868DB,williams,Alexander,Albon,https://media.formula1.com/d_driver_fallback_image.png/content/dam/fom-website/drivers/A/ALEALB01_Alexander_Albon/alealb01.png.transform/1col/image.png,,,,,,,,,,
2025,Monaco Grand Prix,Practice 2,Nico Hulkenberg,Kick Sauber,,22.889999999999997,38.18875,38.1625,0.9800000000000001,27,N HULKENBERG,HUL,hulkenberg,01C00E,sauber,Nico,Hulkenberg,https://media.formula1.com/d_driver_fallback_image.png/content/dam/fom-website/drivers/N/NICHUL01_Nico_Hulkenberg/nichul01.png.transform/1col/image.png,,,,,,,,,,
2025,Monaco Grand Prix,Practice 2,Liam Lawson,Racing Bulls,,22.889999999999997,38.18875,38.1625,0.9800000000000001,30,L LAWSON,LAW,lawson,6C98FF,rb,Liam,Lawson,https://media.formula1.com/d_driver_fallback_image.png/content/dam/fom-website/drivers/L/LIALAW01_Liam_Lawson/lialaw01.png.transform/1col/image.png,,,,,,,,,,
2025,Monaco Grand Prix,Practice 2,Esteban Ocon,Haas F1 Team,,22.889999999999997,38.18875,38.1625,0.9800000000000001,31,E OCON,OCO,ocon,9C9FA2,haas,Esteban,Ocon,https://media.formula1.com/d_driver_fallback_image.png/content/dam/fom-website/drivers/E/ESTOCO01_Esteban_Ocon/estoco01.png.transform/1col/image.png,,,,,,,,,,
2025,Monaco Grand Prix,Practice 2,Franco Colapinto,Alpine,,22.889999999999997,38.18875,38.1625,0.9800000000000001,43,F COLAPINTO,COL,colapinto,00A1E8,alpine,Franco,Colapinto,None,,,,,,,,,,
2025,Monaco Grand Prix,Practice 2,Lewis Hamilton,Ferrari,,22.889999999999997,38.18875,38.1625,0.9800000000000001,44,L HAMILTON,HAM,hamilton,ED1131,ferrari,Lewis,Hamilton,https://media.formula1.com/d_driver_fallback_image.png/content/dam/fom-website/drivers/L/LEWHAM01_Lewis_Hamilton/lewham01.png.transform/1col/image.png,,,,,,,,,,
2025,Monaco Grand Prix,Practice 2,Carlos Sainz,Williams,,22.889999999999997,38.18875,38.1625,0.9800000000000001,55,C SAINZ,SAI,sainz,1868DB,williams,Carlos,Sainz,https://media.formula1.com/d_driver_fallback_image.png/content/dam/fom-website/drivers/C/CARSAI01_Carlos_Sainz/carsai01.png.transform/1col/image.png,,,,,,,,,,
2025,Monaco Grand Prix,Practice 2,George Russell,Mercedes,,22.889999999999997,38.18875,38.1625,0.9800000000000001,63,G RUSSELL,RUS,russell,00D7B6,mercedes,George,Russell,https://media.formula1.com/d_driver_fallback_image.png/content/dam/fom-website/drivers/G/GEORUS01_George_Russell/georus01.png.transform/1col/image.png,,,,,,,,,,
2025,Monaco Grand Prix,Practice 2,Oscar Piastri,McLaren,,22.889999999999997,38.18875,38.1625,0.9800000000000001,81,O PIASTRI,PIA,piastri,F47600,mclaren,Oscar,Piastri,https://media.formula1.com/d_driver_fallback_image.png/content/dam/fom-website/drivers/O/OSCPIA01_Oscar_Piastri/oscpia01.png.transform/1col/image.png,,,,,,,,,,
2025,Monaco Grand Prix,Practice 2,Oliver Bearman,Haas F1 Team,,22.889999999999997,38.18875,38.1625,0.9800000000000001,87,O BEARMAN,BEA,bearman,9C9FA2,haas,Oliver,Bearman,https://media.formula1.com/d_driver_fallback_image.png/content/dam/fom-website/drivers/O/OLIBEA01_Oliver_Bearman/olibea01.png.transform/1col/image.png,,,,,,,,,,
2025,Monaco Grand Prix,Practice 3,Max Verstappen,Red Bull Racing,,21.382191780821916,40.29041095890411,52.02739726027397,0.9821917808219178,1,M VERSTAPPEN,VER,max_verstappen,4781D7,red_bull,Max,Verstappen,https://media.formula1.com/d_driver_fallback_image.png/content/dam/fom-website/drivers/M/MAXVER01_Max_Verstappen/maxver01.png.transform/1col/image.png,,,,,,,,,,
2025,Monaco Grand Prix,Practice 3,Lando Norris,McLaren,,21.382191780821916,40.29041095890411,52.02739726027397,0.9821917808219178,4,L NORRIS,NOR,norris,F47600,mclaren,Lando,Norris,https://media.formula1.com/d_driver_fallback_image.png/content/dam/fom-website/drivers/L/LANNOR01_Lando_Norris/lannor01.png.transform/1col/image.png,,,,,,,,,,
2025,Monaco Grand Prix,Practice 3,Gabriel Bortoleto,Kick Sauber,,21.382191780821916,40.29041095890411,52.02739726027397,0.9821917808219178,5,G BORTOLETO,BOR,bortoleto,01C00E,sauber,Gabriel,Bortoleto,https://media.formula1.com/d_driver_fallback_image.png/content/dam/fom-website/drivers/G/GABBOR01_Gabriel_Bortoleto/gabbor01.png.transform/1col/image.png,,,,,,,,,,
2025,Monaco Grand Prix,Practice 3,Isack Hadjar,Racing Bulls,,21.382191780821916,40.29041095890411,52.02739726027397,0.9821917808219178,6,I HADJAR,HAD,hadjar,6C98FF,rb,Isack,Hadjar,https://media.formula1.com/d_driver_fallback_image.png/content/dam/fom-website/drivers/I/ISAHAD01_Isack_Hadjar/isahad01.png.transform/1col/image.png,,,,,,,,,,
2025,Monaco Grand Prix,Practice 3,Pierre Gasly,Alpine,,21.382191780821916,40.29041095890411,52.02739726027397,0.9821917808219178,10,P GASLY,GAS,gasly,00A1E8,alpine,Pierre,Gasly,https://media.formula1.com/d_driver_fallback_image.png/content/dam/fom-website/drivers/P/PIEGAS01_Pierre_Gasly/piegas01.png.transform/1col/image.png,,,,,,,,,,
2025,Monaco Grand Prix,Practice 3,Kimi Antonelli,Mercedes,,21.382191780821916,40.29041095890411,52.02739726027397,0.9821917808219178,12,K ANTONELLI,ANT,antonelli,00D7B6,mercedes,Kimi,Antonelli,https://media.formula1.com/d_driver_fallback_image.png/content/dam/fom-website/drivers/A/ANDANT01_Andrea%20Kimi_Antonelli/andant01.png.transform/1col/image.png,,,,,,,,,,
2025,Monaco Grand Prix,Practice 3,Fernando Alonso,Aston Martin,,21.382191780821916,40.29041095890411,52.02739726027397,0.9821917808219178,14,F ALONSO,ALO,alonso,229971,aston_martin,Fernando,Alonso,https://media.formula1.com/d_driver_fallback_image.png/content/dam/fom-website/drivers/F/FERALO01_Fernando_Alonso/feralo01.png.transform/1col/image.png,,,,,,,,,,
2025,Monaco Grand Prix,Practice 3,Charles Leclerc,Ferrari,,21.382191780821916,40.29041095890411,52.02739726027397,0.9821917808219178,16,C LECLERC,LEC,leclerc,ED1131,ferrari,Charles,Leclerc,https://media.formula1.com/d_driver_fallback_image.png/content/dam/fom-website/drivers/C/CHALEC01_Charles_Leclerc/chalec01.png.transform/1col/image.png,,,,,,,,,,
2025,Monaco Grand Prix,Practice 3,Lance Stroll,Aston Martin,,21.382191780821916,40.29041095890411,52.02739726027397,0.9821917808219178,18,L STROLL,STR,stroll,229971,aston_martin,Lance,Stroll,https://media.formula1.com/d_driver_fallback_image.png/content/dam/fom-website/drivers/L/LANSTR01_Lance_Stroll/lanstr01.png.transform/1col/image.png,,,,,,,,,,
2025,Monaco Grand Prix,Practice 3,Yuki Tsunoda,Red Bull Racing,,21.382191780821916,40.29041095890411,52.02739726027397,0.9821917808219178,22,Y TSUNODA,TSU,tsunoda,4781D7,red_bull,Yuki,Tsunoda,https://media.formula1.com/d_driver_fallback_image.png/content/dam/fom-website/drivers/Y/YUKTSU01_Yuki_Tsunoda/yuktsu01.png.transform/1col/image.png,,,,,,,,,,
2025,Monaco Grand Prix,Practice 3,Alexander Albon,Williams,,21.382191780821916,40.29041095890411,52.02739726027397,0.9821917808219178,23,A ALBON,ALB,albon,1868DB,williams,Alexander,Albon,https://media.formula1.com/d_driver_fallback_image.png/content/dam/fom-website/drivers/A/ALEALB01_Alexander_Albon/alealb01.png.transform/1col/image.png,,,,,,,,,,
2025,Monaco Grand Prix,Practice 3,Nico Hulkenberg,Kick Sauber,,21.382191780821916,40.29041095890411,52.02739726027397,0.9821917808219178,27,N HULKENBERG,HUL,hulkenberg,01C00E,sauber,Nico,Hulkenberg,https://media.formula1.com/d_driver_fallback_image.png/content/dam/fom-website/drivers/N/NICHUL01_Nico_Hulkenberg/nichul01.png.transform/1col/image.png,,,,,,,,,,
2025,Monaco Grand Prix,Practice 3,Liam Lawson,Racing Bulls,,21.382191780821916,40.29041095890411,52.02739726027397,0.9821917808219178,30,L LAWSON,LAW,lawson,6C98FF,rb,Liam,Lawson,https://media.formula1.com/d_driver_fallback_image.png/content/dam/fom-website/drivers/L/LIALAW01_Liam_Lawson/lialaw01.png.transform/1col/image.png,,,,,,,,,,
2025,Monaco Grand Prix,Practice 3,Esteban Ocon,Haas F1 Team,,21.382191780821916,40.29041095890411,52.02739726027397,0.9821917808219178,31,E OCON,OCO,ocon,9C9FA2,haas,Esteban,Ocon,https://media.formula1.com/d_driver_fallback_image.png/content/dam/fom-website/drivers/E/ESTOCO01_Esteban_Ocon/estoco01.png.transform/1col/image.png,,,,,,,,,,
2025,Monaco Grand Prix,Practice 3,Franco Colapinto,Alpine,,21.382191780821916,40.29041095890411,52.02739726027397,0.9821917808219178,43,F COLAPINTO,COL,colapinto,00A1E8,alpine,Franco,Colapinto,None,,,,,,,,,,
2025,Monaco Grand Prix,Practice 3,Lewis Hamilton,Ferrari,,21.382191780821916,40.29041095890411,52.02739726027397,0.9821917808219178,44,L HAMILTON,HAM,hamilton,ED1131,ferrari,Lewis,Hamilton,https://media.formula1.com/d_driver_fallback_image.png/content/dam/fom-website/drivers/L/LEWHAM01_Lewis_Hamilton/lewham01.png.transform/1col/image.png,,,,,,,,,,
2025,Monaco Grand Prix,Practice 3,Carlos Sainz,Williams,,21.382191780821916,40.29041095890411,52.02739726027397,0.9821917808219178,55,C SAINZ,SAI,sainz,1868DB,williams,Carlos,Sainz,https://media.formula1.com/d_driver_fallback_image.png/content/dam/fom-website/drivers/C/CARSAI01_Carlos_Sainz/carsai01.png.transform/1col/image.png,,,,,,,,,,
2025,Monaco Grand Prix,Practice 3,George Russell,Mercedes,,21.382191780821916,40.29041095890411,52.02739726027397,0.9821917808219178,63,G RUSSELL,RUS,russell,00D7B6,mercedes,George,Russell,https://media.formula1.com/d_driver_fallback_image.png/content/dam/fom-website/drivers/G/GEORUS01_George_Russell/georus01.png.transform/1col/image.png,,,,,,,,,,
2025,Monaco Grand Prix,Practice 3,Oscar Piastri,McLaren,,21.382191780821916,40.29041095890411,52.02739726027397,0.9821917808219178,81,O PIASTRI,PIA,piastri,F47600,mclaren,Oscar,Piastri,https://media.formula1.com/d_driver_fallback_image.png/content/dam/fom-website/drivers/O/OSCPIA01_Oscar_Piastri/oscpia01.png.transform/1col/image.png,,,,,,,,,,
2025,Monaco Grand Prix,Practice 3,Oliver Bearman,Haas F1 Team,,21.382191780821916,40.29041095890411,52.02739726027397,0.9821917808219178,87,O BEARMAN,BEA,bearman,9C9FA2,haas,Oliver,Bearman,https://media.formula1.com/d_driver_fallback_image.png/content/dam/fom-website/drivers/O/OLIBEA01_Oliver_Bearman/olibea01.png.transform/1col/image.png,,,,,,,,,,
2025,Spanish Grand Prix,Race,Oscar Piastri,McLaren,1.0,29.12,48.54322580645161,54.6258064516129,1.6329032258064518,81,O PIASTRI,PIA,piastri,F47600,mclaren,Oscar,Piastri,https://media.formula1.com/d_driver_fallback_image.png/content/dam/fom-website/drivers/O/OSCPIA01_Oscar_Piastri/oscpia01.png.transform/1col/image.png,,1,1.0,,,,0 days 01:32:57.375000,Finished,25.0,66.0
2025,Spanish Grand Prix,Race,Lando Norris,McLaren,2.0,29.12,48.54322580645161,54.6258064516129,1.6329032258064518,4,L NORRIS,NOR,norris,F47600,mclaren,Lando,Norris,https://media.formula1.com/d_driver_fallback_image.png/content/dam/fom-website/drivers/L/LANNOR01_Lando_Norris/lannor01.png.transform/1col/image.png,,2,2.0,,,,0 days 00:00:02.471000,Finished,18.0,66.0
2025,Spanish Grand Prix,Race,Charles Leclerc,Ferrari,3.0,29.12,48.54322580645161,54.6258064516129,1.6329032258064518,16,C LECLERC,LEC,leclerc,ED1131,ferrari,Charles,Leclerc,https://media.formula1.com/d_driver_fallback_image.png/content/dam/fom-website/drivers/C/CHALEC01_Charles_Leclerc/chalec01.png.transform/1col/image.png,,3,7.0,,,,0 days 00:00:10.455000,Finished,15.0,66.0
2025,Spanish Grand Prix,Race,George Russell,Mercedes,4.0,29.12,48.54322580645161,54.6258064516129,1.6329032258064518,63,G RUSSELL,RUS,russell,00D7B6,mercedes,George,Russell,https://media.formula1.com/d_driver_fallback_image.png/content/dam/fom-website/drivers/G/GEORUS01_George_Russell/georus01.png.transform/1col/image.png,,4,4.0,,,,0 days 00:00:11.359000,Finished,12.0,66.0
2025,Spanish Grand Prix,Race,Nico Hulkenberg,Kick Sauber,5.0,29.12,48.54322580645161,54.6258064516129,1.6329032258064518,27,N HULKENBERG,HUL,hulkenberg,01C00E,sauber,Nico,Hulkenberg,https://media.formula1.com/d_driver_fallback_image.png/content/dam/fom-website/drivers/N/NICHUL01_Nico_Hulkenberg/nichul01.png.transform/1col/image.png,,5,15.0,,,,0 days 00:00:13.648000,Finished,10.0,66.0
2025,Spanish Grand Prix,Race,Lewis Hamilton,Ferrari,6.0,29.12,48.54322580645161,54.6258064516129,1.6329032258064518,44,L HAMILTON,HAM,hamilton,ED1131,ferrari,Lewis,Hamilton,https://media.formula1.com/d_driver_fallback_image.png/content/dam/fom-website/drivers/L/LEWHAM01_Lewis_Hamilton/lewham01.png.transform/1col/image.png,,6,5.0,,,,0 days 00:00:15.508000,Finished,8.0,66.0
2025,Spanish Grand Prix,Race,Isack Hadjar,Racing Bulls,7.0,29.12,48.54322580645161,54.6258064516129,1.6329032258064518,6,I HADJAR,HAD,hadjar,6C98FF,rb,Isack,Hadjar,https://media.formula1.com/d_driver_fallback_image.png/content/dam/fom-website/drivers/I/ISAHAD01_Isack_Hadjar/isahad01.png.transform/1col/image.png,,7,9.0,,,,0 days 00:00:16.022000,Finished,6.0,66.0
2025,Spanish Grand Prix,Race,Pierre Gasly,Alpine,8.0,29.12,48.54322580645161,54.6258064516129,1.6329032258064518,10,P GASLY,GAS,gasly,00A1E8,alpine,Pierre,Gasly,https://media.formula1.com/d_driver_fallback_image.png/content/dam/fom-website/drivers/P/PIEGAS01_Pierre_Gasly/piegas01.png.transform/1col/image.png,,8,8.0,,,,0 days 00:00:17.882000,Finished,4.0,66.0
2025,Spanish Grand Prix,Race,Fernando Alonso,Aston Martin,9.0,29.12,48.54322580645161,54.6258064516129,1.6329032258064518,14,F ALONSO,ALO,alonso,229971,aston_martin,Fernando,Alonso,https://media.formula1.com/d_driver_fallback_image.png/content/dam/fom-website/drivers/F/FERALO01_Fernando_Alonso/feralo01.png.transform/1col/image.png,,9,10.0,,,,0 days 00:00:21.564000,Finished,2.0,66.0
2025,Spanish Grand Prix,Race,Max Verstappen,Red Bull Racing,10.0,29.12,48.54322580645161,54.6258064516129,1.6329032258064518,1,M VERSTAPPEN,VER,max_verstappen,4781D7,red_bull,Max,Verstappen,https://media.formula1.com/d_driver_fallback_image.png/content/dam/fom-website/drivers/M/MAXVER01_Max_Verstappen/maxver01.png.transform/1col/image.png,,10,3.0,,,,0 days 00:00:21.826000,Finished,1.0,66.0
2025,Spanish Grand Prix,Race,Liam Lawson,Racing Bulls,11.0,29.12,48.54322580645161,54.6258064516129,1.6329032258064518,30,L LAWSON,LAW,lawson,6C98FF,rb,Liam,Lawson,https://media.formula1.com/d_driver_fallback_image.png/content/dam/fom-website/drivers/L/LIALAW01_Liam_Lawson/lialaw01.png.transform/1col/image.png,,11,13.0,,,,0 days 00:00:25.532000,Finished,0.0,66.0
2025,Spanish Grand Prix,Race,Gabriel Bortoleto,Kick Sauber,12.0,29.12,48.54322580645161,54.6258064516129,1.6329032258064518,5,G BORTOLETO,BOR,bortoleto,01C00E,sauber,Gabriel,Bortoleto,https://media.formula1.com/d_driver_fallback_image.png/content/dam/fom-website/drivers/G/GABBOR01_Gabriel_Bortoleto/gabbor01.png.transform/1col/image.png,,12,12.0,,,,0 days 00:00:25.996000,Finished,0.0,66.0
2025,Spanish Grand Prix,Race,Yuki Tsunoda,Red Bull Racing,13.0,29.12,48.54322580645161,54.6258064516129,1.6329032258064518,22,Y TSUNODA,TSU,tsunoda,4781D7,red_bull,Yuki,Tsunoda,https://media.formula1.com/d_driver_fallback_image.png/content/dam/fom-website/drivers/Y/YUKTSU01_Yuki_Tsunoda/yuktsu01.png.transform/1col/image.png,,13,19.0,,,,0 days 00:00:28.822000,Finished,0.0,66.0
2025,Spanish Grand Prix,Race,Carlos Sainz,Williams,14.0,29.12,48.54322580645161,54.6258064516129,1.6329032258064518,55,C SAINZ,SAI,sainz,1868DB,williams,Carlos,Sainz,https://media.formula1.com/d_driver_fallback_image.png/content/dam/fom-website/drivers/C/CARSAI01_Carlos_Sainz/carsai01.png.transform/1col/image.png,,14,17.0,,,,0 days 00:00:29.309000,Finished,0.0,66.0
2025,Spanish Grand Prix,Race,Franco Colapinto,Alpine,15.0,29.12,48.54322580645161,54.6258064516129,1.6329032258064518,43,F COLAPINTO,COL,colapinto,00A1E8,alpine,Franco,Colapinto,None,,15,18.0,,,,0 days 00:00:31.381000,Finished,0.0,66.0
2025,Spanish Grand Prix,Race,Esteban Ocon,Haas F1 Team,16.0,29.12,48.54322580645161,54.6258064516129,1.6329032258064518,31,E OCON,OCO,ocon,9C9FA2,haas,Esteban,Ocon,https://media.formula1.com/d_driver_fallback_image.png/content/dam/fom-website/drivers/E/ESTOCO01_Esteban_Ocon/estoco01.png.transform/1col/image.png,,16,16.0,,,,0 days 00:00:32.197000,Finished,0.0,66.0
2025,Spanish Grand Prix,Race,Oliver Bearman,Haas F1 Team,17.0,29.12,48.54322580645161,54.6258064516129,1.6329032258064518,87,O BEARMAN,BEA,bearman,9C9FA2,haas,Oliver,Bearman,https://media.formula1.com/d_driver_fallback_image.png/content/dam/fom-website/drivers/O/OLIBEA01_Oliver_Bearman/olibea01.png.transform/1col/image.png,,17,14.0,,,,0 days 00:00:37.065000,Finished,0.0,66.0
2025,Spanish Grand Prix,Race,Kimi Antonelli,Mercedes,18.0,29.12,48.54322580645161,54.6258064516129,1.6329032258064518,12,K ANTONELLI,ANT,antonelli,00D7B6,mercedes,Kimi,Antonelli,https://media.formula1.com/d_driver_fallback_image.png/content/dam/fom-website/drivers/A/ANDANT01_Andrea%20Kimi_Antonelli/andant01.png.transform/1col/image.png,,R,6.0,,,,,Retired,0.0,53.0
2025,Spanish Grand Prix,Race,Alexander Albon,Williams,19.0,29.12,48.54322580645161,54.6258064516129,1.6329032258064518,23,A ALBON,ALB,albon,1868DB,williams,Alexander,Albon,https://media.formula1.com/d_driver_fallback_image.png/content/dam/fom-website/drivers/A/ALEALB01_Alexander_Albon/alealb01.png.transform/1col/image.png,,R,11.0,,,,,Retired,0.0,27.0
2025,Spanish Grand Prix,Qualifying,Oscar Piastri,McLaren,1.0,29.136363636363637,46.82337662337662,37.09090909090909,1.6155844155844157,81,O PIASTRI,PIA,piastri,F47600,mclaren,Oscar,Piastri,https://media.formula1.com/d_driver_fallback_image.png/content/dam/fom-website/drivers/O/OSCPIA01_Oscar_Piastri/oscpia01.png.transform/1col/image.png,,,,0 days 00:01:12.551000,0 days 00:01:11.998000,0 days 00:01:11.546000,,,,
2025,Spanish Grand Prix,Qualifying,Lando Norris,McLaren,2.0,29.136363636363637,46.82337662337662,37.09090909090909,1.6155844155844157,4,L NORRIS,NOR,norris,F47600,mclaren,Lando,Norris,https://media.formula1.com/d_driver_fallback_image.png/content/dam/fom-website/drivers/L/LANNOR01_Lando_Norris/lannor01.png.transform/1col/image.png,,,,0 days 00:01:12.799000,0 days 00:01:12.056000,0 days 00:01:11.755000,,,,
2025,Spanish Grand Prix,Qualifying,Max Verstappen,Red Bull Racing,3.0,29.136363636363637,46.82337662337662,37.09090909090909,1.6155844155844157,1,M VERSTAPPEN,VER,max_verstappen,4781D7,red_bull,Max,Verstappen,https://media.formula1.com/d_driver_fallback_image.png/content/dam/fom-website/drivers/M/MAXVER01_Max_Verstappen/maxver01.png.transform/1col/image.png,,,,0 days 00:01:12.798000,0 days 00:01:12.358000,0 days 00:01:11.848000,,,,
2025,Spanish Grand Prix,Qualifying,George Russell,Mercedes,4.0,29.136363636363637,46.82337662337662,37.09090909090909,1.6155844155844157,63,G RUSSELL,RUS,russell,00D7B6,mercedes,George,Russell,https://media.formula1.com/d_driver_fallback_image.png/content/dam/fom-website/drivers/G/GEORUS01_George_Russell/georus01.png.transform/1col/image.png,,,,0 days 00:01:12.806000,0 days 00:01:12.407000,0 days 00:01:11.848000,,,,
2025,Spanish Grand Prix,Qualifying,Lewis Hamilton,Ferrari,5.0,29.136363636363637,46.82337662337662,37.09090909090909,1.6155844155844157,44,L HAMILTON,HAM,hamilton,ED1131,ferrari,Lewis,Hamilton,https://media.formula1.com/d_driver_fallback_image.png/content/dam/fom-website/drivers/L/LEWHAM01_Lewis_Hamilton/lewham01.png.transform/1col/image.png,,,,0 days 00:01:13.058000,0 days 00:01:12.447000,0 days 00:01:12.045000,,,,
2025,Spanish Grand Prix,Qualifying,Kimi Antonelli,Mercedes,6.0,29.136363636363637,46.82337662337662,37.09090909090909,1.6155844155844157,12,K ANTONELLI,ANT,antonelli,00D7B6,mercedes,Kimi,Antonelli,https://media.formula1.com/d_driver_fallback_image.png/content/dam/fom-website/drivers/A/ANDANT01_Andrea%20Kimi_Antonelli/andant01.png.transform/1col/image.png,,,,0 days 00:01:12.815000,0 days 00:01:12.585000,0 days 00:01:12.111000,,,,
2025,Spanish Grand Prix,Qualifying,Charles Leclerc,Ferrari,7.0,29.136363636363637,46.82337662337662,37.09090909090909,1.6155844155844157,16,C LECLERC,LEC,leclerc,ED1131,ferrari,Charles,Leclerc,https://media.formula1.com/d_driver_fallback_image.png/content/dam/fom-website/drivers/C/CHALEC01_Charles_Leclerc/chalec01.png.transform/1col/image.png,,,,0 days 00:01:13.014000,0 days 00:01:12.495000,0 days 00:01:12.131000,,,,
2025,Spanish Grand Prix,Qualifying,Pierre Gasly,Alpine,8.0,29.136363636363637,46.82337662337662,37.09090909090909,1.6155844155844157,10,P GASLY,GAS,gasly,00A1E8,alpine,Pierre,Gasly,https://media.formula1.com/d_driver_fallback_image.png/content/dam/fom-website/drivers/P/PIEGAS01_Pierre_Gasly/piegas01.png.transform/1col/image.png,,,,0 days 00:01:13.081000,0 days 00:01:12.611000,0 days 00:01:12.199000,,,,
2025,Spanish Grand Prix,Qualifying,Isack Hadjar,Racing Bulls,9.0,29.136363636363637,46.82337662337662,37.09090909090909,1.6155844155844157,6,I HADJAR,HAD,hadjar,6C98FF,rb,Isack,Hadjar,https://media.formula1.com/d_driver_fallback_image.png/content/dam/fom-website/drivers/I/ISAHAD01_Isack_Hadjar/isahad01.png.transform/1col/image.png,,,,0 days 00:01:13.139000,0 days 00:01:12.461000,0 days 00:01:12.252000,,,,
2025,Spanish Grand Prix,Qualifying,Fernando Alonso,Aston Martin,10.0,29.136363636363637,46.82337662337662,37.09090909090909,1.6155844155844157,14,F ALONSO,ALO,alonso,229971,aston_martin,Fernando,Alonso,https://media.formula1.com/d_driver_fallback_image.png/content/dam/fom-website/drivers/F/FERALO01_Fernando_Alonso/feralo01.png.transform/1col/image.png,,,,0 days 00:01:13.102000,0 days 00:01:12.523000,0 days 00:01:12.284000,,,,
2025,Spanish Grand Prix,Qualifying,Alexander Albon,Williams,11.0,29.136363636363637,46.82337662337662,37.09090909090909,1.6155844155844157,23,A ALBON,ALB,albon,1868DB,williams,Alexander,Albon,https://media.formula1.com/d_driver_fallback_image.png/content/dam/fom-website/drivers/A/ALEALB01_Alexander_Albon/alealb01.png.transform/1col/image.png,,,,0 days 00:01:13.044000,0 days 00:01:12.641000,,,,,
2025,Spanish Grand Prix,Qualifying,Gabriel Bortoleto,Kick Sauber,12.0,29.136363636363637,46.82337662337662,37.09090909090909,1.6155844155844157,5,G BORTOLETO,BOR,bortoleto,01C00E,sauber,Gabriel,Bortoleto,https://media.formula1.com/d_driver_fallback_image.png/content/dam/fom-website/drivers/G/GABBOR01_Gabriel_Bortoleto/gabbor01.png.transform/1col/image.png,,,,0 days 00:01:13.045000,0 days 00:01:12.756000,,,,,
2025,Spanish Grand Prix,Qualifying,Liam Lawson,Racing Bulls,13.0,29.136363636363637,46.82337662337662,37.09090909090909,1.6155844155844157,30,L LAWSON,LAW,lawson,6C98FF,rb,Liam,Lawson,https://media.formula1.com/d_driver_fallback_image.png/content/dam/fom-website/drivers/L/LIALAW01_Liam_Lawson/lialaw01.png.transform/1col/image.png,,,,0 days 00:01:13.039000,0 days 00:01:12.763000,,,,,
2025,Spanish Grand Prix,Qualifying,Lance Stroll,Aston Martin,14.0,29.136363636363637,46.82337662337662,37.09090909090909,1.6155844155844157,18,L STROLL,STR,stroll,229971,aston_martin,Lance,Stroll,https://media.formula1.com/d_driver_fallback_image.png/content/dam/fom-website/drivers/L/LANSTR01_Lance_Stroll/lanstr01.png.transform/1col/image.png,,,,0 days 00:01:13.038000,0 days 00:01:13.058000,,,,,
2025,Spanish Grand Prix,Qualifying,Oliver Bearman,Haas F1 Team,15.0,29.136363636363637,46.82337662337662,37.09090909090909,1.6155844155844157,87,O BEARMAN,BEA,bearman,9C9FA2,haas,Oliver,Bearman,https://media.formula1.com/d_driver_fallback_image.png/content/dam/fom-website/drivers/O/OLIBEA01_Oliver_Bearman/olibea01.png.transform/1col/image.png,,,,0 days 00:01:13.074000,0 days 00:01:13.315000,,,,,
2025,Spanish Grand Prix,Qualifying,Nico Hulkenberg,Kick Sauber,16.0,29.136363636363637,46.82337662337662,37.09090909090909,1.6155844155844157,27,N HULKENBERG,HUL,hulkenberg,01C00E,sauber,Nico,Hulkenberg,https://media.formula1.com/d_driver_fallback_image.png/content/dam/fom-website/drivers/N/NICHUL01_Nico_Hulkenberg/nichul01.png.transform/1col/image.png,,,,0 days 00:01:13.190000,,,,,,
2025,Spanish Grand Prix,Qualifying,Esteban Ocon,Haas F1 Team,17.0,29.136363636363637,46.82337662337662,37.09090909090909,1.6155844155844157,31,E OCON,OCO,ocon,9C9FA2,haas,Esteban,Ocon,https://media.formula1.com/d_driver_fallback_image.png/content/dam/fom-website/drivers/E/ESTOCO01_Esteban_Ocon/estoco01.png.transform/1col/image.png,,,,0 days 00:01:13.201000,,,,,,
2025,Spanish Grand Prix,Qualifying,Carlos Sainz,Williams,18.0,29.136363636363637,46.82337662337662,37.09090909090909,1.6155844155844157,55,C SAINZ,SAI,sainz,1868DB,williams,Carlos,Sainz,https://media.formula1.com/d_driver_fallback_image.png/content/dam/fom-website/drivers/C/CARSAI01_Carlos_Sainz/carsai01.png.transform/1col/image.png,,,,0 days 00:01:13.203000,,,,,,
2025,Spanish Grand Prix,Qualifying,Franco Colapinto,Alpine,19.0,29.136363636363637,46.82337662337662,37.09090909090909,1.6155844155844157,43,F COLAPINTO,COL,colapinto,00A1E8,alpine,Franco,Colapinto,None,,,,0 days 00:01:13.334000,,,,,,
2025,Spanish Grand Prix,Qualifying,Yuki Tsunoda,Red Bull Racing,20.0,29.136363636363637,46.82337662337662,37.09090909090909,1.6155844155844157,22,Y TSUNODA,TSU,tsunoda,4781D7,red_bull,Yuki,Tsunoda,https://media.formula1.com/d_driver_fallback_image.png/content/dam/fom-website/drivers/Y/YUKTSU01_Yuki_Tsunoda/yuktsu01.png.transform/1col/image.png,,,,0 days 00:01:13.385000,,,,,,
2025,Spanish Grand Prix,Practice 1,Max Verstappen,Red Bull Racing,,30.375,48.77875,33.975,1.40625,1,M VERSTAPPEN,VER,max_verstappen,4781D7,red_bull,Max,Verstappen,https://media.formula1.com/d_driver_fallback_image.png/content/dam/fom-website/drivers/M/MAXVER01_Max_Verstappen/maxver01.png.transform/1col/image.png,,,,,,,,,,
2025,Spanish Grand Prix,Practice 1,Lando Norris,McLaren,,30.375,48.77875,33.975,1.40625,4,L NORRIS,NOR,norris,F47600,mclaren,Lando,Norris,https://media.formula1.com/d_driver_fallback_image.png/content/dam/fom-website/drivers/L/LANNOR01_Lando_Norris/lannor01.png.transform/1col/image.png,,,,,,,,,,
2025,Spanish Grand Prix,Practice 1,Gabriel Bortoleto,Kick Sauber,,30.375,48.77875,33.975,1.40625,5,G BORTOLETO,BOR,bortoleto,01C00E,sauber,Gabriel,Bortoleto,https://media.formula1.com/d_driver_fallback_image.png/content/dam/fom-website/drivers/G/GABBOR01_Gabriel_Bortoleto/gabbor01.png.transform/1col/image.png,,,,,,,,,,
2025,Spanish Grand Prix,Practice 1,Isack Hadjar,Racing Bulls,,30.375,48.77875,33.975,1.40625,6,I HADJAR,HAD,hadjar,6C98FF,rb,Isack,Hadjar,https://media.formula1.com/d_driver_fallback_image.png/content/dam/fom-website/drivers/I/ISAHAD01_Isack_Hadjar/isahad01.png.transform/1col/image.png,,,,,,,,,,
2025,Spanish Grand Prix,Practice 1,Pierre Gasly,Alpine,,30.375,48.77875,33.975,1.40625,10,P GASLY,GAS,gasly,00A1E8,alpine,Pierre,Gasly,https://media.formula1.com/d_driver_fallback_image.png/content/dam/fom-website/drivers/P/PIEGAS01_Pierre_Gasly/piegas01.png.transform/1col/image.png,,,,,,,,,,
2025,Spanish Grand Prix,Practice 1,Kimi Antonelli,Mercedes,,30.375,48.77875,33.975,1.40625,12,K ANTONELLI,ANT,antonelli,00D7B6,mercedes,Kimi,Antonelli,https://media.formula1.com/d_driver_fallback_image.png/content/dam/fom-website/drivers/A/ANDANT01_Andrea%20Kimi_Antonelli/andant01.png.transform/1col/image.png,,,,,,,,,,
2025,Spanish Grand Prix,Practice 1,Fernando Alonso,Aston Martin,,30.375,48.77875,33.975,1.40625,14,F ALONSO,ALO,alonso,229971,aston_martin,Fernando,Alonso,https://media.formula1.com/d_driver_fallback_image.png/content/dam/fom-website/drivers/F/FERALO01_Fernando_Alonso/feralo01.png.transform/1col/image.png,,,,,,,,,,
2025,Spanish Grand Prix,Practice 1,Charles Leclerc,Ferrari,,30.375,48.77875,33.975,1.40625,16,C LECLERC,LEC,leclerc,ED1131,ferrari,Charles,Leclerc,https://media.formula1.com/d_driver_fallback_image.png/content/dam/fom-website/drivers/C/CHALEC01_Charles_Leclerc/chalec01.png.transform/1col/image.png,,,,,,,,,,
2025,Spanish Grand Prix,Practice 1,Lance Stroll,Aston Martin,,30.375,48.77875,33.975,1.40625,18,L STROLL,STR,nan,229971,nan,Lance,Stroll,https://media.formula1.com/d_driver_fallback_image.png/content/dam/fom-website/drivers/L/LANSTR01_Lance_Stroll/lanstr01.png.transform/1col/image.png,,,,,,,,,,
2025,Spanish Grand Prix,Practice 1,Yuki Tsunoda,Red Bull Racing,,30.375,48.77875,33.975,1.40625,22,Y TSUNODA,TSU,tsunoda,4781D7,red_bull,Yuki,Tsunoda,https://media.formula1.com/d_driver_fallback_image.png/content/dam/fom-website/drivers/Y/YUKTSU01_Yuki_Tsunoda/yuktsu01.png.transform/1col/image.png,,,,,,,,,,
2025,Spanish Grand Prix,Practice 1,Nico Hulkenberg,Kick Sauber,,30.375,48.77875,33.975,1.40625,27,N HULKENBERG,HUL,hulkenberg,01C00E,sauber,Nico,Hulkenberg,https://media.formula1.com/d_driver_fallback_image.png/content/dam/fom-website/drivers/N/NICHUL01_Nico_Hulkenberg/nichul01.png.transform/1col/image.png,,,,,,,,,,
2025,Spanish Grand Prix,Practice 1,Liam Lawson,Racing Bulls,,30.375,48.77875,33.975,1.40625,30,L LAWSON,LAW,lawson,6C98FF,rb,Liam,Lawson,https://media.formula1.com/d_driver_fallback_image.png/content/dam/fom-website/drivers/L/LIALAW01_Liam_Lawson/lialaw01.png.transform/1col/image.png,,,,,,,,,,
2025,Spanish Grand Prix,Practice 1,Franco Colapinto,Alpine,,30.375,48.77875,33.975,1.40625,43,F COLAPINTO,COL,colapinto,00A1E8,alpine,Franco,Colapinto,None,,,,,,,,,,
2025,Spanish Grand Prix,Practice 1,Lewis Hamilton,Ferrari,,30.375,48.77875,33.975,1.40625,44,L HAMILTON,HAM,hamilton,ED1131,ferrari,Lewis,Hamilton,https://media.formula1.com/d_driver_fallback_image.png/content/dam/fom-website/drivers/L/LEWHAM01_Lewis_Hamilton/lewham01.png.transform/1col/image.png,,,,,,,,,,
2025,Spanish Grand Prix,Practice 1,Victor Martins,Williams,,30.375,48.77875,33.975,1.40625,45,V MARTINS,MAR,nan,1868DB,nan,Victor,Martins,None,,,,,,,,,,
2025,Spanish Grand Prix,Practice 1,Ryo Hirakawa,Haas F1 Team,,30.375,48.77875,33.975,1.40625,50,R HIRAKAWA,HIR,nan,9C9FA2,nan,Ryo,Hirakawa,None,,,,,,,,,,
2025,Spanish Grand Prix,Practice 1,Carlos Sainz,Williams,,30.375,48.77875,33.975,1.40625,55,C SAINZ,SAI,sainz,1868DB,williams,Carlos,Sainz,https://media.formula1.com/d_driver_fallback_image.png/content/dam/fom-website/drivers/C/CARSAI01_Carlos_Sainz/carsai01.png.transform/1col/image.png,,,,,,,,,,
2025,Spanish Grand Prix,Practice 1,George Russell,Mercedes,,30.375,48.77875,33.975,1.40625,63,G RUSSELL,RUS,russell,00D7B6,mercedes,George,Russell,https://media.formula1.com/d_driver_fallback_image.png/content/dam/fom-website/drivers/G/GEORUS01_George_Russell/georus01.png.transform/1col/image.png,,,,,,,,,,
2025,Spanish Grand Prix,Practice 1,Oscar Piastri,McLaren,,30.375,48.77875,33.975,1.40625,81,O PIASTRI,PIA,piastri,F47600,mclaren,Oscar,Piastri,https://media.formula1.com/d_driver_fallback_image.png/content/dam/fom-website/drivers/O/OSCPIA01_Oscar_Piastri/oscpia01.png.transform/1col/image.png,,,,,,,,,,
2025,Spanish Grand Prix,Practice 1,Oliver Bearman,Haas F1 Team,,30.375,48.77875,33.975,1.40625,87,O BEARMAN,BEA,bearman,9C9FA2,haas,Oliver,Bearman,https://media.formula1.com/d_driver_fallback_image.png/content/dam/fom-website/drivers/O/OLIBEA01_Oliver_Bearman/olibea01.png.transform/1col/image.png,,,,,,,,,,
2025,Spanish Grand Prix,Practice 2,Max Verstappen,Red Bull Racing,,30.128048780487806,45.76951219512195,34.74390243902439,1.49390243902439,1,M VERSTAPPEN,VER,max_verstappen,4781D7,red_bull,Max,Verstappen,https://media.formula1.com/d_driver_fallback_image.png/content/dam/fom-website/drivers/M/MAXVER01_Max_Verstappen/maxver01.png.transform/1col/image.png,,,,,,,,,,
2025,Spanish Grand Prix,Practice 2,Lando Norris,McLaren,,30.128048780487806,45.76951219512195,34.74390243902439,1.49390243902439,4,L NORRIS,NOR,norris,F47600,mclaren,Lando,Norris,https://media.formula1.com/d_driver_fallback_image.png/content/dam/fom-website/drivers/L/LANNOR01_Lando_Norris/lannor01.png.transform/1col/image.png,,,,,,,,,,
2025,Spanish Grand Prix,Practice 2,Gabriel Bortoleto,Kick Sauber,,30.128048780487806,45.76951219512195,34.74390243902439,1.49390243902439,5,G BORTOLETO,BOR,bortoleto,01C00E,sauber,Gabriel,Bortoleto,https://media.formula1.com/d_driver_fallback_image.png/content/dam/fom-website/drivers/G/GABBOR01_Gabriel_Bortoleto/gabbor01.png.transform/1col/image.png,,,,,,,,,,
2025,Spanish Grand Prix,Practice 2,Isack Hadjar,Racing Bulls,,30.128048780487806,45.76951219512195,34.74390243902439,1.49390243902439,6,I HADJAR,HAD,hadjar,6C98FF,rb,Isack,Hadjar,https://media.formula1.com/d_driver_fallback_image.png/content/dam/fom-website/drivers/I/ISAHAD01_Isack_Hadjar/isahad01.png.transform/1col/image.png,,,,,,,,,,
2025,Spanish Grand Prix,Practice 2,Pierre Gasly,Alpine,,30.128048780487806,45.76951219512195,34.74390243902439,1.49390243902439,10,P GASLY,GAS,gasly,00A1E8,alpine,Pierre,Gasly,https://media.formula1.com/d_driver_fallback_image.png/content/dam/fom-website/drivers/P/PIEGAS01_Pierre_Gasly/piegas01.png.transform/1col/image.png,,,,,,,,,,
2025,Spanish Grand Prix,Practice 2,Kimi Antonelli,Mercedes,,30.128048780487806,45.76951219512195,34.74390243902439,1.49390243902439,12,K ANTONELLI,ANT,antonelli,00D7B6,mercedes,Kimi,Antonelli,https://media.formula1.com/d_driver_fallback_image.png/content/dam/fom-website/drivers/A/ANDANT01_Andrea%20Kimi_Antonelli/andant01.png.transform/1col/image.png,,,,,,,,,,
2025,Spanish Grand Prix,Practice 2,Fernando Alonso,Aston Martin,,30.128048780487806,45.76951219512195,34.74390243902439,1.49390243902439,14,F ALONSO,ALO,alonso,229971,aston_martin,Fernando,Alonso,https://media.formula1.com/d_driver_fallback_image.png/content/dam/fom-website/drivers/F/FERALO01_Fernando_Alonso/feralo01.png.transform/1col/image.png,,,,,,,,,,
2025,Spanish Grand Prix,Practice 2,Charles Leclerc,Ferrari,,30.128048780487806,45.76951219512195,34.74390243902439,1.49390243902439,16,C LECLERC,LEC,leclerc,ED1131,ferrari,Charles,Leclerc,https://media.formula1.com/d_driver_fallback_image.png/content/dam/fom-website/drivers/C/CHALEC01_Charles_Leclerc/chalec01.png.transform/1col/image.png,,,,,,,,,,
2025,Spanish Grand Prix,Practice 2,Lance Stroll,Aston Martin,,30.128048780487806,45.76951219512195,34.74390243902439,1.49390243902439,18,L STROLL,STR,nan,229971,nan,Lance,Stroll,https://media.formula1.com/d_driver_fallback_image.png/content/dam/fom-website/drivers/L/LANSTR01_Lance_Stroll/lanstr01.png.transform/1col/image.png,,,,,,,,,,
2025,Spanish Grand Prix,Practice 2,Yuki Tsunoda,Red Bull Racing,,30.128048780487806,45.76951219512195,34.74390243902439,1.49390243902439,22,Y TSUNODA,TSU,tsunoda,4781D7,red_bull,Yuki,Tsunoda,https://media.formula1.com/d_driver_fallback_image.png/content/dam/fom-website/drivers/Y/YUKTSU01_Yuki_Tsunoda/yuktsu01.png.transform/1col/image.png,,,,,,,,,,
2025,Spanish Grand Prix,Practice 2,Alexander Albon,Williams,,30.128048780487806,45.76951219512195,34.74390243902439,1.49390243902439,23,A ALBON,ALB,albon,1868DB,williams,Alexander,Albon,https://media.formula1.com/d_driver_fallback_image.png/content/dam/fom-website/drivers/A/ALEALB01_Alexander_Albon/alealb01.png.transform/1col/image.png,,,,,,,,,,
2025,Spanish Grand Prix,Practice 2,Nico Hulkenberg,Kick Sauber,,30.128048780487806,45.76951219512195,34.74390243902439,1.49390243902439,27,N HULKENBERG,HUL,hulkenberg,01C00E,sauber,Nico,Hulkenberg,https://media.formula1.com/d_driver_fallback_image.png/content/dam/fom-website/drivers/N/NICHUL01_Nico_Hulkenberg/nichul01.png.transform/1col/image.png,,,,,,,,,,
2025,Spanish Grand Prix,Practice 2,Liam Lawson,Racing Bulls,,30.128048780487806,45.76951219512195,34.74390243902439,1.49390243902439,30,L LAWSON,LAW,lawson,6C98FF,rb,Liam,Lawson,https://media.formula1.com/d_driver_fallback_image.png/content/dam/fom-website/drivers/L/LIALAW01_Liam_Lawson/lialaw01.png.transform/1col/image.png,,,,,,,,,,
2025,Spanish Grand Prix,Practice 2,Esteban Ocon,Haas F1 Team,,30.128048780487806,45.76951219512195,34.74390243902439,1.49390243902439,31,E OCON,OCO,ocon,9C9FA2,haas,Esteban,Ocon,https://media.formula1.com/d_driver_fallback_image.png/content/dam/fom-website/drivers/E/ESTOCO01_Esteban_Ocon/estoco01.png.transform/1col/image.png,,,,,,,,,,
2025,Spanish Grand Prix,Practice 2,Franco Colapinto,Alpine,,30.128048780487806,45.76951219512195,34.74390243902439,1.49390243902439,43,F COLAPINTO,COL,colapinto,00A1E8,alpine,Franco,Colapinto,None,,,,,,,,,,
2025,Spanish Grand Prix,Practice 2,Lewis Hamilton,Ferrari,,30.128048780487806,45.76951219512195,34.74390243902439,1.49390243902439,44,L HAMILTON,HAM,hamilton,ED1131,ferrari,Lewis,Hamilton,https://media.formula1.com/d_driver_fallback_image.png/content/dam/fom-website/drivers/L/LEWHAM01_Lewis_Hamilton/lewham01.png.transform/1col/image.png,,,,,,,,,,
2025,Spanish Grand Prix,Practice 2,Carlos Sainz,Williams,,30.128048780487806,45.76951219512195,34.74390243902439,1.49390243902439,55,C SAINZ,SAI,sainz,1868DB,williams,Carlos,Sainz,https://media.formula1.com/d_driver_fallback_image.png/content/dam/fom-website/drivers/C/CARSAI01_Carlos_Sainz/carsai01.png.transform/1col/image.png,,,,,,,,,,
2025,Spanish Grand Prix,Practice 2,George Russell,Mercedes,,30.128048780487806,45.76951219512195,34.74390243902439,1.49390243902439,63,G RUSSELL,RUS,russell,00D7B6,mercedes,George,Russell,https://media.formula1.com/d_driver_fallback_image.png/content/dam/fom-website/drivers/G/GEORUS01_George_Russell/georus01.png.transform/1col/image.png,,,,,,,,,,
2025,Spanish Grand Prix,Practice 2,Oscar Piastri,McLaren,,30.128048780487806,45.76951219512195,34.74390243902439,1.49390243902439,81,O PIASTRI,PIA,piastri,F47600,mclaren,Oscar,Piastri,https://media.formula1.com/d_driver_fallback_image.png/content/dam/fom-website/drivers/O/OSCPIA01_Oscar_Piastri/oscpia01.png.transform/1col/image.png,,,,,,,,,,
2025,Spanish Grand Prix,Practice 2,Oliver Bearman,Haas F1 Team,,30.128048780487806,45.76951219512195,34.74390243902439,1.49390243902439,87,O BEARMAN,BEA,bearman,9C9FA2,haas,Oliver,Bearman,https://media.formula1.com/d_driver_fallback_image.png/content/dam/fom-website/drivers/O/OLIBEA01_Oliver_Bearman/olibea01.png.transform/1col/image.png,,,,,,,,,,
2025,Spanish Grand Prix,Practice 3,Lando Norris,McLaren,,29.920408163265304,46.82448979591837,34.857142857142854,1.2612244897959184,4,L NORRIS,NOR,norris,F47600,mclaren,Lando,Norris,https://media.formula1.com/d_driver_fallback_image.png/content/dam/fom-website/drivers/L/LANNOR01_Lando_Norris/lannor01.png.transform/1col/image.png,,,,,,,,,,
2025,Spanish Grand Prix,Practice 3,Yuki Tsunoda,Red Bull Racing,,29.920408163265304,46.82448979591837,34.857142857142854,1.2612244897959184,22,Y TSUNODA,TSU,tsunoda,4781D7,red_bull,Yuki,Tsunoda,https://media.formula1.com/d_driver_fallback_image.png/content/dam/fom-website/drivers/Y/YUKTSU01_Yuki_Tsunoda/yuktsu01.png.transform/1col/image.png,,,,,,,,,,
2025,Spanish Grand Prix,Practice 3,Esteban Ocon,Haas F1 Team,,29.920408163265304,46.82448979591837,34.857142857142854,1.2612244897959184,31,E OCON,OCO,ocon,9C9FA2,haas,Esteban,Ocon,https://media.formula1.com/d_driver_fallback_image.png/content/dam/fom-website/drivers/E/ESTOCO01_Esteban_Ocon/estoco01.png.transform/1col/image.png,,,,,,,,,,
2025,Spanish Grand Prix,Practice 3,Gabriel Bortoleto,Kick Sauber,,29.920408163265304,46.82448979591837,34.857142857142854,1.2612244897959184,5,G BORTOLETO,BOR,bortoleto,01C00E,sauber,Gabriel,Bortoleto,https://media.formula1.com/d_driver_fallback_image.png/content/dam/fom-website/drivers/G/GABBOR01_Gabriel_Bortoleto/gabbor01.png.transform/1col/image.png,,,,,,,,,,
2025,Spanish Grand Prix,Practice 3,Pierre Gasly,Alpine,,29.920408163265304,46.82448979591837,34.857142857142854,1.2612244897959184,10,P GASLY,GAS,gasly,00A1E8,alpine,Pierre,Gasly,https://media.formula1.com/d_driver_fallback_image.png/content/dam/fom-website/drivers/P/PIEGAS01_Pierre_Gasly/piegas01.png.transform/1col/image.png,,,,,,,,,,
2025,Spanish Grand Prix,Practice 3,Franco Colapinto,Alpine,,29.920408163265304,46.82448979591837,34.857142857142854,1.2612244897959184,43,F COLAPINTO,COL,colapinto,00A1E8,alpine,Franco,Colapinto,None,,,,,,,,,,
2025,Spanish Grand Prix,Practice 3,Nico Hulkenberg,Kick Sauber,,29.920408163265304,46.82448979591837,34.857142857142854,1.2612244897959184,27,N HULKENBERG,HUL,hulkenberg,01C00E,sauber,Nico,Hulkenberg,https://media.formula1.com/d_driver_fallback_image.png/content/dam/fom-website/drivers/N/NICHUL01_Nico_Hulkenberg/nichul01.png.transform/1col/image.png,,,,,,,,,,
2025,Spanish Grand Prix,Practice 3,Lance Stroll,Aston Martin,,29.920408163265304,46.82448979591837,34.857142857142854,1.2612244897959184,18,L STROLL,STR,nan,229971,nan,Lance,Stroll,https://media.formula1.com/d_driver_fallback_image.png/content/dam/fom-website/drivers/L/LANSTR01_Lance_Stroll/lanstr01.png.transform/1col/image.png,,,,,,,,,,
2025,Spanish Grand Prix,Practice 3,Fernando Alonso,Aston Martin,,29.920408163265304,46.82448979591837,34.857142857142854,1.2612244897959184,14,F ALONSO,ALO,alonso,229971,aston_martin,Fernando,Alonso,https://media.formula1.com/d_driver_fallback_image.png/content/dam/fom-website/drivers/F/FERALO01_Fernando_Alonso/feralo01.png.transform/1col/image.png,,,,,,,,,,
2025,Spanish Grand Prix,Practice 3,Oliver Bearman,Haas F1 Team,,29.920408163265304,46.82448979591837,34.857142857142854,1.2612244897959184,87,O BEARMAN,BEA,bearman,9C9FA2,haas,Oliver,Bearman,https://media.formula1.com/d_driver_fallback_image.png/content/dam/fom-website/drivers/O/OLIBEA01_Oliver_Bearman/olibea01.png.transform/1col/image.png,,,,,,,,,,
2025,Spanish Grand Prix,Practice 3,Carlos Sainz,Williams,,29.920408163265304,46.82448979591837,34.857142857142854,1.2612244897959184,55,C SAINZ,SAI,sainz,1868DB,williams,Carlos,Sainz,https://media.formula1.com/d_driver_fallback_image.png/content/dam/fom-website/drivers/C/CARSAI01_Carlos_Sainz/carsai01.png.transform/1col/image.png,,,,,,,,,,
2025,Spanish Grand Prix,Practice 3,Liam Lawson,Racing Bulls,,29.920408163265304,46.82448979591837,34.857142857142854,1.2612244897959184,30,L LAWSON,LAW,lawson,6C98FF,rb,Liam,Lawson,https://media.formula1.com/d_driver_fallback_image.png/content/dam/fom-website/drivers/L/LIALAW01_Liam_Lawson/lialaw01.png.transform/1col/image.png,,,,,,,,,,
2025,Spanish Grand Prix,Practice 3,Max Verstappen,Red Bull Racing,,29.920408163265304,46.82448979591837,34.857142857142854,1.2612244897959184,1,M VERSTAPPEN,VER,max_verstappen,4781D7,red_bull,Max,Verstappen,https://media.formula1.com/d_driver_fallback_image.png/content/dam/fom-website/drivers/M/MAXVER01_Max_Verstappen/maxver01.png.transform/1col/image.png,,,,,,,,,,
2025,Spanish Grand Prix,Practice 3,Isack Hadjar,Racing Bulls,,29.920408163265304,46.82448979591837,34.857142857142854,1.2612244897959184,6,I HADJAR,HAD,hadjar,6C98FF,rb,Isack,Hadjar,https://media.formula1.com/d_driver_fallback_image.png/content/dam/fom-website/drivers/I/ISAHAD01_Isack_Hadjar/isahad01.png.transform/1col/image.png,,,,,,,,,,
2025,Spanish Grand Prix,Practice 3,Kimi Antonelli,Mercedes,,29.920408163265304,46.82448979591837,34.857142857142854,1.2612244897959184,12,K ANTONELLI,ANT,antonelli,00D7B6,mercedes,Kimi,Antonelli,https://media.formula1.com/d_driver_fallback_image.png/content/dam/fom-website/drivers/A/ANDANT01_Andrea%20Kimi_Antonelli/andant01.png.transform/1col/image.png,,,,,,,,,,
2025,Spanish Grand Prix,Practice 3,Charles Leclerc,Ferrari,,29.920408163265304,46.82448979591837,34.857142857142854,1.2612244897959184,16,C LECLERC,LEC,leclerc,ED1131,ferrari,Charles,Leclerc,https://media.formula1.com/d_driver_fallback_image.png/content/dam/fom-website/drivers/C/CHALEC01_Charles_Leclerc/chalec01.png.transform/1col/image.png,,,,,,,,,,
2025,Spanish Grand Prix,Practice 3,Alexander Albon,Williams,,29.920408163265304,46.82448979591837,34.857142857142854,1.2612244897959184,23,A ALBON,ALB,albon,1868DB,williams,Alexander,Albon,https://media.formula1.com/d_driver_fallback_image.png/content/dam/fom-website/drivers/A/ALEALB01_Alexander_Albon/alealb01.png.transform/1col/image.png,,,,,,,,,,
2025,Spanish Grand Prix,Practice 3,Lewis Hamilton,Ferrari,,29.920408163265304,46.82448979591837,34.857142857142854,1.2612244897959184,44,L HAMILTON,HAM,hamilton,ED1131,ferrari,Lewis,Hamilton,https://media.formula1.com/d_driver_fallback_image.png/content/dam/fom-website/drivers/L/LEWHAM01_Lewis_Hamilton/lewham01.png.transform/1col/image.png,,,,,,,,,,
2025,Spanish Grand Prix,Practice 3,George Russell,Mercedes,,29.920408163265304,46.82448979591837,34.857142857142854,1.2612244897959184,63,G RUSSELL,RUS,russell,00D7B6,mercedes,George,Russell,https://media.formula1.com/d_driver_fallback_image.png/content/dam/fom-website/drivers/G/GEORUS01_George_Russell/georus01.png.transform/1col/image.png,,,,,,,,,,
2025,Spanish Grand Prix,Practice 3,Oscar Piastri,McLaren,,29.920408163265304,46.82448979591837,34.857142857142854,1.2612244897959184,81,O PIASTRI,PIA,piastri,F47600,mclaren,Oscar,Piastri,https://media.formula1.com/d_driver_fallback_image.png/content/dam/fom-website/drivers/O/OSCPIA01_Oscar_Piastri/oscpia01.png.transform/1col/image.png,,,,,,,,,,
2025,Canadian Grand Prix,Race,George Russell,Mercedes,1.0,24.036526946107788,49.25329341317366,27.976047904191617,1.0377245508982034,63,G RUSSELL,RUS,russell,00D7B6,mercedes,George,Russell,https://media.formula1.com/d_driver_fallback_image.png/content/dam/fom-website/drivers/G/GEORUS01_George_Russell/georus01.png.transform/1col/image.png,,1,1.0,,,,0 days 01:31:52.688000,Finished,25.0,70.0
2025,Canadian Grand Prix,Race,Max Verstappen,Red Bull Racing,2.0,24.036526946107788,49.25329341317366,27.976047904191617,1.0377245508982034,1,M VERSTAPPEN,VER,max_verstappen,4781D7,red_bull,Max,Verstappen,https://media.formula1.com/d_driver_fallback_image.png/content/dam/fom-website/drivers/M/MAXVER01_Max_Verstappen/maxver01.png.transform/1col/image.png,,2,2.0,,,,0 days 00:00:00.228000,Finished,18.0,70.0
2025,Canadian Grand Prix,Race,Kimi Antonelli,Mercedes,3.0,24.036526946107788,49.25329341317366,27.976047904191617,1.0377245508982034,12,K ANTONELLI,ANT,antonelli,00D7B6,mercedes,Kimi,Antonelli,https://media.formula1.com/d_driver_fallback_image.png/content/dam/fom-website/drivers/A/ANDANT01_Andrea%20Kimi_Antonelli/andant01.png.transform/1col/image.png,,3,4.0,,,,0 days 00:00:01.014000,Finished,15.0,70.0
2025,Canadian Grand Prix,Race,Oscar Piastri,McLaren,4.0,24.036526946107788,49.25329341317366,27.976047904191617,1.0377245508982034,81,O PIASTRI,PIA,piastri,F47600,mclaren,Oscar,Piastri,https://media.formula1.com/d_driver_fallback_image.png/content/dam/fom-website/drivers/O/OSCPIA01_Oscar_Piastri/oscpia01.png.transform/1col/image.png,,4,3.0,,,,0 days 00:00:02.109000,Finished,12.0,70.0
2025,Canadian Grand Prix,Race,Charles Leclerc,Ferrari,5.0,24.036526946107788,49.25329341317366,27.976047904191617,1.0377245508982034,16,C LECLERC,LEC,leclerc,ED1131,ferrari,Charles,Leclerc,https://media.formula1.com/d_driver_fallback_image.png/content/dam/fom-website/drivers/C/CHALEC01_Charles_Leclerc/chalec01.png.transform/1col/image.png,,5,8.0,,,,0 days 00:00:03.442000,Finished,10.0,70.0
2025,Canadian Grand Prix,Race,Lewis Hamilton,Ferrari,6.0,24.036526946107788,49.25329341317366,27.976047904191617,1.0377245508982034,44,L HAMILTON,HAM,hamilton,ED1131,ferrari,Lewis,Hamilton,https://media.formula1.com/d_driver_fallback_image.png/content/dam/fom-website/drivers/L/LEWHAM01_Lewis_Hamilton/lewham01.png.transform/1col/image.png,,6,5.0,,,,0 days 00:00:10.713000,Finished,8.0,70.0
2025,Canadian Grand Prix,Race,Fernando Alonso,Aston Martin,7.0,24.036526946107788,49.25329341317366,27.976047904191617,1.0377245508982034,14,F ALONSO,ALO,alonso,229971,aston_martin,Fernando,Alonso,https://media.formula1.com/d_driver_fallback_image.png/content/dam/fom-website/drivers/F/FERALO01_Fernando_Alonso/feralo01.png.transform/1col/image.png,,7,6.0,,,,0 days 00:00:10.972000,Finished,6.0,70.0
2025,Canadian Grand Prix,Race,Nico Hulkenberg,Kick Sauber,8.0,24.036526946107788,49.25329341317366,27.976047904191617,1.0377245508982034,27,N HULKENBERG,HUL,hulkenberg,01C00E,sauber,Nico,Hulkenberg,https://media.formula1.com/d_driver_fallback_image.png/content/dam/fom-website/drivers/N/NICHUL01_Nico_Hulkenberg/nichul01.png.transform/1col/image.png,,8,11.0,,,,0 days 00:00:15.364000,Finished,4.0,70.0
2025,Canadian Grand Prix,Race,Esteban Ocon,Haas F1 Team,9.0,24.036526946107788,49.25329341317366,27.976047904191617,1.0377245508982034,31,E OCON,OCO,ocon,9C9FA2,haas,Esteban,Ocon,https://media.formula1.com/d_driver_fallback_image.png/content/dam/fom-website/drivers/E/ESTOCO01_Esteban_Ocon/estoco01.png.transform/1col/image.png,,9,14.0,,,,0 days 00:00:01.473000,Lapped,2.0,69.0
2025,Canadian Grand Prix,Race,Carlos Sainz,Williams,10.0,24.036526946107788,49.25329341317366,27.976047904191617,1.0377245508982034,55,C SAINZ,SAI,sainz,1868DB,williams,Carlos,Sainz,https://media.formula1.com/d_driver_fallback_image.png/content/dam/fom-website/drivers/C/CARSAI01_Carlos_Sainz/carsai01.png.transform/1col/image.png,,10,16.0,,,,0 days 00:00:01.886000,Lapped,1.0,69.0
2025,Canadian Grand Prix,Race,Oliver Bearman,Haas F1 Team,11.0,24.036526946107788,49.25329341317366,27.976047904191617,1.0377245508982034,87,O BEARMAN,BEA,bearman,9C9FA2,haas,Oliver,Bearman,https://media.formula1.com/d_driver_fallback_image.png/content/dam/fom-website/drivers/O/OLIBEA01_Oliver_Bearman/olibea01.png.transform/1col/image.png,,11,13.0,,,,0 days 00:00:03.717000,Lapped,0.0,69.0
2025,Canadian Grand Prix,Race,Yuki Tsunoda,Red Bull Racing,12.0,24.036526946107788,49.25329341317366,27.976047904191617,1.0377245508982034,22,Y TSUNODA,TSU,tsunoda,4781D7,red_bull,Yuki,Tsunoda,https://media.formula1.com/d_driver_fallback_image.png/content/dam/fom-website/drivers/Y/YUKTSU01_Yuki_Tsunoda/yuktsu01.png.transform/1col/image.png,,12,18.0,,,,0 days 00:00:05.456000,Lapped,0.0,69.0
2025,Canadian Grand Prix,Race,Franco Colapinto,Alpine,13.0,24.036526946107788,49.25329341317366,27.976047904191617,1.0377245508982034,43,F COLAPINTO,COL,colapinto,00A1E8,alpine,Franco,Colapinto,None,,13,10.0,,,,0 days 00:00:07.018000,Lapped,0.0,69.0
2025,Canadian Grand Prix,Race,Gabriel Bortoleto,Kick Sauber,14.0,24.036526946107788,49.25329341317366,27.976047904191617,1.0377245508982034,5,G BORTOLETO,BOR,bortoleto,01C00E,sauber,Gabriel,Bortoleto,https://media.formula1.com/d_driver_fallback_image.png/content/dam/fom-website/drivers/G/GABBOR01_Gabriel_Bortoleto/gabbor01.png.transform/1col/image.png,,14,15.0,,,,0 days 00:00:07.879000,Lapped,0.0,69.0
2025,Canadian Grand Prix,Race,Pierre Gasly,Alpine,15.0,24.036526946107788,49.25329341317366,27.976047904191617,1.0377245508982034,10,P GASLY,GAS,gasly,00A1E8,alpine,Pierre,Gasly,https://media.formula1.com/d_driver_fallback_image.png/content/dam/fom-website/drivers/P/PIEGAS01_Pierre_Gasly/piegas01.png.transform/1col/image.png,,15,20.0,,,,0 days 00:00:07.950000,Lapped,0.0,69.0
2025,Canadian Grand Prix,Race,Isack Hadjar,Racing Bulls,16.0,24.036526946107788,49.25329341317366,27.976047904191617,1.0377245508982034,6,I HADJAR,HAD,hadjar,6C98FF,rb,Isack,Hadjar,https://media.formula1.com/d_driver_fallback_image.png/content/dam/fom-website/drivers/I/ISAHAD01_Isack_Hadjar/isahad01.png.transform/1col/image.png,,16,12.0,,,,0 days 00:00:08.737000,Lapped,0.0,69.0
2025,Canadian Grand Prix,Race,Lance Stroll,Aston Martin,17.0,24.036526946107788,49.25329341317366,27.976047904191617,1.0377245508982034,18,L STROLL,STR,stroll,229971,aston_martin,Lance,Stroll,https://media.formula1.com/d_driver_fallback_image.png/content/dam/fom-website/drivers/L/LANSTR01_Lance_Stroll/lanstr01.png.transform/1col/image.png,,17,17.0,,,,0 days 00:00:09.063000,Lapped,0.0,69.0
2025,Canadian Grand Prix,Race,Lando Norris,McLaren,18.0,24.036526946107788,49.25329341317366,27.976047904191617,1.0377245508982034,4,L NORRIS,NOR,norris,F47600,mclaren,Lando,Norris,https://media.formula1.com/d_driver_fallback_image.png/content/dam/fom-website/drivers/L/LANNOR01_Lando_Norris/lannor01.png.transform/1col/image.png,,18,7.0,,,,,Retired,0.0,66.0
2025,Canadian Grand Prix,Race,Liam Lawson,Racing Bulls,19.0,24.036526946107788,49.25329341317366,27.976047904191617,1.0377245508982034,30,L LAWSON,LAW,lawson,6C98FF,rb,Liam,Lawson,https://media.formula1.com/d_driver_fallback_image.png/content/dam/fom-website/drivers/L/LIALAW01_Liam_Lawson/lialaw01.png.transform/1col/image.png,,R,19.0,,,,,Retired,0.0,53.0
2025,Canadian Grand Prix,Race,Alexander Albon,Williams,20.0,24.036526946107788,49.25329341317366,27.976047904191617,1.0377245508982034,23,A ALBON,ALB,albon,1868DB,williams,Alexander,Albon,https://media.formula1.com/d_driver_fallback_image.png/content/dam/fom-website/drivers/A/ALEALB01_Alexander_Albon/alealb01.png.transform/1col/image.png,,R,9.0,,,,,Retired,0.0,46.0
2025,Canadian Grand Prix,Qualifying,George Russell,Mercedes,1.0,21.3,43.145882352941186,30.694117647058825,2.2741176470588234,63,G RUSSELL,RUS,russell,00D7B6,mercedes,George,Russell,https://media.formula1.com/d_driver_fallback_image.png/content/dam/fom-website/drivers/G/GEORUS01_George_Russell/georus01.png.transform/1col/image.png,,,,0 days 00:01:12.075000,0 days 00:01:11.570000,0 days 00:01:10.899000,,,,
2025,Canadian Grand Prix,Qualifying,Max Verstappen,Red Bull Racing,2.0,21.3,43.145882352941186,30.694117647058825,2.2741176470588234,1,M VERSTAPPEN,VER,max_verstappen,4781D7,red_bull,Max,Verstappen,https://media.formula1.com/d_driver_fallback_image.png/content/dam/fom-website/drivers/M/MAXVER01_Max_Verstappen/maxver01.png.transform/1col/image.png,,,,0 days 00:01:12.054000,0 days 00:01:11.638000,0 days 00:01:11.059000,,,,
2025,Canadian Grand Prix,Qualifying,Oscar Piastri,McLaren,3.0,21.3,43.145882352941186,30.694117647058825,2.2741176470588234,81,O PIASTRI,PIA,piastri,F47600,mclaren,Oscar,Piastri,https://media.formula1.com/d_driver_fallback_image.png/content/dam/fom-website/drivers/O/OSCPIA01_Oscar_Piastri/oscpia01.png.transform/1col/image.png,,,,0 days 00:01:11.939000,0 days 00:01:11.715000,0 days 00:01:11.120000,,,,
2025,Canadian Grand Prix,Qualifying,Kimi Antonelli,Mercedes,4.0,21.3,43.145882352941186,30.694117647058825,2.2741176470588234,12,K ANTONELLI,ANT,antonelli,00D7B6,mercedes,Kimi,Antonelli,https://media.formula1.com/d_driver_fallback_image.png/content/dam/fom-website/drivers/A/ANDANT01_Andrea%20Kimi_Antonelli/andant01.png.transform/1col/image.png,,,,0 days 00:01:12.279000,0 days 00:01:11.974000,0 days 00:01:11.391000,,,,
2025,Canadian Grand Prix,Qualifying,Lewis Hamilton,Ferrari,5.0,21.3,43.145882352941186,30.694117647058825,2.2741176470588234,44,L HAMILTON,HAM,hamilton,ED1131,ferrari,Lewis,Hamilton,https://media.formula1.com/d_driver_fallback_image.png/content/dam/fom-website/drivers/L/LEWHAM01_Lewis_Hamilton/lewham01.png.transform/1col/image.png,,,,0 days 00:01:11.952000,0 days 00:01:11.885000,0 days 00:01:11.526000,,,,
2025,Canadian Grand Prix,Qualifying,Fernando Alonso,Aston Martin,6.0,21.3,43.145882352941186,30.694117647058825,2.2741176470588234,14,F ALONSO,ALO,alonso,229971,aston_martin,Fernando,Alonso,https://media.formula1.com/d_driver_fallback_image.png/content/dam/fom-website/drivers/F/FERALO01_Fernando_Alonso/feralo01.png.transform/1col/image.png,,,,0 days 00:01:12.073000,0 days 00:01:11.805000,0 days 00:01:11.586000,,,,
2025,Canadian Grand Prix,Qualifying,Lando Norris,McLaren,7.0,21.3,43.145882352941186,30.694117647058825,2.2741176470588234,4,L NORRIS,NOR,norris,F47600,mclaren,Lando,Norris,https://media.formula1.com/d_driver_fallback_image.png/content/dam/fom-website/drivers/L/LANNOR01_Lando_Norris/lannor01.png.transform/1col/image.png,,,,0 days 00:01:11.826000,0 days 00:01:11.599000,0 days 00:01:11.625000,,,,
2025,Canadian Grand Prix,Qualifying,Charles Leclerc,Ferrari,8.0,21.3,43.145882352941186,30.694117647058825,2.2741176470588234,16,C LECLERC,LEC,leclerc,ED1131,ferrari,Charles,Leclerc,https://media.formula1.com/d_driver_fallback_image.png/content/dam/fom-website/drivers/C/CHALEC01_Charles_Leclerc/chalec01.png.transform/1col/image.png,,,,0 days 00:01:12.038000,0 days 00:01:11.626000,0 days 00:01:11.682000,,,,
2025,Canadian Grand Prix,Qualifying,Isack Hadjar,Racing Bulls,9.0,21.3,43.145882352941186,30.694117647058825,2.2741176470588234,6,I HADJAR,HAD,hadjar,6C98FF,rb,Isack,Hadjar,https://media.formula1.com/d_driver_fallback_image.png/content/dam/fom-website/drivers/I/ISAHAD01_Isack_Hadjar/isahad01.png.transform/1col/image.png,,,,0 days 00:01:12.211000,0 days 00:01:12.003000,0 days 00:01:11.867000,,,,
2025,Canadian Grand Prix,Qualifying,Alexander Albon,Williams,10.0,21.3,43.145882352941186,30.694117647058825,2.2741176470588234,23,A ALBON,ALB,albon,1868DB,williams,Alexander,Albon,https://media.formula1.com/d_driver_fallback_image.png/content/dam/fom-website/drivers/A/ALEALB01_Alexander_Albon/alealb01.png.transform/1col/image.png,,,,0 days 00:01:12.090000,0 days 00:01:11.892000,0 days 00:01:11.907000,,,,
2025,Canadian Grand Prix,Qualifying,Yuki Tsunoda,Red Bull Racing,11.0,21.3,43.145882352941186,30.694117647058825,2.2741176470588234,22,Y TSUNODA,TSU,tsunoda,4781D7,red_bull,Yuki,Tsunoda,https://media.formula1.com/d_driver_fallback_image.png/content/dam/fom-website/drivers/Y/YUKTSU01_Yuki_Tsunoda/yuktsu01.png.transform/1col/image.png,,,,0 days 00:01:12.334000,0 days 00:01:12.102000,,,,,
2025,Canadian Grand Prix,Qualifying,Franco Colapinto,Alpine,12.0,21.3,43.145882352941186,30.694117647058825,2.2741176470588234,43,F COLAPINTO,COL,colapinto,00A1E8,alpine,Franco,Colapinto,None,,,,0 days 00:01:12.234000,0 days 00:01:12.142000,,,,,
2025,Canadian Grand Prix,Qualifying,Nico Hulkenberg,Kick Sauber,13.0,21.3,43.145882352941186,30.694117647058825,2.2741176470588234,27,N HULKENBERG,HUL,hulkenberg,01C00E,sauber,Nico,Hulkenberg,https://media.formula1.com/d_driver_fallback_image.png/content/dam/fom-website/drivers/N/NICHUL01_Nico_Hulkenberg/nichul01.png.transform/1col/image.png,,,,0 days 00:01:12.323000,0 days 00:01:12.183000,,,,,
2025,Canadian Grand Prix,Qualifying,Oliver Bearman,Haas F1 Team,14.0,21.3,43.145882352941186,30.694117647058825,2.2741176470588234,87,O BEARMAN,BEA,bearman,9C9FA2,haas,Oliver,Bearman,https://media.formula1.com/d_driver_fallback_image.png/content/dam/fom-website/drivers/O/OLIBEA01_Oliver_Bearman/olibea01.png.transform/1col/image.png,,,,0 days 00:01:12.306000,0 days 00:01:12.340000,,,,,
2025,Canadian Grand Prix,Qualifying,Esteban Ocon,Haas F1 Team,15.0,21.3,43.145882352941186,30.694117647058825,2.2741176470588234,31,E OCON,OCO,ocon,9C9FA2,haas,Esteban,Ocon,https://media.formula1.com/d_driver_fallback_image.png/content/dam/fom-website/drivers/E/ESTOCO01_Esteban_Ocon/estoco01.png.transform/1col/image.png,,,,0 days 00:01:12.378000,0 days 00:01:12.634000,,,,,
2025,Canadian Grand Prix,Qualifying,Gabriel Bortoleto,Kick Sauber,16.0,21.3,43.145882352941186,30.694117647058825,2.2741176470588234,5,G BORTOLETO,BOR,bortoleto,01C00E,sauber,Gabriel,Bortoleto,https://media.formula1.com/d_driver_fallback_image.png/content/dam/fom-website/drivers/G/GABBOR01_Gabriel_Bortoleto/gabbor01.png.transform/1col/image.png,,,,0 days 00:01:12.385000,,,,,,
2025,Canadian Grand Prix,Qualifying,Carlos Sainz,Williams,17.0,21.3,43.145882352941186,30.694117647058825,2.2741176470588234,55,C SAINZ,SAI,sainz,1868DB,williams,Carlos,Sainz,https://media.formula1.com/d_driver_fallback_image.png/content/dam/fom-website/drivers/C/CARSAI01_Carlos_Sainz/carsai01.png.transform/1col/image.png,,,,0 days 00:01:12.398000,,,,,,
2025,Canadian Grand Prix,Qualifying,Lance Stroll,Aston Martin,18.0,21.3,43.145882352941186,30.694117647058825,2.2741176470588234,18,L STROLL,STR,stroll,229971,aston_martin,Lance,Stroll,https://media.formula1.com/d_driver_fallback_image.png/content/dam/fom-website/drivers/L/LANSTR01_Lance_Stroll/lanstr01.png.transform/1col/image.png,,,,0 days 00:01:12.517000,,,,,,
2025,Canadian Grand Prix,Qualifying,Liam Lawson,Racing Bulls,19.0,21.3,43.145882352941186,30.694117647058825,2.2741176470588234,30,L LAWSON,LAW,lawson,6C98FF,rb,Liam,Lawson,https://media.formula1.com/d_driver_fallback_image.png/content/dam/fom-website/drivers/L/LIALAW01_Liam_Lawson/lialaw01.png.transform/1col/image.png,,,,0 days 00:01:12.525000,,,,,,
2025,Canadian Grand Prix,Qualifying,Pierre Gasly,Alpine,20.0,21.3,43.145882352941186,30.694117647058825,2.2741176470588234,10,P GASLY,GAS,gasly,00A1E8,alpine,Pierre,Gasly,https://media.formula1.com/d_driver_fallback_image.png/content/dam/fom-website/drivers/P/PIEGAS01_Pierre_Gasly/piegas01.png.transform/1col/image.png,,,,0 days 00:01:12.667000,,,,,,
2025,Canadian Grand Prix,Practice 1,Max Verstappen,Red Bull Racing,,16.6625,42.63125,43.8625,2.2387500000000005,1,M VERSTAPPEN,VER,max_verstappen,4781D7,red_bull,Max,Verstappen,https://media.formula1.com/d_driver_fallback_image.png/content/dam/fom-website/drivers/M/MAXVER01_Max_Verstappen/maxver01.png.transform/1col/image.png,,,,,,,,,,
2025,Canadian Grand Prix,Practice 1,Lando Norris,McLaren,,16.6625,42.63125,43.8625,2.2387500000000005,4,L NORRIS,NOR,norris,F47600,mclaren,Lando,Norris,https://media.formula1.com/d_driver_fallback_image.png/content/dam/fom-website/drivers/L/LANNOR01_Lando_Norris/lannor01.png.transform/1col/image.png,,,,,,,,,,
2025,Canadian Grand Prix,Practice 1,Gabriel Bortoleto,Kick Sauber,,16.6625,42.63125,43.8625,2.2387500000000005,5,G BORTOLETO,BOR,bortoleto,01C00E,sauber,Gabriel,Bortoleto,https://media.formula1.com/d_driver_fallback_image.png/content/dam/fom-website/drivers/G/GABBOR01_Gabriel_Bortoleto/gabbor01.png.transform/1col/image.png,,,,,,,,,,
2025,Canadian Grand Prix,Practice 1,Isack Hadjar,Racing Bulls,,16.6625,42.63125,43.8625,2.2387500000000005,6,I HADJAR,HAD,hadjar,6C98FF,rb,Isack,Hadjar,https://media.formula1.com/d_driver_fallback_image.png/content/dam/fom-website/drivers/I/ISAHAD01_Isack_Hadjar/isahad01.png.transform/1col/image.png,,,,,,,,,,
2025,Canadian Grand Prix,Practice 1,Pierre Gasly,Alpine,,16.6625,42.63125,43.8625,2.2387500000000005,10,P GASLY,GAS,gasly,00A1E8,alpine,Pierre,Gasly,https://media.formula1.com/d_driver_fallback_image.png/content/dam/fom-website/drivers/P/PIEGAS01_Pierre_Gasly/piegas01.png.transform/1col/image.png,,,,,,,,,,
2025,Canadian Grand Prix,Practice 1,Kimi Antonelli,Mercedes,,16.6625,42.63125,43.8625,2.2387500000000005,12,K ANTONELLI,ANT,antonelli,00D7B6,mercedes,Kimi,Antonelli,https://media.formula1.com/d_driver_fallback_image.png/content/dam/fom-website/drivers/A/ANDANT01_Andrea%20Kimi_Antonelli/andant01.png.transform/1col/image.png,,,,,,,,,,
2025,Canadian Grand Prix,Practice 1,Fernando Alonso,Aston Martin,,16.6625,42.63125,43.8625,2.2387500000000005,14,F ALONSO,ALO,alonso,229971,aston_martin,Fernando,Alonso,https://media.formula1.com/d_driver_fallback_image.png/content/dam/fom-website/drivers/F/FERALO01_Fernando_Alonso/feralo01.png.transform/1col/image.png,,,,,,,,,,
2025,Canadian Grand Prix,Practice 1,Charles Leclerc,Ferrari,,16.6625,42.63125,43.8625,2.2387500000000005,16,C LECLERC,LEC,leclerc,ED1131,ferrari,Charles,Leclerc,https://media.formula1.com/d_driver_fallback_image.png/content/dam/fom-website/drivers/C/CHALEC01_Charles_Leclerc/chalec01.png.transform/1col/image.png,,,,,,,,,,
2025,Canadian Grand Prix,Practice 1,Lance Stroll,Aston Martin,,16.6625,42.63125,43.8625,2.2387500000000005,18,L STROLL,STR,stroll,229971,aston_martin,Lance,Stroll,https://media.formula1.com/d_driver_fallback_image.png/content/dam/fom-website/drivers/L/LANSTR01_Lance_Stroll/lanstr01.png.transform/1col/image.png,,,,,,,,,,
2025,Canadian Grand Prix,Practice 1,Yuki Tsunoda,Red Bull Racing,,16.6625,42.63125,43.8625,2.2387500000000005,22,Y TSUNODA,TSU,tsunoda,4781D7,red_bull,Yuki,Tsunoda,https://media.formula1.com/d_driver_fallback_image.png/content/dam/fom-website/drivers/Y/YUKTSU01_Yuki_Tsunoda/yuktsu01.png.transform/1col/image.png,,,,,,,,,,
2025,Canadian Grand Prix,Practice 1,Alexander Albon,Williams,,16.6625,42.63125,43.8625,2.2387500000000005,23,A ALBON,ALB,albon,1868DB,williams,Alexander,Albon,https://media.formula1.com/d_driver_fallback_image.png/content/dam/fom-website/drivers/A/ALEALB01_Alexander_Albon/alealb01.png.transform/1col/image.png,,,,,,,,,,
2025,Canadian Grand Prix,Practice 1,Nico Hulkenberg,Kick Sauber,,16.6625,42.63125,43.8625,2.2387500000000005,27,N HULKENBERG,HUL,hulkenberg,01C00E,sauber,Nico,Hulkenberg,https://media.formula1.com/d_driver_fallback_image.png/content/dam/fom-website/drivers/N/NICHUL01_Nico_Hulkenberg/nichul01.png.transform/1col/image.png,,,,,,,,,,
2025,Canadian Grand Prix,Practice 1,Liam Lawson,Racing Bulls,,16.6625,42.63125,43.8625,2.2387500000000005,30,L LAWSON,LAW,lawson,6C98FF,rb,Liam,Lawson,https://media.formula1.com/d_driver_fallback_image.png/content/dam/fom-website/drivers/L/LIALAW01_Liam_Lawson/lialaw01.png.transform/1col/image.png,,,,,,,,,,
2025,Canadian Grand Prix,Practice 1,Esteban Ocon,Haas F1 Team,,16.6625,42.63125,43.8625,2.2387500000000005,31,E OCON,OCO,ocon,9C9FA2,haas,Esteban,Ocon,https://media.formula1.com/d_driver_fallback_image.png/content/dam/fom-website/drivers/E/ESTOCO01_Esteban_Ocon/estoco01.png.transform/1col/image.png,,,,,,,,,,
2025,Canadian Grand Prix,Practice 1,Franco Colapinto,Alpine,,16.6625,42.63125,43.8625,2.2387500000000005,43,F COLAPINTO,COL,colapinto,00A1E8,alpine,Franco,Colapinto,None,,,,,,,,,,
2025,Canadian Grand Prix,Practice 1,Lewis Hamilton,Ferrari,,16.6625,42.63125,43.8625,2.2387500000000005,44,L HAMILTON,HAM,hamilton,ED1131,ferrari,Lewis,Hamilton,https://media.formula1.com/d_driver_fallback_image.png/content/dam/fom-website/drivers/L/LEWHAM01_Lewis_Hamilton/lewham01.png.transform/1col/image.png,,,,,,,,,,
2025,Canadian Grand Prix,Practice 1,Carlos Sainz,Williams,,16.6625,42.63125,43.8625,2.2387500000000005,55,C SAINZ,SAI,sainz,1868DB,williams,Carlos,Sainz,https://media.formula1.com/d_driver_fallback_image.png/content/dam/fom-website/drivers/C/CARSAI01_Carlos_Sainz/carsai01.png.transform/1col/image.png,,,,,,,,,,
2025,Canadian Grand Prix,Practice 1,George Russell,Mercedes,,16.6625,42.63125,43.8625,2.2387500000000005,63,G RUSSELL,RUS,russell,00D7B6,mercedes,George,Russell,https://media.formula1.com/d_driver_fallback_image.png/content/dam/fom-website/drivers/G/GEORUS01_George_Russell/georus01.png.transform/1col/image.png,,,,,,,,,,
2025,Canadian Grand Prix,Practice 1,Oscar Piastri,McLaren,,16.6625,42.63125,43.8625,2.2387500000000005,81,O PIASTRI,PIA,piastri,F47600,mclaren,Oscar,Piastri,https://media.formula1.com/d_driver_fallback_image.png/content/dam/fom-website/drivers/O/OSCPIA01_Oscar_Piastri/oscpia01.png.transform/1col/image.png,,,,,,,,,,
2025,Canadian Grand Prix,Practice 1,Oliver Bearman,Haas F1 Team,,16.6625,42.63125,43.8625,2.2387500000000005,87,O BEARMAN,BEA,bearman,9C9FA2,haas,Oliver,Bearman,https://media.formula1.com/d_driver_fallback_image.png/content/dam/fom-website/drivers/O/OLIBEA01_Oliver_Bearman/olibea01.png.transform/1col/image.png,,,,,,,,,,
2025,Canadian Grand Prix,Practice 2,Max Verstappen,Red Bull Racing,,19.08375,38.541250000000005,37.9875,0.9537500000000001,1,M VERSTAPPEN,VER,max_verstappen,4781D7,red_bull,Max,Verstappen,https://media.formula1.com/d_driver_fallback_image.png/content/dam/fom-website/drivers/M/MAXVER01_Max_Verstappen/maxver01.png.transform/1col/image.png,,,,,,,,,,
2025,Canadian Grand Prix,Practice 2,Lando Norris,McLaren,,19.08375,38.541250000000005,37.9875,0.9537500000000001,4,L NORRIS,NOR,norris,F47600,mclaren,Lando,Norris,https://media.formula1.com/d_driver_fallback_image.png/content/dam/fom-website/drivers/L/LANNOR01_Lando_Norris/lannor01.png.transform/1col/image.png,,,,,,,,,,
2025,Canadian Grand Prix,Practice 2,Gabriel Bortoleto,Kick Sauber,,19.08375,38.541250000000005,37.9875,0.9537500000000001,5,G BORTOLETO,BOR,bortoleto,01C00E,sauber,Gabriel,Bortoleto,https://media.formula1.com/d_driver_fallback_image.png/content/dam/fom-website/drivers/G/GABBOR01_Gabriel_Bortoleto/gabbor01.png.transform/1col/image.png,,,,,,,,,,
2025,Canadian Grand Prix,Practice 2,Isack Hadjar,Racing Bulls,,19.08375,38.541250000000005,37.9875,0.9537500000000001,6,I HADJAR,HAD,hadjar,6C98FF,rb,Isack,Hadjar,https://media.formula1.com/d_driver_fallback_image.png/content/dam/fom-website/drivers/I/ISAHAD01_Isack_Hadjar/isahad01.png.transform/1col/image.png,,,,,,,,,,
2025,Canadian Grand Prix,Practice 2,Pierre Gasly,Alpine,,19.08375,38.541250000000005,37.9875,0.9537500000000001,10,P GASLY,GAS,gasly,00A1E8,alpine,Pierre,Gasly,https://media.formula1.com/d_driver_fallback_image.png/content/dam/fom-website/drivers/P/PIEGAS01_Pierre_Gasly/piegas01.png.transform/1col/image.png,,,,,,,,,,
2025,Canadian Grand Prix,Practice 2,Kimi Antonelli,Mercedes,,19.08375,38.541250000000005,37.9875,0.9537500000000001,12,K ANTONELLI,ANT,antonelli,00D7B6,mercedes,Kimi,Antonelli,https://media.formula1.com/d_driver_fallback_image.png/content/dam/fom-website/drivers/A/ANDANT01_Andrea%20Kimi_Antonelli/andant01.png.transform/1col/image.png,,,,,,,,,,
2025,Canadian Grand Prix,Practice 2,Fernando Alonso,Aston Martin,,19.08375,38.541250000000005,37.9875,0.9537500000000001,14,F ALONSO,ALO,alonso,229971,aston_martin,Fernando,Alonso,https://media.formula1.com/d_driver_fallback_image.png/content/dam/fom-website/drivers/F/FERALO01_Fernando_Alonso/feralo01.png.transform/1col/image.png,,,,,,,,,,
2025,Canadian Grand Prix,Practice 2,Charles Leclerc,Ferrari,,19.08375,38.541250000000005,37.9875,0.9537500000000001,16,C LECLERC,LEC,leclerc,ED1131,ferrari,Charles,Leclerc,https://media.formula1.com/d_driver_fallback_image.png/content/dam/fom-website/drivers/C/CHALEC01_Charles_Leclerc/chalec01.png.transform/1col/image.png,,,,,,,,,,
2025,Canadian Grand Prix,Practice 2,Lance Stroll,Aston Martin,,19.08375,38.541250000000005,37.9875,0.9537500000000001,18,L STROLL,STR,stroll,229971,aston_martin,Lance,Stroll,https://media.formula1.com/d_driver_fallback_image.png/content/dam/fom-website/drivers/L/LANSTR01_Lance_Stroll/lanstr01.png.transform/1col/image.png,,,,,,,,,,
2025,Canadian Grand Prix,Practice 2,Yuki Tsunoda,Red Bull Racing,,19.08375,38.541250000000005,37.9875,0.9537500000000001,22,Y TSUNODA,TSU,tsunoda,4781D7,red_bull,Yuki,Tsunoda,https://media.formula1.com/d_driver_fallback_image.png/content/dam/fom-website/drivers/Y/YUKTSU01_Yuki_Tsunoda/yuktsu01.png.transform/1col/image.png,,,,,,,,,,
2025,Canadian Grand Prix,Practice 2,Alexander Albon,Williams,,19.08375,38.541250000000005,37.9875,0.9537500000000001,23,A ALBON,ALB,albon,1868DB,williams,Alexander,Albon,https://media.formula1.com/d_driver_fallback_image.png/content/dam/fom-website/drivers/A/ALEALB01_Alexander_Albon/alealb01.png.transform/1col/image.png,,,,,,,,,,
2025,Canadian Grand Prix,Practice 2,Nico Hulkenberg,Kick Sauber,,19.08375,38.541250000000005,37.9875,0.9537500000000001,27,N HULKENBERG,HUL,hulkenberg,01C00E,sauber,Nico,Hulkenberg,https://media.formula1.com/d_driver_fallback_image.png/content/dam/fom-website/drivers/N/NICHUL01_Nico_Hulkenberg/nichul01.png.transform/1col/image.png,,,,,,,,,,
2025,Canadian Grand Prix,Practice 2,Liam Lawson,Racing Bulls,,19.08375,38.541250000000005,37.9875,0.9537500000000001,30,L LAWSON,LAW,lawson,6C98FF,rb,Liam,Lawson,https://media.formula1.com/d_driver_fallback_image.png/content/dam/fom-website/drivers/L/LIALAW01_Liam_Lawson/lialaw01.png.transform/1col/image.png,,,,,,,,,,
2025,Canadian Grand Prix,Practice 2,Esteban Ocon,Haas F1 Team,,19.08375,38.541250000000005,37.9875,0.9537500000000001,31,E OCON,OCO,ocon,9C9FA2,haas,Esteban,Ocon,https://media.formula1.com/d_driver_fallback_image.png/content/dam/fom-website/drivers/E/ESTOCO01_Esteban_Ocon/estoco01.png.transform/1col/image.png,,,,,,,,,,
2025,Canadian Grand Prix,Practice 2,Franco Colapinto,Alpine,,19.08375,38.541250000000005,37.9875,0.9537500000000001,43,F COLAPINTO,COL,colapinto,00A1E8,alpine,Franco,Colapinto,None,,,,,,,,,,
2025,Canadian Grand Prix,Practice 2,Lewis Hamilton,Ferrari,,19.08375,38.541250000000005,37.9875,0.9537500000000001,44,L HAMILTON,HAM,hamilton,ED1131,ferrari,Lewis,Hamilton,https://media.formula1.com/d_driver_fallback_image.png/content/dam/fom-website/drivers/L/LEWHAM01_Lewis_Hamilton/lewham01.png.transform/1col/image.png,,,,,,,,,,
2025,Canadian Grand Prix,Practice 2,Carlos Sainz,Williams,,19.08375,38.541250000000005,37.9875,0.9537500000000001,55,C SAINZ,SAI,sainz,1868DB,williams,Carlos,Sainz,https://media.formula1.com/d_driver_fallback_image.png/content/dam/fom-website/drivers/C/CARSAI01_Carlos_Sainz/carsai01.png.transform/1col/image.png,,,,,,,,,,
2025,Canadian Grand Prix,Practice 2,George Russell,Mercedes,,19.08375,38.541250000000005,37.9875,0.9537500000000001,63,G RUSSELL,RUS,russell,00D7B6,mercedes,George,Russell,https://media.formula1.com/d_driver_fallback_image.png/content/dam/fom-website/drivers/G/GEORUS01_George_Russell/georus01.png.transform/1col/image.png,,,,,,,,,,
2025,Canadian Grand Prix,Practice 2,Oscar Piastri,McLaren,,19.08375,38.541250000000005,37.9875,0.9537500000000001,81,O PIASTRI,PIA,piastri,F47600,mclaren,Oscar,Piastri,https://media.formula1.com/d_driver_fallback_image.png/content/dam/fom-website/drivers/O/OSCPIA01_Oscar_Piastri/oscpia01.png.transform/1col/image.png,,,,,,,,,,
2025,Canadian Grand Prix,Practice 2,Oliver Bearman,Haas F1 Team,,19.08375,38.541250000000005,37.9875,0.9537500000000001,87,O BEARMAN,BEA,bearman,9C9FA2,haas,Oliver,Bearman,https://media.formula1.com/d_driver_fallback_image.png/content/dam/fom-website/drivers/O/OLIBEA01_Oliver_Bearman/olibea01.png.transform/1col/image.png,,,,,,,,,,
2025,Canadian Grand Prix,Practice 3,Max Verstappen,Red Bull Racing,,20.4025,44.90625,32.8375,1.9212500000000001,1,M VERSTAPPEN,VER,max_verstappen,4781D7,red_bull,Max,Verstappen,https://media.formula1.com/d_driver_fallback_image.png/content/dam/fom-website/drivers/M/MAXVER01_Max_Verstappen/maxver01.png.transform/1col/image.png,,,,,,,,,,
2025,Canadian Grand Prix,Practice 3,Lando Norris,McLaren,,20.4025,44.90625,32.8375,1.9212500000000001,4,L NORRIS,NOR,norris,F47600,mclaren,Lando,Norris,https://media.formula1.com/d_driver_fallback_image.png/content/dam/fom-website/drivers/L/LANNOR01_Lando_Norris/lannor01.png.transform/1col/image.png,,,,,,,,,,
2025,Canadian Grand Prix,Practice 3,Gabriel Bortoleto,Kick Sauber,,20.4025,44.90625,32.8375,1.9212500000000001,5,G BORTOLETO,BOR,bortoleto,01C00E,sauber,Gabriel,Bortoleto,https://media.formula1.com/d_driver_fallback_image.png/content/dam/fom-website/drivers/G/GABBOR01_Gabriel_Bortoleto/gabbor01.png.transform/1col/image.png,,,,,,,,,,
2025,Canadian Grand Prix,Practice 3,Isack Hadjar,Racing Bulls,,20.4025,44.90625,32.8375,1.9212500000000001,6,I HADJAR,HAD,hadjar,6C98FF,rb,Isack,Hadjar,https://media.formula1.com/d_driver_fallback_image.png/content/dam/fom-website/drivers/I/ISAHAD01_Isack_Hadjar/isahad01.png.transform/1col/image.png,,,,,,,,,,
2025,Canadian Grand Prix,Practice 3,Pierre Gasly,Alpine,,20.4025,44.90625,32.8375,1.9212500000000001,10,P GASLY,GAS,gasly,00A1E8,alpine,Pierre,Gasly,https://media.formula1.com/d_driver_fallback_image.png/content/dam/fom-website/drivers/P/PIEGAS01_Pierre_Gasly/piegas01.png.transform/1col/image.png,,,,,,,,,,
2025,Canadian Grand Prix,Practice 3,Kimi Antonelli,Mercedes,,20.4025,44.90625,32.8375,1.9212500000000001,12,K ANTONELLI,ANT,antonelli,00D7B6,mercedes,Kimi,Antonelli,https://media.formula1.com/d_driver_fallback_image.png/content/dam/fom-website/drivers/A/ANDANT01_Andrea%20Kimi_Antonelli/andant01.png.transform/1col/image.png,,,,,,,,,,
2025,Canadian Grand Prix,Practice 3,Fernando Alonso,Aston Martin,,20.4025,44.90625,32.8375,1.9212500000000001,14,F ALONSO,ALO,alonso,229971,aston_martin,Fernando,Alonso,https://media.formula1.com/d_driver_fallback_image.png/content/dam/fom-website/drivers/F/FERALO01_Fernando_Alonso/feralo01.png.transform/1col/image.png,,,,,,,,,,
2025,Canadian Grand Prix,Practice 3,Charles Leclerc,Ferrari,,20.4025,44.90625,32.8375,1.9212500000000001,16,C LECLERC,LEC,leclerc,ED1131,ferrari,Charles,Leclerc,https://media.formula1.com/d_driver_fallback_image.png/content/dam/fom-website/drivers/C/CHALEC01_Charles_Leclerc/chalec01.png.transform/1col/image.png,,,,,,,,,,
2025,Canadian Grand Prix,Practice 3,Lance Stroll,Aston Martin,,20.4025,44.90625,32.8375,1.9212500000000001,18,L STROLL,STR,stroll,229971,aston_martin,Lance,Stroll,https://media.formula1.com/d_driver_fallback_image.png/content/dam/fom-website/drivers/L/LANSTR01_Lance_Stroll/lanstr01.png.transform/1col/image.png,,,,,,,,,,
2025,Canadian Grand Prix,Practice 3,Yuki Tsunoda,Red Bull Racing,,20.4025,44.90625,32.8375,1.9212500000000001,22,Y TSUNODA,TSU,tsunoda,4781D7,red_bull,Yuki,Tsunoda,https://media.formula1.com/d_driver_fallback_image.png/content/dam/fom-website/drivers/Y/YUKTSU01_Yuki_Tsunoda/yuktsu01.png.transform/1col/image.png,,,,,,,,,,
2025,Canadian Grand Prix,Practice 3,Alexander Albon,Williams,,20.4025,44.90625,32.8375,1.9212500000000001,23,A ALBON,ALB,albon,1868DB,williams,Alexander,Albon,https://media.formula1.com/d_driver_fallback_image.png/content/dam/fom-website/drivers/A/ALEALB01_Alexander_Albon/alealb01.png.transform/1col/image.png,,,,,,,,,,
2025,Canadian Grand Prix,Practice 3,Nico Hulkenberg,Kick Sauber,,20.4025,44.90625,32.8375,1.9212500000000001,27,N HULKENBERG,HUL,hulkenberg,01C00E,sauber,Nico,Hulkenberg,https://media.formula1.com/d_driver_fallback_image.png/content/dam/fom-website/drivers/N/NICHUL01_Nico_Hulkenberg/nichul01.png.transform/1col/image.png,,,,,,,,,,
2025,Canadian Grand Prix,Practice 3,Liam Lawson,Racing Bulls,,20.4025,44.90625,32.8375,1.9212500000000001,30,L LAWSON,LAW,lawson,6C98FF,rb,Liam,Lawson,https://media.formula1.com/d_driver_fallback_image.png/content/dam/fom-website/drivers/L/LIALAW01_Liam_Lawson/lialaw01.png.transform/1col/image.png,,,,,,,,,,
2025,Canadian Grand Prix,Practice 3,Esteban Ocon,Haas F1 Team,,20.4025,44.90625,32.8375,1.9212500000000001,31,E OCON,OCO,ocon,9C9FA2,haas,Esteban,Ocon,https://media.formula1.com/d_driver_fallback_image.png/content/dam/fom-website/drivers/E/ESTOCO01_Esteban_Ocon/estoco01.png.transform/1col/image.png,,,,,,,,,,
2025,Canadian Grand Prix,Practice 3,Franco Colapinto,Alpine,,20.4025,44.90625,32.8375,1.9212500000000001,43,F COLAPINTO,COL,colapinto,00A1E8,alpine,Franco,Colapinto,None,,,,,,,,,,
2025,Canadian Grand Prix,Practice 3,Lewis Hamilton,Ferrari,,20.4025,44.90625,32.8375,1.9212500000000001,44,L HAMILTON,HAM,hamilton,ED1131,ferrari,Lewis,Hamilton,https://media.formula1.com/d_driver_fallback_image.png/content/dam/fom-website/drivers/L/LEWHAM01_Lewis_Hamilton/lewham01.png.transform/1col/image.png,,,,,,,,,,
2025,Canadian Grand Prix,Practice 3,Carlos Sainz,Williams,,20.4025,44.90625,32.8375,1.9212500000000001,55,C SAINZ,SAI,sainz,1868DB,williams,Carlos,Sainz,https://media.formula1.com/d_driver_fallback_image.png/content/dam/fom-website/drivers/C/CARSAI01_Carlos_Sainz/carsai01.png.transform/1col/image.png,,,,,,,,,,
2025,Canadian Grand Prix,Practice 3,George Russell,Mercedes,,20.4025,44.90625,32.8375,1.9212500000000001,63,G RUSSELL,RUS,russell,00D7B6,mercedes,George,Russell,https://media.formula1.com/d_driver_fallback_image.png/content/dam/fom-website/drivers/G/GEORUS01_George_Russell/georus01.png.transform/1col/image.png,,,,,,,,,,
2025,Canadian Grand Prix,Practice 3,Oscar Piastri,McLaren,,20.4025,44.90625,32.8375,1.9212500000000001,81,O PIASTRI,PIA,piastri,F47600,mclaren,Oscar,Piastri,https://media.formula1.com/d_driver_fallback_image.png/content/dam/fom-website/drivers/O/OSCPIA01_Oscar_Piastri/oscpia01.png.transform/1col/image.png,,,,,,,,,,
2025,Canadian Grand Prix,Practice 3,Oliver Bearman,Haas F1 Team,,20.4025,44.90625,32.8375,1.9212500000000001,87,O BEARMAN,BEA,bearman,9C9FA2,haas,Oliver,Bearman,https://media.formula1.com/d_driver_fallback_image.png/content/dam/fom-website/drivers/O/OLIBEA01_Oliver_Bearman/olibea01.png.transform/1col/image.png,,,,,,,,,,
2025,Austrian Grand Prix,Race,Lando Norris,McLaren,1.0,30.347826086956523,49.166459627329196,31.981366459627328,1.6180124223602483,4,L NORRIS,NOR,norris,F47600,mclaren,Lando,Norris,https://media.formula1.com/d_driver_fallback_image.png/content/dam/fom-website/drivers/L/LANNOR01_Lando_Norris/lannor01.png.transform/1col/image.png,,1,1.0,,,,0 days 01:23:47.693000,Finished,25.0,70.0
2025,Austrian Grand Prix,Race,Oscar Piastri,McLaren,2.0,30.347826086956523,49.166459627329196,31.981366459627328,1.6180124223602483,81,O PIASTRI,PIA,piastri,F47600,mclaren,Oscar,Piastri,https://media.formula1.com/d_driver_fallback_image.png/content/dam/fom-website/drivers/O/OSCPIA01_Oscar_Piastri/oscpia01.png.transform/1col/image.png,,2,3.0,,,,0 days 00:00:02.695000,Finished,18.0,70.0
2025,Austrian Grand Prix,Race,Charles Leclerc,Ferrari,3.0,30.347826086956523,49.166459627329196,31.981366459627328,1.6180124223602483,16,C LECLERC,LEC,leclerc,ED1131,ferrari,Charles,Leclerc,https://media.formula1.com/d_driver_fallback_image.png/content/dam/fom-website/drivers/C/CHALEC01_Charles_Leclerc/chalec01.png.transform/1col/image.png,,3,2.0,,,,0 days 00:00:19.820000,Finished,15.0,70.0
2025,Austrian Grand Prix,Race,Lewis Hamilton,Ferrari,4.0,30.347826086956523,49.166459627329196,31.981366459627328,1.6180124223602483,44,L HAMILTON,HAM,hamilton,ED1131,ferrari,Lewis,Hamilton,https://media.formula1.com/d_driver_fallback_image.png/content/dam/fom-website/drivers/L/LEWHAM01_Lewis_Hamilton/lewham01.png.transform/1col/image.png,,4,4.0,,,,0 days 00:00:29.020000,Finished,12.0,70.0
2025,Austrian Grand Prix,Race,George Russell,Mercedes,5.0,30.347826086956523,49.166459627329196,31.981366459627328,1.6180124223602483,63,G RUSSELL,RUS,russell,00D7B6,mercedes,George,Russell,https://media.formula1.com/d_driver_fallback_image.png/content/dam/fom-website/drivers/G/GEORUS01_George_Russell/georus01.png.transform/1col/image.png,,5,5.0,,,,0 days 00:01:02.396000,Finished,10.0,70.0
2025,Austrian Grand Prix,Race,Liam Lawson,Racing Bulls,6.0,30.347826086956523,49.166459627329196,31.981366459627328,1.6180124223602483,30,L LAWSON,LAW,lawson,6C98FF,rb,Liam,Lawson,https://media.formula1.com/d_driver_fallback_image.png/content/dam/fom-website/drivers/L/LIALAW01_Liam_Lawson/lialaw01.png.transform/1col/image.png,,6,6.0,,,,0 days 00:01:07.754000,Finished,8.0,70.0
2025,Austrian Grand Prix,Race,Fernando Alonso,Aston Martin,7.0,30.347826086956523,49.166459627329196,31.981366459627328,1.6180124223602483,14,F ALONSO,ALO,alonso,229971,aston_martin,Fernando,Alonso,https://media.formula1.com/d_driver_fallback_image.png/content/dam/fom-website/drivers/F/FERALO01_Fernando_Alonso/feralo01.png.transform/1col/image.png,,7,11.0,,,,0 days 00:00:01.437000,Lapped,6.0,69.0
2025,Austrian Grand Prix,Race,Gabriel Bortoleto,Kick Sauber,8.0,30.347826086956523,49.166459627329196,31.981366459627328,1.6180124223602483,5,G BORTOLETO,BOR,bortoleto,01C00E,sauber,Gabriel,Bortoleto,https://media.formula1.com/d_driver_fallback_image.png/content/dam/fom-website/drivers/G/GABBOR01_Gabriel_Bortoleto/gabbor01.png.transform/1col/image.png,,8,8.0,,,,0 days 00:00:01.952000,Lapped,4.0,69.0
2025,Austrian Grand Prix,Race,Nico Hulkenberg,Kick Sauber,9.0,30.347826086956523,49.166459627329196,31.981366459627328,1.6180124223602483,27,N HULKENBERG,HUL,hulkenberg,01C00E,sauber,Nico,Hulkenberg,https://media.formula1.com/d_driver_fallback_image.png/content/dam/fom-website/drivers/N/NICHUL01_Nico_Hulkenberg/nichul01.png.transform/1col/image.png,,9,20.0,,,,0 days 00:00:07.720000,Lapped,2.0,69.0
2025,Austrian Grand Prix,Race,Esteban Ocon,Haas F1 Team,10.0,30.347826086956523,49.166459627329196,31.981366459627328,1.6180124223602483,31,E OCON,OCO,ocon,9C9FA2,haas,Esteban,Ocon,https://media.formula1.com/d_driver_fallback_image.png/content/dam/fom-website/drivers/E/ESTOCO01_Esteban_Ocon/estoco01.png.transform/1col/image.png,,10,17.0,,,,0 days 00:00:09.986000,Lapped,1.0,69.0
2025,Austrian Grand Prix,Race,Oliver Bearman,Haas F1 Team,11.0,30.347826086956523,49.166459627329196,31.981366459627328,1.6180124223602483,87,O BEARMAN,BEA,bearman,9C9FA2,haas,Oliver,Bearman,https://media.formula1.com/d_driver_fallback_image.png/content/dam/fom-website/drivers/O/OLIBEA01_Oliver_Bearman/olibea01.png.transform/1col/image.png,,11,15.0,,,,0 days 00:00:24.854000,Lapped,0.0,69.0
2025,Austrian Grand Prix,Race,Isack Hadjar,Racing Bulls,12.0,30.347826086956523,49.166459627329196,31.981366459627328,1.6180124223602483,6,I HADJAR,HAD,hadjar,6C98FF,rb,Isack,Hadjar,https://media.formula1.com/d_driver_fallback_image.png/content/dam/fom-website/drivers/I/ISAHAD01_Isack_Hadjar/isahad01.png.transform/1col/image.png,,12,13.0,,,,0 days 00:00:27.957000,Lapped,0.0,69.0
2025,Austrian Grand Prix,Race,Pierre Gasly,Alpine,13.0,30.347826086956523,49.166459627329196,31.981366459627328,1.6180124223602483,10,P GASLY,GAS,gasly,00A1E8,alpine,Pierre,Gasly,https://media.formula1.com/d_driver_fallback_image.png/content/dam/fom-website/drivers/P/PIEGAS01_Pierre_Gasly/piegas01.png.transform/1col/image.png,,13,10.0,,,,0 days 00:00:33.055000,Lapped,0.0,69.0
2025,Austrian Grand Prix,Race,Lance Stroll,Aston Martin,14.0,30.347826086956523,49.166459627329196,31.981366459627328,1.6180124223602483,18,L STROLL,STR,stroll,229971,aston_martin,Lance,Stroll,https://media.formula1.com/d_driver_fallback_image.png/content/dam/fom-website/drivers/L/LANSTR01_Lance_Stroll/lanstr01.png.transform/1col/image.png,,14,16.0,,,,0 days 00:00:34.462000,Lapped,0.0,69.0
2025,Austrian Grand Prix,Race,Franco Colapinto,Alpine,15.0,30.347826086956523,49.166459627329196,31.981366459627328,1.6180124223602483,43,F COLAPINTO,COL,colapinto,00A1E8,alpine,Franco,Colapinto,None,,15,14.0,,,,0 days 00:00:42.692000,Lapped,0.0,69.0
2025,Austrian Grand Prix,Race,Yuki Tsunoda,Red Bull Racing,16.0,30.347826086956523,49.166459627329196,31.981366459627328,1.6180124223602483,22,Y TSUNODA,TSU,tsunoda,4781D7,red_bull,Yuki,Tsunoda,https://media.formula1.com/d_driver_fallback_image.png/content/dam/fom-website/drivers/Y/YUKTSU01_Yuki_Tsunoda/yuktsu01.png.transform/1col/image.png,,16,18.0,,,,0 days 00:00:02.979000,Lapped,0.0,68.0
2025,Austrian Grand Prix,Race,Alexander Albon,Williams,17.0,30.347826086956523,49.166459627329196,31.981366459627328,1.6180124223602483,23,A ALBON,ALB,albon,1868DB,williams,Alexander,Albon,https://media.formula1.com/d_driver_fallback_image.png/content/dam/fom-website/drivers/A/ALEALB01_Alexander_Albon/alealb01.png.transform/1col/image.png,,R,12.0,,,,,Retired,0.0,15.0
2025,Austrian Grand Prix,Race,Max Verstappen,Red Bull Racing,18.0,30.347826086956523,49.166459627329196,31.981366459627328,1.6180124223602483,1,M VERSTAPPEN,VER,max_verstappen,4781D7,red_bull,Max,Verstappen,https://media.formula1.com/d_driver_fallback_image.png/content/dam/fom-website/drivers/M/MAXVER01_Max_Verstappen/maxver01.png.transform/1col/image.png,,R,7.0,,,,,Retired,0.0,0.0
2025,Austrian Grand Prix,Race,Kimi Antonelli,Mercedes,19.0,30.347826086956523,49.166459627329196,31.981366459627328,1.6180124223602483,12,K ANTONELLI,ANT,antonelli,00D7B6,mercedes,Kimi,Antonelli,https://media.formula1.com/d_driver_fallback_image.png/content/dam/fom-website/drivers/A/ANDANT01_Andrea%20Kimi_Antonelli/andant01.png.transform/1col/image.png,,R,9.0,,,,,Retired,0.0,0.0
2025,Austrian Grand Prix,Race,Carlos Sainz,Williams,20.0,30.347826086956523,49.166459627329196,31.981366459627328,1.6180124223602483,55,C SAINZ,SAI,sainz,1868DB,williams,Carlos,Sainz,https://media.formula1.com/d_driver_fallback_image.png/content/dam/fom-website/drivers/C/CARSAI01_Carlos_Sainz/carsai01.png.transform/1col/image.png,,W,19.0,,,,,Did not start,0.0,0.0
2025,Austrian Grand Prix,Qualifying,Lando Norris,McLaren,1.0,27.77386363636364,47.19659090909091,33.89772727272727,1.3943181818181818,4,L NORRIS,NOR,norris,F47600,mclaren,Lando,Norris,https://media.formula1.com/d_driver_fallback_image.png/content/dam/fom-website/drivers/L/LANNOR01_Lando_Norris/lannor01.png.transform/1col/image.png,,,,0 days 00:01:04.672000,0 days 00:01:04.410000,0 days 00:01:03.971000,,,,
2025,Austrian Grand Prix,Qualifying,Charles Leclerc,Ferrari,2.0,27.77386363636364,47.19659090909091,33.89772727272727,1.3943181818181818,16,C LECLERC,LEC,leclerc,ED1131,ferrari,Charles,Leclerc,https://media.formula1.com/d_driver_fallback_image.png/content/dam/fom-website/drivers/C/CHALEC01_Charles_Leclerc/chalec01.png.transform/1col/image.png,,,,0 days 00:01:05.197000,0 days 00:01:04.734000,0 days 00:01:04.492000,,,,
2025,Austrian Grand Prix,Qualifying,Oscar Piastri,McLaren,3.0,27.77386363636364,47.19659090909091,33.89772727272727,1.3943181818181818,81,O PIASTRI,PIA,piastri,F47600,mclaren,Oscar,Piastri,https://media.formula1.com/d_driver_fallback_image.png/content/dam/fom-website/drivers/O/OSCPIA01_Oscar_Piastri/oscpia01.png.transform/1col/image.png,,,,0 days 00:01:04.966000,0 days 00:01:04.556000,0 days 00:01:04.554000,,,,
2025,Austrian Grand Prix,Qualifying,Lewis Hamilton,Ferrari,4.0,27.77386363636364,47.19659090909091,33.89772727272727,1.3943181818181818,44,L HAMILTON,HAM,hamilton,ED1131,ferrari,Lewis,Hamilton,https://media.formula1.com/d_driver_fallback_image.png/content/dam/fom-website/drivers/L/LEWHAM01_Lewis_Hamilton/lewham01.png.transform/1col/image.png,,,,0 days 00:01:05.115000,0 days 00:01:04.896000,0 days 00:01:04.582000,,,,
2025,Austrian Grand Prix,Qualifying,George Russell,Mercedes,5.0,27.77386363636364,47.19659090909091,33.89772727272727,1.3943181818181818,63,G RUSSELL,RUS,russell,00D7B6,mercedes,George,Russell,https://media.formula1.com/d_driver_fallback_image.png/content/dam/fom-website/drivers/G/GEORUS01_George_Russell/georus01.png.transform/1col/image.png,,,,0 days 00:01:05.189000,0 days 00:01:04.860000,0 days 00:01:04.763000,,,,
2025,Austrian Grand Prix,Qualifying,Liam Lawson,Racing Bulls,6.0,27.77386363636364,47.19659090909091,33.89772727272727,1.3943181818181818,30,L LAWSON,LAW,lawson,6C98FF,rb,Liam,Lawson,https://media.formula1.com/d_driver_fallback_image.png/content/dam/fom-website/drivers/L/LIALAW01_Liam_Lawson/lialaw01.png.transform/1col/image.png,,,,0 days 00:01:05.017000,0 days 00:01:05.041000,0 days 00:01:04.926000,,,,
2025,Austrian Grand Prix,Qualifying,Max Verstappen,Red Bull Racing,7.0,27.77386363636364,47.19659090909091,33.89772727272727,1.3943181818181818,1,M VERSTAPPEN,VER,max_verstappen,4781D7,red_bull,Max,Verstappen,https://media.formula1.com/d_driver_fallback_image.png/content/dam/fom-website/drivers/M/MAXVER01_Max_Verstappen/maxver01.png.transform/1col/image.png,,,,0 days 00:01:05.106000,0 days 00:01:04.836000,0 days 00:01:04.929000,,,,
2025,Austrian Grand Prix,Qualifying,Gabriel Bortoleto,Kick Sauber,8.0,27.77386363636364,47.19659090909091,33.89772727272727,1.3943181818181818,5,G BORTOLETO,BOR,bortoleto,01C00E,sauber,Gabriel,Bortoleto,https://media.formula1.com/d_driver_fallback_image.png/content/dam/fom-website/drivers/G/GABBOR01_Gabriel_Bortoleto/gabbor01.png.transform/1col/image.png,,,,0 days 00:01:05.123000,0 days 00:01:04.846000,0 days 00:01:05.132000,,,,
2025,Austrian Grand Prix,Qualifying,Kimi Antonelli,Mercedes,9.0,27.77386363636364,47.19659090909091,33.89772727272727,1.3943181818181818,12,K ANTONELLI,ANT,antonelli,00D7B6,mercedes,Kimi,Antonelli,https://media.formula1.com/d_driver_fallback_image.png/content/dam/fom-website/drivers/A/ANDANT01_Andrea%20Kimi_Antonelli/andant01.png.transform/1col/image.png,,,,0 days 00:01:05.178000,0 days 00:01:05.052000,0 days 00:01:05.276000,,,,
2025,Austrian Grand Prix,Qualifying,Pierre Gasly,Alpine,10.0,27.77386363636364,47.19659090909091,33.89772727272727,1.3943181818181818,10,P GASLY,GAS,gasly,00A1E8,alpine,Pierre,Gasly,https://media.formula1.com/d_driver_fallback_image.png/content/dam/fom-website/drivers/P/PIEGAS01_Pierre_Gasly/piegas01.png.transform/1col/image.png,,,,0 days 00:01:05.054000,0 days 00:01:04.846000,0 days 00:01:05.649000,,,,
2025,Austrian Grand Prix,Qualifying,Fernando Alonso,Aston Martin,11.0,27.77386363636364,47.19659090909091,33.89772727272727,1.3943181818181818,14,F ALONSO,ALO,alonso,229971,aston_martin,Fernando,Alonso,https://media.formula1.com/d_driver_fallback_image.png/content/dam/fom-website/drivers/F/FERALO01_Fernando_Alonso/feralo01.png.transform/1col/image.png,,,,0 days 00:01:05.197000,0 days 00:01:05.128000,,,,,
2025,Austrian Grand Prix,Qualifying,Alexander Albon,Williams,12.0,27.77386363636364,47.19659090909091,33.89772727272727,1.3943181818181818,23,A ALBON,ALB,albon,1868DB,williams,Alexander,Albon,https://media.formula1.com/d_driver_fallback_image.png/content/dam/fom-website/drivers/A/ALEALB01_Alexander_Albon/alealb01.png.transform/1col/image.png,,,,0 days 00:01:05.143000,0 days 00:01:05.205000,,,,,
2025,Austrian Grand Prix,Qualifying,Isack Hadjar,Racing Bulls,13.0,27.77386363636364,47.19659090909091,33.89772727272727,1.3943181818181818,6,I HADJAR,HAD,hadjar,6C98FF,rb,Isack,Hadjar,https://media.formula1.com/d_driver_fallback_image.png/content/dam/fom-website/drivers/I/ISAHAD01_Isack_Hadjar/isahad01.png.transform/1col/image.png,,,,0 days 00:01:05.063000,0 days 00:01:05.226000,,,,,
2025,Austrian Grand Prix,Qualifying,Franco Colapinto,Alpine,14.0,27.77386363636364,47.19659090909091,33.89772727272727,1.3943181818181818,43,F COLAPINTO,COL,colapinto,00A1E8,alpine,Franco,Colapinto,None,,,,0 days 00:01:05.278000,0 days 00:01:05.288000,,,,,
2025,Austrian Grand Prix,Qualifying,Oliver Bearman,Haas F1 Team,15.0,27.77386363636364,47.19659090909091,33.89772727272727,1.3943181818181818,87,O BEARMAN,BEA,bearman,9C9FA2,haas,Oliver,Bearman,https://media.formula1.com/d_driver_fallback_image.png/content/dam/fom-website/drivers/O/OLIBEA01_Oliver_Bearman/olibea01.png.transform/1col/image.png,,,,0 days 00:01:05.218000,0 days 00:01:05.312000,,,,,
2025,Austrian Grand Prix,Qualifying,Lance Stroll,Aston Martin,16.0,27.77386363636364,47.19659090909091,33.89772727272727,1.3943181818181818,18,L STROLL,STR,stroll,229971,aston_martin,Lance,Stroll,https://media.formula1.com/d_driver_fallback_image.png/content/dam/fom-website/drivers/L/LANSTR01_Lance_Stroll/lanstr01.png.transform/1col/image.png,,,,0 days 00:01:05.329000,,,,,,
2025,Austrian Grand Prix,Qualifying,Esteban Ocon,Haas F1 Team,17.0,27.77386363636364,47.19659090909091,33.89772727272727,1.3943181818181818,31,E OCON,OCO,ocon,9C9FA2,haas,Esteban,Ocon,https://media.formula1.com/d_driver_fallback_image.png/content/dam/fom-website/drivers/E/ESTOCO01_Esteban_Ocon/estoco01.png.transform/1col/image.png,,,,0 days 00:01:05.364000,,,,,,
2025,Austrian Grand Prix,Qualifying,Yuki Tsunoda,Red Bull Racing,18.0,27.77386363636364,47.19659090909091,33.89772727272727,1.3943181818181818,22,Y TSUNODA,TSU,tsunoda,4781D7,red_bull,Yuki,Tsunoda,https://media.formula1.com/d_driver_fallback_image.png/content/dam/fom-website/drivers/Y/YUKTSU01_Yuki_Tsunoda/yuktsu01.png.transform/1col/image.png,,,,0 days 00:01:05.369000,,,,,,
2025,Austrian Grand Prix,Qualifying,Carlos Sainz,Williams,19.0,27.77386363636364,47.19659090909091,33.89772727272727,1.3943181818181818,55,C SAINZ,SAI,sainz,1868DB,williams,Carlos,Sainz,https://media.formula1.com/d_driver_fallback_image.png/content/dam/fom-website/drivers/C/CARSAI01_Carlos_Sainz/carsai01.png.transform/1col/image.png,,,,0 days 00:01:05.582000,,,,,,
2025,Austrian Grand Prix,Qualifying,Nico Hulkenberg,Kick Sauber,20.0,27.77386363636364,47.19659090909091,33.89772727272727,1.3943181818181818,27,N HULKENBERG,HUL,hulkenberg,01C00E,sauber,Nico,Hulkenberg,https://media.formula1.com/d_driver_fallback_image.png/content/dam/fom-website/drivers/N/NICHUL01_Nico_Hulkenberg/nichul01.png.transform/1col/image.png,,,,0 days 00:01:05.606000,,,,,,
2025,Austrian Grand Prix,Practice 1,Max Verstappen,Red Bull Racing,,24.009999999999998,39.2725,51.6625,1.3137500000000002,1,M VERSTAPPEN,VER,max_verstappen,4781D7,red_bull,Max,Verstappen,https://media.formula1.com/d_driver_fallback_image.png/content/dam/fom-website/drivers/M/MAXVER01_Max_Verstappen/maxver01.png.transform/1col/image.png,,,,,,,,,,
2025,Austrian Grand Prix,Practice 1,Gabriel Bortoleto,Kick Sauber,,24.009999999999998,39.2725,51.6625,1.3137500000000002,5,G BORTOLETO,BOR,bortoleto,01C00E,sauber,Gabriel,Bortoleto,https://media.formula1.com/d_driver_fallback_image.png/content/dam/fom-website/drivers/G/GABBOR01_Gabriel_Bortoleto/gabbor01.png.transform/1col/image.png,,,,,,,,,,
2025,Austrian Grand Prix,Practice 1,Isack Hadjar,Racing Bulls,,24.009999999999998,39.2725,51.6625,1.3137500000000002,6,I HADJAR,HAD,hadjar,6C98FF,rb,Isack,Hadjar,https://media.formula1.com/d_driver_fallback_image.png/content/dam/fom-website/drivers/I/ISAHAD01_Isack_Hadjar/isahad01.png.transform/1col/image.png,,,,,,,,,,
2025,Austrian Grand Prix,Practice 1,Pierre Gasly,Alpine,,24.009999999999998,39.2725,51.6625,1.3137500000000002,10,P GASLY,GAS,gasly,00A1E8,alpine,Pierre,Gasly,https://media.formula1.com/d_driver_fallback_image.png/content/dam/fom-website/drivers/P/PIEGAS01_Pierre_Gasly/piegas01.png.transform/1col/image.png,,,,,,,,,,
2025,Austrian Grand Prix,Practice 1,Kimi Antonelli,Mercedes,,24.009999999999998,39.2725,51.6625,1.3137500000000002,12,K ANTONELLI,ANT,antonelli,00D7B6,mercedes,Kimi,Antonelli,https://media.formula1.com/d_driver_fallback_image.png/content/dam/fom-website/drivers/A/ANDANT01_Andrea%20Kimi_Antonelli/andant01.png.transform/1col/image.png,,,,,,,,,,
2025,Austrian Grand Prix,Practice 1,Fernando Alonso,Aston Martin,,24.009999999999998,39.2725,51.6625,1.3137500000000002,14,F ALONSO,ALO,alonso,229971,aston_martin,Fernando,Alonso,https://media.formula1.com/d_driver_fallback_image.png/content/dam/fom-website/drivers/F/FERALO01_Fernando_Alonso/feralo01.png.transform/1col/image.png,,,,,,,,,,
2025,Austrian Grand Prix,Practice 1,Lance Stroll,Aston Martin,,24.009999999999998,39.2725,51.6625,1.3137500000000002,18,L STROLL,STR,stroll,229971,aston_martin,Lance,Stroll,https://media.formula1.com/d_driver_fallback_image.png/content/dam/fom-website/drivers/L/LANSTR01_Lance_Stroll/lanstr01.png.transform/1col/image.png,,,,,,,,,,
2025,Austrian Grand Prix,Practice 1,Yuki Tsunoda,Red Bull Racing,,24.009999999999998,39.2725,51.6625,1.3137500000000002,22,Y TSUNODA,TSU,tsunoda,4781D7,red_bull,Yuki,Tsunoda,https://media.formula1.com/d_driver_fallback_image.png/content/dam/fom-website/drivers/Y/YUKTSU01_Yuki_Tsunoda/yuktsu01.png.transform/1col/image.png,,,,,,,,,,
2025,Austrian Grand Prix,Practice 1,Alexander Albon,Williams,,24.009999999999998,39.2725,51.6625,1.3137500000000002,23,A ALBON,ALB,albon,1868DB,williams,Alexander,Albon,https://media.formula1.com/d_driver_fallback_image.png/content/dam/fom-website/drivers/A/ALEALB01_Alexander_Albon/alealb01.png.transform/1col/image.png,,,,,,,,,,
2025,Austrian Grand Prix,Practice 1,Nico Hulkenberg,Kick Sauber,,24.009999999999998,39.2725,51.6625,1.3137500000000002,27,N HULKENBERG,HUL,hulkenberg,01C00E,sauber,Nico,Hulkenberg,https://media.formula1.com/d_driver_fallback_image.png/content/dam/fom-website/drivers/N/NICHUL01_Nico_Hulkenberg/nichul01.png.transform/1col/image.png,,,,,,,,,,
2025,Austrian Grand Prix,Practice 1,Liam Lawson,Racing Bulls,,24.009999999999998,39.2725,51.6625,1.3137500000000002,30,L LAWSON,LAW,lawson,6C98FF,rb,Liam,Lawson,https://media.formula1.com/d_driver_fallback_image.png/content/dam/fom-website/drivers/L/LIALAW01_Liam_Lawson/lialaw01.png.transform/1col/image.png,,,,,,,,,,
2025,Austrian Grand Prix,Practice 1,Esteban Ocon,Haas F1 Team,,24.009999999999998,39.2725,51.6625,1.3137500000000002,31,E OCON,OCO,ocon,9C9FA2,haas,Esteban,Ocon,https://media.formula1.com/d_driver_fallback_image.png/content/dam/fom-website/drivers/E/ESTOCO01_Esteban_Ocon/estoco01.png.transform/1col/image.png,,,,,,,,,,
2025,Austrian Grand Prix,Practice 1,Dino Beganovic,Ferrari,,24.009999999999998,39.2725,51.6625,1.3137500000000002,38,D BEGANOVIC,BEG,nan,ED1131,nan,Dino,Beganovic,None,,,,,,,,,,
2025,Austrian Grand Prix,Practice 1,Franco Colapinto,Alpine,,24.009999999999998,39.2725,51.6625,1.3137500000000002,43,F COLAPINTO,COL,colapinto,00A1E8,alpine,Franco,Colapinto,None,,,,,,,,,,
2025,Austrian Grand Prix,Practice 1,Lewis Hamilton,Ferrari,,24.009999999999998,39.2725,51.6625,1.3137500000000002,44,L HAMILTON,HAM,hamilton,ED1131,ferrari,Lewis,Hamilton,https://media.formula1.com/d_driver_fallback_image.png/content/dam/fom-website/drivers/L/LEWHAM01_Lewis_Hamilton/lewham01.png.transform/1col/image.png,,,,,,,,,,
2025,Austrian Grand Prix,Practice 1,Carlos Sainz,Williams,,24.009999999999998,39.2725,51.6625,1.3137500000000002,55,C SAINZ,SAI,sainz,1868DB,williams,Carlos,Sainz,https://media.formula1.com/d_driver_fallback_image.png/content/dam/fom-website/drivers/C/CARSAI01_Carlos_Sainz/carsai01.png.transform/1col/image.png,,,,,,,,,,
2025,Austrian Grand Prix,Practice 1,George Russell,Mercedes,,24.009999999999998,39.2725,51.6625,1.3137500000000002,63,G RUSSELL,RUS,russell,00D7B6,mercedes,George,Russell,https://media.formula1.com/d_driver_fallback_image.png/content/dam/fom-website/drivers/G/GEORUS01_George_Russell/georus01.png.transform/1col/image.png,,,,,,,,,,
2025,Austrian Grand Prix,Practice 1,Oscar Piastri,McLaren,,24.009999999999998,39.2725,51.6625,1.3137500000000002,81,O PIASTRI,PIA,piastri,F47600,mclaren,Oscar,Piastri,https://media.formula1.com/d_driver_fallback_image.png/content/dam/fom-website/drivers/O/OSCPIA01_Oscar_Piastri/oscpia01.png.transform/1col/image.png,,,,,,,,,,
2025,Austrian Grand Prix,Practice 1,Oliver Bearman,Haas F1 Team,,24.009999999999998,39.2725,51.6625,1.3137500000000002,87,O BEARMAN,BEA,bearman,9C9FA2,haas,Oliver,Bearman,https://media.formula1.com/d_driver_fallback_image.png/content/dam/fom-website/drivers/O/OLIBEA01_Oliver_Bearman/olibea01.png.transform/1col/image.png,,,,,,,,,,
2025,Austrian Grand Prix,Practice 1,Alexander Dunne,McLaren,,24.009999999999998,39.2725,51.6625,1.3137500000000002,89,A DUNNE,DUN,nan,F47600,nan,Alexander,Dunne,None,,,,,,,,,,
2025,Austrian Grand Prix,Practice 2,Max Verstappen,Red Bull Racing,,25.46708860759494,36.3367088607595,38.11392405063291,1.1772151898734178,1,M VERSTAPPEN,VER,max_verstappen,4781D7,red_bull,Max,Verstappen,https://media.formula1.com/d_driver_fallback_image.png/content/dam/fom-website/drivers/M/MAXVER01_Max_Verstappen/maxver01.png.transform/1col/image.png,,,,,,,,,,
2025,Austrian Grand Prix,Practice 2,Lando Norris,McLaren,,25.46708860759494,36.3367088607595,38.11392405063291,1.1772151898734178,4,L NORRIS,NOR,norris,F47600,mclaren,Lando,Norris,https://media.formula1.com/d_driver_fallback_image.png/content/dam/fom-website/drivers/L/LANNOR01_Lando_Norris/lannor01.png.transform/1col/image.png,,,,,,,,,,
2025,Austrian Grand Prix,Practice 2,Gabriel Bortoleto,Kick Sauber,,25.46708860759494,36.3367088607595,38.11392405063291,1.1772151898734178,5,G BORTOLETO,BOR,bortoleto,01C00E,sauber,Gabriel,Bortoleto,https://media.formula1.com/d_driver_fallback_image.png/content/dam/fom-website/drivers/G/GABBOR01_Gabriel_Bortoleto/gabbor01.png.transform/1col/image.png,,,,,,,,,,
2025,Austrian Grand Prix,Practice 2,Isack Hadjar,Racing Bulls,,25.46708860759494,36.3367088607595,38.11392405063291,1.1772151898734178,6,I HADJAR,HAD,hadjar,6C98FF,rb,Isack,Hadjar,https://media.formula1.com/d_driver_fallback_image.png/content/dam/fom-website/drivers/I/ISAHAD01_Isack_Hadjar/isahad01.png.transform/1col/image.png,,,,,,,,,,
2025,Austrian Grand Prix,Practice 2,Pierre Gasly,Alpine,,25.46708860759494,36.3367088607595,38.11392405063291,1.1772151898734178,10,P GASLY,GAS,gasly,00A1E8,alpine,Pierre,Gasly,https://media.formula1.com/d_driver_fallback_image.png/content/dam/fom-website/drivers/P/PIEGAS01_Pierre_Gasly/piegas01.png.transform/1col/image.png,,,,,,,,,,
2025,Austrian Grand Prix,Practice 2,Kimi Antonelli,Mercedes,,25.46708860759494,36.3367088607595,38.11392405063291,1.1772151898734178,12,K ANTONELLI,ANT,antonelli,00D7B6,mercedes,Kimi,Antonelli,https://media.formula1.com/d_driver_fallback_image.png/content/dam/fom-website/drivers/A/ANDANT01_Andrea%20Kimi_Antonelli/andant01.png.transform/1col/image.png,,,,,,,,,,
2025,Austrian Grand Prix,Practice 2,Fernando Alonso,Aston Martin,,25.46708860759494,36.3367088607595,38.11392405063291,1.1772151898734178,14,F ALONSO,ALO,alonso,229971,aston_martin,Fernando,Alonso,https://media.formula1.com/d_driver_fallback_image.png/content/dam/fom-website/drivers/F/FERALO01_Fernando_Alonso/feralo01.png.transform/1col/image.png,,,,,,,,,,
2025,Austrian Grand Prix,Practice 2,Charles Leclerc,Ferrari,,25.46708860759494,36.3367088607595,38.11392405063291,1.1772151898734178,16,C LECLERC,LEC,leclerc,ED1131,ferrari,Charles,Leclerc,https://media.formula1.com/d_driver_fallback_image.png/content/dam/fom-website/drivers/C/CHALEC01_Charles_Leclerc/chalec01.png.transform/1col/image.png,,,,,,,,,,
2025,Austrian Grand Prix,Practice 2,Lance Stroll,Aston Martin,,25.46708860759494,36.3367088607595,38.11392405063291,1.1772151898734178,18,L STROLL,STR,stroll,229971,aston_martin,Lance,Stroll,https://media.formula1.com/d_driver_fallback_image.png/content/dam/fom-website/drivers/L/LANSTR01_Lance_Stroll/lanstr01.png.transform/1col/image.png,,,,,,,,,,
2025,Austrian Grand Prix,Practice 2,Yuki Tsunoda,Red Bull Racing,,25.46708860759494,36.3367088607595,38.11392405063291,1.1772151898734178,22,Y TSUNODA,TSU,tsunoda,4781D7,red_bull,Yuki,Tsunoda,https://media.formula1.com/d_driver_fallback_image.png/content/dam/fom-website/drivers/Y/YUKTSU01_Yuki_Tsunoda/yuktsu01.png.transform/1col/image.png,,,,,,,,,,
2025,Austrian Grand Prix,Practice 2,Alexander Albon,Williams,,25.46708860759494,36.3367088607595,38.11392405063291,1.1772151898734178,23,A ALBON,ALB,albon,1868DB,williams,Alexander,Albon,https://media.formula1.com/d_driver_fallback_image.png/content/dam/fom-website/drivers/A/ALEALB01_Alexander_Albon/alealb01.png.transform/1col/image.png,,,,,,,,,,
2025,Austrian Grand Prix,Practice 2,Nico Hulkenberg,Kick Sauber,,25.46708860759494,36.3367088607595,38.11392405063291,1.1772151898734178,27,N HULKENBERG,HUL,hulkenberg,01C00E,sauber,Nico,Hulkenberg,https://media.formula1.com/d_driver_fallback_image.png/content/dam/fom-website/drivers/N/NICHUL01_Nico_Hulkenberg/nichul01.png.transform/1col/image.png,,,,,,,,,,
2025,Austrian Grand Prix,Practice 2,Liam Lawson,Racing Bulls,,25.46708860759494,36.3367088607595,38.11392405063291,1.1772151898734178,30,L LAWSON,LAW,lawson,6C98FF,rb,Liam,Lawson,https://media.formula1.com/d_driver_fallback_image.png/content/dam/fom-website/drivers/L/LIALAW01_Liam_Lawson/lialaw01.png.transform/1col/image.png,,,,,,,,,,
2025,Austrian Grand Prix,Practice 2,Esteban Ocon,Haas F1 Team,,25.46708860759494,36.3367088607595,38.11392405063291,1.1772151898734178,31,E OCON,OCO,ocon,9C9FA2,haas,Esteban,Ocon,https://media.formula1.com/d_driver_fallback_image.png/content/dam/fom-website/drivers/E/ESTOCO01_Esteban_Ocon/estoco01.png.transform/1col/image.png,,,,,,,,,,
2025,Austrian Grand Prix,Practice 2,Franco Colapinto,Alpine,,25.46708860759494,36.3367088607595,38.11392405063291,1.1772151898734178,43,F COLAPINTO,COL,colapinto,00A1E8,alpine,Franco,Colapinto,None,,,,,,,,,,
2025,Austrian Grand Prix,Practice 2,Lewis Hamilton,Ferrari,,25.46708860759494,36.3367088607595,38.11392405063291,1.1772151898734178,44,L HAMILTON,HAM,hamilton,ED1131,ferrari,Lewis,Hamilton,https://media.formula1.com/d_driver_fallback_image.png/content/dam/fom-website/drivers/L/LEWHAM01_Lewis_Hamilton/lewham01.png.transform/1col/image.png,,,,,,,,,,
2025,Austrian Grand Prix,Practice 2,Carlos Sainz,Williams,,25.46708860759494,36.3367088607595,38.11392405063291,1.1772151898734178,55,C SAINZ,SAI,sainz,1868DB,williams,Carlos,Sainz,https://media.formula1.com/d_driver_fallback_image.png/content/dam/fom-website/drivers/C/CARSAI01_Carlos_Sainz/carsai01.png.transform/1col/image.png,,,,,,,,,,
2025,Austrian Grand Prix,Practice 2,George Russell,Mercedes,,25.46708860759494,36.3367088607595,38.11392405063291,1.1772151898734178,63,G RUSSELL,RUS,russell,00D7B6,mercedes,George,Russell,https://media.formula1.com/d_driver_fallback_image.png/content/dam/fom-website/drivers/G/GEORUS01_George_Russell/georus01.png.transform/1col/image.png,,,,,,,,,,
2025,Austrian Grand Prix,Practice 2,Oscar Piastri,McLaren,,25.46708860759494,36.3367088607595,38.11392405063291,1.1772151898734178,81,O PIASTRI,PIA,piastri,F47600,mclaren,Oscar,Piastri,https://media.formula1.com/d_driver_fallback_image.png/content/dam/fom-website/drivers/O/OSCPIA01_Oscar_Piastri/oscpia01.png.transform/1col/image.png,,,,,,,,,,
2025,Austrian Grand Prix,Practice 2,Oliver Bearman,Haas F1 Team,,25.46708860759494,36.3367088607595,38.11392405063291,1.1772151898734178,87,O BEARMAN,BEA,bearman,9C9FA2,haas,Oliver,Bearman,https://media.formula1.com/d_driver_fallback_image.png/content/dam/fom-website/drivers/O/OLIBEA01_Oliver_Bearman/olibea01.png.transform/1col/image.png,,,,,,,,,,
2025,Austrian Grand Prix,Practice 3,Max Verstappen,Red Bull Racing,,24.560759493670886,36.300000000000004,47.392405063291136,0.8341772151898733,1,M VERSTAPPEN,VER,max_verstappen,4781D7,red_bull,Max,Verstappen,https://media.formula1.com/d_driver_fallback_image.png/content/dam/fom-website/drivers/M/MAXVER01_Max_Verstappen/maxver01.png.transform/1col/image.png,,,,,,,,,,
2025,Austrian Grand Prix,Practice 3,Lando Norris,McLaren,,24.560759493670886,36.300000000000004,47.392405063291136,0.8341772151898733,4,L NORRIS,NOR,norris,F47600,mclaren,Lando,Norris,https://media.formula1.com/d_driver_fallback_image.png/content/dam/fom-website/drivers/L/LANNOR01_Lando_Norris/lannor01.png.transform/1col/image.png,,,,,,,,,,
2025,Austrian Grand Prix,Practice 3,Gabriel Bortoleto,Kick Sauber,,24.560759493670886,36.300000000000004,47.392405063291136,0.8341772151898733,5,G BORTOLETO,BOR,bortoleto,01C00E,sauber,Gabriel,Bortoleto,https://media.formula1.com/d_driver_fallback_image.png/content/dam/fom-website/drivers/G/GABBOR01_Gabriel_Bortoleto/gabbor01.png.transform/1col/image.png,,,,,,,,,,
2025,Austrian Grand Prix,Practice 3,Isack Hadjar,Racing Bulls,,24.560759493670886,36.300000000000004,47.392405063291136,0.8341772151898733,6,I HADJAR,HAD,hadjar,6C98FF,rb,Isack,Hadjar,https://media.formula1.com/d_driver_fallback_image.png/content/dam/fom-website/drivers/I/ISAHAD01_Isack_Hadjar/isahad01.png.transform/1col/image.png,,,,,,,,,,
2025,Austrian Grand Prix,Practice 3,Pierre Gasly,Alpine,,24.560759493670886,36.300000000000004,47.392405063291136,0.8341772151898733,10,P GASLY,GAS,gasly,00A1E8,alpine,Pierre,Gasly,https://media.formula1.com/d_driver_fallback_image.png/content/dam/fom-website/drivers/P/PIEGAS01_Pierre_Gasly/piegas01.png.transform/1col/image.png,,,,,,,,,,
2025,Austrian Grand Prix,Practice 3,Kimi Antonelli,Mercedes,,24.560759493670886,36.300000000000004,47.392405063291136,0.8341772151898733,12,K ANTONELLI,ANT,antonelli,00D7B6,mercedes,Kimi,Antonelli,https://media.formula1.com/d_driver_fallback_image.png/content/dam/fom-website/drivers/A/ANDANT01_Andrea%20Kimi_Antonelli/andant01.png.transform/1col/image.png,,,,,,,,,,
2025,Austrian Grand Prix,Practice 3,Fernando Alonso,Aston Martin,,24.560759493670886,36.300000000000004,47.392405063291136,0.8341772151898733,14,F ALONSO,ALO,alonso,229971,aston_martin,Fernando,Alonso,https://media.formula1.com/d_driver_fallback_image.png/content/dam/fom-website/drivers/F/FERALO01_Fernando_Alonso/feralo01.png.transform/1col/image.png,,,,,,,,,,
2025,Austrian Grand Prix,Practice 3,Charles Leclerc,Ferrari,,24.560759493670886,36.300000000000004,47.392405063291136,0.8341772151898733,16,C LECLERC,LEC,leclerc,ED1131,ferrari,Charles,Leclerc,https://media.formula1.com/d_driver_fallback_image.png/content/dam/fom-website/drivers/C/CHALEC01_Charles_Leclerc/chalec01.png.transform/1col/image.png,,,,,,,,,,
2025,Austrian Grand Prix,Practice 3,Lance Stroll,Aston Martin,,24.560759493670886,36.300000000000004,47.392405063291136,0.8341772151898733,18,L STROLL,STR,stroll,229971,aston_martin,Lance,Stroll,https://media.formula1.com/d_driver_fallback_image.png/content/dam/fom-website/drivers/L/LANSTR01_Lance_Stroll/lanstr01.png.transform/1col/image.png,,,,,,,,,,
2025,Austrian Grand Prix,Practice 3,Yuki Tsunoda,Red Bull Racing,,24.560759493670886,36.300000000000004,47.392405063291136,0.8341772151898733,22,Y TSUNODA,TSU,tsunoda,4781D7,red_bull,Yuki,Tsunoda,https://media.formula1.com/d_driver_fallback_image.png/content/dam/fom-website/drivers/Y/YUKTSU01_Yuki_Tsunoda/yuktsu01.png.transform/1col/image.png,,,,,,,,,,
2025,Austrian Grand Prix,Practice 3,Alexander Albon,Williams,,24.560759493670886,36.300000000000004,47.392405063291136,0.8341772151898733,23,A ALBON,ALB,albon,1868DB,williams,Alexander,Albon,https://media.formula1.com/d_driver_fallback_image.png/content/dam/fom-website/drivers/A/ALEALB01_Alexander_Albon/alealb01.png.transform/1col/image.png,,,,,,,,,,
2025,Austrian Grand Prix,Practice 3,Nico Hulkenberg,Kick Sauber,,24.560759493670886,36.300000000000004,47.392405063291136,0.8341772151898733,27,N HULKENBERG,HUL,hulkenberg,01C00E,sauber,Nico,Hulkenberg,https://media.formula1.com/d_driver_fallback_image.png/content/dam/fom-website/drivers/N/NICHUL01_Nico_Hulkenberg/nichul01.png.transform/1col/image.png,,,,,,,,,,
2025,Austrian Grand Prix,Practice 3,Liam Lawson,Racing Bulls,,24.560759493670886,36.300000000000004,47.392405063291136,0.8341772151898733,30,L LAWSON,LAW,lawson,6C98FF,rb,Liam,Lawson,https://media.formula1.com/d_driver_fallback_image.png/content/dam/fom-website/drivers/L/LIALAW01_Liam_Lawson/lialaw01.png.transform/1col/image.png,,,,,,,,,,
2025,Austrian Grand Prix,Practice 3,Esteban Ocon,Haas F1 Team,,24.560759493670886,36.300000000000004,47.392405063291136,0.8341772151898733,31,E OCON,OCO,ocon,9C9FA2,haas,Esteban,Ocon,https://media.formula1.com/d_driver_fallback_image.png/content/dam/fom-website/drivers/E/ESTOCO01_Esteban_Ocon/estoco01.png.transform/1col/image.png,,,,,,,,,,
2025,Austrian Grand Prix,Practice 3,Franco Colapinto,Alpine,,24.560759493670886,36.300000000000004,47.392405063291136,0.8341772151898733,43,F COLAPINTO,COL,colapinto,00A1E8,alpine,Franco,Colapinto,None,,,,,,,,,,
2025,Austrian Grand Prix,Practice 3,Lewis Hamilton,Ferrari,,24.560759493670886,36.300000000000004,47.392405063291136,0.8341772151898733,44,L HAMILTON,HAM,hamilton,ED1131,ferrari,Lewis,Hamilton,https://media.formula1.com/d_driver_fallback_image.png/content/dam/fom-website/drivers/L/LEWHAM01_Lewis_Hamilton/lewham01.png.transform/1col/image.png,,,,,,,,,,
2025,Austrian Grand Prix,Practice 3,Carlos Sainz,Williams,,24.560759493670886,36.300000000000004,47.392405063291136,0.8341772151898733,55,C SAINZ,SAI,sainz,1868DB,williams,Carlos,Sainz,https://media.formula1.com/d_driver_fallback_image.png/content/dam/fom-website/drivers/C/CARSAI01_Carlos_Sainz/carsai01.png.transform/1col/image.png,,,,,,,,,,
2025,Austrian Grand Prix,Practice 3,George Russell,Mercedes,,24.560759493670886,36.300000000000004,47.392405063291136,0.8341772151898733,63,G RUSSELL,RUS,russell,00D7B6,mercedes,George,Russell,https://media.formula1.com/d_driver_fallback_image.png/content/dam/fom-website/drivers/G/GEORUS01_George_Russell/georus01.png.transform/1col/image.png,,,,,,,,,,
2025,Austrian Grand Prix,Practice 3,Oscar Piastri,McLaren,,24.560759493670886,36.300000000000004,47.392405063291136,0.8341772151898733,81,O PIASTRI,PIA,piastri,F47600,mclaren,Oscar,Piastri,https://media.formula1.com/d_driver_fallback_image.png/content/dam/fom-website/drivers/O/OSCPIA01_Oscar_Piastri/oscpia01.png.transform/1col/image.png,,,,,,,,,,
2025,Austrian Grand Prix,Practice 3,Oliver Bearman,Haas F1 Team,,24.560759493670886,36.300000000000004,47.392405063291136,0.8341772151898733,87,O BEARMAN,BEA,bearman,9C9FA2,haas,Oliver,Bearman,https://media.formula1.com/d_driver_fallback_image.png/content/dam/fom-website/drivers/O/OLIBEA01_Oliver_Bearman/olibea01.png.transform/1col/image.png,,,,,,,,,,
2025,British Grand Prix,Race,Lando Norris,McLaren,1.0,17.91741935483871,23.578709677419354,78.3741935483871,1.4832258064516128,4,L NORRIS,NOR,norris,F47600,mclaren,Lando,Norris,https://media.formula1.com/d_driver_fallback_image.png/content/dam/fom-website/drivers/L/LANNOR01_Lando_Norris/lannor01.png.transform/1col/image.png,,1,3.0,,,,0 days 01:37:15.735000,Finished,25.0,52.0
2025,British Grand Prix,Race,Oscar Piastri,McLaren,2.0,17.91741935483871,23.578709677419354,78.3741935483871,1.4832258064516128,81,O PIASTRI,PIA,piastri,F47600,mclaren,Oscar,Piastri,https://media.formula1.com/d_driver_fallback_image.png/content/dam/fom-website/drivers/O/OSCPIA01_Oscar_Piastri/oscpia01.png.transform/1col/image.png,,2,2.0,,,,0 days 00:00:06.812000,Finished,18.0,52.0
2025,British Grand Prix,Race,Nico Hulkenberg,Kick Sauber,3.0,17.91741935483871,23.578709677419354,78.3741935483871,1.4832258064516128,27,N HULKENBERG,HUL,hulkenberg,01C00E,sauber,Nico,Hulkenberg,https://media.formula1.com/d_driver_fallback_image.png/content/dam/fom-website/drivers/N/NICHUL01_Nico_Hulkenberg/nichul01.png.transform/1col/image.png,,3,19.0,,,,0 days 00:00:34.742000,Finished,15.0,52.0
2025,British Grand Prix,Race,Lewis Hamilton,Ferrari,4.0,17.91741935483871,23.578709677419354,78.3741935483871,1.4832258064516128,44,L HAMILTON,HAM,hamilton,ED1131,ferrari,Lewis,Hamilton,https://media.formula1.com/d_driver_fallback_image.png/content/dam/fom-website/drivers/L/LEWHAM01_Lewis_Hamilton/lewham01.png.transform/1col/image.png,,4,5.0,,,,0 days 00:00:39.812000,Finished,12.0,52.0
2025,British Grand Prix,Race,Max Verstappen,Red Bull Racing,5.0,17.91741935483871,23.578709677419354,78.3741935483871,1.4832258064516128,1,M VERSTAPPEN,VER,max_verstappen,4781D7,red_bull,Max,Verstappen,https://media.formula1.com/d_driver_fallback_image.png/content/dam/fom-website/drivers/M/MAXVER01_Max_Verstappen/maxver01.png.transform/1col/image.png,,5,1.0,,,,0 days 00:00:56.781000,Finished,10.0,52.0
2025,British Grand Prix,Race,Pierre Gasly,Alpine,6.0,17.91741935483871,23.578709677419354,78.3741935483871,1.4832258064516128,10,P GASLY,GAS,gasly,00A1E8,alpine,Pierre,Gasly,https://media.formula1.com/d_driver_fallback_image.png/content/dam/fom-website/drivers/P/PIEGAS01_Pierre_Gasly/piegas01.png.transform/1col/image.png,,6,8.0,,,,0 days 00:00:59.857000,Finished,8.0,52.0
2025,British Grand Prix,Race,Lance Stroll,Aston Martin,7.0,17.91741935483871,23.578709677419354,78.3741935483871,1.4832258064516128,18,L STROLL,STR,stroll,229971,aston_martin,Lance,Stroll,https://media.formula1.com/d_driver_fallback_image.png/content/dam/fom-website/drivers/L/LANSTR01_Lance_Stroll/lanstr01.png.transform/1col/image.png,,7,17.0,,,,0 days 00:01:00.603000,Finished,6.0,52.0
2025,British Grand Prix,Race,Alexander Albon,Williams,8.0,17.91741935483871,23.578709677419354,78.3741935483871,1.4832258064516128,23,A ALBON,ALB,albon,1868DB,williams,Alexander,Albon,https://media.formula1.com/d_driver_fallback_image.png/content/dam/fom-website/drivers/A/ALEALB01_Alexander_Albon/alealb01.png.transform/1col/image.png,,8,13.0,,,,0 days 00:01:04.135000,Finished,4.0,52.0
2025,British Grand Prix,Race,Fernando Alonso,Aston Martin,9.0,17.91741935483871,23.578709677419354,78.3741935483871,1.4832258064516128,14,F ALONSO,ALO,alonso,229971,aston_martin,Fernando,Alonso,https://media.formula1.com/d_driver_fallback_image.png/content/dam/fom-website/drivers/F/FERALO01_Fernando_Alonso/feralo01.png.transform/1col/image.png,,9,7.0,,,,0 days 00:01:05.858000,Finished,2.0,52.0
2025,British Grand Prix,Race,George Russell,Mercedes,10.0,17.91741935483871,23.578709677419354,78.3741935483871,1.4832258064516128,63,G RUSSELL,RUS,russell,00D7B6,mercedes,George,Russell,https://media.formula1.com/d_driver_fallback_image.png/content/dam/fom-website/drivers/G/GEORUS01_George_Russell/georus01.png.transform/1col/image.png,,10,4.0,,,,0 days 00:01:10.674000,Finished,1.0,52.0
2025,British Grand Prix,Race,Oliver Bearman,Haas F1 Team,11.0,17.91741935483871,23.578709677419354,78.3741935483871,1.4832258064516128,87,O BEARMAN,BEA,bearman,9C9FA2,haas,Oliver,Bearman,https://media.formula1.com/d_driver_fallback_image.png/content/dam/fom-website/drivers/O/OLIBEA01_Oliver_Bearman/olibea01.png.transform/1col/image.png,,11,18.0,,,,0 days 00:01:12.095000,Finished,0.0,52.0
2025,British Grand Prix,Race,Carlos Sainz,Williams,12.0,17.91741935483871,23.578709677419354,78.3741935483871,1.4832258064516128,55,C SAINZ,SAI,sainz,1868DB,williams,Carlos,Sainz,https://media.formula1.com/d_driver_fallback_image.png/content/dam/fom-website/drivers/C/CARSAI01_Carlos_Sainz/carsai01.png.transform/1col/image.png,,12,9.0,,,,0 days 00:01:16.592000,Finished,0.0,52.0
2025,British Grand Prix,Race,Esteban Ocon,Haas F1 Team,13.0,17.91741935483871,23.578709677419354,78.3741935483871,1.4832258064516128,31,E OCON,OCO,ocon,9C9FA2,haas,Esteban,Ocon,https://media.formula1.com/d_driver_fallback_image.png/content/dam/fom-website/drivers/E/ESTOCO01_Esteban_Ocon/estoco01.png.transform/1col/image.png,,13,14.0,,,,0 days 00:01:17.301000,Finished,0.0,52.0
2025,British Grand Prix,Race,Charles Leclerc,Ferrari,14.0,17.91741935483871,23.578709677419354,78.3741935483871,1.4832258064516128,16,C LECLERC,LEC,leclerc,ED1131,ferrari,Charles,Leclerc,https://media.formula1.com/d_driver_fallback_image.png/content/dam/fom-website/drivers/C/CHALEC01_Charles_Leclerc/chalec01.png.transform/1col/image.png,,14,6.0,,,,0 days 00:01:24.477000,Finished,0.0,52.0
2025,British Grand Prix,Race,Yuki Tsunoda,Red Bull Racing,15.0,17.91741935483871,23.578709677419354,78.3741935483871,1.4832258064516128,22,Y TSUNODA,TSU,tsunoda,4781D7,red_bull,Yuki,Tsunoda,https://media.formula1.com/d_driver_fallback_image.png/content/dam/fom-website/drivers/Y/YUKTSU01_Yuki_Tsunoda/yuktsu01.png.transform/1col/image.png,,15,11.0,,,,0 days 00:00:32.250000,Lapped,0.0,51.0
2025,British Grand Prix,Race,Kimi Antonelli,Mercedes,16.0,17.91741935483871,23.578709677419354,78.3741935483871,1.4832258064516128,12,K ANTONELLI,ANT,antonelli,00D7B6,mercedes,Kimi,Antonelli,https://media.formula1.com/d_driver_fallback_image.png/content/dam/fom-website/drivers/A/ANDANT01_Andrea%20Kimi_Antonelli/andant01.png.transform/1col/image.png,,R,10.0,,,,,Retired,0.0,23.0
2025,British Grand Prix,Race,Isack Hadjar,Racing Bulls,17.0,17.91741935483871,23.578709677419354,78.3741935483871,1.4832258064516128,6,I HADJAR,HAD,hadjar,6C98FF,rb,Isack,Hadjar,https://media.formula1.com/d_driver_fallback_image.png/content/dam/fom-website/drivers/I/ISAHAD01_Isack_Hadjar/isahad01.png.transform/1col/image.png,,R,12.0,,,,,Retired,0.0,17.0
2025,British Grand Prix,Race,Gabriel Bortoleto,Kick Sauber,18.0,17.91741935483871,23.578709677419354,78.3741935483871,1.4832258064516128,5,G BORTOLETO,BOR,bortoleto,01C00E,sauber,Gabriel,Bortoleto,https://media.formula1.com/d_driver_fallback_image.png/content/dam/fom-website/drivers/G/GABBOR01_Gabriel_Bortoleto/gabbor01.png.transform/1col/image.png,,R,16.0,,,,,Retired,0.0,3.0
2025,British Grand Prix,Race,Liam Lawson,Racing Bulls,19.0,17.91741935483871,23.578709677419354,78.3741935483871,1.4832258064516128,30,L LAWSON,LAW,lawson,6C98FF,rb,Liam,Lawson,https://media.formula1.com/d_driver_fallback_image.png/content/dam/fom-website/drivers/L/LIALAW01_Liam_Lawson/lialaw01.png.transform/1col/image.png,,R,15.0,,,,,Retired,0.0,0.0
2025,British Grand Prix,Race,Franco Colapinto,Alpine,20.0,17.91741935483871,23.578709677419354,78.3741935483871,1.4832258064516128,43,F COLAPINTO,COL,colapinto,00A1E8,alpine,Franco,Colapinto,None,,W,20.0,,,,,Did not start,0.0,0.0
2025,British Grand Prix,Qualifying,Max Verstappen,Red Bull Racing,1.0,20.196551724137933,27.432183908045985,72.7816091954023,4.033333333333334,1,M VERSTAPPEN,VER,max_verstappen,4781D7,red_bull,Max,Verstappen,https://media.formula1.com/d_driver_fallback_image.png/content/dam/fom-website/drivers/M/MAXVER01_Max_Verstappen/maxver01.png.transform/1col/image.png,,,,0 days 00:01:25.886000,0 days 00:01:25.316000,0 days 00:01:24.892000,,,,
2025,British Grand Prix,Qualifying,Oscar Piastri,McLaren,2.0,20.196551724137933,27.432183908045985,72.7816091954023,4.033333333333334,81,O PIASTRI,PIA,piastri,F47600,mclaren,Oscar,Piastri,https://media.formula1.com/d_driver_fallback_image.png/content/dam/fom-website/drivers/O/OSCPIA01_Oscar_Piastri/oscpia01.png.transform/1col/image.png,,,,0 days 00:01:25.963000,0 days 00:01:25.316000,0 days 00:01:24.995000,,,,
2025,British Grand Prix,Qualifying,Lando Norris,McLaren,3.0,20.196551724137933,27.432183908045985,72.7816091954023,4.033333333333334,4,L NORRIS,NOR,norris,F47600,mclaren,Lando,Norris,https://media.formula1.com/d_driver_fallback_image.png/content/dam/fom-website/drivers/L/LANNOR01_Lando_Norris/lannor01.png.transform/1col/image.png,,,,0 days 00:01:26.123000,0 days 00:01:25.231000,0 days 00:01:25.010000,,,,
2025,British Grand Prix,Qualifying,George Russell,Mercedes,4.0,20.196551724137933,27.432183908045985,72.7816091954023,4.033333333333334,63,G RUSSELL,RUS,russell,00D7B6,mercedes,George,Russell,https://media.formula1.com/d_driver_fallback_image.png/content/dam/fom-website/drivers/G/GEORUS01_George_Russell/georus01.png.transform/1col/image.png,,,,0 days 00:01:26.236000,0 days 00:01:25.637000,0 days 00:01:25.029000,,,,
2025,British Grand Prix,Qualifying,Lewis Hamilton,Ferrari,5.0,20.196551724137933,27.432183908045985,72.7816091954023,4.033333333333334,44,L HAMILTON,HAM,hamilton,ED1131,ferrari,Lewis,Hamilton,https://media.formula1.com/d_driver_fallback_image.png/content/dam/fom-website/drivers/L/LEWHAM01_Lewis_Hamilton/lewham01.png.transform/1col/image.png,,,,0 days 00:01:26.296000,0 days 00:01:25.084000,0 days 00:01:25.095000,,,,
2025,British Grand Prix,Qualifying,Charles Leclerc,Ferrari,6.0,20.196551724137933,27.432183908045985,72.7816091954023,4.033333333333334,16,C LECLERC,LEC,leclerc,ED1131,ferrari,Charles,Leclerc,https://media.formula1.com/d_driver_fallback_image.png/content/dam/fom-website/drivers/C/CHALEC01_Charles_Leclerc/chalec01.png.transform/1col/image.png,,,,0 days 00:01:26.186000,0 days 00:01:25.133000,0 days 00:01:25.121000,,,,
2025,British Grand Prix,Qualifying,Kimi Antonelli,Mercedes,7.0,20.196551724137933,27.432183908045985,72.7816091954023,4.033333333333334,12,K ANTONELLI,ANT,antonelli,00D7B6,mercedes,Kimi,Antonelli,https://media.formula1.com/d_driver_fallback_image.png/content/dam/fom-website/drivers/A/ANDANT01_Andrea%20Kimi_Antonelli/andant01.png.transform/1col/image.png,,,,0 days 00:01:26.265000,0 days 00:01:25.620000,0 days 00:01:25.374000,,,,
2025,British Grand Prix,Qualifying,Oliver Bearman,Haas F1 Team,8.0,20.196551724137933,27.432183908045985,72.7816091954023,4.033333333333334,87,O BEARMAN,BEA,bearman,9C9FA2,haas,Oliver,Bearman,https://media.formula1.com/d_driver_fallback_image.png/content/dam/fom-website/drivers/O/OLIBEA01_Oliver_Bearman/olibea01.png.transform/1col/image.png,,,,0 days 00:01:26.005000,0 days 00:01:25.534000,0 days 00:01:25.471000,,,,
2025,British Grand Prix,Qualifying,Fernando Alonso,Aston Martin,9.0,20.196551724137933,27.432183908045985,72.7816091954023,4.033333333333334,14,F ALONSO,ALO,alonso,229971,aston_martin,Fernando,Alonso,https://media.formula1.com/d_driver_fallback_image.png/content/dam/fom-website/drivers/F/FERALO01_Fernando_Alonso/feralo01.png.transform/1col/image.png,,,,0 days 00:01:26.108000,0 days 00:01:25.593000,0 days 00:01:25.621000,,,,
2025,British Grand Prix,Qualifying,Pierre Gasly,Alpine,10.0,20.196551724137933,27.432183908045985,72.7816091954023,4.033333333333334,10,P GASLY,GAS,gasly,00A1E8,alpine,Pierre,Gasly,https://media.formula1.com/d_driver_fallback_image.png/content/dam/fom-website/drivers/P/PIEGAS01_Pierre_Gasly/piegas01.png.transform/1col/image.png,,,,0 days 00:01:26.328000,0 days 00:01:25.711000,0 days 00:01:25.785000,,,,
2025,British Grand Prix,Qualifying,Carlos Sainz,Williams,11.0,20.196551724137933,27.432183908045985,72.7816091954023,4.033333333333334,55,C SAINZ,SAI,sainz,1868DB,williams,Carlos,Sainz,https://media.formula1.com/d_driver_fallback_image.png/content/dam/fom-website/drivers/C/CARSAI01_Carlos_Sainz/carsai01.png.transform/1col/image.png,,,,0 days 00:01:26.175000,0 days 00:01:25.746000,,,,,
2025,British Grand Prix,Qualifying,Yuki Tsunoda,Red Bull Racing,12.0,20.196551724137933,27.432183908045985,72.7816091954023,4.033333333333334,22,Y TSUNODA,TSU,tsunoda,4781D7,red_bull,Yuki,Tsunoda,https://media.formula1.com/d_driver_fallback_image.png/content/dam/fom-website/drivers/Y/YUKTSU01_Yuki_Tsunoda/yuktsu01.png.transform/1col/image.png,,,,0 days 00:01:26.275000,0 days 00:01:25.826000,,,,,
2025,British Grand Prix,Qualifying,Isack Hadjar,Racing Bulls,13.0,20.196551724137933,27.432183908045985,72.7816091954023,4.033333333333334,6,I HADJAR,HAD,hadjar,6C98FF,rb,Isack,Hadjar,https://media.formula1.com/d_driver_fallback_image.png/content/dam/fom-website/drivers/I/ISAHAD01_Isack_Hadjar/isahad01.png.transform/1col/image.png,,,,0 days 00:01:26.177000,0 days 00:01:25.864000,,,,,
2025,British Grand Prix,Qualifying,Alexander Albon,Williams,14.0,20.196551724137933,27.432183908045985,72.7816091954023,4.033333333333334,23,A ALBON,ALB,albon,1868DB,williams,Alexander,Albon,https://media.formula1.com/d_driver_fallback_image.png/content/dam/fom-website/drivers/A/ALEALB01_Alexander_Albon/alealb01.png.transform/1col/image.png,,,,0 days 00:01:26.093000,0 days 00:01:25.889000,,,,,
2025,British Grand Prix,Qualifying,Esteban Ocon,Haas F1 Team,15.0,20.196551724137933,27.432183908045985,72.7816091954023,4.033333333333334,31,E OCON,OCO,ocon,9C9FA2,haas,Esteban,Ocon,https://media.formula1.com/d_driver_fallback_image.png/content/dam/fom-website/drivers/E/ESTOCO01_Esteban_Ocon/estoco01.png.transform/1col/image.png,,,,0 days 00:01:26.136000,0 days 00:01:25.950000,,,,,
2025,British Grand Prix,Qualifying,Liam Lawson,Racing Bulls,16.0,20.196551724137933,27.432183908045985,72.7816091954023,4.033333333333334,30,L LAWSON,LAW,lawson,6C98FF,rb,Liam,Lawson,https://media.formula1.com/d_driver_fallback_image.png/content/dam/fom-website/drivers/L/LIALAW01_Liam_Lawson/lialaw01.png.transform/1col/image.png,,,,0 days 00:01:26.440000,,,,,,
2025,British Grand Prix,Qualifying,Gabriel Bortoleto,Kick Sauber,17.0,20.196551724137933,27.432183908045985,72.7816091954023,4.033333333333334,5,G BORTOLETO,BOR,bortoleto,01C00E,sauber,Gabriel,Bortoleto,https://media.formula1.com/d_driver_fallback_image.png/content/dam/fom-website/drivers/G/GABBOR01_Gabriel_Bortoleto/gabbor01.png.transform/1col/image.png,,,,0 days 00:01:26.446000,,,,,,
2025,British Grand Prix,Qualifying,Lance Stroll,Aston Martin,18.0,20.196551724137933,27.432183908045985,72.7816091954023,4.033333333333334,18,L STROLL,STR,stroll,229971,aston_martin,Lance,Stroll,https://media.formula1.com/d_driver_fallback_image.png/content/dam/fom-website/drivers/L/LANSTR01_Lance_Stroll/lanstr01.png.transform/1col/image.png,,,,0 days 00:01:26.504000,,,,,,
2025,British Grand Prix,Qualifying,Nico Hulkenberg,Kick Sauber,19.0,20.196551724137933,27.432183908045985,72.7816091954023,4.033333333333334,27,N HULKENBERG,HUL,hulkenberg,01C00E,sauber,Nico,Hulkenberg,https://media.formula1.com/d_driver_fallback_image.png/content/dam/fom-website/drivers/N/NICHUL01_Nico_Hulkenberg/nichul01.png.transform/1col/image.png,,,,0 days 00:01:26.574000,,,,,,
2025,British Grand Prix,Qualifying,Franco Colapinto,Alpine,20.0,20.196551724137933,27.432183908045985,72.7816091954023,4.033333333333334,43,F COLAPINTO,COL,colapinto,00A1E8,alpine,Franco,Colapinto,None,,,,0 days 00:01:27.060000,,,,,,
2025,British Grand Prix,Practice 1,Max Verstappen,Red Bull Racing,,22.65061728395062,39.40740740740741,42.358024691358025,3.64320987654321,1,M VERSTAPPEN,VER,max_verstappen,4781D7,red_bull,Max,Verstappen,https://media.formula1.com/d_driver_fallback_image.png/content/dam/fom-website/drivers/M/MAXVER01_Max_Verstappen/maxver01.png.transform/1col/image.png,,,,,,,,,,
2025,British Grand Prix,Practice 1,Lando Norris,McLaren,,22.65061728395062,39.40740740740741,42.358024691358025,3.64320987654321,4,L NORRIS,NOR,norris,F47600,mclaren,Lando,Norris,https://media.formula1.com/d_driver_fallback_image.png/content/dam/fom-website/drivers/L/LANNOR01_Lando_Norris/lannor01.png.transform/1col/image.png,,,,,,,,,,
2025,British Grand Prix,Practice 1,Gabriel Bortoleto,Kick Sauber,,22.65061728395062,39.40740740740741,42.358024691358025,3.64320987654321,5,G BORTOLETO,BOR,bortoleto,01C00E,sauber,Gabriel,Bortoleto,https://media.formula1.com/d_driver_fallback_image.png/content/dam/fom-website/drivers/G/GABBOR01_Gabriel_Bortoleto/gabbor01.png.transform/1col/image.png,,,,,,,,,,
2025,British Grand Prix,Practice 1,Isack Hadjar,Racing Bulls,,22.65061728395062,39.40740740740741,42.358024691358025,3.64320987654321,6,I HADJAR,HAD,hadjar,6C98FF,rb,Isack,Hadjar,https://media.formula1.com/d_driver_fallback_image.png/content/dam/fom-website/drivers/I/ISAHAD01_Isack_Hadjar/isahad01.png.transform/1col/image.png,,,,,,,,,,
2025,British Grand Prix,Practice 1,Pierre Gasly,Alpine,,22.65061728395062,39.40740740740741,42.358024691358025,3.64320987654321,10,P GASLY,GAS,gasly,00A1E8,alpine,Pierre,Gasly,https://media.formula1.com/d_driver_fallback_image.png/content/dam/fom-website/drivers/P/PIEGAS01_Pierre_Gasly/piegas01.png.transform/1col/image.png,,,,,,,,,,
2025,British Grand Prix,Practice 1,Kimi Antonelli,Mercedes,,22.65061728395062,39.40740740740741,42.358024691358025,3.64320987654321,12,K ANTONELLI,ANT,antonelli,00D7B6,mercedes,Kimi,Antonelli,https://media.formula1.com/d_driver_fallback_image.png/content/dam/fom-website/drivers/A/ANDANT01_Andrea%20Kimi_Antonelli/andant01.png.transform/1col/image.png,,,,,,,,,,
2025,British Grand Prix,Practice 1,Fernando Alonso,Aston Martin,,22.65061728395062,39.40740740740741,42.358024691358025,3.64320987654321,14,F ALONSO,ALO,alonso,229971,aston_martin,Fernando,Alonso,https://media.formula1.com/d_driver_fallback_image.png/content/dam/fom-website/drivers/F/FERALO01_Fernando_Alonso/feralo01.png.transform/1col/image.png,,,,,,,,,,
2025,British Grand Prix,Practice 1,Charles Leclerc,Ferrari,,22.65061728395062,39.40740740740741,42.358024691358025,3.64320987654321,16,C LECLERC,LEC,leclerc,ED1131,ferrari,Charles,Leclerc,https://media.formula1.com/d_driver_fallback_image.png/content/dam/fom-website/drivers/C/CHALEC01_Charles_Leclerc/chalec01.png.transform/1col/image.png,,,,,,,,,,
2025,British Grand Prix,Practice 1,Lance Stroll,Aston Martin,,22.65061728395062,39.40740740740741,42.358024691358025,3.64320987654321,18,L STROLL,STR,stroll,229971,aston_martin,Lance,Stroll,https://media.formula1.com/d_driver_fallback_image.png/content/dam/fom-website/drivers/L/LANSTR01_Lance_Stroll/lanstr01.png.transform/1col/image.png,,,,,,,,,,
2025,British Grand Prix,Practice 1,Alexander Albon,Williams,,22.65061728395062,39.40740740740741,42.358024691358025,3.64320987654321,23,A ALBON,ALB,albon,1868DB,williams,Alexander,Albon,https://media.formula1.com/d_driver_fallback_image.png/content/dam/fom-website/drivers/A/ALEALB01_Alexander_Albon/alealb01.png.transform/1col/image.png,,,,,,,,,,
2025,British Grand Prix,Practice 1,Liam Lawson,Racing Bulls,,22.65061728395062,39.40740740740741,42.358024691358025,3.64320987654321,30,L LAWSON,LAW,lawson,6C98FF,rb,Liam,Lawson,https://media.formula1.com/d_driver_fallback_image.png/content/dam/fom-website/drivers/L/LIALAW01_Liam_Lawson/lialaw01.png.transform/1col/image.png,,,,,,,,,,
2025,British Grand Prix,Practice 1,Esteban Ocon,Haas F1 Team,,22.65061728395062,39.40740740740741,42.358024691358025,3.64320987654321,31,E OCON,OCO,ocon,9C9FA2,haas,Esteban,Ocon,https://media.formula1.com/d_driver_fallback_image.png/content/dam/fom-website/drivers/E/ESTOCO01_Esteban_Ocon/estoco01.png.transform/1col/image.png,,,,,,,,,,
2025,British Grand Prix,Practice 1,Arvid Lindblad,Red Bull Racing,,22.65061728395062,39.40740740740741,42.358024691358025,3.64320987654321,36,A LINDBLAD,LIN,nan,4781D7,nan,Arvid,Lindblad,None,,,,,,,,,,
2025,British Grand Prix,Practice 1,Franco Colapinto,Alpine,,22.65061728395062,39.40740740740741,42.358024691358025,3.64320987654321,43,F COLAPINTO,COL,colapinto,00A1E8,alpine,Franco,Colapinto,None,,,,,,,,,,
2025,British Grand Prix,Practice 1,Lewis Hamilton,Ferrari,,22.65061728395062,39.40740740740741,42.358024691358025,3.64320987654321,44,L HAMILTON,HAM,hamilton,ED1131,ferrari,Lewis,Hamilton,https://media.formula1.com/d_driver_fallback_image.png/content/dam/fom-website/drivers/L/LEWHAM01_Lewis_Hamilton/lewham01.png.transform/1col/image.png,,,,,,,,,,
2025,British Grand Prix,Practice 1,Carlos Sainz,Williams,,22.65061728395062,39.40740740740741,42.358024691358025,3.64320987654321,55,C SAINZ,SAI,sainz,1868DB,williams,Carlos,Sainz,https://media.formula1.com/d_driver_fallback_image.png/content/dam/fom-website/drivers/C/CARSAI01_Carlos_Sainz/carsai01.png.transform/1col/image.png,,,,,,,,,,
2025,British Grand Prix,Practice 1,George Russell,Mercedes,,22.65061728395062,39.40740740740741,42.358024691358025,3.64320987654321,63,G RUSSELL,RUS,russell,00D7B6,mercedes,George,Russell,https://media.formula1.com/d_driver_fallback_image.png/content/dam/fom-website/drivers/G/GEORUS01_George_Russell/georus01.png.transform/1col/image.png,,,,,,,,,,
2025,British Grand Prix,Practice 1,Oscar Piastri,McLaren,,22.65061728395062,39.40740740740741,42.358024691358025,3.64320987654321,81,O PIASTRI,PIA,piastri,F47600,mclaren,Oscar,Piastri,https://media.formula1.com/d_driver_fallback_image.png/content/dam/fom-website/drivers/O/OSCPIA01_Oscar_Piastri/oscpia01.png.transform/1col/image.png,,,,,,,,,,
2025,British Grand Prix,Practice 1,Oliver Bearman,Haas F1 Team,,22.65061728395062,39.40740740740741,42.358024691358025,3.64320987654321,87,O BEARMAN,BEA,bearman,9C9FA2,haas,Oliver,Bearman,https://media.formula1.com/d_driver_fallback_image.png/content/dam/fom-website/drivers/O/OLIBEA01_Oliver_Bearman/olibea01.png.transform/1col/image.png,,,,,,,,,,
2025,British Grand Prix,Practice 1,Paul Aron,Kick Sauber,,22.65061728395062,39.40740740740741,42.358024691358025,3.64320987654321,97,P ARON,ARO,nan,01C00E,nan,Paul,Aron,None,,,,,,,,,,
2025,British Grand Prix,Practice 2,Max Verstappen,Red Bull Racing,,24.15925925925926,39.83209876543209,35.06172839506173,3.691358024691358,1,M VERSTAPPEN,VER,max_verstappen,4781D7,red_bull,Max,Verstappen,https://media.formula1.com/d_driver_fallback_image.png/content/dam/fom-website/drivers/M/MAXVER01_Max_Verstappen/maxver01.png.transform/1col/image.png,,,,,,,,,,
2025,British Grand Prix,Practice 2,Lando Norris,McLaren,,24.15925925925926,39.83209876543209,35.06172839506173,3.691358024691358,4,L NORRIS,NOR,norris,F47600,mclaren,Lando,Norris,https://media.formula1.com/d_driver_fallback_image.png/content/dam/fom-website/drivers/L/LANNOR01_Lando_Norris/lannor01.png.transform/1col/image.png,,,,,,,,,,
2025,British Grand Prix,Practice 2,Gabriel Bortoleto,Kick Sauber,,24.15925925925926,39.83209876543209,35.06172839506173,3.691358024691358,5,G BORTOLETO,BOR,bortoleto,01C00E,sauber,Gabriel,Bortoleto,https://media.formula1.com/d_driver_fallback_image.png/content/dam/fom-website/drivers/G/GABBOR01_Gabriel_Bortoleto/gabbor01.png.transform/1col/image.png,,,,,,,,,,
2025,British Grand Prix,Practice 2,Isack Hadjar,Racing Bulls,,24.15925925925926,39.83209876543209,35.06172839506173,3.691358024691358,6,I HADJAR,HAD,hadjar,6C98FF,rb,Isack,Hadjar,https://media.formula1.com/d_driver_fallback_image.png/content/dam/fom-website/drivers/I/ISAHAD01_Isack_Hadjar/isahad01.png.transform/1col/image.png,,,,,,,,,,
2025,British Grand Prix,Practice 2,Pierre Gasly,Alpine,,24.15925925925926,39.83209876543209,35.06172839506173,3.691358024691358,10,P GASLY,GAS,gasly,00A1E8,alpine,Pierre,Gasly,https://media.formula1.com/d_driver_fallback_image.png/content/dam/fom-website/drivers/P/PIEGAS01_Pierre_Gasly/piegas01.png.transform/1col/image.png,,,,,,,,,,
2025,British Grand Prix,Practice 2,Kimi Antonelli,Mercedes,,24.15925925925926,39.83209876543209,35.06172839506173,3.691358024691358,12,K ANTONELLI,ANT,antonelli,00D7B6,mercedes,Kimi,Antonelli,https://media.formula1.com/d_driver_fallback_image.png/content/dam/fom-website/drivers/A/ANDANT01_Andrea%20Kimi_Antonelli/andant01.png.transform/1col/image.png,,,,,,,,,,
2025,British Grand Prix,Practice 2,Fernando Alonso,Aston Martin,,24.15925925925926,39.83209876543209,35.06172839506173,3.691358024691358,14,F ALONSO,ALO,alonso,229971,aston_martin,Fernando,Alonso,https://media.formula1.com/d_driver_fallback_image.png/content/dam/fom-website/drivers/F/FERALO01_Fernando_Alonso/feralo01.png.transform/1col/image.png,,,,,,,,,,
2025,British Grand Prix,Practice 2,Charles Leclerc,Ferrari,,24.15925925925926,39.83209876543209,35.06172839506173,3.691358024691358,16,C LECLERC,LEC,leclerc,ED1131,ferrari,Charles,Leclerc,https://media.formula1.com/d_driver_fallback_image.png/content/dam/fom-website/drivers/C/CHALEC01_Charles_Leclerc/chalec01.png.transform/1col/image.png,,,,,,,,,,
2025,British Grand Prix,Practice 2,Lance Stroll,Aston Martin,,24.15925925925926,39.83209876543209,35.06172839506173,3.691358024691358,18,L STROLL,STR,stroll,229971,aston_martin,Lance,Stroll,https://media.formula1.com/d_driver_fallback_image.png/content/dam/fom-website/drivers/L/LANSTR01_Lance_Stroll/lanstr01.png.transform/1col/image.png,,,,,,,,,,
2025,British Grand Prix,Practice 2,Yuki Tsunoda,Red Bull Racing,,24.15925925925926,39.83209876543209,35.06172839506173,3.691358024691358,22,Y TSUNODA,TSU,tsunoda,4781D7,red_bull,Yuki,Tsunoda,https://media.formula1.com/d_driver_fallback_image.png/content/dam/fom-website/drivers/Y/YUKTSU01_Yuki_Tsunoda/yuktsu01.png.transform/1col/image.png,,,,,,,,,,
2025,British Grand Prix,Practice 2,Alexander Albon,Williams,,24.15925925925926,39.83209876543209,35.06172839506173,3.691358024691358,23,A ALBON,ALB,albon,1868DB,williams,Alexander,Albon,https://media.formula1.com/d_driver_fallback_image.png/content/dam/fom-website/drivers/A/ALEALB01_Alexander_Albon/alealb01.png.transform/1col/image.png,,,,,,,,,,
2025,British Grand Prix,Practice 2,Nico Hulkenberg,Kick Sauber,,24.15925925925926,39.83209876543209,35.06172839506173,3.691358024691358,27,N HULKENBERG,HUL,hulkenberg,01C00E,sauber,Nico,Hulkenberg,https://media.formula1.com/d_driver_fallback_image.png/content/dam/fom-website/drivers/N/NICHUL01_Nico_Hulkenberg/nichul01.png.transform/1col/image.png,,,,,,,,,,
2025,British Grand Prix,Practice 2,Liam Lawson,Racing Bulls,,24.15925925925926,39.83209876543209,35.06172839506173,3.691358024691358,30,L LAWSON,LAW,lawson,6C98FF,rb,Liam,Lawson,https://media.formula1.com/d_driver_fallback_image.png/content/dam/fom-website/drivers/L/LIALAW01_Liam_Lawson/lialaw01.png.transform/1col/image.png,,,,,,,,,,
2025,British Grand Prix,Practice 2,Esteban Ocon,Haas F1 Team,,24.15925925925926,39.83209876543209,35.06172839506173,3.691358024691358,31,E OCON,OCO,ocon,9C9FA2,haas,Esteban,Ocon,https://media.formula1.com/d_driver_fallback_image.png/content/dam/fom-website/drivers/E/ESTOCO01_Esteban_Ocon/estoco01.png.transform/1col/image.png,,,,,,,,,,
2025,British Grand Prix,Practice 2,Franco Colapinto,Alpine,,24.15925925925926,39.83209876543209,35.06172839506173,3.691358024691358,43,F COLAPINTO,COL,colapinto,00A1E8,alpine,Franco,Colapinto,None,,,,,,,,,,
2025,British Grand Prix,Practice 2,Lewis Hamilton,Ferrari,,24.15925925925926,39.83209876543209,35.06172839506173,3.691358024691358,44,L HAMILTON,HAM,hamilton,ED1131,ferrari,Lewis,Hamilton,https://media.formula1.com/d_driver_fallback_image.png/content/dam/fom-website/drivers/L/LEWHAM01_Lewis_Hamilton/lewham01.png.transform/1col/image.png,,,,,,,,,,
2025,British Grand Prix,Practice 2,Carlos Sainz,Williams,,24.15925925925926,39.83209876543209,35.06172839506173,3.691358024691358,55,C SAINZ,SAI,sainz,1868DB,williams,Carlos,Sainz,https://media.formula1.com/d_driver_fallback_image.png/content/dam/fom-website/drivers/C/CARSAI01_Carlos_Sainz/carsai01.png.transform/1col/image.png,,,,,,,,,,
2025,British Grand Prix,Practice 2,George Russell,Mercedes,,24.15925925925926,39.83209876543209,35.06172839506173,3.691358024691358,63,G RUSSELL,RUS,russell,00D7B6,mercedes,George,Russell,https://media.formula1.com/d_driver_fallback_image.png/content/dam/fom-website/drivers/G/GEORUS01_George_Russell/georus01.png.transform/1col/image.png,,,,,,,,,,
2025,British Grand Prix,Practice 2,Oscar Piastri,McLaren,,24.15925925925926,39.83209876543209,35.06172839506173,3.691358024691358,81,O PIASTRI,PIA,piastri,F47600,mclaren,Oscar,Piastri,https://media.formula1.com/d_driver_fallback_image.png/content/dam/fom-website/drivers/O/OSCPIA01_Oscar_Piastri/oscpia01.png.transform/1col/image.png,,,,,,,,,,
2025,British Grand Prix,Practice 2,Oliver Bearman,Haas F1 Team,,24.15925925925926,39.83209876543209,35.06172839506173,3.691358024691358,87,O BEARMAN,BEA,bearman,9C9FA2,haas,Oliver,Bearman,https://media.formula1.com/d_driver_fallback_image.png/content/dam/fom-website/drivers/O/OLIBEA01_Oliver_Bearman/olibea01.png.transform/1col/image.png,,,,,,,,,,
2025,British Grand Prix,Practice 3,Max Verstappen,Red Bull Racing,,19.76341463414634,25.093902439024394,69.84146341463415,3.815853658536586,1,M VERSTAPPEN,VER,max_verstappen,4781D7,red_bull,Max,Verstappen,https://media.formula1.com/d_driver_fallback_image.png/content/dam/fom-website/drivers/M/MAXVER01_Max_Verstappen/maxver01.png.transform/1col/image.png,,,,,,,,,,
2025,British Grand Prix,Practice 3,Lando Norris,McLaren,,19.76341463414634,25.093902439024394,69.84146341463415,3.815853658536586,4,L NORRIS,NOR,norris,F47600,mclaren,Lando,Norris,https://media.formula1.com/d_driver_fallback_image.png/content/dam/fom-website/drivers/L/LANNOR01_Lando_Norris/lannor01.png.transform/1col/image.png,,,,,,,,,,
2025,British Grand Prix,Practice 3,Gabriel Bortoleto,Kick Sauber,,19.76341463414634,25.093902439024394,69.84146341463415,3.815853658536586,5,G BORTOLETO,BOR,bortoleto,01C00E,sauber,Gabriel,Bortoleto,https://media.formula1.com/d_driver_fallback_image.png/content/dam/fom-website/drivers/G/GABBOR01_Gabriel_Bortoleto/gabbor01.png.transform/1col/image.png,,,,,,,,,,
2025,British Grand Prix,Practice 3,Isack Hadjar,Racing Bulls,,19.76341463414634,25.093902439024394,69.84146341463415,3.815853658536586,6,I HADJAR,HAD,hadjar,6C98FF,rb,Isack,Hadjar,https://media.formula1.com/d_driver_fallback_image.png/content/dam/fom-website/drivers/I/ISAHAD01_Isack_Hadjar/isahad01.png.transform/1col/image.png,,,,,,,,,,
2025,British Grand Prix,Practice 3,Pierre Gasly,Alpine,,19.76341463414634,25.093902439024394,69.84146341463415,3.815853658536586,10,P GASLY,GAS,gasly,00A1E8,alpine,Pierre,Gasly,https://media.formula1.com/d_driver_fallback_image.png/content/dam/fom-website/drivers/P/PIEGAS01_Pierre_Gasly/piegas01.png.transform/1col/image.png,,,,,,,,,,
2025,British Grand Prix,Practice 3,Kimi Antonelli,Mercedes,,19.76341463414634,25.093902439024394,69.84146341463415,3.815853658536586,12,K ANTONELLI,ANT,antonelli,00D7B6,mercedes,Kimi,Antonelli,https://media.formula1.com/d_driver_fallback_image.png/content/dam/fom-website/drivers/A/ANDANT01_Andrea%20Kimi_Antonelli/andant01.png.transform/1col/image.png,,,,,,,,,,
2025,British Grand Prix,Practice 3,Fernando Alonso,Aston Martin,,19.76341463414634,25.093902439024394,69.84146341463415,3.815853658536586,14,F ALONSO,ALO,alonso,229971,aston_martin,Fernando,Alonso,https://media.formula1.com/d_driver_fallback_image.png/content/dam/fom-website/drivers/F/FERALO01_Fernando_Alonso/feralo01.png.transform/1col/image.png,,,,,,,,,,
2025,British Grand Prix,Practice 3,Charles Leclerc,Ferrari,,19.76341463414634,25.093902439024394,69.84146341463415,3.815853658536586,16,C LECLERC,LEC,leclerc,ED1131,ferrari,Charles,Leclerc,https://media.formula1.com/d_driver_fallback_image.png/content/dam/fom-website/drivers/C/CHALEC01_Charles_Leclerc/chalec01.png.transform/1col/image.png,,,,,,,,,,
2025,British Grand Prix,Practice 3,Lance Stroll,Aston Martin,,19.76341463414634,25.093902439024394,69.84146341463415,3.815853658536586,18,L STROLL,STR,stroll,229971,aston_martin,Lance,Stroll,https://media.formula1.com/d_driver_fallback_image.png/content/dam/fom-website/drivers/L/LANSTR01_Lance_Stroll/lanstr01.png.transform/1col/image.png,,,,,,,,,,
2025,British Grand Prix,Practice 3,Yuki Tsunoda,Red Bull Racing,,19.76341463414634,25.093902439024394,69.84146341463415,3.815853658536586,22,Y TSUNODA,TSU,tsunoda,4781D7,red_bull,Yuki,Tsunoda,https://media.formula1.com/d_driver_fallback_image.png/content/dam/fom-website/drivers/Y/YUKTSU01_Yuki_Tsunoda/yuktsu01.png.transform/1col/image.png,,,,,,,,,,
2025,British Grand Prix,Practice 3,Alexander Albon,Williams,,19.76341463414634,25.093902439024394,69.84146341463415,3.815853658536586,23,A ALBON,ALB,albon,1868DB,williams,Alexander,Albon,https://media.formula1.com/d_driver_fallback_image.png/content/dam/fom-website/drivers/A/ALEALB01_Alexander_Albon/alealb01.png.transform/1col/image.png,,,,,,,,,,
2025,British Grand Prix,Practice 3,Nico Hulkenberg,Kick Sauber,,19.76341463414634,25.093902439024394,69.84146341463415,3.815853658536586,27,N HULKENBERG,HUL,hulkenberg,01C00E,sauber,Nico,Hulkenberg,https://media.formula1.com/d_driver_fallback_image.png/content/dam/fom-website/drivers/N/NICHUL01_Nico_Hulkenberg/nichul01.png.transform/1col/image.png,,,,,,,,,,
2025,British Grand Prix,Practice 3,Liam Lawson,Racing Bulls,,19.76341463414634,25.093902439024394,69.84146341463415,3.815853658536586,30,L LAWSON,LAW,lawson,6C98FF,rb,Liam,Lawson,https://media.formula1.com/d_driver_fallback_image.png/content/dam/fom-website/drivers/L/LIALAW01_Liam_Lawson/lialaw01.png.transform/1col/image.png,,,,,,,,,,
2025,British Grand Prix,Practice 3,Esteban Ocon,Haas F1 Team,,19.76341463414634,25.093902439024394,69.84146341463415,3.815853658536586,31,E OCON,OCO,ocon,9C9FA2,haas,Esteban,Ocon,https://media.formula1.com/d_driver_fallback_image.png/content/dam/fom-website/drivers/E/ESTOCO01_Esteban_Ocon/estoco01.png.transform/1col/image.png,,,,,,,,,,
2025,British Grand Prix,Practice 3,Franco Colapinto,Alpine,,19.76341463414634,25.093902439024394,69.84146341463415,3.815853658536586,43,F COLAPINTO,COL,colapinto,00A1E8,alpine,Franco,Colapinto,None,,,,,,,,,,
2025,British Grand Prix,Practice 3,Lewis Hamilton,Ferrari,,19.76341463414634,25.093902439024394,69.84146341463415,3.815853658536586,44,L HAMILTON,HAM,hamilton,ED1131,ferrari,Lewis,Hamilton,https://media.formula1.com/d_driver_fallback_image.png/content/dam/fom-website/drivers/L/LEWHAM01_Lewis_Hamilton/lewham01.png.transform/1col/image.png,,,,,,,,,,
2025,British Grand Prix,Practice 3,Carlos Sainz,Williams,,19.76341463414634,25.093902439024394,69.84146341463415,3.815853658536586,55,C SAINZ,SAI,sainz,1868DB,williams,Carlos,Sainz,https://media.formula1.com/d_driver_fallback_image.png/content/dam/fom-website/drivers/C/CARSAI01_Carlos_Sainz/carsai01.png.transform/1col/image.png,,,,,,,,,,
2025,British Grand Prix,Practice 3,George Russell,Mercedes,,19.76341463414634,25.093902439024394,69.84146341463415,3.815853658536586,63,G RUSSELL,RUS,russell,00D7B6,mercedes,George,Russell,https://media.formula1.com/d_driver_fallback_image.png/content/dam/fom-website/drivers/G/GEORUS01_George_Russell/georus01.png.transform/1col/image.png,,,,,,,,,,
2025,British Grand Prix,Practice 3,Oscar Piastri,McLaren,,19.76341463414634,25.093902439024394,69.84146341463415,3.815853658536586,81,O PIASTRI,PIA,piastri,F47600,mclaren,Oscar,Piastri,https://media.formula1.com/d_driver_fallback_image.png/content/dam/fom-website/drivers/O/OSCPIA01_Oscar_Piastri/oscpia01.png.transform/1col/image.png,,,,,,,,,,
2025,British Grand Prix,Practice 3,Oliver Bearman,Haas F1 Team,,19.76341463414634,25.093902439024394,69.84146341463415,3.815853658536586,87,O BEARMAN,BEA,bearman,9C9FA2,haas,Oliver,Bearman,https://media.formula1.com/d_driver_fallback_image.png/content/dam/fom-website/drivers/O/OLIBEA01_Oliver_Bearman/olibea01.png.transform/1col/image.png,,,,,,,,,,
2025,Belgian Grand Prix,Race,Oscar Piastri,McLaren,1.0,17.030044843049332,24.09013452914799,84.4439461883408,1.446188340807175,81,O PIASTRI,PIA,piastri,F47600,mclaren,Oscar,Piastri,https://media.formula1.com/d_driver_fallback_image.png/content/dam/fom-website/drivers/O/OSCPIA01_Oscar_Piastri/oscpia01.png.transform/1col/image.png,,1,2.0,,,,0 days 01:25:22.601000,Finished,25.0,44.0
2025,Belgian Grand Prix,Race,Lando Norris,McLaren,2.0,17.030044843049332,24.09013452914799,84.4439461883408,1.446188340807175,4,L NORRIS,NOR,norris,F47600,mclaren,Lando,Norris,https://media.formula1.com/d_driver_fallback_image.png/content/dam/fom-website/drivers/L/LANNOR01_Lando_Norris/lannor01.png.transform/1col/image.png,,2,1.0,,,,0 days 00:00:03.415000,Finished,18.0,44.0
2025,Belgian Grand Prix,Race,Charles Leclerc,Ferrari,3.0,17.030044843049332,24.09013452914799,84.4439461883408,1.446188340807175,16,C LECLERC,LEC,leclerc,ED1131,ferrari,Charles,Leclerc,https://media.formula1.com/d_driver_fallback_image.png/content/dam/fom-website/drivers/C/CHALEC01_Charles_Leclerc/chalec01.png.transform/1col/image.png,,3,3.0,,,,0 days 00:00:20.185000,Finished,15.0,44.0
2025,Belgian Grand Prix,Race,Max Verstappen,Red Bull Racing,4.0,17.030044843049332,24.09013452914799,84.4439461883408,1.446188340807175,1,M VERSTAPPEN,VER,max_verstappen,4781D7,red_bull,Max,Verstappen,https://media.formula1.com/d_driver_fallback_image.png/content/dam/fom-website/drivers/M/MAXVER01_Max_Verstappen/maxver01.png.transform/1col/image.png,,4,4.0,,,,0 days 00:00:21.731000,Finished,12.0,44.0
2025,Belgian Grand Prix,Race,George Russell,Mercedes,5.0,17.030044843049332,24.09013452914799,84.4439461883408,1.446188340807175,63,G RUSSELL,RUS,russell,00D7B6,mercedes,George,Russell,https://media.formula1.com/d_driver_fallback_image.png/content/dam/fom-website/drivers/G/GEORUS01_George_Russell/georus01.png.transform/1col/image.png,,5,6.0,,,,0 days 00:00:34.863000,Finished,10.0,44.0
2025,Belgian Grand Prix,Race,Alexander Albon,Williams,6.0,17.030044843049332,24.09013452914799,84.4439461883408,1.446188340807175,23,A ALBON,ALB,albon,1868DB,williams,Alexander,Albon,https://media.formula1.com/d_driver_fallback_image.png/content/dam/fom-website/drivers/A/ALEALB01_Alexander_Albon/alealb01.png.transform/1col/image.png,,6,5.0,,,,0 days 00:00:39.926000,Finished,8.0,44.0
2025,Belgian Grand Prix,Race,Lewis Hamilton,Ferrari,7.0,17.030044843049332,24.09013452914799,84.4439461883408,1.446188340807175,44,L HAMILTON,HAM,hamilton,ED1131,ferrari,Lewis,Hamilton,https://media.formula1.com/d_driver_fallback_image.png/content/dam/fom-website/drivers/L/LEWHAM01_Lewis_Hamilton/lewham01.png.transform/1col/image.png,,7,18.0,,,,0 days 00:00:40.679000,Finished,6.0,44.0
2025,Belgian Grand Prix,Race,Liam Lawson,Racing Bulls,8.0,17.030044843049332,24.09013452914799,84.4439461883408,1.446188340807175,30,L LAWSON,LAW,lawson,6C98FF,rb,Liam,Lawson,https://media.formula1.com/d_driver_fallback_image.png/content/dam/fom-website/drivers/L/LIALAW01_Liam_Lawson/lialaw01.png.transform/1col/image.png,,8,9.0,,,,0 days 00:00:52.033000,Finished,4.0,44.0
2025,Belgian Grand Prix,Race,Gabriel Bortoleto,Kick Sauber,9.0,17.030044843049332,24.09013452914799,84.4439461883408,1.446188340807175,5,G BORTOLETO,BOR,bortoleto,01C00E,sauber,Gabriel,Bortoleto,https://media.formula1.com/d_driver_fallback_image.png/content/dam/fom-website/drivers/G/GABBOR01_Gabriel_Bortoleto/gabbor01.png.transform/1col/image.png,,9,10.0,,,,0 days 00:00:56.434000,Finished,2.0,44.0
2025,Belgian Grand Prix,Race,Pierre Gasly,Alpine,10.0,17.030044843049332,24.09013452914799,84.4439461883408,1.446188340807175,10,P GASLY,GAS,gasly,00A1E8,alpine,Pierre,Gasly,https://media.formula1.com/d_driver_fallback_image.png/content/dam/fom-website/drivers/P/PIEGAS01_Pierre_Gasly/piegas01.png.transform/1col/image.png,,10,13.0,,,,0 days 00:01:12.714000,Finished,1.0,44.0
2025,Belgian Grand Prix,Race,Oliver Bearman,Haas F1 Team,11.0,17.030044843049332,24.09013452914799,84.4439461883408,1.446188340807175,87,O BEARMAN,BEA,bearman,9C9FA2,haas,Oliver,Bearman,https://media.formula1.com/d_driver_fallback_image.png/content/dam/fom-website/drivers/O/OLIBEA01_Oliver_Bearman/olibea01.png.transform/1col/image.png,,11,12.0,,,,0 days 00:01:13.145000,Finished,0.0,44.0
2025,Belgian Grand Prix,Race,Nico Hulkenberg,Kick Sauber,12.0,17.030044843049332,24.09013452914799,84.4439461883408,1.446188340807175,27,N HULKENBERG,HUL,hulkenberg,01C00E,sauber,Nico,Hulkenberg,https://media.formula1.com/d_driver_fallback_image.png/content/dam/fom-website/drivers/N/NICHUL01_Nico_Hulkenberg/nichul01.png.transform/1col/image.png,,12,14.0,,,,0 days 00:01:13.628000,Finished,0.0,44.0
2025,Belgian Grand Prix,Race,Yuki Tsunoda,Red Bull Racing,13.0,17.030044843049332,24.09013452914799,84.4439461883408,1.446188340807175,22,Y TSUNODA,TSU,tsunoda,4781D7,red_bull,Yuki,Tsunoda,https://media.formula1.com/d_driver_fallback_image.png/content/dam/fom-website/drivers/Y/YUKTSU01_Yuki_Tsunoda/yuktsu01.png.transform/1col/image.png,,13,7.0,,,,0 days 00:01:15.395000,Finished,0.0,44.0
2025,Belgian Grand Prix,Race,Lance Stroll,Aston Martin,14.0,17.030044843049332,24.09013452914799,84.4439461883408,1.446188340807175,18,L STROLL,STR,stroll,229971,aston_martin,Lance,Stroll,https://media.formula1.com/d_driver_fallback_image.png/content/dam/fom-website/drivers/L/LANSTR01_Lance_Stroll/lanstr01.png.transform/1col/image.png,,14,16.0,,,,0 days 00:01:19.831000,Finished,0.0,44.0
2025,Belgian Grand Prix,Race,Esteban Ocon,Haas F1 Team,15.0,17.030044843049332,24.09013452914799,84.4439461883408,1.446188340807175,31,E OCON,OCO,ocon,9C9FA2,haas,Esteban,Ocon,https://media.formula1.com/d_driver_fallback_image.png/content/dam/fom-website/drivers/E/ESTOCO01_Esteban_Ocon/estoco01.png.transform/1col/image.png,,15,11.0,,,,0 days 00:01:26.063000,Finished,0.0,44.0
2025,Belgian Grand Prix,Race,Kimi Antonelli,Mercedes,16.0,17.030044843049332,24.09013452914799,84.4439461883408,1.446188340807175,12,K ANTONELLI,ANT,antonelli,00D7B6,mercedes,Kimi,Antonelli,https://media.formula1.com/d_driver_fallback_image.png/content/dam/fom-website/drivers/A/ANDANT01_Andrea%20Kimi_Antonelli/andant01.png.transform/1col/image.png,,16,19.0,,,,0 days 00:01:26.721000,Finished,0.0,44.0
2025,Belgian Grand Prix,Race,Fernando Alonso,Aston Martin,17.0,17.030044843049332,24.09013452914799,84.4439461883408,1.446188340807175,14,F ALONSO,ALO,alonso,229971,aston_martin,Fernando,Alonso,https://media.formula1.com/d_driver_fallback_image.png/content/dam/fom-website/drivers/F/FERALO01_Fernando_Alonso/feralo01.png.transform/1col/image.png,,17,20.0,,,,0 days 00:01:27.924000,Finished,0.0,44.0
2025,Belgian Grand Prix,Race,Carlos Sainz,Williams,18.0,17.030044843049332,24.09013452914799,84.4439461883408,1.446188340807175,55,C SAINZ,SAI,sainz,1868DB,williams,Carlos,Sainz,https://media.formula1.com/d_driver_fallback_image.png/content/dam/fom-website/drivers/C/CARSAI01_Carlos_Sainz/carsai01.png.transform/1col/image.png,,18,17.0,,,,0 days 00:01:32.024000,Finished,0.0,44.0
2025,Belgian Grand Prix,Race,Franco Colapinto,Alpine,19.0,17.030044843049332,24.09013452914799,84.4439461883408,1.446188340807175,43,F COLAPINTO,COL,colapinto,00A1E8,alpine,Franco,Colapinto,None,,19,15.0,,,,0 days 00:01:35.250000,Finished,0.0,44.0
2025,Belgian Grand Prix,Race,Isack Hadjar,Racing Bulls,20.0,17.030044843049332,24.09013452914799,84.4439461883408,1.446188340807175,6,I HADJAR,HAD,hadjar,6C98FF,rb,Isack,Hadjar,https://media.formula1.com/d_driver_fallback_image.png/content/dam/fom-website/drivers/I/ISAHAD01_Isack_Hadjar/isahad01.png.transform/1col/image.png,,20,8.0,,,,0 days 00:00:12.942000,Lapped,0.0,43.0
2025,Belgian Grand Prix,Qualifying,Lando Norris,McLaren,1.0,22.645569620253166,37.72658227848101,54.164556962025316,1.3594936708860759,4,L NORRIS,NOR,norris,F47600,mclaren,Lando,Norris,https://media.formula1.com/d_driver_fallback_image.png/content/dam/fom-website/drivers/L/LANNOR01_Lando_Norris/lannor01.png.transform/1col/image.png,,,,0 days 00:01:41.010000,0 days 00:01:40.715000,0 days 00:01:40.562000,,,,
2025,Belgian Grand Prix,Qualifying,Oscar Piastri,McLaren,2.0,22.645569620253166,37.72658227848101,54.164556962025316,1.3594936708860759,81,O PIASTRI,PIA,piastri,F47600,mclaren,Oscar,Piastri,https://media.formula1.com/d_driver_fallback_image.png/content/dam/fom-website/drivers/O/OSCPIA01_Oscar_Piastri/oscpia01.png.transform/1col/image.png,,,,0 days 00:01:41.201000,0 days 00:01:40.626000,0 days 00:01:40.647000,,,,
2025,Belgian Grand Prix,Qualifying,Charles Leclerc,Ferrari,3.0,22.645569620253166,37.72658227848101,54.164556962025316,1.3594936708860759,16,C LECLERC,LEC,leclerc,ED1131,ferrari,Charles,Leclerc,https://media.formula1.com/d_driver_fallback_image.png/content/dam/fom-website/drivers/C/CHALEC01_Charles_Leclerc/chalec01.png.transform/1col/image.png,,,,0 days 00:01:41.635000,0 days 00:01:41.084000,0 days 00:01:40.900000,,,,
2025,Belgian Grand Prix,Qualifying,Max Verstappen,Red Bull Racing,4.0,22.645569620253166,37.72658227848101,54.164556962025316,1.3594936708860759,1,M VERSTAPPEN,VER,max_verstappen,4781D7,red_bull,Max,Verstappen,https://media.formula1.com/d_driver_fallback_image.png/content/dam/fom-website/drivers/M/MAXVER01_Max_Verstappen/maxver01.png.transform/1col/image.png,,,,0 days 00:01:41.334000,0 days 00:01:40.951000,0 days 00:01:40.903000,,,,
2025,Belgian Grand Prix,Qualifying,Alexander Albon,Williams,5.0,22.645569620253166,37.72658227848101,54.164556962025316,1.3594936708860759,23,A ALBON,ALB,albon,1868DB,williams,Alexander,Albon,https://media.formula1.com/d_driver_fallback_image.png/content/dam/fom-website/drivers/A/ALEALB01_Alexander_Albon/alealb01.png.transform/1col/image.png,,,,0 days 00:01:41.772000,0 days 00:01:41.505000,0 days 00:01:41.201000,,,,
2025,Belgian Grand Prix,Qualifying,George Russell,Mercedes,6.0,22.645569620253166,37.72658227848101,54.164556962025316,1.3594936708860759,63,G RUSSELL,RUS,russell,00D7B6,mercedes,George,Russell,https://media.formula1.com/d_driver_fallback_image.png/content/dam/fom-website/drivers/G/GEORUS01_George_Russell/georus01.png.transform/1col/image.png,,,,0 days 00:01:41.784000,0 days 00:01:41.254000,0 days 00:01:41.260000,,,,
2025,Belgian Grand Prix,Qualifying,Yuki Tsunoda,Red Bull Racing,7.0,22.645569620253166,37.72658227848101,54.164556962025316,1.3594936708860759,22,Y TSUNODA,TSU,tsunoda,4781D7,red_bull,Yuki,Tsunoda,https://media.formula1.com/d_driver_fallback_image.png/content/dam/fom-website/drivers/Y/YUKTSU01_Yuki_Tsunoda/yuktsu01.png.transform/1col/image.png,,,,0 days 00:01:41.840000,0 days 00:01:41.245000,0 days 00:01:41.284000,,,,
2025,Belgian Grand Prix,Qualifying,Isack Hadjar,Racing Bulls,8.0,22.645569620253166,37.72658227848101,54.164556962025316,1.3594936708860759,6,I HADJAR,HAD,hadjar,6C98FF,rb,Isack,Hadjar,https://media.formula1.com/d_driver_fallback_image.png/content/dam/fom-website/drivers/I/ISAHAD01_Isack_Hadjar/isahad01.png.transform/1col/image.png,,,,0 days 00:01:41.572000,0 days 00:01:41.281000,0 days 00:01:41.310000,,,,
2025,Belgian Grand Prix,Qualifying,Liam Lawson,Racing Bulls,9.0,22.645569620253166,37.72658227848101,54.164556962025316,1.3594936708860759,30,L LAWSON,LAW,lawson,6C98FF,rb,Liam,Lawson,https://media.formula1.com/d_driver_fallback_image.png/content/dam/fom-website/drivers/L/LIALAW01_Liam_Lawson/lialaw01.png.transform/1col/image.png,,,,0 days 00:01:41.748000,0 days 00:01:41.297000,0 days 00:01:41.328000,,,,
2025,Belgian Grand Prix,Qualifying,Gabriel Bortoleto,Kick Sauber,10.0,22.645569620253166,37.72658227848101,54.164556962025316,1.3594936708860759,5,G BORTOLETO,BOR,bortoleto,01C00E,sauber,Gabriel,Bortoleto,https://media.formula1.com/d_driver_fallback_image.png/content/dam/fom-website/drivers/G/GABBOR01_Gabriel_Bortoleto/gabbor01.png.transform/1col/image.png,,,,0 days 00:01:41.908000,0 days 00:01:41.336000,0 days 00:01:42.387000,,,,
2025,Belgian Grand Prix,Qualifying,Esteban Ocon,Haas F1 Team,11.0,22.645569620253166,37.72658227848101,54.164556962025316,1.3594936708860759,31,E OCON,OCO,ocon,9C9FA2,haas,Esteban,Ocon,https://media.formula1.com/d_driver_fallback_image.png/content/dam/fom-website/drivers/E/ESTOCO01_Esteban_Ocon/estoco01.png.transform/1col/image.png,,,,0 days 00:01:41.884000,0 days 00:01:41.525000,,,,,
2025,Belgian Grand Prix,Qualifying,Oliver Bearman,Haas F1 Team,12.0,22.645569620253166,37.72658227848101,54.164556962025316,1.3594936708860759,87,O BEARMAN,BEA,bearman,9C9FA2,haas,Oliver,Bearman,https://media.formula1.com/d_driver_fallback_image.png/content/dam/fom-website/drivers/O/OLIBEA01_Oliver_Bearman/olibea01.png.transform/1col/image.png,,,,0 days 00:01:41.617000,0 days 00:01:41.617000,,,,,
2025,Belgian Grand Prix,Qualifying,Pierre Gasly,Alpine,13.0,22.645569620253166,37.72658227848101,54.164556962025316,1.3594936708860759,10,P GASLY,GAS,gasly,00A1E8,alpine,Pierre,Gasly,https://media.formula1.com/d_driver_fallback_image.png/content/dam/fom-website/drivers/P/PIEGAS01_Pierre_Gasly/piegas01.png.transform/1col/image.png,,,,0 days 00:01:41.800000,0 days 00:01:41.633000,,,,,
2025,Belgian Grand Prix,Qualifying,Nico Hulkenberg,Kick Sauber,14.0,22.645569620253166,37.72658227848101,54.164556962025316,1.3594936708860759,27,N HULKENBERG,HUL,hulkenberg,01C00E,sauber,Nico,Hulkenberg,https://media.formula1.com/d_driver_fallback_image.png/content/dam/fom-website/drivers/N/NICHUL01_Nico_Hulkenberg/nichul01.png.transform/1col/image.png,,,,0 days 00:01:41.844000,0 days 00:01:41.707000,,,,,
2025,Belgian Grand Prix,Qualifying,Carlos Sainz,Williams,15.0,22.645569620253166,37.72658227848101,54.164556962025316,1.3594936708860759,55,C SAINZ,SAI,sainz,1868DB,williams,Carlos,Sainz,https://media.formula1.com/d_driver_fallback_image.png/content/dam/fom-website/drivers/C/CARSAI01_Carlos_Sainz/carsai01.png.transform/1col/image.png,,,,0 days 00:01:41.691000,0 days 00:01:41.758000,,,,,
2025,Belgian Grand Prix,Qualifying,Lewis Hamilton,Ferrari,16.0,22.645569620253166,37.72658227848101,54.164556962025316,1.3594936708860759,44,L HAMILTON,HAM,hamilton,ED1131,ferrari,Lewis,Hamilton,https://media.formula1.com/d_driver_fallback_image.png/content/dam/fom-website/drivers/L/LEWHAM01_Lewis_Hamilton/lewham01.png.transform/1col/image.png,,,,0 days 00:01:41.939000,,,,,,
2025,Belgian Grand Prix,Qualifying,Franco Colapinto,Alpine,17.0,22.645569620253166,37.72658227848101,54.164556962025316,1.3594936708860759,43,F COLAPINTO,COL,colapinto,00A1E8,alpine,Franco,Colapinto,None,,,,0 days 00:01:42.022000,,,,,,
2025,Belgian Grand Prix,Qualifying,Kimi Antonelli,Mercedes,18.0,22.645569620253166,37.72658227848101,54.164556962025316,1.3594936708860759,12,K ANTONELLI,ANT,antonelli,00D7B6,mercedes,Kimi,Antonelli,https://media.formula1.com/d_driver_fallback_image.png/content/dam/fom-website/drivers/A/ANDANT01_Andrea%20Kimi_Antonelli/andant01.png.transform/1col/image.png,,,,0 days 00:01:42.139000,,,,,,
2025,Belgian Grand Prix,Qualifying,Fernando Alonso,Aston Martin,19.0,22.645569620253166,37.72658227848101,54.164556962025316,1.3594936708860759,14,F ALONSO,ALO,alonso,229971,aston_martin,Fernando,Alonso,https://media.formula1.com/d_driver_fallback_image.png/content/dam/fom-website/drivers/F/FERALO01_Fernando_Alonso/feralo01.png.transform/1col/image.png,,,,0 days 00:01:42.385000,,,,,,
2025,Belgian Grand Prix,Qualifying,Lance Stroll,Aston Martin,20.0,22.645569620253166,37.72658227848101,54.164556962025316,1.3594936708860759,18,L STROLL,STR,stroll,229971,aston_martin,Lance,Stroll,https://media.formula1.com/d_driver_fallback_image.png/content/dam/fom-website/drivers/L/LANSTR01_Lance_Stroll/lanstr01.png.transform/1col/image.png,,,,0 days 00:01:42.502000,,,,,,
2025,Belgian Grand Prix,Sprint,Max Verstappen,Red Bull Racing,1.0,20.942500000000003,35.21375,61.125,1.15875,1,M VERSTAPPEN,VER,max_verstappen,4781D7,red_bull,Max,Verstappen,https://media.formula1.com/d_driver_fallback_image.png/content/dam/fom-website/drivers/M/MAXVER01_Max_Verstappen/maxver01.png.transform/1col/image.png,,1,2.0,,,,0 days 00:26:37.997000,Finished,8.0,15.0
2025,Belgian Grand Prix,Sprint,Oscar Piastri,McLaren,2.0,20.942500000000003,35.21375,61.125,1.15875,81,O PIASTRI,PIA,piastri,F47600,mclaren,Oscar,Piastri,https://media.formula1.com/d_driver_fallback_image.png/content/dam/fom-website/drivers/O/OSCPIA01_Oscar_Piastri/oscpia01.png.transform/1col/image.png,,2,1.0,,,,0 days 00:00:00.753000,Finished,7.0,15.0
2025,Belgian Grand Prix,Sprint,Lando Norris,McLaren,3.0,20.942500000000003,35.21375,61.125,1.15875,4,L NORRIS,NOR,norris,F47600,mclaren,Lando,Norris,https://media.formula1.com/d_driver_fallback_image.png/content/dam/fom-website/drivers/L/LANNOR01_Lando_Norris/lannor01.png.transform/1col/image.png,,3,3.0,,,,0 days 00:00:01.414000,Finished,6.0,15.0
2025,Belgian Grand Prix,Sprint,Charles Leclerc,Ferrari,4.0,20.942500000000003,35.21375,61.125,1.15875,16,C LECLERC,LEC,leclerc,ED1131,ferrari,Charles,Leclerc,https://media.formula1.com/d_driver_fallback_image.png/content/dam/fom-website/drivers/C/CHALEC01_Charles_Leclerc/chalec01.png.transform/1col/image.png,,4,4.0,,,,0 days 00:00:10.176000,Finished,5.0,15.0
2025,Belgian Grand Prix,Sprint,Esteban Ocon,Haas F1 Team,5.0,20.942500000000003,35.21375,61.125,1.15875,31,E OCON,OCO,ocon,9C9FA2,haas,Esteban,Ocon,https://media.formula1.com/d_driver_fallback_image.png/content/dam/fom-website/drivers/E/ESTOCO01_Esteban_Ocon/estoco01.png.transform/1col/image.png,,5,5.0,,,,0 days 00:00:13.789000,Finished,4.0,15.0
2025,Belgian Grand Prix,Sprint,Carlos Sainz,Williams,6.0,20.942500000000003,35.21375,61.125,1.15875,55,C SAINZ,SAI,sainz,1868DB,williams,Carlos,Sainz,https://media.formula1.com/d_driver_fallback_image.png/content/dam/fom-website/drivers/C/CARSAI01_Carlos_Sainz/carsai01.png.transform/1col/image.png,,6,6.0,,,,0 days 00:00:14.964000,Finished,3.0,15.0
2025,Belgian Grand Prix,Sprint,Oliver Bearman,Haas F1 Team,7.0,20.942500000000003,35.21375,61.125,1.15875,87,O BEARMAN,BEA,bearman,9C9FA2,haas,Oliver,Bearman,https://media.formula1.com/d_driver_fallback_image.png/content/dam/fom-website/drivers/O/OLIBEA01_Oliver_Bearman/olibea01.png.transform/1col/image.png,,7,7.0,,,,0 days 00:00:18.610000,Finished,2.0,15.0
2025,Belgian Grand Prix,Sprint,Isack Hadjar,Racing Bulls,8.0,20.942500000000003,35.21375,61.125,1.15875,6,I HADJAR,HAD,hadjar,6C98FF,rb,Isack,Hadjar,https://media.formula1.com/d_driver_fallback_image.png/content/dam/fom-website/drivers/I/ISAHAD01_Isack_Hadjar/isahad01.png.transform/1col/image.png,,8,9.0,,,,0 days 00:00:19.119000,Finished,1.0,15.0
2025,Belgian Grand Prix,Sprint,Gabriel Bortoleto,Kick Sauber,9.0,20.942500000000003,35.21375,61.125,1.15875,5,G BORTOLETO,BOR,bortoleto,01C00E,sauber,Gabriel,Bortoleto,https://media.formula1.com/d_driver_fallback_image.png/content/dam/fom-website/drivers/G/GABBOR01_Gabriel_Bortoleto/gabbor01.png.transform/1col/image.png,,9,10.0,,,,0 days 00:00:22.183000,Finished,0.0,15.0
2025,Belgian Grand Prix,Sprint,Liam Lawson,Racing Bulls,10.0,20.942500000000003,35.21375,61.125,1.15875,30,L LAWSON,LAW,lawson,6C98FF,rb,Liam,Lawson,https://media.formula1.com/d_driver_fallback_image.png/content/dam/fom-website/drivers/L/LIALAW01_Liam_Lawson/lialaw01.png.transform/1col/image.png,,10,11.0,,,,0 days 00:00:22.897000,Finished,0.0,15.0
2025,Belgian Grand Prix,Sprint,Yuki Tsunoda,Red Bull Racing,11.0,20.942500000000003,35.21375,61.125,1.15875,22,Y TSUNODA,TSU,tsunoda,4781D7,red_bull,Yuki,Tsunoda,https://media.formula1.com/d_driver_fallback_image.png/content/dam/fom-website/drivers/Y/YUKTSU01_Yuki_Tsunoda/yuktsu01.png.transform/1col/image.png,,11,12.0,,,,0 days 00:00:24.551000,Finished,0.0,15.0
2025,Belgian Grand Prix,Sprint,George Russell,Mercedes,12.0,20.942500000000003,35.21375,61.125,1.15875,63,G RUSSELL,RUS,russell,00D7B6,mercedes,George,Russell,https://media.formula1.com/d_driver_fallback_image.png/content/dam/fom-website/drivers/G/GEORUS01_George_Russell/georus01.png.transform/1col/image.png,,12,13.0,,,,0 days 00:00:25.969000,Finished,0.0,15.0
2025,Belgian Grand Prix,Sprint,Lance Stroll,Aston Martin,13.0,20.942500000000003,35.21375,61.125,1.15875,18,L STROLL,STR,stroll,229971,aston_martin,Lance,Stroll,https://media.formula1.com/d_driver_fallback_image.png/content/dam/fom-website/drivers/L/LANSTR01_Lance_Stroll/lanstr01.png.transform/1col/image.png,,13,15.0,,,,0 days 00:00:26.595000,Finished,0.0,15.0
2025,Belgian Grand Prix,Sprint,Fernando Alonso,Aston Martin,14.0,20.942500000000003,35.21375,61.125,1.15875,14,F ALONSO,ALO,alonso,229971,aston_martin,Fernando,Alonso,https://media.formula1.com/d_driver_fallback_image.png/content/dam/fom-website/drivers/F/FERALO01_Fernando_Alonso/feralo01.png.transform/1col/image.png,,14,14.0,,,,0 days 00:00:29.046000,Finished,0.0,15.0
2025,Belgian Grand Prix,Sprint,Lewis Hamilton,Ferrari,15.0,20.942500000000003,35.21375,61.125,1.15875,44,L HAMILTON,HAM,hamilton,ED1131,ferrari,Lewis,Hamilton,https://media.formula1.com/d_driver_fallback_image.png/content/dam/fom-website/drivers/L/LEWHAM01_Lewis_Hamilton/lewham01.png.transform/1col/image.png,,15,18.0,,,,0 days 00:00:30.175000,Finished,0.0,15.0
2025,Belgian Grand Prix,Sprint,Alexander Albon,Williams,16.0,20.942500000000003,35.21375,61.125,1.15875,23,A ALBON,ALB,albon,1868DB,williams,Alexander,Albon,https://media.formula1.com/d_driver_fallback_image.png/content/dam/fom-website/drivers/A/ALEALB01_Alexander_Albon/alealb01.png.transform/1col/image.png,,16,16.0,,,,0 days 00:00:30.941000,Finished,0.0,15.0
2025,Belgian Grand Prix,Sprint,Kimi Antonelli,Mercedes,17.0,20.942500000000003,35.21375,61.125,1.15875,12,K ANTONELLI,ANT,antonelli,00D7B6,mercedes,Kimi,Antonelli,https://media.formula1.com/d_driver_fallback_image.png/content/dam/fom-website/drivers/A/ANDANT01_Andrea%20Kimi_Antonelli/andant01.png.transform/1col/image.png,,17,19.0,,,,0 days 00:00:31.981000,Finished,0.0,15.0
2025,Belgian Grand Prix,Sprint,Nico Hulkenberg,Kick Sauber,18.0,20.942500000000003,35.21375,61.125,1.15875,27,N HULKENBERG,HUL,hulkenberg,01C00E,sauber,Nico,Hulkenberg,https://media.formula1.com/d_driver_fallback_image.png/content/dam/fom-website/drivers/N/NICHUL01_Nico_Hulkenberg/nichul01.png.transform/1col/image.png,,18,17.0,,,,0 days 00:00:32.867000,Finished,0.0,15.0
2025,Belgian Grand Prix,Sprint,Franco Colapinto,Alpine,19.0,20.942500000000003,35.21375,61.125,1.15875,43,F COLAPINTO,COL,colapinto,00A1E8,alpine,Franco,Colapinto,None,,19,20.0,,,,0 days 00:00:38.072000,Finished,0.0,15.0
2025,Belgian Grand Prix,Sprint,Pierre Gasly,Alpine,20.0,20.942500000000003,35.21375,61.125,1.15875,10,P GASLY,GAS,gasly,00A1E8,alpine,Pierre,Gasly,https://media.formula1.com/d_driver_fallback_image.png/content/dam/fom-website/drivers/P/PIEGAS01_Pierre_Gasly/piegas01.png.transform/1col/image.png,,R,8.0,,,,,Retired,0.0,12.0
2025,Belgian Grand Prix,Practice 1,Max Verstappen,Red Bull Racing,,20.919753086419753,35.938271604938265,67.51851851851852,1.5432098765432098,1,M VERSTAPPEN,VER,max_verstappen,4781D7,red_bull,Max,Verstappen,https://media.formula1.com/d_driver_fallback_image.png/content/dam/fom-website/drivers/M/MAXVER01_Max_Verstappen/maxver01.png.transform/1col/image.png,,,,,,,,,,
2025,Belgian Grand Prix,Practice 1,Lando Norris,McLaren,,20.919753086419753,35.938271604938265,67.51851851851852,1.5432098765432098,4,L NORRIS,NOR,norris,F47600,mclaren,Lando,Norris,https://media.formula1.com/d_driver_fallback_image.png/content/dam/fom-website/drivers/L/LANNOR01_Lando_Norris/lannor01.png.transform/1col/image.png,,,,,,,,,,
2025,Belgian Grand Prix,Practice 1,Gabriel Bortoleto,Kick Sauber,,20.919753086419753,35.938271604938265,67.51851851851852,1.5432098765432098,5,G BORTOLETO,BOR,bortoleto,01C00E,sauber,Gabriel,Bortoleto,https://media.formula1.com/d_driver_fallback_image.png/content/dam/fom-website/drivers/G/GABBOR01_Gabriel_Bortoleto/gabbor01.png.transform/1col/image.png,,,,,,,,,,
2025,Belgian Grand Prix,Practice 1,Isack Hadjar,Racing Bulls,,20.919753086419753,35.938271604938265,67.51851851851852,1.5432098765432098,6,I HADJAR,HAD,hadjar,6C98FF,rb,Isack,Hadjar,https://media.formula1.com/d_driver_fallback_image.png/content/dam/fom-website/drivers/I/ISAHAD01_Isack_Hadjar/isahad01.png.transform/1col/image.png,,,,,,,,,,
2025,Belgian Grand Prix,Practice 1,Pierre Gasly,Alpine,,20.919753086419753,35.938271604938265,67.51851851851852,1.5432098765432098,10,P GASLY,GAS,gasly,00A1E8,alpine,Pierre,Gasly,https://media.formula1.com/d_driver_fallback_image.png/content/dam/fom-website/drivers/P/PIEGAS01_Pierre_Gasly/piegas01.png.transform/1col/image.png,,,,,,,,,,
2025,Belgian Grand Prix,Practice 1,Kimi Antonelli,Mercedes,,20.919753086419753,35.938271604938265,67.51851851851852,1.5432098765432098,12,K ANTONELLI,ANT,antonelli,00D7B6,mercedes,Kimi,Antonelli,https://media.formula1.com/d_driver_fallback_image.png/content/dam/fom-website/drivers/A/ANDANT01_Andrea%20Kimi_Antonelli/andant01.png.transform/1col/image.png,,,,,,,,,,
2025,Belgian Grand Prix,Practice 1,Fernando Alonso,Aston Martin,,20.919753086419753,35.938271604938265,67.51851851851852,1.5432098765432098,14,F ALONSO,ALO,alonso,229971,aston_martin,Fernando,Alonso,https://media.formula1.com/d_driver_fallback_image.png/content/dam/fom-website/drivers/F/FERALO01_Fernando_Alonso/feralo01.png.transform/1col/image.png,,,,,,,,,,
2025,Belgian Grand Prix,Practice 1,Charles Leclerc,Ferrari,,20.919753086419753,35.938271604938265,67.51851851851852,1.5432098765432098,16,C LECLERC,LEC,leclerc,ED1131,ferrari,Charles,Leclerc,https://media.formula1.com/d_driver_fallback_image.png/content/dam/fom-website/drivers/C/CHALEC01_Charles_Leclerc/chalec01.png.transform/1col/image.png,,,,,,,,,,
2025,Belgian Grand Prix,Practice 1,Lance Stroll,Aston Martin,,20.919753086419753,35.938271604938265,67.51851851851852,1.5432098765432098,18,L STROLL,STR,stroll,229971,aston_martin,Lance,Stroll,https://media.formula1.com/d_driver_fallback_image.png/content/dam/fom-website/drivers/L/LANSTR01_Lance_Stroll/lanstr01.png.transform/1col/image.png,,,,,,,,,,
2025,Belgian Grand Prix,Practice 1,Yuki Tsunoda,Red Bull Racing,,20.919753086419753,35.938271604938265,67.51851851851852,1.5432098765432098,22,Y TSUNODA,TSU,tsunoda,4781D7,red_bull,Yuki,Tsunoda,https://media.formula1.com/d_driver_fallback_image.png/content/dam/fom-website/drivers/Y/YUKTSU01_Yuki_Tsunoda/yuktsu01.png.transform/1col/image.png,,,,,,,,,,
2025,Belgian Grand Prix,Practice 1,Alexander Albon,Williams,,20.919753086419753,35.938271604938265,67.51851851851852,1.5432098765432098,23,A ALBON,ALB,albon,1868DB,williams,Alexander,Albon,https://media.formula1.com/d_driver_fallback_image.png/content/dam/fom-website/drivers/A/ALEALB01_Alexander_Albon/alealb01.png.transform/1col/image.png,,,,,,,,,,
2025,Belgian Grand Prix,Practice 1,Nico Hulkenberg,Kick Sauber,,20.919753086419753,35.938271604938265,67.51851851851852,1.5432098765432098,27,N HULKENBERG,HUL,hulkenberg,01C00E,sauber,Nico,Hulkenberg,https://media.formula1.com/d_driver_fallback_image.png/content/dam/fom-website/drivers/N/NICHUL01_Nico_Hulkenberg/nichul01.png.transform/1col/image.png,,,,,,,,,,
2025,Belgian Grand Prix,Practice 1,Liam Lawson,Racing Bulls,,20.919753086419753,35.938271604938265,67.51851851851852,1.5432098765432098,30,L LAWSON,LAW,lawson,6C98FF,rb,Liam,Lawson,https://media.formula1.com/d_driver_fallback_image.png/content/dam/fom-website/drivers/L/LIALAW01_Liam_Lawson/lialaw01.png.transform/1col/image.png,,,,,,,,,,
2025,Belgian Grand Prix,Practice 1,Esteban Ocon,Haas F1 Team,,20.919753086419753,35.938271604938265,67.51851851851852,1.5432098765432098,31,E OCON,OCO,ocon,9C9FA2,haas,Esteban,Ocon,https://media.formula1.com/d_driver_fallback_image.png/content/dam/fom-website/drivers/E/ESTOCO01_Esteban_Ocon/estoco01.png.transform/1col/image.png,,,,,,,,,,
2025,Belgian Grand Prix,Practice 1,Franco Colapinto,Alpine,,20.919753086419753,35.938271604938265,67.51851851851852,1.5432098765432098,43,F COLAPINTO,COL,colapinto,00A1E8,alpine,Franco,Colapinto,None,,,,,,,,,,
2025,Belgian Grand Prix,Practice 1,Lewis Hamilton,Ferrari,,20.919753086419753,35.938271604938265,67.51851851851852,1.5432098765432098,44,L HAMILTON,HAM,hamilton,ED1131,ferrari,Lewis,Hamilton,https://media.formula1.com/d_driver_fallback_image.png/content/dam/fom-website/drivers/L/LEWHAM01_Lewis_Hamilton/lewham01.png.transform/1col/image.png,,,,,,,,,,
2025,Belgian Grand Prix,Practice 1,Carlos Sainz,Williams,,20.919753086419753,35.938271604938265,67.51851851851852,1.5432098765432098,55,C SAINZ,SAI,sainz,1868DB,williams,Carlos,Sainz,https://media.formula1.com/d_driver_fallback_image.png/content/dam/fom-website/drivers/C/CARSAI01_Carlos_Sainz/carsai01.png.transform/1col/image.png,,,,,,,,,,
2025,Belgian Grand Prix,Practice 1,George Russell,Mercedes,,20.919753086419753,35.938271604938265,67.51851851851852,1.5432098765432098,63,G RUSSELL,RUS,russell,00D7B6,mercedes,George,Russell,https://media.formula1.com/d_driver_fallback_image.png/content/dam/fom-website/drivers/G/GEORUS01_George_Russell/georus01.png.transform/1col/image.png,,,,,,,,,,
2025,Belgian Grand Prix,Practice 1,Oscar Piastri,McLaren,,20.919753086419753,35.938271604938265,67.51851851851852,1.5432098765432098,81,O PIASTRI,PIA,piastri,F47600,mclaren,Oscar,Piastri,https://media.formula1.com/d_driver_fallback_image.png/content/dam/fom-website/drivers/O/OSCPIA01_Oscar_Piastri/oscpia01.png.transform/1col/image.png,,,,,,,,,,
2025,Belgian Grand Prix,Practice 1,Oliver Bearman,Haas F1 Team,,20.919753086419753,35.938271604938265,67.51851851851852,1.5432098765432098,87,O BEARMAN,BEA,bearman,9C9FA2,haas,Oliver,Bearman,https://media.formula1.com/d_driver_fallback_image.png/content/dam/fom-website/drivers/O/OLIBEA01_Oliver_Bearman/olibea01.png.transform/1col/image.png,,,,,,,,,,
