Year,EventName,SessionName,FullName,TeamName,Position,AvgAirTemp,AvgTrackTemp,AvgHumidity,AvgWindSpeed,DriverNumber,BroadcastName,Abbreviation,DriverId,TeamColor,TeamId,FirstName,LastName,HeadshotUrl,CountryCode,ClassifiedPosition,GridPosition,Q1,Q2,Q3,Time,Status,Points,Laps
2022,Bahrain Grand Prix,Race,Charles Leclerc,Ferrari,1.0,23.617791411042944,28.61042944785276,29.49079754601227,0.3049079754601227,16,C LECLERC,LEC,leclerc,ed1c24,ferrari,Charles,Leclerc,https://www.formula1.com/content/dam/fom-website/drivers/C/CHALEC01_Charles_Leclerc/chalec01.png.transform/1col/image.png,MON,1,1.0,,,,0 days 01:37:33.584000,Finished,26.0,57.0
2022,Bahrain Grand Prix,Race,Carlos Sainz,Ferrari,2.0,23.617791411042944,28.61042944785276,29.49079754601227,0.3049079754601227,55,C SAINZ,SAI,sainz,ed1c24,ferrari,Carlos,Sainz,https://www.formula1.com/content/dam/fom-website/drivers/C/CARSAI01_Carlos_Sainz/carsai01.png.transform/1col/image.png,ESP,2,3.0,,,,0 days 00:00:05.598000,Finished,18.0,57.0
2022,Bahrain Grand Prix,Race,Lewis Hamilton,Mercedes,3.0,23.617791411042944,28.61042944785276,29.49079754601227,0.3049079754601227,44,L HAMILTON,HAM,hamilton,6cd3bf,mercedes,Lewis,Hamilton,https://www.formula1.com/content/dam/fom-website/drivers/L/LEWHAM01_Lewis_Hamilton/lewham01.png.transform/1col/image.png,GBR,3,5.0,,,,0 days 00:00:09.675000,Finished,15.0,57.0
2022,Bahrain Grand Prix,Race,George Russell,Mercedes,4.0,23.617791411042944,28.61042944785276,29.49079754601227,0.3049079754601227,63,G RUSSELL,RUS,russell,6cd3bf,mercedes,George,Russell,https://www.formula1.com/content/dam/fom-website/drivers/G/GEORUS01_George_Russell/georus01.png.transform/1col/image.png,GBR,4,9.0,,,,0 days 00:00:11.211000,Finished,12.0,57.0
2022,Bahrain Grand Prix,Race,Kevin Magnussen,Haas F1 Team,5.0,23.617791411042944,28.61042944785276,29.49079754601227,0.3049079754601227,20,K MAGNUSSEN,MAG,kevin_magnussen,b6babd,haas,Kevin,Magnussen,None,DEN,5,7.0,,,,0 days 00:00:14.754000,Finished,10.0,57.0
2022,Bahrain Grand Prix,Race,Valtteri Bottas,Alfa Romeo,6.0,23.617791411042944,28.61042944785276,29.49079754601227,0.3049079754601227,77,V BOTTAS,BOT,bottas,b12039,alfa,Valtteri,Bottas,https://www.formula1.com/content/dam/fom-website/drivers/V/VALBOT01_Valtteri_Bottas/valbot01.png.transform/1col/image.png,FIN,6,6.0,,,,0 days 00:00:16.119000,Finished,8.0,57.0
2022,Bahrain Grand Prix,Race,Esteban Ocon,Alpine,7.0,23.617791411042944,28.61042944785276,29.49079754601227,0.3049079754601227,31,E OCON,OCO,ocon,2293d1,alpine,Esteban,Ocon,https://www.formula1.com/content/dam/fom-website/drivers/E/ESTOCO01_Esteban_Ocon/estoco01.png.transform/1col/image.png,FRA,7,11.0,,,,0 days 00:00:19.423000,Finished,6.0,57.0
2022,Bahrain Grand Prix,Race,Yuki Tsunoda,AlphaTauri,8.0,23.617791411042944,28.61042944785276,29.49079754601227,0.3049079754601227,22,Y TSUNODA,TSU,tsunoda,4e7c9b,alphatauri,Yuki,Tsunoda,https://www.formula1.com/content/dam/fom-website/drivers/Y/YUKTSU01_Yuki_Tsunoda/yuktsu01.png.transform/1col/image.png,JPN,8,16.0,,,,0 days 00:00:20.386000,Finished,4.0,57.0
2022,Bahrain Grand Prix,Race,Fernando Alonso,Alpine,9.0,23.617791411042944,28.61042944785276,29.49079754601227,0.3049079754601227,14,F ALONSO,ALO,alonso,2293d1,alpine,Fernando,Alonso,https://www.formula1.com/content/dam/fom-website/drivers/F/FERALO01_Fernando_Alonso/feralo01.png.transform/1col/image.png,ESP,9,8.0,,,,0 days 00:00:22.390000,Finished,2.0,57.0
2022,Bahrain Grand Prix,Race,Guanyu Zhou,Alfa Romeo,10.0,23.617791411042944,28.61042944785276,29.49079754601227,0.3049079754601227,24,G ZHOU,ZHO,zhou,b12039,alfa,Guanyu,Zhou,https://www.formula1.com/content/dam/fom-website/drivers/G/GUAZHO01_Guanyu_Zhou/guazho01.png.transform/1col/image.png,CHN,10,15.0,,,,0 days 00:00:23.064000,Finished,1.0,57.0
2022,Bahrain Grand Prix,Race,Mick Schumacher,Haas F1 Team,11.0,23.617791411042944,28.61042944785276,29.49079754601227,0.3049079754601227,47,M SCHUMACHER,MSC,mick_schumacher,b6babd,haas,Mick,Schumacher,https://www.formula1.com/content/dam/fom-website/drivers/M/MICSCH02_Mick_Schumacher/micsch02.png.transform/1col/image.png,GER,11,12.0,,,,0 days 00:00:32.574000,Finished,0.0,57.0
2022,Bahrain Grand Prix,Race,Lance Stroll,Aston Martin,12.0,23.617791411042944,28.61042944785276,29.49079754601227,0.3049079754601227,18,L STROLL,STR,stroll,2d826d,aston_martin,Lance,Stroll,https://www.formula1.com/content/dam/fom-website/drivers/L/LANSTR01_Lance_Stroll/lanstr01.png.transform/1col/image.png,CAN,12,19.0,,,,0 days 00:00:45.873000,Finished,0.0,57.0
2022,Bahrain Grand Prix,Race,Alexander Albon,Williams,13.0,23.617791411042944,28.61042944785276,29.49079754601227,0.3049079754601227,23,A ALBON,ALB,albon,37bedd,williams,Alexander,Albon,https://www.formula1.com/content/dam/fom-website/drivers/A/ALEALB01_Alexander_Albon/alealb01.png.transform/1col/image.png,THA,13,14.0,,,,0 days 00:00:53.932000,Finished,0.0,57.0
2022,Bahrain Grand Prix,Race,Daniel Ricciardo,McLaren,14.0,23.617791411042944,28.61042944785276,29.49079754601227,0.3049079754601227,3,D RICCIARDO,RIC,ricciardo,f58020,mclaren,Daniel,Ricciardo,https://www.formula1.com/content/dam/fom-website/drivers/D/DANRIC01_Daniel_Ricciardo/danric01.png.transform/1col/image.png,AUS,14,18.0,,,,0 days 00:00:54.975000,Finished,0.0,57.0
2022,Bahrain Grand Prix,Race,Lando Norris,McLaren,15.0,23.617791411042944,28.61042944785276,29.49079754601227,0.3049079754601227,4,L NORRIS,NOR,norris,f58020,mclaren,Lando,Norris,https://www.formula1.com/content/dam/fom-website/drivers/L/LANNOR01_Lando_Norris/lannor01.png.transform/1col/image.png,GBR,15,13.0,,,,0 days 00:00:56.335000,Finished,0.0,57.0
2022,Bahrain Grand Prix,Race,Nicholas Latifi,Williams,16.0,23.617791411042944,28.61042944785276,29.49079754601227,0.3049079754601227,6,N LATIFI,LAT,latifi,37bedd,williams,Nicholas,Latifi,https://www.formula1.com/content/dam/fom-website/drivers/N/NICLAF01_Nicholas_Latifi/niclaf01.png.transform/1col/image.png,CAN,16,20.0,,,,0 days 00:01:01.795000,Finished,0.0,57.0
2022,Bahrain Grand Prix,Race,Nico Hulkenberg,Aston Martin,17.0,23.617791411042944,28.61042944785276,29.49079754601227,0.3049079754601227,27,N HULKENBERG,HUL,hulkenberg,2d826d,aston_martin,Nico,Hulkenberg,None,GER,17,17.0,,,,0 days 00:01:03.829000,Finished,0.0,57.0
2022,Bahrain Grand Prix,Race,Sergio Perez,Red Bull Racing,18.0,23.617791411042944,28.61042944785276,29.49079754601227,0.3049079754601227,11,S PEREZ,PER,perez,1e5bc6,red_bull,Sergio,Perez,https://www.formula1.com/content/dam/fom-website/drivers/S/SERPER01_Sergio_Perez/serper01.png.transform/1col/image.png,MEX,18,4.0,,,,,Fuel pressure,0.0,56.0
2022,Bahrain Grand Prix,Race,Max Verstappen,Red Bull Racing,19.0,23.617791411042944,28.61042944785276,29.49079754601227,0.3049079754601227,1,M VERSTAPPEN,VER,max_verstappen,1e5bc6,red_bull,Max,Verstappen,https://www.formula1.com/content/dam/fom-website/drivers/M/MAXVER01_Max_Verstappen/maxver01.png.transform/1col/image.png,NED,19,2.0,,,,,Fuel pressure,0.0,54.0
2022,Bahrain Grand Prix,Race,Pierre Gasly,AlphaTauri,20.0,23.617791411042944,28.61042944785276,29.49079754601227,0.3049079754601227,10,P GASLY,GAS,gasly,4e7c9b,alphatauri,Pierre,Gasly,https://www.formula1.com/content/dam/fom-website/drivers/P/PIEGAS01_Pierre_Gasly/piegas01.png.transform/1col/image.png,FRA,R,10.0,,,,,Power Unit,0.0,44.0
2022,Bahrain Grand Prix,Qualifying,Charles Leclerc,Ferrari,1.0,19.43589743589745,25.403846153846157,55.6025641025641,0.49615384615384617,16,C LECLERC,LEC,leclerc,ed1c24,ferrari,Charles,Leclerc,https://www.formula1.com/content/dam/fom-website/drivers/C/CHALEC01_Charles_Leclerc/chalec01.png.transform/1col/image.png,MON,,,0 days 00:01:31.471000,0 days 00:01:30.932000,0 days 00:01:30.558000,,,,
2022,Bahrain Grand Prix,Qualifying,Max Verstappen,Red Bull Racing,2.0,19.43589743589745,25.403846153846157,55.6025641025641,0.49615384615384617,1,M VERSTAPPEN,VER,max_verstappen,1e5bc6,red_bull,Max,Verstappen,https://www.formula1.com/content/dam/fom-website/drivers/M/MAXVER01_Max_Verstappen/maxver01.png.transform/1col/image.png,NED,,,0 days 00:01:31.785000,0 days 00:01:30.757000,0 days 00:01:30.681000,,,,
2022,Bahrain Grand Prix,Qualifying,Carlos Sainz,Ferrari,3.0,19.43589743589745,25.403846153846157,55.6025641025641,0.49615384615384617,55,C SAINZ,SAI,sainz,ed1c24,ferrari,Carlos,Sainz,https://www.formula1.com/content/dam/fom-website/drivers/C/CARSAI01_Carlos_Sainz/carsai01.png.transform/1col/image.png,ESP,,,0 days 00:01:31.567000,0 days 00:01:30.787000,0 days 00:01:30.687000,,,,
2022,Bahrain Grand Prix,Qualifying,Sergio Perez,Red Bull Racing,4.0,19.43589743589745,25.403846153846157,55.6025641025641,0.49615384615384617,11,S PEREZ,PER,perez,1e5bc6,red_bull,Sergio,Perez,https://www.formula1.com/content/dam/fom-website/drivers/S/SERPER01_Sergio_Perez/serper01.png.transform/1col/image.png,MEX,,,0 days 00:01:32.311000,0 days 00:01:31.008000,0 days 00:01:30.921000,,,,
2022,Bahrain Grand Prix,Qualifying,Lewis Hamilton,Mercedes,5.0,19.43589743589745,25.403846153846157,55.6025641025641,0.49615384615384617,44,L HAMILTON,HAM,hamilton,6cd3bf,mercedes,Lewis,Hamilton,https://www.formula1.com/content/dam/fom-website/drivers/L/LEWHAM01_Lewis_Hamilton/lewham01.png.transform/1col/image.png,GBR,,,0 days 00:01:32.285000,0 days 00:01:31.048000,0 days 00:01:31.238000,,,,
2022,Bahrain Grand Prix,Qualifying,Valtteri Bottas,Alfa Romeo,6.0,19.43589743589745,25.403846153846157,55.6025641025641,0.49615384615384617,77,V BOTTAS,BOT,bottas,b12039,alfa,Valtteri,Bottas,https://www.formula1.com/content/dam/fom-website/drivers/V/VALBOT01_Valtteri_Bottas/valbot01.png.transform/1col/image.png,FIN,,,0 days 00:01:31.919000,0 days 00:01:31.717000,0 days 00:01:31.560000,,,,
2022,Bahrain Grand Prix,Qualifying,Kevin Magnussen,Haas F1 Team,7.0,19.43589743589745,25.403846153846157,55.6025641025641,0.49615384615384617,20,K MAGNUSSEN,MAG,kevin_magnussen,b6babd,haas,Kevin,Magnussen,None,DEN,,,0 days 00:01:31.955000,0 days 00:01:31.461000,0 days 00:01:31.808000,,,,
2022,Bahrain Grand Prix,Qualifying,Fernando Alonso,Alpine,8.0,19.43589743589745,25.403846153846157,55.6025641025641,0.49615384615384617,14,F ALONSO,ALO,alonso,2293d1,alpine,Fernando,Alonso,https://www.formula1.com/content/dam/fom-website/drivers/F/FERALO01_Fernando_Alonso/feralo01.png.transform/1col/image.png,ESP,,,0 days 00:01:32.346000,0 days 00:01:31.621000,0 days 00:01:32.195000,,,,
2022,Bahrain Grand Prix,Qualifying,George Russell,Mercedes,9.0,19.43589743589745,25.403846153846157,55.6025641025641,0.49615384615384617,63,G RUSSELL,RUS,russell,6cd3bf,mercedes,George,Russell,https://www.formula1.com/content/dam/fom-website/drivers/G/GEORUS01_George_Russell/georus01.png.transform/1col/image.png,GBR,,,0 days 00:01:32.269000,0 days 00:01:31.252000,0 days 00:01:32.216000,,,,
2022,Bahrain Grand Prix,Qualifying,Pierre Gasly,AlphaTauri,10.0,19.43589743589745,25.403846153846157,55.6025641025641,0.49615384615384617,10,P GASLY,GAS,gasly,4e7c9b,alphatauri,Pierre,Gasly,https://www.formula1.com/content/dam/fom-website/drivers/P/PIEGAS01_Pierre_Gasly/piegas01.png.transform/1col/image.png,FRA,,,0 days 00:01:32.096000,0 days 00:01:31.635000,0 days 00:01:32.338000,,,,
2022,Bahrain Grand Prix,Qualifying,Esteban Ocon,Alpine,11.0,19.43589743589745,25.403846153846157,55.6025641025641,0.49615384615384617,31,E OCON,OCO,ocon,2293d1,alpine,Esteban,Ocon,https://www.formula1.com/content/dam/fom-website/drivers/E/ESTOCO01_Esteban_Ocon/estoco01.png.transform/1col/image.png,FRA,,,0 days 00:01:32.041000,0 days 00:01:31.782000,,,,,
2022,Bahrain Grand Prix,Qualifying,Mick Schumacher,Haas F1 Team,12.0,19.43589743589745,25.403846153846157,55.6025641025641,0.49615384615384617,47,M SCHUMACHER,MSC,mick_schumacher,b6babd,haas,Mick,Schumacher,https://www.formula1.com/content/dam/fom-website/drivers/M/MICSCH02_Mick_Schumacher/micsch02.png.transform/1col/image.png,GER,,,0 days 00:01:32.380000,0 days 00:01:31.998000,,,,,
2022,Bahrain Grand Prix,Qualifying,Lando Norris,McLaren,13.0,19.43589743589745,25.403846153846157,55.6025641025641,0.49615384615384617,4,L NORRIS,NOR,norris,f58020,mclaren,Lando,Norris,https://www.formula1.com/content/dam/fom-website/drivers/L/LANNOR01_Lando_Norris/lannor01.png.transform/1col/image.png,GBR,,,0 days 00:01:32.239000,0 days 00:01:32.008000,,,,,
2022,Bahrain Grand Prix,Qualifying,Alexander Albon,Williams,14.0,19.43589743589745,25.403846153846157,55.6025641025641,0.49615384615384617,23,A ALBON,ALB,albon,37bedd,williams,Alexander,Albon,https://www.formula1.com/content/dam/fom-website/drivers/A/ALEALB01_Alexander_Albon/alealb01.png.transform/1col/image.png,THA,,,0 days 00:01:32.726000,0 days 00:01:32.664000,,,,,
2022,Bahrain Grand Prix,Qualifying,Guanyu Zhou,Alfa Romeo,15.0,19.43589743589745,25.403846153846157,55.6025641025641,0.49615384615384617,24,G ZHOU,ZHO,zhou,b12039,alfa,Guanyu,Zhou,https://www.formula1.com/content/dam/fom-website/drivers/G/GUAZHO01_Guanyu_Zhou/guazho01.png.transform/1col/image.png,CHN,,,0 days 00:01:32.493000,0 days 00:01:33.543000,,,,,
2022,Bahrain Grand Prix,Qualifying,Yuki Tsunoda,AlphaTauri,16.0,19.43589743589745,25.403846153846157,55.6025641025641,0.49615384615384617,22,Y TSUNODA,TSU,tsunoda,4e7c9b,alphatauri,Yuki,Tsunoda,https://www.formula1.com/content/dam/fom-website/drivers/Y/YUKTSU01_Yuki_Tsunoda/yuktsu01.png.transform/1col/image.png,JPN,,,0 days 00:01:32.750000,,,,,,
2022,Bahrain Grand Prix,Qualifying,Nico Hulkenberg,Aston Martin,17.0,19.43589743589745,25.403846153846157,55.6025641025641,0.49615384615384617,27,N HULKENBERG,HUL,hulkenberg,2d826d,aston_martin,Nico,Hulkenberg,None,GER,,,0 days 00:01:32.777000,,,,,,
2022,Bahrain Grand Prix,Qualifying,Daniel Ricciardo,McLaren,18.0,19.43589743589745,25.403846153846157,55.6025641025641,0.49615384615384617,3,D RICCIARDO,RIC,ricciardo,f58020,mclaren,Daniel,Ricciardo,https://www.formula1.com/content/dam/fom-website/drivers/D/DANRIC01_Daniel_Ricciardo/danric01.png.transform/1col/image.png,AUS,,,0 days 00:01:32.945000,,,,,,
2022,Bahrain Grand Prix,Qualifying,Lance Stroll,Aston Martin,19.0,19.43589743589745,25.403846153846157,55.6025641025641,0.49615384615384617,18,L STROLL,STR,stroll,2d826d,aston_martin,Lance,Stroll,https://www.formula1.com/content/dam/fom-website/drivers/L/LANSTR01_Lance_Stroll/lanstr01.png.transform/1col/image.png,CAN,,,0 days 00:01:33.032000,,,,,,
2022,Bahrain Grand Prix,Qualifying,Nicholas Latifi,Williams,20.0,19.43589743589745,25.403846153846157,55.6025641025641,0.49615384615384617,6,N LATIFI,LAT,latifi,37bedd,williams,Nicholas,Latifi,https://www.formula1.com/content/dam/fom-website/drivers/N/NICLAF01_Nicholas_Latifi/niclaf01.png.transform/1col/image.png,CAN,,,0 days 00:01:33.634000,,,,,,
2022,Bahrain Grand Prix,Practice 1,Max Verstappen,Red Bull Racing,,19.885365853658534,34.74634146341463,36.40243902439025,0.8304878048780489,1,M VERSTAPPEN,VER,max_verstappen,1e5bc6,red_bull,Max,Verstappen,https://www.formula1.com/content/dam/fom-website/drivers/M/MAXVER01_Max_Verstappen/maxver01.png.transform/1col/image.png,NED,,,,,,,,,
2022,Bahrain Grand Prix,Practice 1,Daniel Ricciardo,McLaren,,19.885365853658534,34.74634146341463,36.40243902439025,0.8304878048780489,3,D RICCIARDO,RIC,ricciardo,f58020,mclaren,Daniel,Ricciardo,https://www.formula1.com/content/dam/fom-website/drivers/D/DANRIC01_Daniel_Ricciardo/danric01.png.transform/1col/image.png,AUS,,,,,,,,,
2022,Bahrain Grand Prix,Practice 1,Lando Norris,McLaren,,19.885365853658534,34.74634146341463,36.40243902439025,0.8304878048780489,4,L NORRIS,NOR,norris,f58020,mclaren,Lando,Norris,https://www.formula1.com/content/dam/fom-website/drivers/L/LANNOR01_Lando_Norris/lannor01.png.transform/1col/image.png,GBR,,,,,,,,,
2022,Bahrain Grand Prix,Practice 1,Nicholas Latifi,Williams,,19.885365853658534,34.74634146341463,36.40243902439025,0.8304878048780489,6,N LATIFI,LAT,latifi,37bedd,williams,Nicholas,Latifi,https://www.formula1.com/content/dam/fom-website/drivers/N/NICLAF01_Nicholas_Latifi/niclaf01.png.transform/1col/image.png,CAN,,,,,,,,,
2022,Bahrain Grand Prix,Practice 1,Pierre Gasly,AlphaTauri,,19.885365853658534,34.74634146341463,36.40243902439025,0.8304878048780489,10,P GASLY,GAS,gasly,4e7c9b,alphatauri,Pierre,Gasly,https://www.formula1.com/content/dam/fom-website/drivers/P/PIEGAS01_Pierre_Gasly/piegas01.png.transform/1col/image.png,FRA,,,,,,,,,
2022,Bahrain Grand Prix,Practice 1,Sergio Perez,Red Bull Racing,,19.885365853658534,34.74634146341463,36.40243902439025,0.8304878048780489,11,S PEREZ,PER,perez,1e5bc6,red_bull,Sergio,Perez,https://www.formula1.com/content/dam/fom-website/drivers/S/SERPER01_Sergio_Perez/serper01.png.transform/1col/image.png,MEX,,,,,,,,,
2022,Bahrain Grand Prix,Practice 1,Fernando Alonso,Alpine,,19.885365853658534,34.74634146341463,36.40243902439025,0.8304878048780489,14,F ALONSO,ALO,alonso,2293d1,alpine,Fernando,Alonso,https://www.formula1.com/content/dam/fom-website/drivers/F/FERALO01_Fernando_Alonso/feralo01.png.transform/1col/image.png,ESP,,,,,,,,,
2022,Bahrain Grand Prix,Practice 1,Charles Leclerc,Ferrari,,19.885365853658534,34.74634146341463,36.40243902439025,0.8304878048780489,16,C LECLERC,LEC,leclerc,ed1c24,ferrari,Charles,Leclerc,https://www.formula1.com/content/dam/fom-website/drivers/C/CHALEC01_Charles_Leclerc/chalec01.png.transform/1col/image.png,MON,,,,,,,,,
2022,Bahrain Grand Prix,Practice 1,Lance Stroll,Aston Martin,,19.885365853658534,34.74634146341463,36.40243902439025,0.8304878048780489,18,L STROLL,STR,stroll,2d826d,aston_martin,Lance,Stroll,https://www.formula1.com/content/dam/fom-website/drivers/L/LANSTR01_Lance_Stroll/lanstr01.png.transform/1col/image.png,CAN,,,,,,,,,
2022,Bahrain Grand Prix,Practice 1,Kevin Magnussen,Haas F1 Team,,19.885365853658534,34.74634146341463,36.40243902439025,0.8304878048780489,20,K MAGNUSSEN,MAG,kevin_magnussen,b6babd,haas,Kevin,Magnussen,None,DEN,,,,,,,,,
2022,Bahrain Grand Prix,Practice 1,Yuki Tsunoda,AlphaTauri,,19.885365853658534,34.74634146341463,36.40243902439025,0.8304878048780489,22,Y TSUNODA,TSU,tsunoda,4e7c9b,alphatauri,Yuki,Tsunoda,https://www.formula1.com/content/dam/fom-website/drivers/Y/YUKTSU01_Yuki_Tsunoda/yuktsu01.png.transform/1col/image.png,JPN,,,,,,,,,
2022,Bahrain Grand Prix,Practice 1,Alexander Albon,Williams,,19.885365853658534,34.74634146341463,36.40243902439025,0.8304878048780489,23,A ALBON,ALB,albon,37bedd,williams,Alexander,Albon,https://www.formula1.com/content/dam/fom-website/drivers/A/ALEALB01_Alexander_Albon/alealb01.png.transform/1col/image.png,THA,,,,,,,,,
2022,Bahrain Grand Prix,Practice 1,Guanyu Zhou,Alfa Romeo,,19.885365853658534,34.74634146341463,36.40243902439025,0.8304878048780489,24,G ZHOU,ZHO,zhou,b12039,alfa,Guanyu,Zhou,https://www.formula1.com/content/dam/fom-website/drivers/G/GUAZHO01_Guanyu_Zhou/guazho01.png.transform/1col/image.png,CHN,,,,,,,,,
2022,Bahrain Grand Prix,Practice 1,Nico Hulkenberg,Aston Martin,,19.885365853658534,34.74634146341463,36.40243902439025,0.8304878048780489,27,N HULKENBERG,HUL,hulkenberg,2d826d,aston_martin,Nico,Hulkenberg,None,GER,,,,,,,,,
2022,Bahrain Grand Prix,Practice 1,Esteban Ocon,Alpine,,19.885365853658534,34.74634146341463,36.40243902439025,0.8304878048780489,31,E OCON,OCO,ocon,2293d1,alpine,Esteban,Ocon,https://www.formula1.com/content/dam/fom-website/drivers/E/ESTOCO01_Esteban_Ocon/estoco01.png.transform/1col/image.png,FRA,,,,,,,,,
2022,Bahrain Grand Prix,Practice 1,Lewis Hamilton,Mercedes,,19.885365853658534,34.74634146341463,36.40243902439025,0.8304878048780489,44,L HAMILTON,HAM,hamilton,6cd3bf,mercedes,Lewis,Hamilton,https://www.formula1.com/content/dam/fom-website/drivers/L/LEWHAM01_Lewis_Hamilton/lewham01.png.transform/1col/image.png,GBR,,,,,,,,,
2022,Bahrain Grand Prix,Practice 1,Mick Schumacher,Haas F1 Team,,19.885365853658534,34.74634146341463,36.40243902439025,0.8304878048780489,47,M SCHUMACHER,MSC,mick_schumacher,b6babd,haas,Mick,Schumacher,https://www.formula1.com/content/dam/fom-website/drivers/M/MICSCH02_Mick_Schumacher/micsch02.png.transform/1col/image.png,GER,,,,,,,,,
2022,Bahrain Grand Prix,Practice 1,Carlos Sainz,Ferrari,,19.885365853658534,34.74634146341463,36.40243902439025,0.8304878048780489,55,C SAINZ,SAI,sainz,ed1c24,ferrari,Carlos,Sainz,https://www.formula1.com/content/dam/fom-website/drivers/C/CARSAI01_Carlos_Sainz/carsai01.png.transform/1col/image.png,ESP,,,,,,,,,
2022,Bahrain Grand Prix,Practice 1,George Russell,Mercedes,,19.885365853658534,34.74634146341463,36.40243902439025,0.8304878048780489,63,G RUSSELL,RUS,russell,6cd3bf,mercedes,George,Russell,https://www.formula1.com/content/dam/fom-website/drivers/G/GEORUS01_George_Russell/georus01.png.transform/1col/image.png,GBR,,,,,,,,,
2022,Bahrain Grand Prix,Practice 1,Valtteri Bottas,Alfa Romeo,,19.885365853658534,34.74634146341463,36.40243902439025,0.8304878048780489,77,V BOTTAS,BOT,bottas,b12039,alfa,Valtteri,Bottas,https://www.formula1.com/content/dam/fom-website/drivers/V/VALBOT01_Valtteri_Bottas/valbot01.png.transform/1col/image.png,FIN,,,,,,,,,
2022,Bahrain Grand Prix,Practice 2,Max Verstappen,Red Bull Racing,,17.438271604938276,23.244444444444444,47.97530864197531,0.5666666666666668,1,M VERSTAPPEN,VER,max_verstappen,1e5bc6,red_bull,Max,Verstappen,https://www.formula1.com/content/dam/fom-website/drivers/M/MAXVER01_Max_Verstappen/maxver01.png.transform/1col/image.png,NED,,,,,,,,,
2022,Bahrain Grand Prix,Practice 2,Daniel Ricciardo,McLaren,,17.438271604938276,23.244444444444444,47.97530864197531,0.5666666666666668,3,D RICCIARDO,RIC,ricciardo,f58020,mclaren,Daniel,Ricciardo,https://www.formula1.com/content/dam/fom-website/drivers/D/DANRIC01_Daniel_Ricciardo/danric01.png.transform/1col/image.png,AUS,,,,,,,,,
2022,Bahrain Grand Prix,Practice 2,Lando Norris,McLaren,,17.438271604938276,23.244444444444444,47.97530864197531,0.5666666666666668,4,L NORRIS,NOR,norris,f58020,mclaren,Lando,Norris,https://www.formula1.com/content/dam/fom-website/drivers/L/LANNOR01_Lando_Norris/lannor01.png.transform/1col/image.png,GBR,,,,,,,,,
2022,Bahrain Grand Prix,Practice 2,Nicholas Latifi,Williams,,17.438271604938276,23.244444444444444,47.97530864197531,0.5666666666666668,6,N LATIFI,LAT,latifi,37bedd,williams,Nicholas,Latifi,https://www.formula1.com/content/dam/fom-website/drivers/N/NICLAF01_Nicholas_Latifi/niclaf01.png.transform/1col/image.png,CAN,,,,,,,,,
2022,Bahrain Grand Prix,Practice 2,Pierre Gasly,AlphaTauri,,17.438271604938276,23.244444444444444,47.97530864197531,0.5666666666666668,10,P GASLY,GAS,gasly,4e7c9b,alphatauri,Pierre,Gasly,https://www.formula1.com/content/dam/fom-website/drivers/P/PIEGAS01_Pierre_Gasly/piegas01.png.transform/1col/image.png,FRA,,,,,,,,,
2022,Bahrain Grand Prix,Practice 2,Sergio Perez,Red Bull Racing,,17.438271604938276,23.244444444444444,47.97530864197531,0.5666666666666668,11,S PEREZ,PER,perez,1e5bc6,red_bull,Sergio,Perez,https://www.formula1.com/content/dam/fom-website/drivers/S/SERPER01_Sergio_Perez/serper01.png.transform/1col/image.png,MEX,,,,,,,,,
2022,Bahrain Grand Prix,Practice 2,Fernando Alonso,Alpine,,17.438271604938276,23.244444444444444,47.97530864197531,0.5666666666666668,14,F ALONSO,ALO,alonso,2293d1,alpine,Fernando,Alonso,https://www.formula1.com/content/dam/fom-website/drivers/F/FERALO01_Fernando_Alonso/feralo01.png.transform/1col/image.png,ESP,,,,,,,,,
2022,Bahrain Grand Prix,Practice 2,Charles Leclerc,Ferrari,,17.438271604938276,23.244444444444444,47.97530864197531,0.5666666666666668,16,C LECLERC,LEC,leclerc,ed1c24,ferrari,Charles,Leclerc,https://www.formula1.com/content/dam/fom-website/drivers/C/CHALEC01_Charles_Leclerc/chalec01.png.transform/1col/image.png,MON,,,,,,,,,
2022,Bahrain Grand Prix,Practice 2,Lance Stroll,Aston Martin,,17.438271604938276,23.244444444444444,47.97530864197531,0.5666666666666668,18,L STROLL,STR,stroll,2d826d,aston_martin,Lance,Stroll,https://www.formula1.com/content/dam/fom-website/drivers/L/LANSTR01_Lance_Stroll/lanstr01.png.transform/1col/image.png,CAN,,,,,,,,,
2022,Bahrain Grand Prix,Practice 2,Kevin Magnussen,Haas F1 Team,,17.438271604938276,23.244444444444444,47.97530864197531,0.5666666666666668,20,K MAGNUSSEN,MAG,kevin_magnussen,b6babd,haas,Kevin,Magnussen,None,DEN,,,,,,,,,
2022,Bahrain Grand Prix,Practice 2,Yuki Tsunoda,AlphaTauri,,17.438271604938276,23.244444444444444,47.97530864197531,0.5666666666666668,22,Y TSUNODA,TSU,tsunoda,4e7c9b,alphatauri,Yuki,Tsunoda,https://www.formula1.com/content/dam/fom-website/drivers/Y/YUKTSU01_Yuki_Tsunoda/yuktsu01.png.transform/1col/image.png,JPN,,,,,,,,,
2022,Bahrain Grand Prix,Practice 2,Alexander Albon,Williams,,17.438271604938276,23.244444444444444,47.97530864197531,0.5666666666666668,23,A ALBON,ALB,albon,37bedd,williams,Alexander,Albon,https://www.formula1.com/content/dam/fom-website/drivers/A/ALEALB01_Alexander_Albon/alealb01.png.transform/1col/image.png,THA,,,,,,,,,
2022,Bahrain Grand Prix,Practice 2,Guanyu Zhou,Alfa Romeo,,17.438271604938276,23.244444444444444,47.97530864197531,0.5666666666666668,24,G ZHOU,ZHO,zhou,b12039,alfa,Guanyu,Zhou,https://www.formula1.com/content/dam/fom-website/drivers/G/GUAZHO01_Guanyu_Zhou/guazho01.png.transform/1col/image.png,CHN,,,,,,,,,
2022,Bahrain Grand Prix,Practice 2,Nico Hulkenberg,Aston Martin,,17.438271604938276,23.244444444444444,47.97530864197531,0.5666666666666668,27,N HULKENBERG,HUL,hulkenberg,2d826d,aston_martin,Nico,Hulkenberg,None,GER,,,,,,,,,
2022,Bahrain Grand Prix,Practice 2,Esteban Ocon,Alpine,,17.438271604938276,23.244444444444444,47.97530864197531,0.5666666666666668,31,E OCON,OCO,ocon,2293d1,alpine,Esteban,Ocon,https://www.formula1.com/content/dam/fom-website/drivers/E/ESTOCO01_Esteban_Ocon/estoco01.png.transform/1col/image.png,FRA,,,,,,,,,
2022,Bahrain Grand Prix,Practice 2,Lewis Hamilton,Mercedes,,17.438271604938276,23.244444444444444,47.97530864197531,0.5666666666666668,44,L HAMILTON,HAM,hamilton,6cd3bf,mercedes,Lewis,Hamilton,https://www.formula1.com/content/dam/fom-website/drivers/L/LEWHAM01_Lewis_Hamilton/lewham01.png.transform/1col/image.png,GBR,,,,,,,,,
2022,Bahrain Grand Prix,Practice 2,Mick Schumacher,Haas F1 Team,,17.438271604938276,23.244444444444444,47.97530864197531,0.5666666666666668,47,M SCHUMACHER,MSC,mick_schumacher,b6babd,haas,Mick,Schumacher,https://www.formula1.com/content/dam/fom-website/drivers/M/MICSCH02_Mick_Schumacher/micsch02.png.transform/1col/image.png,GER,,,,,,,,,
2022,Bahrain Grand Prix,Practice 2,Carlos Sainz,Ferrari,,17.438271604938276,23.244444444444444,47.97530864197531,0.5666666666666668,55,C SAINZ,SAI,sainz,ed1c24,ferrari,Carlos,Sainz,https://www.formula1.com/content/dam/fom-website/drivers/C/CARSAI01_Carlos_Sainz/carsai01.png.transform/1col/image.png,ESP,,,,,,,,,
2022,Bahrain Grand Prix,Practice 2,George Russell,Mercedes,,17.438271604938276,23.244444444444444,47.97530864197531,0.5666666666666668,63,G RUSSELL,RUS,russell,6cd3bf,mercedes,George,Russell,https://www.formula1.com/content/dam/fom-website/drivers/G/GEORUS01_George_Russell/georus01.png.transform/1col/image.png,GBR,,,,,,,,,
2022,Bahrain Grand Prix,Practice 2,Valtteri Bottas,Alfa Romeo,,17.438271604938276,23.244444444444444,47.97530864197531,0.5666666666666668,77,V BOTTAS,BOT,bottas,b12039,alfa,Valtteri,Bottas,https://www.formula1.com/content/dam/fom-website/drivers/V/VALBOT01_Valtteri_Bottas/valbot01.png.transform/1col/image.png,FIN,,,,,,,,,
2022,Bahrain Grand Prix,Practice 3,Max Verstappen,Red Bull Racing,,22.24691358024691,36.99135802469136,39.2962962962963,0.6320987654320988,1,M VERSTAPPEN,VER,max_verstappen,1e5bc6,red_bull,Max,Verstappen,https://www.formula1.com/content/dam/fom-website/drivers/M/MAXVER01_Max_Verstappen/maxver01.png.transform/1col/image.png,NED,,,,,,,,,
2022,Bahrain Grand Prix,Practice 3,Daniel Ricciardo,McLaren,,22.24691358024691,36.99135802469136,39.2962962962963,0.6320987654320988,3,D RICCIARDO,RIC,ricciardo,f58020,mclaren,Daniel,Ricciardo,https://www.formula1.com/content/dam/fom-website/drivers/D/DANRIC01_Daniel_Ricciardo/danric01.png.transform/1col/image.png,AUS,,,,,,,,,
2022,Bahrain Grand Prix,Practice 3,Lando Norris,McLaren,,22.24691358024691,36.99135802469136,39.2962962962963,0.6320987654320988,4,L NORRIS,NOR,norris,f58020,mclaren,Lando,Norris,https://www.formula1.com/content/dam/fom-website/drivers/L/LANNOR01_Lando_Norris/lannor01.png.transform/1col/image.png,GBR,,,,,,,,,
2022,Bahrain Grand Prix,Practice 3,Nicholas Latifi,Williams,,22.24691358024691,36.99135802469136,39.2962962962963,0.6320987654320988,6,N LATIFI,LAT,latifi,37bedd,williams,Nicholas,Latifi,https://www.formula1.com/content/dam/fom-website/drivers/N/NICLAF01_Nicholas_Latifi/niclaf01.png.transform/1col/image.png,CAN,,,,,,,,,
2022,Bahrain Grand Prix,Practice 3,Pierre Gasly,AlphaTauri,,22.24691358024691,36.99135802469136,39.2962962962963,0.6320987654320988,10,P GASLY,GAS,gasly,4e7c9b,alphatauri,Pierre,Gasly,https://www.formula1.com/content/dam/fom-website/drivers/P/PIEGAS01_Pierre_Gasly/piegas01.png.transform/1col/image.png,FRA,,,,,,,,,
2022,Bahrain Grand Prix,Practice 3,Sergio Perez,Red Bull Racing,,22.24691358024691,36.99135802469136,39.2962962962963,0.6320987654320988,11,S PEREZ,PER,perez,1e5bc6,red_bull,Sergio,Perez,https://www.formula1.com/content/dam/fom-website/drivers/S/SERPER01_Sergio_Perez/serper01.png.transform/1col/image.png,MEX,,,,,,,,,
2022,Bahrain Grand Prix,Practice 3,Fernando Alonso,Alpine,,22.24691358024691,36.99135802469136,39.2962962962963,0.6320987654320988,14,F ALONSO,ALO,alonso,2293d1,alpine,Fernando,Alonso,https://www.formula1.com/content/dam/fom-website/drivers/F/FERALO01_Fernando_Alonso/feralo01.png.transform/1col/image.png,ESP,,,,,,,,,
2022,Bahrain Grand Prix,Practice 3,Charles Leclerc,Ferrari,,22.24691358024691,36.99135802469136,39.2962962962963,0.6320987654320988,16,C LECLERC,LEC,leclerc,ed1c24,ferrari,Charles,Leclerc,https://www.formula1.com/content/dam/fom-website/drivers/C/CHALEC01_Charles_Leclerc/chalec01.png.transform/1col/image.png,MON,,,,,,,,,
2022,Bahrain Grand Prix,Practice 3,Lance Stroll,Aston Martin,,22.24691358024691,36.99135802469136,39.2962962962963,0.6320987654320988,18,L STROLL,STR,stroll,2d826d,aston_martin,Lance,Stroll,https://www.formula1.com/content/dam/fom-website/drivers/L/LANSTR01_Lance_Stroll/lanstr01.png.transform/1col/image.png,CAN,,,,,,,,,
2022,Bahrain Grand Prix,Practice 3,Kevin Magnussen,Haas F1 Team,,22.24691358024691,36.99135802469136,39.2962962962963,0.6320987654320988,20,K MAGNUSSEN,MAG,kevin_magnussen,b6babd,haas,Kevin,Magnussen,None,DEN,,,,,,,,,
2022,Bahrain Grand Prix,Practice 3,Yuki Tsunoda,AlphaTauri,,22.24691358024691,36.99135802469136,39.2962962962963,0.6320987654320988,22,Y TSUNODA,TSU,tsunoda,4e7c9b,alphatauri,Yuki,Tsunoda,https://www.formula1.com/content/dam/fom-website/drivers/Y/YUKTSU01_Yuki_Tsunoda/yuktsu01.png.transform/1col/image.png,JPN,,,,,,,,,
2022,Bahrain Grand Prix,Practice 3,Alexander Albon,Williams,,22.24691358024691,36.99135802469136,39.2962962962963,0.6320987654320988,23,A ALBON,ALB,albon,37bedd,williams,Alexander,Albon,https://www.formula1.com/content/dam/fom-website/drivers/A/ALEALB01_Alexander_Albon/alealb01.png.transform/1col/image.png,THA,,,,,,,,,
2022,Bahrain Grand Prix,Practice 3,Guanyu Zhou,Alfa Romeo,,22.24691358024691,36.99135802469136,39.2962962962963,0.6320987654320988,24,G ZHOU,ZHO,zhou,b12039,alfa,Guanyu,Zhou,https://www.formula1.com/content/dam/fom-website/drivers/G/GUAZHO01_Guanyu_Zhou/guazho01.png.transform/1col/image.png,CHN,,,,,,,,,
2022,Bahrain Grand Prix,Practice 3,Nico Hulkenberg,Aston Martin,,22.24691358024691,36.99135802469136,39.2962962962963,0.6320987654320988,27,N HULKENBERG,HUL,hulkenberg,2d826d,aston_martin,Nico,Hulkenberg,None,GER,,,,,,,,,
2022,Bahrain Grand Prix,Practice 3,Esteban Ocon,Alpine,,22.24691358024691,36.99135802469136,39.2962962962963,0.6320987654320988,31,E OCON,OCO,ocon,2293d1,alpine,Esteban,Ocon,https://www.formula1.com/content/dam/fom-website/drivers/E/ESTOCO01_Esteban_Ocon/estoco01.png.transform/1col/image.png,FRA,,,,,,,,,
2022,Bahrain Grand Prix,Practice 3,Lewis Hamilton,Mercedes,,22.24691358024691,36.99135802469136,39.2962962962963,0.6320987654320988,44,L HAMILTON,HAM,hamilton,6cd3bf,mercedes,Lewis,Hamilton,https://www.formula1.com/content/dam/fom-website/drivers/L/LEWHAM01_Lewis_Hamilton/lewham01.png.transform/1col/image.png,GBR,,,,,,,,,
2022,Bahrain Grand Prix,Practice 3,Mick Schumacher,Haas F1 Team,,22.24691358024691,36.99135802469136,39.2962962962963,0.6320987654320988,47,M SCHUMACHER,MSC,mick_schumacher,b6babd,haas,Mick,Schumacher,https://www.formula1.com/content/dam/fom-website/drivers/M/MICSCH02_Mick_Schumacher/micsch02.png.transform/1col/image.png,GER,,,,,,,,,
2022,Bahrain Grand Prix,Practice 3,Carlos Sainz,Ferrari,,22.24691358024691,36.99135802469136,39.2962962962963,0.6320987654320988,55,C SAINZ,SAI,sainz,ed1c24,ferrari,Carlos,Sainz,https://www.formula1.com/content/dam/fom-website/drivers/C/CARSAI01_Carlos_Sainz/carsai01.png.transform/1col/image.png,ESP,,,,,,,,,
2022,Bahrain Grand Prix,Practice 3,George Russell,Mercedes,,22.24691358024691,36.99135802469136,39.2962962962963,0.6320987654320988,63,G RUSSELL,RUS,russell,6cd3bf,mercedes,George,Russell,https://www.formula1.com/content/dam/fom-website/drivers/G/GEORUS01_George_Russell/georus01.png.transform/1col/image.png,GBR,,,,,,,,,
2022,Bahrain Grand Prix,Practice 3,Valtteri Bottas,Alfa Romeo,,22.24691358024691,36.99135802469136,39.2962962962963,0.6320987654320988,77,V BOTTAS,BOT,bottas,b12039,alfa,Valtteri,Bottas,https://www.formula1.com/content/dam/fom-website/drivers/V/VALBOT01_Valtteri_Bottas/valbot01.png.transform/1col/image.png,FIN,,,,,,,,,
2022,Saudi Arabian Grand Prix,Race,Max Verstappen,Red Bull Racing,1.0,25.42039473684211,28.40921052631579,59.66447368421053,2.359210526315789,1,M VERSTAPPEN,VER,max_verstappen,1e5bc6,red_bull,Max,Verstappen,https://www.formula1.com/content/dam/fom-website/drivers/M/MAXVER01_Max_Verstappen/maxver01.png.transform/1col/image.png,NED,1,4.0,,,,0 days 01:24:19.293000,Finished,25.0,50.0
2022,Saudi Arabian Grand Prix,Race,Charles Leclerc,Ferrari,2.0,25.42039473684211,28.40921052631579,59.66447368421053,2.359210526315789,16,C LECLERC,LEC,leclerc,ed1c24,ferrari,Charles,Leclerc,https://www.formula1.com/content/dam/fom-website/drivers/C/CHALEC01_Charles_Leclerc/chalec01.png.transform/1col/image.png,MON,2,2.0,,,,0 days 00:00:00.549000,Finished,19.0,50.0
2022,Saudi Arabian Grand Prix,Race,Carlos Sainz,Ferrari,3.0,25.42039473684211,28.40921052631579,59.66447368421053,2.359210526315789,55,C SAINZ,SAI,sainz,ed1c24,ferrari,Carlos,Sainz,https://www.formula1.com/content/dam/fom-website/drivers/C/CARSAI01_Carlos_Sainz/carsai01.png.transform/1col/image.png,ESP,3,3.0,,,,0 days 00:00:08.097000,Finished,15.0,50.0
2022,Saudi Arabian Grand Prix,Race,Sergio Perez,Red Bull Racing,4.0,25.42039473684211,28.40921052631579,59.66447368421053,2.359210526315789,11,S PEREZ,PER,perez,1e5bc6,red_bull,Sergio,Perez,https://www.formula1.com/content/dam/fom-website/drivers/S/SERPER01_Sergio_Perez/serper01.png.transform/1col/image.png,MEX,4,1.0,,,,0 days 00:00:10.800000,Finished,12.0,50.0
2022,Saudi Arabian Grand Prix,Race,George Russell,Mercedes,5.0,25.42039473684211,28.40921052631579,59.66447368421053,2.359210526315789,63,G RUSSELL,RUS,russell,6cd3bf,mercedes,George,Russell,https://www.formula1.com/content/dam/fom-website/drivers/G/GEORUS01_George_Russell/georus01.png.transform/1col/image.png,GBR,5,6.0,,,,0 days 00:00:32.732000,Finished,10.0,50.0
2022,Saudi Arabian Grand Prix,Race,Esteban Ocon,Alpine,6.0,25.42039473684211,28.40921052631579,59.66447368421053,2.359210526315789,31,E OCON,OCO,ocon,2293d1,alpine,Esteban,Ocon,https://www.formula1.com/content/dam/fom-website/drivers/E/ESTOCO01_Esteban_Ocon/estoco01.png.transform/1col/image.png,FRA,6,5.0,,,,0 days 00:00:56.017000,Finished,8.0,50.0
2022,Saudi Arabian Grand Prix,Race,Lando Norris,McLaren,7.0,25.42039473684211,28.40921052631579,59.66447368421053,2.359210526315789,4,L NORRIS,NOR,norris,f58020,mclaren,Lando,Norris,https://www.formula1.com/content/dam/fom-website/drivers/L/LANNOR01_Lando_Norris/lannor01.png.transform/1col/image.png,GBR,7,11.0,,,,0 days 00:00:56.124000,Finished,6.0,50.0
2022,Saudi Arabian Grand Prix,Race,Pierre Gasly,AlphaTauri,8.0,25.42039473684211,28.40921052631579,59.66447368421053,2.359210526315789,10,P GASLY,GAS,gasly,4e7c9b,alphatauri,Pierre,Gasly,https://www.formula1.com/content/dam/fom-website/drivers/P/PIEGAS01_Pierre_Gasly/piegas01.png.transform/1col/image.png,FRA,8,9.0,,,,0 days 00:01:02.946000,Finished,4.0,50.0
2022,Saudi Arabian Grand Prix,Race,Kevin Magnussen,Haas F1 Team,9.0,25.42039473684211,28.40921052631579,59.66447368421053,2.359210526315789,20,K MAGNUSSEN,MAG,kevin_magnussen,b6babd,haas,Kevin,Magnussen,None,DEN,9,10.0,,,,0 days 00:01:04.308000,Finished,2.0,50.0
2022,Saudi Arabian Grand Prix,Race,Lewis Hamilton,Mercedes,10.0,25.42039473684211,28.40921052631579,59.66447368421053,2.359210526315789,44,L HAMILTON,HAM,hamilton,6cd3bf,mercedes,Lewis,Hamilton,https://www.formula1.com/content/dam/fom-website/drivers/L/LEWHAM01_Lewis_Hamilton/lewham01.png.transform/1col/image.png,GBR,10,15.0,,,,0 days 00:01:13.948000,Finished,1.0,50.0
2022,Saudi Arabian Grand Prix,Race,Guanyu Zhou,Alfa Romeo,11.0,25.42039473684211,28.40921052631579,59.66447368421053,2.359210526315789,24,G ZHOU,ZHO,zhou,b12039,alfa,Guanyu,Zhou,https://www.formula1.com/content/dam/fom-website/drivers/G/GUAZHO01_Guanyu_Zhou/guazho01.png.transform/1col/image.png,CHN,11,12.0,,,,0 days 00:01:22.215000,Finished,0.0,50.0
2022,Saudi Arabian Grand Prix,Race,Nico Hulkenberg,Aston Martin,12.0,25.42039473684211,28.40921052631579,59.66447368421053,2.359210526315789,27,N HULKENBERG,HUL,hulkenberg,2d826d,aston_martin,Nico,Hulkenberg,None,GER,12,17.0,,,,0 days 00:01:31.742000,Finished,0.0,50.0
2022,Saudi Arabian Grand Prix,Race,Lance Stroll,Aston Martin,13.0,25.42039473684211,28.40921052631579,59.66447368421053,2.359210526315789,18,L STROLL,STR,stroll,2d826d,aston_martin,Lance,Stroll,https://www.formula1.com/content/dam/fom-website/drivers/L/LANSTR01_Lance_Stroll/lanstr01.png.transform/1col/image.png,CAN,13,13.0,,,,,+1 Lap,0.0,49.0
2022,Saudi Arabian Grand Prix,Race,Alexander Albon,Williams,14.0,25.42039473684211,28.40921052631579,59.66447368421053,2.359210526315789,23,A ALBON,ALB,albon,37bedd,williams,Alexander,Albon,https://www.formula1.com/content/dam/fom-website/drivers/A/ALEALB01_Alexander_Albon/alealb01.png.transform/1col/image.png,THA,14,16.0,,,,,Collision damage,0.0,47.0
2022,Saudi Arabian Grand Prix,Race,Valtteri Bottas,Alfa Romeo,15.0,25.42039473684211,28.40921052631579,59.66447368421053,2.359210526315789,77,V BOTTAS,BOT,bottas,b12039,alfa,Valtteri,Bottas,https://www.formula1.com/content/dam/fom-website/drivers/V/VALBOT01_Valtteri_Bottas/valbot01.png.transform/1col/image.png,FIN,R,8.0,,,,,Cooling system,0.0,36.0
2022,Saudi Arabian Grand Prix,Race,Fernando Alonso,Alpine,16.0,25.42039473684211,28.40921052631579,59.66447368421053,2.359210526315789,14,F ALONSO,ALO,alonso,2293d1,alpine,Fernando,Alonso,https://www.formula1.com/content/dam/fom-website/drivers/F/FERALO01_Fernando_Alonso/feralo01.png.transform/1col/image.png,ESP,R,7.0,,,,,Water pump,0.0,35.0
2022,Saudi Arabian Grand Prix,Race,Daniel Ricciardo,McLaren,17.0,25.42039473684211,28.40921052631579,59.66447368421053,2.359210526315789,3,D RICCIARDO,RIC,ricciardo,f58020,mclaren,Daniel,Ricciardo,https://www.formula1.com/content/dam/fom-website/drivers/D/DANRIC01_Daniel_Ricciardo/danric01.png.transform/1col/image.png,AUS,R,14.0,,,,,Gearbox,0.0,35.0
2022,Saudi Arabian Grand Prix,Race,Nicholas Latifi,Williams,18.0,25.42039473684211,28.40921052631579,59.66447368421053,2.359210526315789,6,N LATIFI,LAT,latifi,37bedd,williams,Nicholas,Latifi,https://www.formula1.com/content/dam/fom-website/drivers/N/NICLAF01_Nicholas_Latifi/niclaf01.png.transform/1col/image.png,CAN,R,18.0,,,,,Accident,0.0,14.0
2022,Saudi Arabian Grand Prix,Race,Yuki Tsunoda,AlphaTauri,19.0,25.42039473684211,28.40921052631579,59.66447368421053,2.359210526315789,22,Y TSUNODA,TSU,tsunoda,4e7c9b,alphatauri,Yuki,Tsunoda,https://www.formula1.com/content/dam/fom-website/drivers/Y/YUKTSU01_Yuki_Tsunoda/yuktsu01.png.transform/1col/image.png,JPN,R,19.0,,,,,Power Unit,0.0,0.0
2022,Saudi Arabian Grand Prix,Race,Mick Schumacher,Haas F1 Team,,25.42039473684211,28.40921052631579,59.66447368421053,2.359210526315789,47,nan,MSC,mick_schumacher,nan,haas,Mick,Schumacher,nan,nan,W,,,,,,Withdrew,0.0,0.0
2022,Saudi Arabian Grand Prix,Qualifying,Sergio Perez,Red Bull Racing,1.0,23.48041958041958,25.364335664335666,58.68531468531469,2.9923076923076923,11,S PEREZ,PER,perez,1e5bc6,red_bull,Sergio,Perez,https://www.formula1.com/content/dam/fom-website/drivers/S/SERPER01_Sergio_Perez/serper01.png.transform/1col/image.png,MEX,,,0 days 00:01:29.705000,0 days 00:01:28.924000,0 days 00:01:28.200000,,,,
2022,Saudi Arabian Grand Prix,Qualifying,Charles Leclerc,Ferrari,2.0,23.48041958041958,25.364335664335666,58.68531468531469,2.9923076923076923,16,C LECLERC,LEC,leclerc,ed1c24,ferrari,Charles,Leclerc,https://www.formula1.com/content/dam/fom-website/drivers/C/CHALEC01_Charles_Leclerc/chalec01.png.transform/1col/image.png,MON,,,0 days 00:01:29.039000,0 days 00:01:28.780000,0 days 00:01:28.225000,,,,
2022,Saudi Arabian Grand Prix,Qualifying,Carlos Sainz,Ferrari,3.0,23.48041958041958,25.364335664335666,58.68531468531469,2.9923076923076923,55,C SAINZ,SAI,sainz,ed1c24,ferrari,Carlos,Sainz,https://www.formula1.com/content/dam/fom-website/drivers/C/CARSAI01_Carlos_Sainz/carsai01.png.transform/1col/image.png,ESP,,,0 days 00:01:28.855000,0 days 00:01:28.686000,0 days 00:01:28.402000,,,,
2022,Saudi Arabian Grand Prix,Qualifying,Max Verstappen,Red Bull Racing,4.0,23.48041958041958,25.364335664335666,58.68531468531469,2.9923076923076923,1,M VERSTAPPEN,VER,max_verstappen,1e5bc6,red_bull,Max,Verstappen,https://www.formula1.com/content/dam/fom-website/drivers/M/MAXVER01_Max_Verstappen/maxver01.png.transform/1col/image.png,NED,,,0 days 00:01:28.928000,0 days 00:01:28.945000,0 days 00:01:28.461000,,,,
2022,Saudi Arabian Grand Prix,Qualifying,Esteban Ocon,Alpine,5.0,23.48041958041958,25.364335664335666,58.68531468531469,2.9923076923076923,31,E OCON,OCO,ocon,2293d1,alpine,Esteban,Ocon,https://www.formula1.com/content/dam/fom-website/drivers/E/ESTOCO01_Esteban_Ocon/estoco01.png.transform/1col/image.png,FRA,,,0 days 00:01:30.093000,0 days 00:01:29.584000,0 days 00:01:29.068000,,,,
2022,Saudi Arabian Grand Prix,Qualifying,George Russell,Mercedes,6.0,23.48041958041958,25.364335664335666,58.68531468531469,2.9923076923076923,63,G RUSSELL,RUS,russell,6cd3bf,mercedes,George,Russell,https://www.formula1.com/content/dam/fom-website/drivers/G/GEORUS01_George_Russell/georus01.png.transform/1col/image.png,GBR,,,0 days 00:01:29.680000,0 days 00:01:29.618000,0 days 00:01:29.104000,,,,
2022,Saudi Arabian Grand Prix,Qualifying,Fernando Alonso,Alpine,7.0,23.48041958041958,25.364335664335666,58.68531468531469,2.9923076923076923,14,F ALONSO,ALO,alonso,2293d1,alpine,Fernando,Alonso,https://www.formula1.com/content/dam/fom-website/drivers/F/FERALO01_Fernando_Alonso/feralo01.png.transform/1col/image.png,ESP,,,0 days 00:01:29.978000,0 days 00:01:29.295000,0 days 00:01:29.147000,,,,
2022,Saudi Arabian Grand Prix,Qualifying,Valtteri Bottas,Alfa Romeo,8.0,23.48041958041958,25.364335664335666,58.68531468531469,2.9923076923076923,77,V BOTTAS,BOT,bottas,b12039,alfa,Valtteri,Bottas,https://www.formula1.com/content/dam/fom-website/drivers/V/VALBOT01_Valtteri_Bottas/valbot01.png.transform/1col/image.png,FIN,,,0 days 00:01:29.683000,0 days 00:01:29.404000,0 days 00:01:29.183000,,,,
2022,Saudi Arabian Grand Prix,Qualifying,Pierre Gasly,AlphaTauri,9.0,23.48041958041958,25.364335664335666,58.68531468531469,2.9923076923076923,10,P GASLY,GAS,gasly,4e7c9b,alphatauri,Pierre,Gasly,https://www.formula1.com/content/dam/fom-website/drivers/P/PIEGAS01_Pierre_Gasly/piegas01.png.transform/1col/image.png,FRA,,,0 days 00:01:29.891000,0 days 00:01:29.418000,0 days 00:01:29.254000,,,,
2022,Saudi Arabian Grand Prix,Qualifying,Kevin Magnussen,Haas F1 Team,10.0,23.48041958041958,25.364335664335666,58.68531468531469,2.9923076923076923,20,K MAGNUSSEN,MAG,kevin_magnussen,b6babd,haas,Kevin,Magnussen,None,DEN,,,0 days 00:01:29.831000,0 days 00:01:29.546000,0 days 00:01:29.588000,,,,
2022,Saudi Arabian Grand Prix,Qualifying,Lando Norris,McLaren,11.0,23.48041958041958,25.364335664335666,58.68531468531469,2.9923076923076923,4,L NORRIS,NOR,norris,f58020,mclaren,Lando,Norris,https://www.formula1.com/content/dam/fom-website/drivers/L/LANNOR01_Lando_Norris/lannor01.png.transform/1col/image.png,GBR,,,0 days 00:01:29.957000,0 days 00:01:29.651000,,,,,
2022,Saudi Arabian Grand Prix,Qualifying,Daniel Ricciardo,McLaren,12.0,23.48041958041958,25.364335664335666,58.68531468531469,2.9923076923076923,3,D RICCIARDO,RIC,ricciardo,f58020,mclaren,Daniel,Ricciardo,https://www.formula1.com/content/dam/fom-website/drivers/D/DANRIC01_Daniel_Ricciardo/danric01.png.transform/1col/image.png,AUS,,,0 days 00:01:30.009000,0 days 00:01:29.773000,,,,,
2022,Saudi Arabian Grand Prix,Qualifying,Guanyu Zhou,Alfa Romeo,13.0,23.48041958041958,25.364335664335666,58.68531468531469,2.9923076923076923,24,G ZHOU,ZHO,zhou,b12039,alfa,Guanyu,Zhou,https://www.formula1.com/content/dam/fom-website/drivers/G/GUAZHO01_Guanyu_Zhou/guazho01.png.transform/1col/image.png,CHN,,,0 days 00:01:29.978000,0 days 00:01:29.819000,,,,,
2022,Saudi Arabian Grand Prix,Qualifying,Mick Schumacher,Haas F1 Team,14.0,23.48041958041958,25.364335664335666,58.68531468531469,2.9923076923076923,47,M SCHUMACHER,MSC,mick_schumacher,b6babd,haas,Mick,Schumacher,https://www.formula1.com/content/dam/fom-website/drivers/M/MICSCH02_Mick_Schumacher/micsch02.png.transform/1col/image.png,GER,,,0 days 00:01:30.167000,0 days 00:01:29.920000,,,,,
2022,Saudi Arabian Grand Prix,Qualifying,Lance Stroll,Aston Martin,15.0,23.48041958041958,25.364335664335666,58.68531468531469,2.9923076923076923,18,L STROLL,STR,stroll,2d826d,aston_martin,Lance,Stroll,https://www.formula1.com/content/dam/fom-website/drivers/L/LANSTR01_Lance_Stroll/lanstr01.png.transform/1col/image.png,CAN,,,0 days 00:01:30.256000,0 days 00:01:31.009000,,,,,
2022,Saudi Arabian Grand Prix,Qualifying,Lewis Hamilton,Mercedes,16.0,23.48041958041958,25.364335664335666,58.68531468531469,2.9923076923076923,44,L HAMILTON,HAM,hamilton,6cd3bf,mercedes,Lewis,Hamilton,https://www.formula1.com/content/dam/fom-website/drivers/L/LEWHAM01_Lewis_Hamilton/lewham01.png.transform/1col/image.png,GBR,,,0 days 00:01:30.343000,,,,,,
2022,Saudi Arabian Grand Prix,Qualifying,Alexander Albon,Williams,17.0,23.48041958041958,25.364335664335666,58.68531468531469,2.9923076923076923,23,A ALBON,ALB,albon,37bedd,williams,Alexander,Albon,https://www.formula1.com/content/dam/fom-website/drivers/A/ALEALB01_Alexander_Albon/alealb01.png.transform/1col/image.png,THA,,,0 days 00:01:30.492000,,,,,,
2022,Saudi Arabian Grand Prix,Qualifying,Nico Hulkenberg,Aston Martin,18.0,23.48041958041958,25.364335664335666,58.68531468531469,2.9923076923076923,27,N HULKENBERG,HUL,hulkenberg,2d826d,aston_martin,Nico,Hulkenberg,None,GER,,,0 days 00:01:30.543000,,,,,,
2022,Saudi Arabian Grand Prix,Qualifying,Nicholas Latifi,Williams,19.0,23.48041958041958,25.364335664335666,58.68531468531469,2.9923076923076923,6,N LATIFI,LAT,latifi,37bedd,williams,Nicholas,Latifi,https://www.formula1.com/content/dam/fom-website/drivers/N/NICLAF01_Nicholas_Latifi/niclaf01.png.transform/1col/image.png,CAN,,,0 days 00:01:31.817000,,,,,,
2022,Saudi Arabian Grand Prix,Qualifying,Yuki Tsunoda,AlphaTauri,20.0,23.48041958041958,25.364335664335666,58.68531468531469,2.9923076923076923,22,Y TSUNODA,TSU,tsunoda,4e7c9b,alphatauri,Yuki,Tsunoda,https://www.formula1.com/content/dam/fom-website/drivers/Y/YUKTSU01_Yuki_Tsunoda/yuktsu01.png.transform/1col/image.png,JPN,,,,,,,,,
2022,Saudi Arabian Grand Prix,Practice 1,Max Verstappen,Red Bull Racing,,22.8855421686747,28.18192771084337,51.44578313253012,4.742168674698796,1,M VERSTAPPEN,VER,max_verstappen,1e5bc6,red_bull,Max,Verstappen,https://www.formula1.com/content/dam/fom-website/drivers/M/MAXVER01_Max_Verstappen/maxver01.png.transform/1col/image.png,NED,,,,,,,,,
2022,Saudi Arabian Grand Prix,Practice 1,Daniel Ricciardo,McLaren,,22.8855421686747,28.18192771084337,51.44578313253012,4.742168674698796,3,D RICCIARDO,RIC,ricciardo,f58020,mclaren,Daniel,Ricciardo,https://www.formula1.com/content/dam/fom-website/drivers/D/DANRIC01_Daniel_Ricciardo/danric01.png.transform/1col/image.png,AUS,,,,,,,,,
2022,Saudi Arabian Grand Prix,Practice 1,Lando Norris,McLaren,,22.8855421686747,28.18192771084337,51.44578313253012,4.742168674698796,4,L NORRIS,NOR,norris,f58020,mclaren,Lando,Norris,https://www.formula1.com/content/dam/fom-website/drivers/L/LANNOR01_Lando_Norris/lannor01.png.transform/1col/image.png,GBR,,,,,,,,,
2022,Saudi Arabian Grand Prix,Practice 1,Nicholas Latifi,Williams,,22.8855421686747,28.18192771084337,51.44578313253012,4.742168674698796,6,N LATIFI,LAT,latifi,37bedd,williams,Nicholas,Latifi,https://www.formula1.com/content/dam/fom-website/drivers/N/NICLAF01_Nicholas_Latifi/niclaf01.png.transform/1col/image.png,CAN,,,,,,,,,
2022,Saudi Arabian Grand Prix,Practice 1,Pierre Gasly,AlphaTauri,,22.8855421686747,28.18192771084337,51.44578313253012,4.742168674698796,10,P GASLY,GAS,gasly,4e7c9b,alphatauri,Pierre,Gasly,https://www.formula1.com/content/dam/fom-website/drivers/P/PIEGAS01_Pierre_Gasly/piegas01.png.transform/1col/image.png,FRA,,,,,,,,,
2022,Saudi Arabian Grand Prix,Practice 1,Sergio Perez,Red Bull Racing,,22.8855421686747,28.18192771084337,51.44578313253012,4.742168674698796,11,S PEREZ,PER,perez,1e5bc6,red_bull,Sergio,Perez,https://www.formula1.com/content/dam/fom-website/drivers/S/SERPER01_Sergio_Perez/serper01.png.transform/1col/image.png,MEX,,,,,,,,,
2022,Saudi Arabian Grand Prix,Practice 1,Fernando Alonso,Alpine,,22.8855421686747,28.18192771084337,51.44578313253012,4.742168674698796,14,F ALONSO,ALO,alonso,2293d1,alpine,Fernando,Alonso,https://www.formula1.com/content/dam/fom-website/drivers/F/FERALO01_Fernando_Alonso/feralo01.png.transform/1col/image.png,ESP,,,,,,,,,
2022,Saudi Arabian Grand Prix,Practice 1,Charles Leclerc,Ferrari,,22.8855421686747,28.18192771084337,51.44578313253012,4.742168674698796,16,C LECLERC,LEC,leclerc,ed1c24,ferrari,Charles,Leclerc,https://www.formula1.com/content/dam/fom-website/drivers/C/CHALEC01_Charles_Leclerc/chalec01.png.transform/1col/image.png,MON,,,,,,,,,
2022,Saudi Arabian Grand Prix,Practice 1,Lance Stroll,Aston Martin,,22.8855421686747,28.18192771084337,51.44578313253012,4.742168674698796,18,L STROLL,STR,stroll,2d826d,aston_martin,Lance,Stroll,https://www.formula1.com/content/dam/fom-website/drivers/L/LANSTR01_Lance_Stroll/lanstr01.png.transform/1col/image.png,CAN,,,,,,,,,
2022,Saudi Arabian Grand Prix,Practice 1,Kevin Magnussen,Haas F1 Team,,22.8855421686747,28.18192771084337,51.44578313253012,4.742168674698796,20,K MAGNUSSEN,MAG,kevin_magnussen,b6babd,haas,Kevin,Magnussen,None,DEN,,,,,,,,,
2022,Saudi Arabian Grand Prix,Practice 1,Yuki Tsunoda,AlphaTauri,,22.8855421686747,28.18192771084337,51.44578313253012,4.742168674698796,22,Y TSUNODA,TSU,tsunoda,4e7c9b,alphatauri,Yuki,Tsunoda,https://www.formula1.com/content/dam/fom-website/drivers/Y/YUKTSU01_Yuki_Tsunoda/yuktsu01.png.transform/1col/image.png,JPN,,,,,,,,,
2022,Saudi Arabian Grand Prix,Practice 1,Alexander Albon,Williams,,22.8855421686747,28.18192771084337,51.44578313253012,4.742168674698796,23,A ALBON,ALB,albon,37bedd,williams,Alexander,Albon,https://www.formula1.com/content/dam/fom-website/drivers/A/ALEALB01_Alexander_Albon/alealb01.png.transform/1col/image.png,THA,,,,,,,,,
2022,Saudi Arabian Grand Prix,Practice 1,Guanyu Zhou,Alfa Romeo,,22.8855421686747,28.18192771084337,51.44578313253012,4.742168674698796,24,G ZHOU,ZHO,zhou,b12039,alfa,Guanyu,Zhou,https://www.formula1.com/content/dam/fom-website/drivers/G/GUAZHO01_Guanyu_Zhou/guazho01.png.transform/1col/image.png,CHN,,,,,,,,,
2022,Saudi Arabian Grand Prix,Practice 1,Nico Hulkenberg,Aston Martin,,22.8855421686747,28.18192771084337,51.44578313253012,4.742168674698796,27,N HULKENBERG,HUL,hulkenberg,2d826d,aston_martin,Nico,Hulkenberg,None,GER,,,,,,,,,
2022,Saudi Arabian Grand Prix,Practice 1,Esteban Ocon,Alpine,,22.8855421686747,28.18192771084337,51.44578313253012,4.742168674698796,31,E OCON,OCO,ocon,2293d1,alpine,Esteban,Ocon,https://www.formula1.com/content/dam/fom-website/drivers/E/ESTOCO01_Esteban_Ocon/estoco01.png.transform/1col/image.png,FRA,,,,,,,,,
2022,Saudi Arabian Grand Prix,Practice 1,Lewis Hamilton,Mercedes,,22.8855421686747,28.18192771084337,51.44578313253012,4.742168674698796,44,L HAMILTON,HAM,hamilton,6cd3bf,mercedes,Lewis,Hamilton,https://www.formula1.com/content/dam/fom-website/drivers/L/LEWHAM01_Lewis_Hamilton/lewham01.png.transform/1col/image.png,GBR,,,,,,,,,
2022,Saudi Arabian Grand Prix,Practice 1,Mick Schumacher,Haas F1 Team,,22.8855421686747,28.18192771084337,51.44578313253012,4.742168674698796,47,M SCHUMACHER,MSC,mick_schumacher,b6babd,haas,Mick,Schumacher,https://www.formula1.com/content/dam/fom-website/drivers/M/MICSCH02_Mick_Schumacher/micsch02.png.transform/1col/image.png,GER,,,,,,,,,
2022,Saudi Arabian Grand Prix,Practice 1,Carlos Sainz,Ferrari,,22.8855421686747,28.18192771084337,51.44578313253012,4.742168674698796,55,C SAINZ,SAI,sainz,ed1c24,ferrari,Carlos,Sainz,https://www.formula1.com/content/dam/fom-website/drivers/C/CARSAI01_Carlos_Sainz/carsai01.png.transform/1col/image.png,ESP,,,,,,,,,
2022,Saudi Arabian Grand Prix,Practice 1,George Russell,Mercedes,,22.8855421686747,28.18192771084337,51.44578313253012,4.742168674698796,63,G RUSSELL,RUS,russell,6cd3bf,mercedes,George,Russell,https://www.formula1.com/content/dam/fom-website/drivers/G/GEORUS01_George_Russell/georus01.png.transform/1col/image.png,GBR,,,,,,,,,
2022,Saudi Arabian Grand Prix,Practice 1,Valtteri Bottas,Alfa Romeo,,22.8855421686747,28.18192771084337,51.44578313253012,4.742168674698796,77,V BOTTAS,BOT,bottas,b12039,alfa,Valtteri,Bottas,https://www.formula1.com/content/dam/fom-website/drivers/V/VALBOT01_Valtteri_Bottas/valbot01.png.transform/1col/image.png,FIN,,,,,,,,,
2022,Saudi Arabian Grand Prix,Practice 2,Max Verstappen,Red Bull Racing,,21.81855670103093,24.256701030927836,55.93814432989691,3.253608247422681,1,M VERSTAPPEN,VER,max_verstappen,1e5bc6,red_bull,Max,Verstappen,https://www.formula1.com/content/dam/fom-website/drivers/M/MAXVER01_Max_Verstappen/maxver01.png.transform/1col/image.png,NED,,,,,,,,,
2022,Saudi Arabian Grand Prix,Practice 2,Daniel Ricciardo,McLaren,,21.81855670103093,24.256701030927836,55.93814432989691,3.253608247422681,3,D RICCIARDO,RIC,ricciardo,f58020,mclaren,Daniel,Ricciardo,https://www.formula1.com/content/dam/fom-website/drivers/D/DANRIC01_Daniel_Ricciardo/danric01.png.transform/1col/image.png,AUS,,,,,,,,,
2022,Saudi Arabian Grand Prix,Practice 2,Lando Norris,McLaren,,21.81855670103093,24.256701030927836,55.93814432989691,3.253608247422681,4,L NORRIS,NOR,norris,f58020,mclaren,Lando,Norris,https://www.formula1.com/content/dam/fom-website/drivers/L/LANNOR01_Lando_Norris/lannor01.png.transform/1col/image.png,GBR,,,,,,,,,
2022,Saudi Arabian Grand Prix,Practice 2,Nicholas Latifi,Williams,,21.81855670103093,24.256701030927836,55.93814432989691,3.253608247422681,6,N LATIFI,LAT,latifi,37bedd,williams,Nicholas,Latifi,https://www.formula1.com/content/dam/fom-website/drivers/N/NICLAF01_Nicholas_Latifi/niclaf01.png.transform/1col/image.png,CAN,,,,,,,,,
2022,Saudi Arabian Grand Prix,Practice 2,Pierre Gasly,AlphaTauri,,21.81855670103093,24.256701030927836,55.93814432989691,3.253608247422681,10,P GASLY,GAS,gasly,4e7c9b,alphatauri,Pierre,Gasly,https://www.formula1.com/content/dam/fom-website/drivers/P/PIEGAS01_Pierre_Gasly/piegas01.png.transform/1col/image.png,FRA,,,,,,,,,
2022,Saudi Arabian Grand Prix,Practice 2,Sergio Perez,Red Bull Racing,,21.81855670103093,24.256701030927836,55.93814432989691,3.253608247422681,11,S PEREZ,PER,perez,1e5bc6,red_bull,Sergio,Perez,https://www.formula1.com/content/dam/fom-website/drivers/S/SERPER01_Sergio_Perez/serper01.png.transform/1col/image.png,MEX,,,,,,,,,
2022,Saudi Arabian Grand Prix,Practice 2,Fernando Alonso,Alpine,,21.81855670103093,24.256701030927836,55.93814432989691,3.253608247422681,14,F ALONSO,ALO,alonso,2293d1,alpine,Fernando,Alonso,https://www.formula1.com/content/dam/fom-website/drivers/F/FERALO01_Fernando_Alonso/feralo01.png.transform/1col/image.png,ESP,,,,,,,,,
2022,Saudi Arabian Grand Prix,Practice 2,Charles Leclerc,Ferrari,,21.81855670103093,24.256701030927836,55.93814432989691,3.253608247422681,16,C LECLERC,LEC,leclerc,ed1c24,ferrari,Charles,Leclerc,https://www.formula1.com/content/dam/fom-website/drivers/C/CHALEC01_Charles_Leclerc/chalec01.png.transform/1col/image.png,MON,,,,,,,,,
2022,Saudi Arabian Grand Prix,Practice 2,Lance Stroll,Aston Martin,,21.81855670103093,24.256701030927836,55.93814432989691,3.253608247422681,18,L STROLL,STR,stroll,2d826d,aston_martin,Lance,Stroll,https://www.formula1.com/content/dam/fom-website/drivers/L/LANSTR01_Lance_Stroll/lanstr01.png.transform/1col/image.png,CAN,,,,,,,,,
2022,Saudi Arabian Grand Prix,Practice 2,Kevin Magnussen,Haas F1 Team,,21.81855670103093,24.256701030927836,55.93814432989691,3.253608247422681,20,K MAGNUSSEN,MAG,kevin_magnussen,b6babd,haas,Kevin,Magnussen,None,DEN,,,,,,,,,
2022,Saudi Arabian Grand Prix,Practice 2,Yuki Tsunoda,AlphaTauri,,21.81855670103093,24.256701030927836,55.93814432989691,3.253608247422681,22,Y TSUNODA,TSU,tsunoda,4e7c9b,alphatauri,Yuki,Tsunoda,https://www.formula1.com/content/dam/fom-website/drivers/Y/YUKTSU01_Yuki_Tsunoda/yuktsu01.png.transform/1col/image.png,JPN,,,,,,,,,
2022,Saudi Arabian Grand Prix,Practice 2,Alexander Albon,Williams,,21.81855670103093,24.256701030927836,55.93814432989691,3.253608247422681,23,A ALBON,ALB,albon,37bedd,williams,Alexander,Albon,https://www.formula1.com/content/dam/fom-website/drivers/A/ALEALB01_Alexander_Albon/alealb01.png.transform/1col/image.png,THA,,,,,,,,,
2022,Saudi Arabian Grand Prix,Practice 2,Guanyu Zhou,Alfa Romeo,,21.81855670103093,24.256701030927836,55.93814432989691,3.253608247422681,24,G ZHOU,ZHO,zhou,b12039,alfa,Guanyu,Zhou,https://www.formula1.com/content/dam/fom-website/drivers/G/GUAZHO01_Guanyu_Zhou/guazho01.png.transform/1col/image.png,CHN,,,,,,,,,
2022,Saudi Arabian Grand Prix,Practice 2,Nico Hulkenberg,Aston Martin,,21.81855670103093,24.256701030927836,55.93814432989691,3.253608247422681,27,N HULKENBERG,HUL,hulkenberg,2d826d,aston_martin,Nico,Hulkenberg,None,GER,,,,,,,,,
2022,Saudi Arabian Grand Prix,Practice 2,Esteban Ocon,Alpine,,21.81855670103093,24.256701030927836,55.93814432989691,3.253608247422681,31,E OCON,OCO,ocon,2293d1,alpine,Esteban,Ocon,https://www.formula1.com/content/dam/fom-website/drivers/E/ESTOCO01_Esteban_Ocon/estoco01.png.transform/1col/image.png,FRA,,,,,,,,,
2022,Saudi Arabian Grand Prix,Practice 2,Lewis Hamilton,Mercedes,,21.81855670103093,24.256701030927836,55.93814432989691,3.253608247422681,44,L HAMILTON,HAM,hamilton,6cd3bf,mercedes,Lewis,Hamilton,https://www.formula1.com/content/dam/fom-website/drivers/L/LEWHAM01_Lewis_Hamilton/lewham01.png.transform/1col/image.png,GBR,,,,,,,,,
2022,Saudi Arabian Grand Prix,Practice 2,Mick Schumacher,Haas F1 Team,,21.81855670103093,24.256701030927836,55.93814432989691,3.253608247422681,47,M SCHUMACHER,MSC,mick_schumacher,b6babd,haas,Mick,Schumacher,https://www.formula1.com/content/dam/fom-website/drivers/M/MICSCH02_Mick_Schumacher/micsch02.png.transform/1col/image.png,GER,,,,,,,,,
2022,Saudi Arabian Grand Prix,Practice 2,Carlos Sainz,Ferrari,,21.81855670103093,24.256701030927836,55.93814432989691,3.253608247422681,55,C SAINZ,SAI,sainz,ed1c24,ferrari,Carlos,Sainz,https://www.formula1.com/content/dam/fom-website/drivers/C/CARSAI01_Carlos_Sainz/carsai01.png.transform/1col/image.png,ESP,,,,,,,,,
2022,Saudi Arabian Grand Prix,Practice 2,George Russell,Mercedes,,21.81855670103093,24.256701030927836,55.93814432989691,3.253608247422681,63,G RUSSELL,RUS,russell,6cd3bf,mercedes,George,Russell,https://www.formula1.com/content/dam/fom-website/drivers/G/GEORUS01_George_Russell/georus01.png.transform/1col/image.png,GBR,,,,,,,,,
2022,Saudi Arabian Grand Prix,Practice 2,Valtteri Bottas,Alfa Romeo,,21.81855670103093,24.256701030927836,55.93814432989691,3.253608247422681,77,V BOTTAS,BOT,bottas,b12039,alfa,Valtteri,Bottas,https://www.formula1.com/content/dam/fom-website/drivers/V/VALBOT01_Valtteri_Bottas/valbot01.png.transform/1col/image.png,FIN,,,,,,,,,
2022,Saudi Arabian Grand Prix,Practice 3,Max Verstappen,Red Bull Racing,,24.254878048780483,29.33780487804877,56.41463414634146,5.682926829268292,1,M VERSTAPPEN,VER,max_verstappen,1e5bc6,red_bull,Max,Verstappen,https://www.formula1.com/content/dam/fom-website/drivers/M/MAXVER01_Max_Verstappen/maxver01.png.transform/1col/image.png,NED,,,,,,,,,
2022,Saudi Arabian Grand Prix,Practice 3,Daniel Ricciardo,McLaren,,24.254878048780483,29.33780487804877,56.41463414634146,5.682926829268292,3,D RICCIARDO,RIC,ricciardo,f58020,mclaren,Daniel,Ricciardo,https://www.formula1.com/content/dam/fom-website/drivers/D/DANRIC01_Daniel_Ricciardo/danric01.png.transform/1col/image.png,AUS,,,,,,,,,
2022,Saudi Arabian Grand Prix,Practice 3,Lando Norris,McLaren,,24.254878048780483,29.33780487804877,56.41463414634146,5.682926829268292,4,L NORRIS,NOR,norris,f58020,mclaren,Lando,Norris,https://www.formula1.com/content/dam/fom-website/drivers/L/LANNOR01_Lando_Norris/lannor01.png.transform/1col/image.png,GBR,,,,,,,,,
2022,Saudi Arabian Grand Prix,Practice 3,Nicholas Latifi,Williams,,24.254878048780483,29.33780487804877,56.41463414634146,5.682926829268292,6,N LATIFI,LAT,latifi,37bedd,williams,Nicholas,Latifi,https://www.formula1.com/content/dam/fom-website/drivers/N/NICLAF01_Nicholas_Latifi/niclaf01.png.transform/1col/image.png,CAN,,,,,,,,,
2022,Saudi Arabian Grand Prix,Practice 3,Pierre Gasly,AlphaTauri,,24.254878048780483,29.33780487804877,56.41463414634146,5.682926829268292,10,P GASLY,GAS,gasly,4e7c9b,alphatauri,Pierre,Gasly,https://www.formula1.com/content/dam/fom-website/drivers/P/PIEGAS01_Pierre_Gasly/piegas01.png.transform/1col/image.png,FRA,,,,,,,,,
2022,Saudi Arabian Grand Prix,Practice 3,Sergio Perez,Red Bull Racing,,24.254878048780483,29.33780487804877,56.41463414634146,5.682926829268292,11,S PEREZ,PER,perez,1e5bc6,red_bull,Sergio,Perez,https://www.formula1.com/content/dam/fom-website/drivers/S/SERPER01_Sergio_Perez/serper01.png.transform/1col/image.png,MEX,,,,,,,,,
2022,Saudi Arabian Grand Prix,Practice 3,Fernando Alonso,Alpine,,24.254878048780483,29.33780487804877,56.41463414634146,5.682926829268292,14,F ALONSO,ALO,alonso,2293d1,alpine,Fernando,Alonso,https://www.formula1.com/content/dam/fom-website/drivers/F/FERALO01_Fernando_Alonso/feralo01.png.transform/1col/image.png,ESP,,,,,,,,,
2022,Saudi Arabian Grand Prix,Practice 3,Charles Leclerc,Ferrari,,24.254878048780483,29.33780487804877,56.41463414634146,5.682926829268292,16,C LECLERC,LEC,leclerc,ed1c24,ferrari,Charles,Leclerc,https://www.formula1.com/content/dam/fom-website/drivers/C/CHALEC01_Charles_Leclerc/chalec01.png.transform/1col/image.png,MON,,,,,,,,,
2022,Saudi Arabian Grand Prix,Practice 3,Lance Stroll,Aston Martin,,24.254878048780483,29.33780487804877,56.41463414634146,5.682926829268292,18,L STROLL,STR,stroll,2d826d,aston_martin,Lance,Stroll,https://www.formula1.com/content/dam/fom-website/drivers/L/LANSTR01_Lance_Stroll/lanstr01.png.transform/1col/image.png,CAN,,,,,,,,,
2022,Saudi Arabian Grand Prix,Practice 3,Kevin Magnussen,Haas F1 Team,,24.254878048780483,29.33780487804877,56.41463414634146,5.682926829268292,20,K MAGNUSSEN,MAG,kevin_magnussen,b6babd,haas,Kevin,Magnussen,None,DEN,,,,,,,,,
2022,Saudi Arabian Grand Prix,Practice 3,Yuki Tsunoda,AlphaTauri,,24.254878048780483,29.33780487804877,56.41463414634146,5.682926829268292,22,Y TSUNODA,TSU,tsunoda,4e7c9b,alphatauri,Yuki,Tsunoda,https://www.formula1.com/content/dam/fom-website/drivers/Y/YUKTSU01_Yuki_Tsunoda/yuktsu01.png.transform/1col/image.png,JPN,,,,,,,,,
2022,Saudi Arabian Grand Prix,Practice 3,Alexander Albon,Williams,,24.254878048780483,29.33780487804877,56.41463414634146,5.682926829268292,23,A ALBON,ALB,albon,37bedd,williams,Alexander,Albon,https://www.formula1.com/content/dam/fom-website/drivers/A/ALEALB01_Alexander_Albon/alealb01.png.transform/1col/image.png,THA,,,,,,,,,
2022,Saudi Arabian Grand Prix,Practice 3,Guanyu Zhou,Alfa Romeo,,24.254878048780483,29.33780487804877,56.41463414634146,5.682926829268292,24,G ZHOU,ZHO,zhou,b12039,alfa,Guanyu,Zhou,https://www.formula1.com/content/dam/fom-website/drivers/G/GUAZHO01_Guanyu_Zhou/guazho01.png.transform/1col/image.png,CHN,,,,,,,,,
2022,Saudi Arabian Grand Prix,Practice 3,Nico Hulkenberg,Aston Martin,,24.254878048780483,29.33780487804877,56.41463414634146,5.682926829268292,27,N HULKENBERG,HUL,hulkenberg,2d826d,aston_martin,Nico,Hulkenberg,None,GER,,,,,,,,,
2022,Saudi Arabian Grand Prix,Practice 3,Esteban Ocon,Alpine,,24.254878048780483,29.33780487804877,56.41463414634146,5.682926829268292,31,E OCON,OCO,ocon,2293d1,alpine,Esteban,Ocon,https://www.formula1.com/content/dam/fom-website/drivers/E/ESTOCO01_Esteban_Ocon/estoco01.png.transform/1col/image.png,FRA,,,,,,,,,
2022,Saudi Arabian Grand Prix,Practice 3,Lewis Hamilton,Mercedes,,24.254878048780483,29.33780487804877,56.41463414634146,5.682926829268292,44,L HAMILTON,HAM,hamilton,6cd3bf,mercedes,Lewis,Hamilton,https://www.formula1.com/content/dam/fom-website/drivers/L/LEWHAM01_Lewis_Hamilton/lewham01.png.transform/1col/image.png,GBR,,,,,,,,,
2022,Saudi Arabian Grand Prix,Practice 3,Mick Schumacher,Haas F1 Team,,24.254878048780483,29.33780487804877,56.41463414634146,5.682926829268292,47,M SCHUMACHER,MSC,mick_schumacher,b6babd,haas,Mick,Schumacher,https://www.formula1.com/content/dam/fom-website/drivers/M/MICSCH02_Mick_Schumacher/micsch02.png.transform/1col/image.png,GER,,,,,,,,,
2022,Saudi Arabian Grand Prix,Practice 3,Carlos Sainz,Ferrari,,24.254878048780483,29.33780487804877,56.41463414634146,5.682926829268292,55,C SAINZ,SAI,sainz,ed1c24,ferrari,Carlos,Sainz,https://www.formula1.com/content/dam/fom-website/drivers/C/CARSAI01_Carlos_Sainz/carsai01.png.transform/1col/image.png,ESP,,,,,,,,,
2022,Saudi Arabian Grand Prix,Practice 3,George Russell,Mercedes,,24.254878048780483,29.33780487804877,56.41463414634146,5.682926829268292,63,G RUSSELL,RUS,russell,6cd3bf,mercedes,George,Russell,https://www.formula1.com/content/dam/fom-website/drivers/G/GEORUS01_George_Russell/georus01.png.transform/1col/image.png,GBR,,,,,,,,,
2022,Saudi Arabian Grand Prix,Practice 3,Valtteri Bottas,Alfa Romeo,,24.254878048780483,29.33780487804877,56.41463414634146,5.682926829268292,77,V BOTTAS,BOT,bottas,b12039,alfa,Valtteri,Bottas,https://www.formula1.com/content/dam/fom-website/drivers/V/VALBOT01_Valtteri_Bottas/valbot01.png.transform/1col/image.png,FIN,,,,,,,,,
2022,Australian Grand Prix,Race,Charles Leclerc,Ferrari,1.0,26.69743589743589,37.40833333333334,43.65384615384615,1.8128205128205126,16,C LECLERC,LEC,leclerc,ed1c24,ferrari,Charles,Leclerc,https://www.formula1.com/content/dam/fom-website/drivers/C/CHALEC01_Charles_Leclerc/chalec01.png.transform/1col/image.png,MON,1,1.0,,,,0 days 01:27:46.548000,Finished,26.0,58.0
2022,Australian Grand Prix,Race,Sergio Perez,Red Bull Racing,2.0,26.69743589743589,37.40833333333334,43.65384615384615,1.8128205128205126,11,S PEREZ,PER,perez,1e5bc6,red_bull,Sergio,Perez,https://www.formula1.com/content/dam/fom-website/drivers/S/SERPER01_Sergio_Perez/serper01.png.transform/1col/image.png,MEX,2,3.0,,,,0 days 00:00:20.524000,Finished,18.0,58.0
2022,Australian Grand Prix,Race,George Russell,Mercedes,3.0,26.69743589743589,37.40833333333334,43.65384615384615,1.8128205128205126,63,G RUSSELL,RUS,russell,6cd3bf,mercedes,George,Russell,https://www.formula1.com/content/dam/fom-website/drivers/G/GEORUS01_George_Russell/georus01.png.transform/1col/image.png,GBR,3,6.0,,,,0 days 00:00:25.593000,Finished,15.0,58.0
2022,Australian Grand Prix,Race,Lewis Hamilton,Mercedes,4.0,26.69743589743589,37.40833333333334,43.65384615384615,1.8128205128205126,44,L HAMILTON,HAM,hamilton,6cd3bf,mercedes,Lewis,Hamilton,https://www.formula1.com/content/dam/fom-website/drivers/L/LEWHAM01_Lewis_Hamilton/lewham01.png.transform/1col/image.png,GBR,4,5.0,,,,0 days 00:00:28.543000,Finished,12.0,58.0
2022,Australian Grand Prix,Race,Lando Norris,McLaren,5.0,26.69743589743589,37.40833333333334,43.65384615384615,1.8128205128205126,4,L NORRIS,NOR,norris,f58020,mclaren,Lando,Norris,https://www.formula1.com/content/dam/fom-website/drivers/L/LANNOR01_Lando_Norris/lannor01.png.transform/1col/image.png,GBR,5,4.0,,,,0 days 00:00:53.303000,Finished,10.0,58.0
2022,Australian Grand Prix,Race,Daniel Ricciardo,McLaren,6.0,26.69743589743589,37.40833333333334,43.65384615384615,1.8128205128205126,3,D RICCIARDO,RIC,ricciardo,f58020,mclaren,Daniel,Ricciardo,https://www.formula1.com/content/dam/fom-website/drivers/D/DANRIC01_Daniel_Ricciardo/danric01.png.transform/1col/image.png,AUS,6,7.0,,,,0 days 00:00:53.737000,Finished,8.0,58.0
2022,Australian Grand Prix,Race,Esteban Ocon,Alpine,7.0,26.69743589743589,37.40833333333334,43.65384615384615,1.8128205128205126,31,E OCON,OCO,ocon,2293d1,alpine,Esteban,Ocon,https://www.formula1.com/content/dam/fom-website/drivers/E/ESTOCO01_Esteban_Ocon/estoco01.png.transform/1col/image.png,FRA,7,8.0,,,,0 days 00:01:01.683000,Finished,6.0,58.0
2022,Australian Grand Prix,Race,Valtteri Bottas,Alfa Romeo,8.0,26.69743589743589,37.40833333333334,43.65384615384615,1.8128205128205126,77,V BOTTAS,BOT,bottas,b12039,alfa,Valtteri,Bottas,https://www.formula1.com/content/dam/fom-website/drivers/V/VALBOT01_Valtteri_Bottas/valbot01.png.transform/1col/image.png,FIN,8,12.0,,,,0 days 00:01:08.439000,Finished,4.0,58.0
2022,Australian Grand Prix,Race,Pierre Gasly,AlphaTauri,9.0,26.69743589743589,37.40833333333334,43.65384615384615,1.8128205128205126,10,P GASLY,GAS,gasly,4e7c9b,alphatauri,Pierre,Gasly,https://www.formula1.com/content/dam/fom-website/drivers/P/PIEGAS01_Pierre_Gasly/piegas01.png.transform/1col/image.png,FRA,9,11.0,,,,0 days 00:01:16.221000,Finished,2.0,58.0
2022,Australian Grand Prix,Race,Alexander Albon,Williams,10.0,26.69743589743589,37.40833333333334,43.65384615384615,1.8128205128205126,23,A ALBON,ALB,albon,37bedd,williams,Alexander,Albon,https://www.formula1.com/content/dam/fom-website/drivers/A/ALEALB01_Alexander_Albon/alealb01.png.transform/1col/image.png,THA,10,20.0,,,,0 days 00:01:19.382000,Finished,1.0,58.0
2022,Australian Grand Prix,Race,Guanyu Zhou,Alfa Romeo,11.0,26.69743589743589,37.40833333333334,43.65384615384615,1.8128205128205126,24,G ZHOU,ZHO,zhou,b12039,alfa,Guanyu,Zhou,https://www.formula1.com/content/dam/fom-website/drivers/G/GUAZHO01_Guanyu_Zhou/guazho01.png.transform/1col/image.png,CHN,11,14.0,,,,0 days 00:01:21.695000,Finished,0.0,58.0
2022,Australian Grand Prix,Race,Lance Stroll,Aston Martin,12.0,26.69743589743589,37.40833333333334,43.65384615384615,1.8128205128205126,18,L STROLL,STR,stroll,2d826d,aston_martin,Lance,Stroll,https://www.formula1.com/content/dam/fom-website/drivers/L/LANSTR01_Lance_Stroll/lanstr01.png.transform/1col/image.png,CAN,12,19.0,,,,0 days 00:01:28.598000,Finished,0.0,58.0
2022,Australian Grand Prix,Race,Mick Schumacher,Haas F1 Team,13.0,26.69743589743589,37.40833333333334,43.65384615384615,1.8128205128205126,47,M SCHUMACHER,MSC,mick_schumacher,b6babd,haas,Mick,Schumacher,https://www.formula1.com/content/dam/fom-website/drivers/M/MICSCH02_Mick_Schumacher/micsch02.png.transform/1col/image.png,GER,13,15.0,,,,,+1 Lap,0.0,57.0
2022,Australian Grand Prix,Race,Kevin Magnussen,Haas F1 Team,14.0,26.69743589743589,37.40833333333334,43.65384615384615,1.8128205128205126,20,K MAGNUSSEN,MAG,kevin_magnussen,b6babd,haas,Kevin,Magnussen,None,DEN,14,16.0,,,,,+1 Lap,0.0,57.0
2022,Australian Grand Prix,Race,Yuki Tsunoda,AlphaTauri,15.0,26.69743589743589,37.40833333333334,43.65384615384615,1.8128205128205126,22,Y TSUNODA,TSU,tsunoda,4e7c9b,alphatauri,Yuki,Tsunoda,https://www.formula1.com/content/dam/fom-website/drivers/Y/YUKTSU01_Yuki_Tsunoda/yuktsu01.png.transform/1col/image.png,JPN,15,13.0,,,,,+1 Lap,0.0,57.0
2022,Australian Grand Prix,Race,Nicholas Latifi,Williams,16.0,26.69743589743589,37.40833333333334,43.65384615384615,1.8128205128205126,6,N LATIFI,LAT,latifi,37bedd,williams,Nicholas,Latifi,https://www.formula1.com/content/dam/fom-website/drivers/N/NICLAF01_Nicholas_Latifi/niclaf01.png.transform/1col/image.png,CAN,16,18.0,,,,,+1 Lap,0.0,57.0
2022,Australian Grand Prix,Race,Fernando Alonso,Alpine,17.0,26.69743589743589,37.40833333333334,43.65384615384615,1.8128205128205126,14,F ALONSO,ALO,alonso,2293d1,alpine,Fernando,Alonso,https://www.formula1.com/content/dam/fom-website/drivers/F/FERALO01_Fernando_Alonso/feralo01.png.transform/1col/image.png,ESP,17,10.0,,,,,+1 Lap,0.0,57.0
2022,Australian Grand Prix,Race,Max Verstappen,Red Bull Racing,18.0,26.69743589743589,37.40833333333334,43.65384615384615,1.8128205128205126,1,M VERSTAPPEN,VER,max_verstappen,1e5bc6,red_bull,Max,Verstappen,https://www.formula1.com/content/dam/fom-website/drivers/M/MAXVER01_Max_Verstappen/maxver01.png.transform/1col/image.png,NED,R,2.0,,,,,Fuel leak,0.0,38.0
2022,Australian Grand Prix,Race,Sebastian Vettel,Aston Martin,19.0,26.69743589743589,37.40833333333334,43.65384615384615,1.8128205128205126,5,S VETTEL,VET,vettel,2d826d,aston_martin,Sebastian,Vettel,https://www.formula1.com/content/dam/fom-website/drivers/S/SEBVET01_Sebastian_Vettel/sebvet01.png.transform/1col/image.png,GER,R,17.0,,,,,Accident,0.0,22.0
2022,Australian Grand Prix,Race,Carlos Sainz,Ferrari,20.0,26.69743589743589,37.40833333333334,43.65384615384615,1.8128205128205126,55,C SAINZ,SAI,sainz,ed1c24,ferrari,Carlos,Sainz,https://www.formula1.com/content/dam/fom-website/drivers/C/CARSAI01_Carlos_Sainz/carsai01.png.transform/1col/image.png,ESP,R,9.0,,,,,Spun off,0.0,1.0
2022,Australian Grand Prix,Qualifying,Charles Leclerc,Ferrari,1.0,23.237837837837834,29.152252252252254,57.65765765765766,1.1846846846846846,16,C LECLERC,LEC,leclerc,ed1c24,ferrari,Charles,Leclerc,https://www.formula1.com/content/dam/fom-website/drivers/C/CHALEC01_Charles_Leclerc/chalec01.png.transform/1col/image.png,MON,,,0 days 00:01:18.881000,0 days 00:01:18.606000,0 days 00:01:17.868000,,,,
2022,Australian Grand Prix,Qualifying,Max Verstappen,Red Bull Racing,2.0,23.237837837837834,29.152252252252254,57.65765765765766,1.1846846846846846,1,M VERSTAPPEN,VER,max_verstappen,1e5bc6,red_bull,Max,Verstappen,https://www.formula1.com/content/dam/fom-website/drivers/M/MAXVER01_Max_Verstappen/maxver01.png.transform/1col/image.png,NED,,,0 days 00:01:18.580000,0 days 00:01:18.611000,0 days 00:01:18.154000,,,,
2022,Australian Grand Prix,Qualifying,Sergio Perez,Red Bull Racing,3.0,23.237837837837834,29.152252252252254,57.65765765765766,1.1846846846846846,11,S PEREZ,PER,perez,1e5bc6,red_bull,Sergio,Perez,https://www.formula1.com/content/dam/fom-website/drivers/S/SERPER01_Sergio_Perez/serper01.png.transform/1col/image.png,MEX,,,0 days 00:01:18.834000,0 days 00:01:18.340000,0 days 00:01:18.240000,,,,
2022,Australian Grand Prix,Qualifying,Lando Norris,McLaren,4.0,23.237837837837834,29.152252252252254,57.65765765765766,1.1846846846846846,4,L NORRIS,NOR,norris,f58020,mclaren,Lando,Norris,https://www.formula1.com/content/dam/fom-website/drivers/L/LANNOR01_Lando_Norris/lannor01.png.transform/1col/image.png,GBR,,,0 days 00:01:19.280000,0 days 00:01:19.066000,0 days 00:01:18.703000,,,,
2022,Australian Grand Prix,Qualifying,Lewis Hamilton,Mercedes,5.0,23.237837837837834,29.152252252252254,57.65765765765766,1.1846846846846846,44,L HAMILTON,HAM,hamilton,6cd3bf,mercedes,Lewis,Hamilton,https://www.formula1.com/content/dam/fom-website/drivers/L/LEWHAM01_Lewis_Hamilton/lewham01.png.transform/1col/image.png,GBR,,,0 days 00:01:19.401000,0 days 00:01:19.106000,0 days 00:01:18.825000,,,,
2022,Australian Grand Prix,Qualifying,George Russell,Mercedes,6.0,23.237837837837834,29.152252252252254,57.65765765765766,1.1846846846846846,63,G RUSSELL,RUS,russell,6cd3bf,mercedes,George,Russell,https://www.formula1.com/content/dam/fom-website/drivers/G/GEORUS01_George_Russell/georus01.png.transform/1col/image.png,GBR,,,0 days 00:01:19.405000,0 days 00:01:19.076000,0 days 00:01:18.933000,,,,
2022,Australian Grand Prix,Qualifying,Daniel Ricciardo,McLaren,7.0,23.237837837837834,29.152252252252254,57.65765765765766,1.1846846846846846,3,D RICCIARDO,RIC,ricciardo,f58020,mclaren,Daniel,Ricciardo,https://www.formula1.com/content/dam/fom-website/drivers/D/DANRIC01_Daniel_Ricciardo/danric01.png.transform/1col/image.png,AUS,,,0 days 00:01:19.665000,0 days 00:01:19.130000,0 days 00:01:19.032000,,,,
2022,Australian Grand Prix,Qualifying,Esteban Ocon,Alpine,8.0,23.237837837837834,29.152252252252254,57.65765765765766,1.1846846846846846,31,E OCON,OCO,ocon,2293d1,alpine,Esteban,Ocon,https://www.formula1.com/content/dam/fom-website/drivers/E/ESTOCO01_Esteban_Ocon/estoco01.png.transform/1col/image.png,FRA,,,0 days 00:01:19.605000,0 days 00:01:19.136000,0 days 00:01:19.061000,,,,
2022,Australian Grand Prix,Qualifying,Carlos Sainz,Ferrari,9.0,23.237837837837834,29.152252252252254,57.65765765765766,1.1846846846846846,55,C SAINZ,SAI,sainz,ed1c24,ferrari,Carlos,Sainz,https://www.formula1.com/content/dam/fom-website/drivers/C/CARSAI01_Carlos_Sainz/carsai01.png.transform/1col/image.png,ESP,,,0 days 00:01:18.983000,0 days 00:01:18.469000,0 days 00:01:19.408000,,,,
2022,Australian Grand Prix,Qualifying,Fernando Alonso,Alpine,10.0,23.237837837837834,29.152252252252254,57.65765765765766,1.1846846846846846,14,F ALONSO,ALO,alonso,2293d1,alpine,Fernando,Alonso,https://www.formula1.com/content/dam/fom-website/drivers/F/FERALO01_Fernando_Alonso/feralo01.png.transform/1col/image.png,ESP,,,0 days 00:01:19.192000,0 days 00:01:18.815000,,,,,
2022,Australian Grand Prix,Qualifying,Pierre Gasly,AlphaTauri,11.0,23.237837837837834,29.152252252252254,57.65765765765766,1.1846846846846846,10,P GASLY,GAS,gasly,4e7c9b,alphatauri,Pierre,Gasly,https://www.formula1.com/content/dam/fom-website/drivers/P/PIEGAS01_Pierre_Gasly/piegas01.png.transform/1col/image.png,FRA,,,0 days 00:01:19.580000,0 days 00:01:19.226000,,,,,
2022,Australian Grand Prix,Qualifying,Valtteri Bottas,Alfa Romeo,12.0,23.237837837837834,29.152252252252254,57.65765765765766,1.1846846846846846,77,V BOTTAS,BOT,bottas,b12039,alfa,Valtteri,Bottas,https://www.formula1.com/content/dam/fom-website/drivers/V/VALBOT01_Valtteri_Bottas/valbot01.png.transform/1col/image.png,FIN,,,0 days 00:01:19.251000,0 days 00:01:19.410000,,,,,
2022,Australian Grand Prix,Qualifying,Yuki Tsunoda,AlphaTauri,13.0,23.237837837837834,29.152252252252254,57.65765765765766,1.1846846846846846,22,Y TSUNODA,TSU,tsunoda,4e7c9b,alphatauri,Yuki,Tsunoda,https://www.formula1.com/content/dam/fom-website/drivers/Y/YUKTSU01_Yuki_Tsunoda/yuktsu01.png.transform/1col/image.png,JPN,,,0 days 00:01:19.742000,0 days 00:01:19.424000,,,,,
2022,Australian Grand Prix,Qualifying,Guanyu Zhou,Alfa Romeo,14.0,23.237837837837834,29.152252252252254,57.65765765765766,1.1846846846846846,24,G ZHOU,ZHO,zhou,b12039,alfa,Guanyu,Zhou,https://www.formula1.com/content/dam/fom-website/drivers/G/GUAZHO01_Guanyu_Zhou/guazho01.png.transform/1col/image.png,CHN,,,0 days 00:01:19.910000,0 days 00:01:20.155000,,,,,
2022,Australian Grand Prix,Qualifying,Mick Schumacher,Haas F1 Team,15.0,23.237837837837834,29.152252252252254,57.65765765765766,1.1846846846846846,47,M SCHUMACHER,MSC,mick_schumacher,b6babd,haas,Mick,Schumacher,https://www.formula1.com/content/dam/fom-website/drivers/M/MICSCH02_Mick_Schumacher/micsch02.png.transform/1col/image.png,GER,,,0 days 00:01:20.104000,0 days 00:01:20.465000,,,,,
2022,Australian Grand Prix,Qualifying,Alexander Albon,Williams,16.0,23.237837837837834,29.152252252252254,57.65765765765766,1.1846846846846846,23,A ALBON,ALB,albon,37bedd,williams,Alexander,Albon,https://www.formula1.com/content/dam/fom-website/drivers/A/ALEALB01_Alexander_Albon/alealb01.png.transform/1col/image.png,THA,,,0 days 00:01:20.135000,,,,,,
2022,Australian Grand Prix,Qualifying,Kevin Magnussen,Haas F1 Team,17.0,23.237837837837834,29.152252252252254,57.65765765765766,1.1846846846846846,20,K MAGNUSSEN,MAG,kevin_magnussen,b6babd,haas,Kevin,Magnussen,None,DEN,,,0 days 00:01:20.254000,,,,,,
2022,Australian Grand Prix,Qualifying,Sebastian Vettel,Aston Martin,18.0,23.237837837837834,29.152252252252254,57.65765765765766,1.1846846846846846,5,S VETTEL,VET,vettel,2d826d,aston_martin,Sebastian,Vettel,https://www.formula1.com/content/dam/fom-website/drivers/S/SEBVET01_Sebastian_Vettel/sebvet01.png.transform/1col/image.png,GER,,,0 days 00:01:21.149000,,,,,,
2022,Australian Grand Prix,Qualifying,Nicholas Latifi,Williams,19.0,23.237837837837834,29.152252252252254,57.65765765765766,1.1846846846846846,6,N LATIFI,LAT,latifi,37bedd,williams,Nicholas,Latifi,https://www.formula1.com/content/dam/fom-website/drivers/N/NICLAF01_Nicholas_Latifi/niclaf01.png.transform/1col/image.png,CAN,,,0 days 00:01:21.372000,,,,,,
2022,Australian Grand Prix,Qualifying,Lance Stroll,Aston Martin,20.0,23.237837837837834,29.152252252252254,57.65765765765766,1.1846846846846846,18,L STROLL,STR,stroll,2d826d,aston_martin,Lance,Stroll,https://www.formula1.com/content/dam/fom-website/drivers/L/LANSTR01_Lance_Stroll/lanstr01.png.transform/1col/image.png,CAN,,,,,,,,,
2022,Australian Grand Prix,Practice 1,Max Verstappen,Red Bull Racing,,21.23164556962025,37.897468354430366,56.620253164556964,0.7189873417721518,1,M VERSTAPPEN,VER,max_verstappen,1e5bc6,red_bull,Max,Verstappen,https://www.formula1.com/content/dam/fom-website/drivers/M/MAXVER01_Max_Verstappen/maxver01.png.transform/1col/image.png,NED,,,,,,,,,
2022,Australian Grand Prix,Practice 1,Daniel Ricciardo,McLaren,,21.23164556962025,37.897468354430366,56.620253164556964,0.7189873417721518,3,D RICCIARDO,RIC,ricciardo,f58020,mclaren,Daniel,Ricciardo,https://www.formula1.com/content/dam/fom-website/drivers/D/DANRIC01_Daniel_Ricciardo/danric01.png.transform/1col/image.png,AUS,,,,,,,,,
2022,Australian Grand Prix,Practice 1,Lando Norris,McLaren,,21.23164556962025,37.897468354430366,56.620253164556964,0.7189873417721518,4,L NORRIS,NOR,norris,f58020,mclaren,Lando,Norris,https://www.formula1.com/content/dam/fom-website/drivers/L/LANNOR01_Lando_Norris/lannor01.png.transform/1col/image.png,GBR,,,,,,,,,
2022,Australian Grand Prix,Practice 1,Sebastian Vettel,Aston Martin,,21.23164556962025,37.897468354430366,56.620253164556964,0.7189873417721518,5,S VETTEL,VET,vettel,2d826d,aston_martin,Sebastian,Vettel,https://www.formula1.com/content/dam/fom-website/drivers/S/SEBVET01_Sebastian_Vettel/sebvet01.png.transform/1col/image.png,GER,,,,,,,,,
2022,Australian Grand Prix,Practice 1,Nicholas Latifi,Williams,,21.23164556962025,37.897468354430366,56.620253164556964,0.7189873417721518,6,N LATIFI,LAT,latifi,37bedd,williams,Nicholas,Latifi,https://www.formula1.com/content/dam/fom-website/drivers/N/NICLAF01_Nicholas_Latifi/niclaf01.png.transform/1col/image.png,CAN,,,,,,,,,
2022,Australian Grand Prix,Practice 1,Pierre Gasly,AlphaTauri,,21.23164556962025,37.897468354430366,56.620253164556964,0.7189873417721518,10,P GASLY,GAS,gasly,4e7c9b,alphatauri,Pierre,Gasly,https://www.formula1.com/content/dam/fom-website/drivers/P/PIEGAS01_Pierre_Gasly/piegas01.png.transform/1col/image.png,FRA,,,,,,,,,
2022,Australian Grand Prix,Practice 1,Sergio Perez,Red Bull Racing,,21.23164556962025,37.897468354430366,56.620253164556964,0.7189873417721518,11,S PEREZ,PER,perez,1e5bc6,red_bull,Sergio,Perez,https://www.formula1.com/content/dam/fom-website/drivers/S/SERPER01_Sergio_Perez/serper01.png.transform/1col/image.png,MEX,,,,,,,,,
2022,Australian Grand Prix,Practice 1,Fernando Alonso,Alpine,,21.23164556962025,37.897468354430366,56.620253164556964,0.7189873417721518,14,F ALONSO,ALO,alonso,2293d1,alpine,Fernando,Alonso,https://www.formula1.com/content/dam/fom-website/drivers/F/FERALO01_Fernando_Alonso/feralo01.png.transform/1col/image.png,ESP,,,,,,,,,
2022,Australian Grand Prix,Practice 1,Charles Leclerc,Ferrari,,21.23164556962025,37.897468354430366,56.620253164556964,0.7189873417721518,16,C LECLERC,LEC,leclerc,ed1c24,ferrari,Charles,Leclerc,https://www.formula1.com/content/dam/fom-website/drivers/C/CHALEC01_Charles_Leclerc/chalec01.png.transform/1col/image.png,MON,,,,,,,,,
2022,Australian Grand Prix,Practice 1,Lance Stroll,Aston Martin,,21.23164556962025,37.897468354430366,56.620253164556964,0.7189873417721518,18,L STROLL,STR,stroll,2d826d,aston_martin,Lance,Stroll,https://www.formula1.com/content/dam/fom-website/drivers/L/LANSTR01_Lance_Stroll/lanstr01.png.transform/1col/image.png,CAN,,,,,,,,,
2022,Australian Grand Prix,Practice 1,Kevin Magnussen,Haas F1 Team,,21.23164556962025,37.897468354430366,56.620253164556964,0.7189873417721518,20,K MAGNUSSEN,MAG,kevin_magnussen,b6babd,haas,Kevin,Magnussen,None,DEN,,,,,,,,,
2022,Australian Grand Prix,Practice 1,Yuki Tsunoda,AlphaTauri,,21.23164556962025,37.897468354430366,56.620253164556964,0.7189873417721518,22,Y TSUNODA,TSU,tsunoda,4e7c9b,alphatauri,Yuki,Tsunoda,https://www.formula1.com/content/dam/fom-website/drivers/Y/YUKTSU01_Yuki_Tsunoda/yuktsu01.png.transform/1col/image.png,JPN,,,,,,,,,
2022,Australian Grand Prix,Practice 1,Alexander Albon,Williams,,21.23164556962025,37.897468354430366,56.620253164556964,0.7189873417721518,23,A ALBON,ALB,albon,37bedd,williams,Alexander,Albon,https://www.formula1.com/content/dam/fom-website/drivers/A/ALEALB01_Alexander_Albon/alealb01.png.transform/1col/image.png,THA,,,,,,,,,
2022,Australian Grand Prix,Practice 1,Guanyu Zhou,Alfa Romeo,,21.23164556962025,37.897468354430366,56.620253164556964,0.7189873417721518,24,G ZHOU,ZHO,zhou,b12039,alfa,Guanyu,Zhou,https://www.formula1.com/content/dam/fom-website/drivers/G/GUAZHO01_Guanyu_Zhou/guazho01.png.transform/1col/image.png,CHN,,,,,,,,,
2022,Australian Grand Prix,Practice 1,Esteban Ocon,Alpine,,21.23164556962025,37.897468354430366,56.620253164556964,0.7189873417721518,31,E OCON,OCO,ocon,2293d1,alpine,Esteban,Ocon,https://www.formula1.com/content/dam/fom-website/drivers/E/ESTOCO01_Esteban_Ocon/estoco01.png.transform/1col/image.png,FRA,,,,,,,,,
2022,Australian Grand Prix,Practice 1,Lewis Hamilton,Mercedes,,21.23164556962025,37.897468354430366,56.620253164556964,0.7189873417721518,44,L HAMILTON,HAM,hamilton,6cd3bf,mercedes,Lewis,Hamilton,https://www.formula1.com/content/dam/fom-website/drivers/L/LEWHAM01_Lewis_Hamilton/lewham01.png.transform/1col/image.png,GBR,,,,,,,,,
2022,Australian Grand Prix,Practice 1,Mick Schumacher,Haas F1 Team,,21.23164556962025,37.897468354430366,56.620253164556964,0.7189873417721518,47,M SCHUMACHER,MSC,mick_schumacher,b6babd,haas,Mick,Schumacher,https://www.formula1.com/content/dam/fom-website/drivers/M/MICSCH02_Mick_Schumacher/micsch02.png.transform/1col/image.png,GER,,,,,,,,,
2022,Australian Grand Prix,Practice 1,Carlos Sainz,Ferrari,,21.23164556962025,37.897468354430366,56.620253164556964,0.7189873417721518,55,C SAINZ,SAI,sainz,ed1c24,ferrari,Carlos,Sainz,https://www.formula1.com/content/dam/fom-website/drivers/C/CARSAI01_Carlos_Sainz/carsai01.png.transform/1col/image.png,ESP,,,,,,,,,
2022,Australian Grand Prix,Practice 1,George Russell,Mercedes,,21.23164556962025,37.897468354430366,56.620253164556964,0.7189873417721518,63,G RUSSELL,RUS,russell,6cd3bf,mercedes,George,Russell,https://www.formula1.com/content/dam/fom-website/drivers/G/GEORUS01_George_Russell/georus01.png.transform/1col/image.png,GBR,,,,,,,,,
2022,Australian Grand Prix,Practice 1,Valtteri Bottas,Alfa Romeo,,21.23164556962025,37.897468354430366,56.620253164556964,0.7189873417721518,77,V BOTTAS,BOT,bottas,b12039,alfa,Valtteri,Bottas,https://www.formula1.com/content/dam/fom-website/drivers/V/VALBOT01_Valtteri_Bottas/valbot01.png.transform/1col/image.png,FIN,,,,,,,,,
2022,Australian Grand Prix,Practice 2,Max Verstappen,Red Bull Racing,,20.782278481012668,29.450632911392404,65.9620253164557,0.7860759493670886,1,M VERSTAPPEN,VER,max_verstappen,1e5bc6,red_bull,Max,Verstappen,https://www.formula1.com/content/dam/fom-website/drivers/M/MAXVER01_Max_Verstappen/maxver01.png.transform/1col/image.png,NED,,,,,,,,,
2022,Australian Grand Prix,Practice 2,Daniel Ricciardo,McLaren,,20.782278481012668,29.450632911392404,65.9620253164557,0.7860759493670886,3,D RICCIARDO,RIC,ricciardo,f58020,mclaren,Daniel,Ricciardo,https://www.formula1.com/content/dam/fom-website/drivers/D/DANRIC01_Daniel_Ricciardo/danric01.png.transform/1col/image.png,AUS,,,,,,,,,
2022,Australian Grand Prix,Practice 2,Lando Norris,McLaren,,20.782278481012668,29.450632911392404,65.9620253164557,0.7860759493670886,4,L NORRIS,NOR,norris,f58020,mclaren,Lando,Norris,https://www.formula1.com/content/dam/fom-website/drivers/L/LANNOR01_Lando_Norris/lannor01.png.transform/1col/image.png,GBR,,,,,,,,,
2022,Australian Grand Prix,Practice 2,Sebastian Vettel,Aston Martin,,20.782278481012668,29.450632911392404,65.9620253164557,0.7860759493670886,5,S VETTEL,VET,vettel,2d826d,aston_martin,Sebastian,Vettel,https://www.formula1.com/content/dam/fom-website/drivers/S/SEBVET01_Sebastian_Vettel/sebvet01.png.transform/1col/image.png,GER,,,,,,,,,
2022,Australian Grand Prix,Practice 2,Nicholas Latifi,Williams,,20.782278481012668,29.450632911392404,65.9620253164557,0.7860759493670886,6,N LATIFI,LAT,latifi,37bedd,williams,Nicholas,Latifi,https://www.formula1.com/content/dam/fom-website/drivers/N/NICLAF01_Nicholas_Latifi/niclaf01.png.transform/1col/image.png,CAN,,,,,,,,,
2022,Australian Grand Prix,Practice 2,Pierre Gasly,AlphaTauri,,20.782278481012668,29.450632911392404,65.9620253164557,0.7860759493670886,10,P GASLY,GAS,gasly,4e7c9b,alphatauri,Pierre,Gasly,https://www.formula1.com/content/dam/fom-website/drivers/P/PIEGAS01_Pierre_Gasly/piegas01.png.transform/1col/image.png,FRA,,,,,,,,,
2022,Australian Grand Prix,Practice 2,Sergio Perez,Red Bull Racing,,20.782278481012668,29.450632911392404,65.9620253164557,0.7860759493670886,11,S PEREZ,PER,perez,1e5bc6,red_bull,Sergio,Perez,https://www.formula1.com/content/dam/fom-website/drivers/S/SERPER01_Sergio_Perez/serper01.png.transform/1col/image.png,MEX,,,,,,,,,
2022,Australian Grand Prix,Practice 2,Fernando Alonso,Alpine,,20.782278481012668,29.450632911392404,65.9620253164557,0.7860759493670886,14,F ALONSO,ALO,alonso,2293d1,alpine,Fernando,Alonso,https://www.formula1.com/content/dam/fom-website/drivers/F/FERALO01_Fernando_Alonso/feralo01.png.transform/1col/image.png,ESP,,,,,,,,,
2022,Australian Grand Prix,Practice 2,Charles Leclerc,Ferrari,,20.782278481012668,29.450632911392404,65.9620253164557,0.7860759493670886,16,C LECLERC,LEC,leclerc,ed1c24,ferrari,Charles,Leclerc,https://www.formula1.com/content/dam/fom-website/drivers/C/CHALEC01_Charles_Leclerc/chalec01.png.transform/1col/image.png,MON,,,,,,,,,
2022,Australian Grand Prix,Practice 2,Lance Stroll,Aston Martin,,20.782278481012668,29.450632911392404,65.9620253164557,0.7860759493670886,18,L STROLL,STR,stroll,2d826d,aston_martin,Lance,Stroll,https://www.formula1.com/content/dam/fom-website/drivers/L/LANSTR01_Lance_Stroll/lanstr01.png.transform/1col/image.png,CAN,,,,,,,,,
2022,Australian Grand Prix,Practice 2,Kevin Magnussen,Haas F1 Team,,20.782278481012668,29.450632911392404,65.9620253164557,0.7860759493670886,20,K MAGNUSSEN,MAG,kevin_magnussen,b6babd,haas,Kevin,Magnussen,None,DEN,,,,,,,,,
2022,Australian Grand Prix,Practice 2,Yuki Tsunoda,AlphaTauri,,20.782278481012668,29.450632911392404,65.9620253164557,0.7860759493670886,22,Y TSUNODA,TSU,tsunoda,4e7c9b,alphatauri,Yuki,Tsunoda,https://www.formula1.com/content/dam/fom-website/drivers/Y/YUKTSU01_Yuki_Tsunoda/yuktsu01.png.transform/1col/image.png,JPN,,,,,,,,,
2022,Australian Grand Prix,Practice 2,Alexander Albon,Williams,,20.782278481012668,29.450632911392404,65.9620253164557,0.7860759493670886,23,A ALBON,ALB,albon,37bedd,williams,Alexander,Albon,https://www.formula1.com/content/dam/fom-website/drivers/A/ALEALB01_Alexander_Albon/alealb01.png.transform/1col/image.png,THA,,,,,,,,,
2022,Australian Grand Prix,Practice 2,Guanyu Zhou,Alfa Romeo,,20.782278481012668,29.450632911392404,65.9620253164557,0.7860759493670886,24,G ZHOU,ZHO,zhou,b12039,alfa,Guanyu,Zhou,https://www.formula1.com/content/dam/fom-website/drivers/G/GUAZHO01_Guanyu_Zhou/guazho01.png.transform/1col/image.png,CHN,,,,,,,,,
2022,Australian Grand Prix,Practice 2,Esteban Ocon,Alpine,,20.782278481012668,29.450632911392404,65.9620253164557,0.7860759493670886,31,E OCON,OCO,ocon,2293d1,alpine,Esteban,Ocon,https://www.formula1.com/content/dam/fom-website/drivers/E/ESTOCO01_Esteban_Ocon/estoco01.png.transform/1col/image.png,FRA,,,,,,,,,
2022,Australian Grand Prix,Practice 2,Lewis Hamilton,Mercedes,,20.782278481012668,29.450632911392404,65.9620253164557,0.7860759493670886,44,L HAMILTON,HAM,hamilton,6cd3bf,mercedes,Lewis,Hamilton,https://www.formula1.com/content/dam/fom-website/drivers/L/LEWHAM01_Lewis_Hamilton/lewham01.png.transform/1col/image.png,GBR,,,,,,,,,
2022,Australian Grand Prix,Practice 2,Mick Schumacher,Haas F1 Team,,20.782278481012668,29.450632911392404,65.9620253164557,0.7860759493670886,47,M SCHUMACHER,MSC,mick_schumacher,b6babd,haas,Mick,Schumacher,https://www.formula1.com/content/dam/fom-website/drivers/M/MICSCH02_Mick_Schumacher/micsch02.png.transform/1col/image.png,GER,,,,,,,,,
2022,Australian Grand Prix,Practice 2,Carlos Sainz,Ferrari,,20.782278481012668,29.450632911392404,65.9620253164557,0.7860759493670886,55,C SAINZ,SAI,sainz,ed1c24,ferrari,Carlos,Sainz,https://www.formula1.com/content/dam/fom-website/drivers/C/CARSAI01_Carlos_Sainz/carsai01.png.transform/1col/image.png,ESP,,,,,,,,,
2022,Australian Grand Prix,Practice 2,George Russell,Mercedes,,20.782278481012668,29.450632911392404,65.9620253164557,0.7860759493670886,63,G RUSSELL,RUS,russell,6cd3bf,mercedes,George,Russell,https://www.formula1.com/content/dam/fom-website/drivers/G/GEORUS01_George_Russell/georus01.png.transform/1col/image.png,GBR,,,,,,,,,
2022,Australian Grand Prix,Practice 2,Valtteri Bottas,Alfa Romeo,,20.782278481012668,29.450632911392404,65.9620253164557,0.7860759493670886,77,V BOTTAS,BOT,bottas,b12039,alfa,Valtteri,Bottas,https://www.formula1.com/content/dam/fom-website/drivers/V/VALBOT01_Valtteri_Bottas/valbot01.png.transform/1col/image.png,FIN,,,,,,,,,
2022,Australian Grand Prix,Practice 3,Max Verstappen,Red Bull Racing,,24.632432432432427,32.47297297297297,50.054054054054056,1.054054054054054,1,M VERSTAPPEN,VER,max_verstappen,1e5bc6,red_bull,Max,Verstappen,https://www.formula1.com/content/dam/fom-website/drivers/M/MAXVER01_Max_Verstappen/maxver01.png.transform/1col/image.png,NED,,,,,,,,,
2022,Australian Grand Prix,Practice 3,Daniel Ricciardo,McLaren,,24.632432432432427,32.47297297297297,50.054054054054056,1.054054054054054,3,D RICCIARDO,RIC,ricciardo,f58020,mclaren,Daniel,Ricciardo,https://www.formula1.com/content/dam/fom-website/drivers/D/DANRIC01_Daniel_Ricciardo/danric01.png.transform/1col/image.png,AUS,,,,,,,,,
2022,Australian Grand Prix,Practice 3,Lando Norris,McLaren,,24.632432432432427,32.47297297297297,50.054054054054056,1.054054054054054,4,L NORRIS,NOR,norris,f58020,mclaren,Lando,Norris,https://www.formula1.com/content/dam/fom-website/drivers/L/LANNOR01_Lando_Norris/lannor01.png.transform/1col/image.png,GBR,,,,,,,,,
2022,Australian Grand Prix,Practice 3,Sebastian Vettel,Aston Martin,,24.632432432432427,32.47297297297297,50.054054054054056,1.054054054054054,5,S VETTEL,VET,vettel,2d826d,aston_martin,Sebastian,Vettel,https://www.formula1.com/content/dam/fom-website/drivers/S/SEBVET01_Sebastian_Vettel/sebvet01.png.transform/1col/image.png,GER,,,,,,,,,
2022,Australian Grand Prix,Practice 3,Nicholas Latifi,Williams,,24.632432432432427,32.47297297297297,50.054054054054056,1.054054054054054,6,N LATIFI,LAT,latifi,37bedd,williams,Nicholas,Latifi,https://www.formula1.com/content/dam/fom-website/drivers/N/NICLAF01_Nicholas_Latifi/niclaf01.png.transform/1col/image.png,CAN,,,,,,,,,
2022,Australian Grand Prix,Practice 3,Pierre Gasly,AlphaTauri,,24.632432432432427,32.47297297297297,50.054054054054056,1.054054054054054,10,P GASLY,GAS,gasly,4e7c9b,alphatauri,Pierre,Gasly,https://www.formula1.com/content/dam/fom-website/drivers/P/PIEGAS01_Pierre_Gasly/piegas01.png.transform/1col/image.png,FRA,,,,,,,,,
2022,Australian Grand Prix,Practice 3,Sergio Perez,Red Bull Racing,,24.632432432432427,32.47297297297297,50.054054054054056,1.054054054054054,11,S PEREZ,PER,perez,1e5bc6,red_bull,Sergio,Perez,https://www.formula1.com/content/dam/fom-website/drivers/S/SERPER01_Sergio_Perez/serper01.png.transform/1col/image.png,MEX,,,,,,,,,
2022,Australian Grand Prix,Practice 3,Fernando Alonso,Alpine,,24.632432432432427,32.47297297297297,50.054054054054056,1.054054054054054,14,F ALONSO,ALO,alonso,2293d1,alpine,Fernando,Alonso,https://www.formula1.com/content/dam/fom-website/drivers/F/FERALO01_Fernando_Alonso/feralo01.png.transform/1col/image.png,ESP,,,,,,,,,
2022,Australian Grand Prix,Practice 3,Charles Leclerc,Ferrari,,24.632432432432427,32.47297297297297,50.054054054054056,1.054054054054054,16,C LECLERC,LEC,leclerc,ed1c24,ferrari,Charles,Leclerc,https://www.formula1.com/content/dam/fom-website/drivers/C/CHALEC01_Charles_Leclerc/chalec01.png.transform/1col/image.png,MON,,,,,,,,,
2022,Australian Grand Prix,Practice 3,Lance Stroll,Aston Martin,,24.632432432432427,32.47297297297297,50.054054054054056,1.054054054054054,18,L STROLL,STR,stroll,2d826d,aston_martin,Lance,Stroll,https://www.formula1.com/content/dam/fom-website/drivers/L/LANSTR01_Lance_Stroll/lanstr01.png.transform/1col/image.png,CAN,,,,,,,,,
2022,Australian Grand Prix,Practice 3,Kevin Magnussen,Haas F1 Team,,24.632432432432427,32.47297297297297,50.054054054054056,1.054054054054054,20,K MAGNUSSEN,MAG,kevin_magnussen,b6babd,haas,Kevin,Magnussen,None,DEN,,,,,,,,,
2022,Australian Grand Prix,Practice 3,Yuki Tsunoda,AlphaTauri,,24.632432432432427,32.47297297297297,50.054054054054056,1.054054054054054,22,Y TSUNODA,TSU,tsunoda,4e7c9b,alphatauri,Yuki,Tsunoda,https://www.formula1.com/content/dam/fom-website/drivers/Y/YUKTSU01_Yuki_Tsunoda/yuktsu01.png.transform/1col/image.png,JPN,,,,,,,,,
2022,Australian Grand Prix,Practice 3,Alexander Albon,Williams,,24.632432432432427,32.47297297297297,50.054054054054056,1.054054054054054,23,A ALBON,ALB,albon,37bedd,williams,Alexander,Albon,https://www.formula1.com/content/dam/fom-website/drivers/A/ALEALB01_Alexander_Albon/alealb01.png.transform/1col/image.png,THA,,,,,,,,,
2022,Australian Grand Prix,Practice 3,Guanyu Zhou,Alfa Romeo,,24.632432432432427,32.47297297297297,50.054054054054056,1.054054054054054,24,G ZHOU,ZHO,zhou,b12039,alfa,Guanyu,Zhou,https://www.formula1.com/content/dam/fom-website/drivers/G/GUAZHO01_Guanyu_Zhou/guazho01.png.transform/1col/image.png,CHN,,,,,,,,,
2022,Australian Grand Prix,Practice 3,Esteban Ocon,Alpine,,24.632432432432427,32.47297297297297,50.054054054054056,1.054054054054054,31,E OCON,OCO,ocon,2293d1,alpine,Esteban,Ocon,https://www.formula1.com/content/dam/fom-website/drivers/E/ESTOCO01_Esteban_Ocon/estoco01.png.transform/1col/image.png,FRA,,,,,,,,,
2022,Australian Grand Prix,Practice 3,Lewis Hamilton,Mercedes,,24.632432432432427,32.47297297297297,50.054054054054056,1.054054054054054,44,L HAMILTON,HAM,hamilton,6cd3bf,mercedes,Lewis,Hamilton,https://www.formula1.com/content/dam/fom-website/drivers/L/LEWHAM01_Lewis_Hamilton/lewham01.png.transform/1col/image.png,GBR,,,,,,,,,
2022,Australian Grand Prix,Practice 3,Mick Schumacher,Haas F1 Team,,24.632432432432427,32.47297297297297,50.054054054054056,1.054054054054054,47,M SCHUMACHER,MSC,mick_schumacher,b6babd,haas,Mick,Schumacher,https://www.formula1.com/content/dam/fom-website/drivers/M/MICSCH02_Mick_Schumacher/micsch02.png.transform/1col/image.png,GER,,,,,,,,,
2022,Australian Grand Prix,Practice 3,Carlos Sainz,Ferrari,,24.632432432432427,32.47297297297297,50.054054054054056,1.054054054054054,55,C SAINZ,SAI,sainz,ed1c24,ferrari,Carlos,Sainz,https://www.formula1.com/content/dam/fom-website/drivers/C/CARSAI01_Carlos_Sainz/carsai01.png.transform/1col/image.png,ESP,,,,,,,,,
2022,Australian Grand Prix,Practice 3,George Russell,Mercedes,,24.632432432432427,32.47297297297297,50.054054054054056,1.054054054054054,63,G RUSSELL,RUS,russell,6cd3bf,mercedes,George,Russell,https://www.formula1.com/content/dam/fom-website/drivers/G/GEORUS01_George_Russell/georus01.png.transform/1col/image.png,GBR,,,,,,,,,
2022,Australian Grand Prix,Practice 3,Valtteri Bottas,Alfa Romeo,,24.632432432432427,32.47297297297297,50.054054054054056,1.054054054054054,77,V BOTTAS,BOT,bottas,b12039,alfa,Valtteri,Bottas,https://www.formula1.com/content/dam/fom-website/drivers/V/VALBOT01_Valtteri_Bottas/valbot01.png.transform/1col/image.png,FIN,,,,,,,,,
2022,Emilia Romagna Grand Prix,Race,Max Verstappen,Red Bull Racing,1.0,12.899367088607592,17.41898734177215,83.17088607594937,1.482278481012658,1,M VERSTAPPEN,VER,max_verstappen,1e5bc6,red_bull,Max,Verstappen,https://www.formula1.com/content/dam/fom-website/drivers/M/MAXVER01_Max_Verstappen/maxver01.png.transform/1col/image.png,NED,1,1.0,,,,0 days 01:32:07.986000,Finished,26.0,63.0
2022,Emilia Romagna Grand Prix,Race,Sergio Perez,Red Bull Racing,2.0,12.899367088607592,17.41898734177215,83.17088607594937,1.482278481012658,11,S PEREZ,PER,perez,1e5bc6,red_bull,Sergio,Perez,https://www.formula1.com/content/dam/fom-website/drivers/S/SERPER01_Sergio_Perez/serper01.png.transform/1col/image.png,MEX,2,3.0,,,,0 days 00:00:16.527000,Finished,18.0,63.0
2022,Emilia Romagna Grand Prix,Race,Lando Norris,McLaren,3.0,12.899367088607592,17.41898734177215,83.17088607594937,1.482278481012658,4,L NORRIS,NOR,norris,f58020,mclaren,Lando,Norris,https://www.formula1.com/content/dam/fom-website/drivers/L/LANNOR01_Lando_Norris/lannor01.png.transform/1col/image.png,GBR,3,5.0,,,,0 days 00:00:34.834000,Finished,15.0,63.0
2022,Emilia Romagna Grand Prix,Race,George Russell,Mercedes,4.0,12.899367088607592,17.41898734177215,83.17088607594937,1.482278481012658,63,G RUSSELL,RUS,russell,6cd3bf,mercedes,George,Russell,https://www.formula1.com/content/dam/fom-website/drivers/G/GEORUS01_George_Russell/georus01.png.transform/1col/image.png,GBR,4,11.0,,,,0 days 00:00:42.506000,Finished,12.0,63.0
2022,Emilia Romagna Grand Prix,Race,Valtteri Bottas,Alfa Romeo,5.0,12.899367088607592,17.41898734177215,83.17088607594937,1.482278481012658,77,V BOTTAS,BOT,bottas,b12039,alfa,Valtteri,Bottas,https://www.formula1.com/content/dam/fom-website/drivers/V/VALBOT01_Valtteri_Bottas/valbot01.png.transform/1col/image.png,FIN,5,7.0,,,,0 days 00:00:43.181000,Finished,10.0,63.0
2022,Emilia Romagna Grand Prix,Race,Charles Leclerc,Ferrari,6.0,12.899367088607592,17.41898734177215,83.17088607594937,1.482278481012658,16,C LECLERC,LEC,leclerc,ed1c24,ferrari,Charles,Leclerc,https://www.formula1.com/content/dam/fom-website/drivers/C/CHALEC01_Charles_Leclerc/chalec01.png.transform/1col/image.png,MON,6,2.0,,,,0 days 00:00:56.072000,Finished,8.0,63.0
2022,Emilia Romagna Grand Prix,Race,Yuki Tsunoda,AlphaTauri,7.0,12.899367088607592,17.41898734177215,83.17088607594937,1.482278481012658,22,Y TSUNODA,TSU,tsunoda,4e7c9b,alphatauri,Yuki,Tsunoda,https://www.formula1.com/content/dam/fom-website/drivers/Y/YUKTSU01_Yuki_Tsunoda/yuktsu01.png.transform/1col/image.png,JPN,7,12.0,,,,0 days 00:01:01.110000,Finished,6.0,63.0
2022,Emilia Romagna Grand Prix,Race,Sebastian Vettel,Aston Martin,8.0,12.899367088607592,17.41898734177215,83.17088607594937,1.482278481012658,5,S VETTEL,VET,vettel,2d826d,aston_martin,Sebastian,Vettel,https://www.formula1.com/content/dam/fom-website/drivers/S/SEBVET01_Sebastian_Vettel/sebvet01.png.transform/1col/image.png,GER,8,13.0,,,,0 days 00:01:10.892000,Finished,4.0,63.0
2022,Emilia Romagna Grand Prix,Race,Kevin Magnussen,Haas F1 Team,9.0,12.899367088607592,17.41898734177215,83.17088607594937,1.482278481012658,20,K MAGNUSSEN,MAG,kevin_magnussen,b6babd,haas,Kevin,Magnussen,None,DEN,9,8.0,,,,0 days 00:01:15.260000,Finished,2.0,63.0
2022,Emilia Romagna Grand Prix,Race,Lance Stroll,Aston Martin,10.0,12.899367088607592,17.41898734177215,83.17088607594937,1.482278481012658,18,L STROLL,STR,stroll,2d826d,aston_martin,Lance,Stroll,https://www.formula1.com/content/dam/fom-website/drivers/L/LANSTR01_Lance_Stroll/lanstr01.png.transform/1col/image.png,CAN,10,15.0,,,,,+1 Lap,1.0,62.0
2022,Emilia Romagna Grand Prix,Race,Alexander Albon,Williams,11.0,12.899367088607592,17.41898734177215,83.17088607594937,1.482278481012658,23,A ALBON,ALB,albon,37bedd,williams,Alexander,Albon,https://www.formula1.com/content/dam/fom-website/drivers/A/ALEALB01_Alexander_Albon/alealb01.png.transform/1col/image.png,THA,11,18.0,,,,,+1 Lap,0.0,62.0
2022,Emilia Romagna Grand Prix,Race,Pierre Gasly,AlphaTauri,12.0,12.899367088607592,17.41898734177215,83.17088607594937,1.482278481012658,10,P GASLY,GAS,gasly,4e7c9b,alphatauri,Pierre,Gasly,https://www.formula1.com/content/dam/fom-website/drivers/P/PIEGAS01_Pierre_Gasly/piegas01.png.transform/1col/image.png,FRA,12,17.0,,,,,+1 Lap,0.0,62.0
2022,Emilia Romagna Grand Prix,Race,Lewis Hamilton,Mercedes,13.0,12.899367088607592,17.41898734177215,83.17088607594937,1.482278481012658,44,L HAMILTON,HAM,hamilton,6cd3bf,mercedes,Lewis,Hamilton,https://www.formula1.com/content/dam/fom-website/drivers/L/LEWHAM01_Lewis_Hamilton/lewham01.png.transform/1col/image.png,GBR,13,14.0,,,,,+1 Lap,0.0,62.0
2022,Emilia Romagna Grand Prix,Race,Esteban Ocon,Alpine,14.0,12.899367088607592,17.41898734177215,83.17088607594937,1.482278481012658,31,E OCON,OCO,ocon,2293d1,alpine,Esteban,Ocon,https://www.formula1.com/content/dam/fom-website/drivers/E/ESTOCO01_Esteban_Ocon/estoco01.png.transform/1col/image.png,FRA,14,16.0,,,,,+1 Lap,0.0,62.0
2022,Emilia Romagna Grand Prix,Race,Guanyu Zhou,Alfa Romeo,15.0,12.899367088607592,17.41898734177215,83.17088607594937,1.482278481012658,24,G ZHOU,ZHO,zhou,b12039,alfa,Guanyu,Zhou,https://www.formula1.com/content/dam/fom-website/drivers/G/GUAZHO01_Guanyu_Zhou/guazho01.png.transform/1col/image.png,CHN,15,0.0,,,,,+1 Lap,0.0,62.0
2022,Emilia Romagna Grand Prix,Race,Nicholas Latifi,Williams,16.0,12.899367088607592,17.41898734177215,83.17088607594937,1.482278481012658,6,N LATIFI,LAT,latifi,37bedd,williams,Nicholas,Latifi,https://www.formula1.com/content/dam/fom-website/drivers/N/NICLAF01_Nicholas_Latifi/niclaf01.png.transform/1col/image.png,CAN,16,19.0,,,,,+1 Lap,0.0,62.0
2022,Emilia Romagna Grand Prix,Race,Mick Schumacher,Haas F1 Team,17.0,12.899367088607592,17.41898734177215,83.17088607594937,1.482278481012658,47,M SCHUMACHER,MSC,mick_schumacher,b6babd,haas,Mick,Schumacher,https://www.formula1.com/content/dam/fom-website/drivers/M/MICSCH02_Mick_Schumacher/micsch02.png.transform/1col/image.png,GER,17,10.0,,,,,+1 Lap,0.0,62.0
2022,Emilia Romagna Grand Prix,Race,Daniel Ricciardo,McLaren,18.0,12.899367088607592,17.41898734177215,83.17088607594937,1.482278481012658,3,D RICCIARDO,RIC,ricciardo,f58020,mclaren,Daniel,Ricciardo,https://www.formula1.com/content/dam/fom-website/drivers/D/DANRIC01_Daniel_Ricciardo/danric01.png.transform/1col/image.png,AUS,18,6.0,,,,,+1 Lap,0.0,62.0
2022,Emilia Romagna Grand Prix,Race,Fernando Alonso,Alpine,19.0,12.899367088607592,17.41898734177215,83.17088607594937,1.482278481012658,14,F ALONSO,ALO,alonso,2293d1,alpine,Fernando,Alonso,https://www.formula1.com/content/dam/fom-website/drivers/F/FERALO01_Fernando_Alonso/feralo01.png.transform/1col/image.png,ESP,R,9.0,,,,,Collision damage,0.0,6.0
2022,Emilia Romagna Grand Prix,Race,Carlos Sainz,Ferrari,20.0,12.899367088607592,17.41898734177215,83.17088607594937,1.482278481012658,55,C SAINZ,SAI,sainz,ed1c24,ferrari,Carlos,Sainz,https://www.formula1.com/content/dam/fom-website/drivers/C/CARSAI01_Carlos_Sainz/carsai01.png.transform/1col/image.png,ESP,R,4.0,,,,,Collision,0.0,0.0
2022,Emilia Romagna Grand Prix,Qualifying,Max Verstappen,Red Bull Racing,1.0,12.439823008849556,14.312389380530972,86.4424778761062,2.1858407079646014,1,M VERSTAPPEN,VER,max_verstappen,1e5bc6,red_bull,Max,Verstappen,https://www.formula1.com/content/dam/fom-website/drivers/M/MAXVER01_Max_Verstappen/maxver01.png.transform/1col/image.png,NED,,,0 days 00:01:19.295000,0 days 00:01:18.793000,0 days 00:01:27.999000,,,,
2022,Emilia Romagna Grand Prix,Qualifying,Charles Leclerc,Ferrari,2.0,12.439823008849556,14.312389380530972,86.4424778761062,2.1858407079646014,16,C LECLERC,LEC,leclerc,ed1c24,ferrari,Charles,Leclerc,https://www.formula1.com/content/dam/fom-website/drivers/C/CHALEC01_Charles_Leclerc/chalec01.png.transform/1col/image.png,MON,,,0 days 00:01:18.796000,0 days 00:01:19.584000,0 days 00:01:28.778000,,,,
2022,Emilia Romagna Grand Prix,Qualifying,Lando Norris,McLaren,3.0,12.439823008849556,14.312389380530972,86.4424778761062,2.1858407079646014,4,L NORRIS,NOR,norris,f58020,mclaren,Lando,Norris,https://www.formula1.com/content/dam/fom-website/drivers/L/LANNOR01_Lando_Norris/lannor01.png.transform/1col/image.png,GBR,,,0 days 00:01:20.168000,0 days 00:01:19.294000,0 days 00:01:29.131000,,,,
2022,Emilia Romagna Grand Prix,Qualifying,Kevin Magnussen,Haas F1 Team,4.0,12.439823008849556,14.312389380530972,86.4424778761062,2.1858407079646014,20,K MAGNUSSEN,MAG,kevin_magnussen,b6babd,haas,Kevin,Magnussen,None,DEN,,,0 days 00:01:20.147000,0 days 00:01:19.902000,0 days 00:01:29.164000,,,,
2022,Emilia Romagna Grand Prix,Qualifying,Fernando Alonso,Alpine,5.0,12.439823008849556,14.312389380530972,86.4424778761062,2.1858407079646014,14,F ALONSO,ALO,alonso,2293d1,alpine,Fernando,Alonso,https://www.formula1.com/content/dam/fom-website/drivers/F/FERALO01_Fernando_Alonso/feralo01.png.transform/1col/image.png,ESP,,,0 days 00:01:20.198000,0 days 00:01:19.595000,0 days 00:01:29.202000,,,,
2022,Emilia Romagna Grand Prix,Qualifying,Daniel Ricciardo,McLaren,6.0,12.439823008849556,14.312389380530972,86.4424778761062,2.1858407079646014,3,D RICCIARDO,RIC,ricciardo,f58020,mclaren,Daniel,Ricciardo,https://www.formula1.com/content/dam/fom-website/drivers/D/DANRIC01_Daniel_Ricciardo/danric01.png.transform/1col/image.png,AUS,,,0 days 00:01:19.980000,0 days 00:01:20.031000,0 days 00:01:29.742000,,,,
2022,Emilia Romagna Grand Prix,Qualifying,Sergio Perez,Red Bull Racing,7.0,12.439823008849556,14.312389380530972,86.4424778761062,2.1858407079646014,11,S PEREZ,PER,perez,1e5bc6,red_bull,Sergio,Perez,https://www.formula1.com/content/dam/fom-website/drivers/S/SERPER01_Sergio_Perez/serper01.png.transform/1col/image.png,MEX,,,0 days 00:01:19.773000,0 days 00:01:19.296000,0 days 00:01:29.808000,,,,
2022,Emilia Romagna Grand Prix,Qualifying,Valtteri Bottas,Alfa Romeo,8.0,12.439823008849556,14.312389380530972,86.4424778761062,2.1858407079646014,77,V BOTTAS,BOT,bottas,b12039,alfa,Valtteri,Bottas,https://www.formula1.com/content/dam/fom-website/drivers/V/VALBOT01_Valtteri_Bottas/valbot01.png.transform/1col/image.png,FIN,,,0 days 00:01:20.419000,0 days 00:01:20.192000,0 days 00:01:30.439000,,,,
2022,Emilia Romagna Grand Prix,Qualifying,Sebastian Vettel,Aston Martin,9.0,12.439823008849556,14.312389380530972,86.4424778761062,2.1858407079646014,5,S VETTEL,VET,vettel,2d826d,aston_martin,Sebastian,Vettel,https://www.formula1.com/content/dam/fom-website/drivers/S/SEBVET01_Sebastian_Vettel/sebvet01.png.transform/1col/image.png,GER,,,0 days 00:01:20.364000,0 days 00:01:19.957000,0 days 00:01:31.062000,,,,
2022,Emilia Romagna Grand Prix,Qualifying,Carlos Sainz,Ferrari,10.0,12.439823008849556,14.312389380530972,86.4424778761062,2.1858407079646014,55,C SAINZ,SAI,sainz,ed1c24,ferrari,Carlos,Sainz,https://www.formula1.com/content/dam/fom-website/drivers/C/CARSAI01_Carlos_Sainz/carsai01.png.transform/1col/image.png,ESP,,,0 days 00:01:19.305000,0 days 00:01:18.990000,,,,,
2022,Emilia Romagna Grand Prix,Qualifying,George Russell,Mercedes,11.0,12.439823008849556,14.312389380530972,86.4424778761062,2.1858407079646014,63,G RUSSELL,RUS,russell,6cd3bf,mercedes,George,Russell,https://www.formula1.com/content/dam/fom-website/drivers/G/GEORUS01_George_Russell/georus01.png.transform/1col/image.png,GBR,,,0 days 00:01:20.383000,0 days 00:01:20.757000,,,,,
2022,Emilia Romagna Grand Prix,Qualifying,Mick Schumacher,Haas F1 Team,12.0,12.439823008849556,14.312389380530972,86.4424778761062,2.1858407079646014,47,M SCHUMACHER,MSC,mick_schumacher,b6babd,haas,Mick,Schumacher,https://www.formula1.com/content/dam/fom-website/drivers/M/MICSCH02_Mick_Schumacher/micsch02.png.transform/1col/image.png,GER,,,0 days 00:01:20.422000,0 days 00:01:20.916000,,,,,
2022,Emilia Romagna Grand Prix,Qualifying,Lewis Hamilton,Mercedes,13.0,12.439823008849556,14.312389380530972,86.4424778761062,2.1858407079646014,44,L HAMILTON,HAM,hamilton,6cd3bf,mercedes,Lewis,Hamilton,https://www.formula1.com/content/dam/fom-website/drivers/L/LEWHAM01_Lewis_Hamilton/lewham01.png.transform/1col/image.png,GBR,,,0 days 00:01:20.470000,0 days 00:01:21.138000,,,,,
2022,Emilia Romagna Grand Prix,Qualifying,Guanyu Zhou,Alfa Romeo,14.0,12.439823008849556,14.312389380530972,86.4424778761062,2.1858407079646014,24,G ZHOU,ZHO,zhou,b12039,alfa,Guanyu,Zhou,https://www.formula1.com/content/dam/fom-website/drivers/G/GUAZHO01_Guanyu_Zhou/guazho01.png.transform/1col/image.png,CHN,,,0 days 00:01:19.730000,0 days 00:01:21.434000,,,,,
2022,Emilia Romagna Grand Prix,Qualifying,Lance Stroll,Aston Martin,15.0,12.439823008849556,14.312389380530972,86.4424778761062,2.1858407079646014,18,L STROLL,STR,stroll,2d826d,aston_martin,Lance,Stroll,https://www.formula1.com/content/dam/fom-website/drivers/L/LANSTR01_Lance_Stroll/lanstr01.png.transform/1col/image.png,CAN,,,0 days 00:01:20.342000,0 days 00:01:28.119000,,,,,
2022,Emilia Romagna Grand Prix,Qualifying,Yuki Tsunoda,AlphaTauri,16.0,12.439823008849556,14.312389380530972,86.4424778761062,2.1858407079646014,22,Y TSUNODA,TSU,tsunoda,4e7c9b,alphatauri,Yuki,Tsunoda,https://www.formula1.com/content/dam/fom-website/drivers/Y/YUKTSU01_Yuki_Tsunoda/yuktsu01.png.transform/1col/image.png,JPN,,,0 days 00:01:20.474000,,,,,,
2022,Emilia Romagna Grand Prix,Qualifying,Pierre Gasly,AlphaTauri,17.0,12.439823008849556,14.312389380530972,86.4424778761062,2.1858407079646014,10,P GASLY,GAS,gasly,4e7c9b,alphatauri,Pierre,Gasly,https://www.formula1.com/content/dam/fom-website/drivers/P/PIEGAS01_Pierre_Gasly/piegas01.png.transform/1col/image.png,FRA,,,0 days 00:01:20.732000,,,,,,
2022,Emilia Romagna Grand Prix,Qualifying,Nicholas Latifi,Williams,18.0,12.439823008849556,14.312389380530972,86.4424778761062,2.1858407079646014,6,N LATIFI,LAT,latifi,37bedd,williams,Nicholas,Latifi,https://www.formula1.com/content/dam/fom-website/drivers/N/NICLAF01_Nicholas_Latifi/niclaf01.png.transform/1col/image.png,CAN,,,0 days 00:01:21.971000,,,,,,
2022,Emilia Romagna Grand Prix,Qualifying,Esteban Ocon,Alpine,19.0,12.439823008849556,14.312389380530972,86.4424778761062,2.1858407079646014,31,E OCON,OCO,ocon,2293d1,alpine,Esteban,Ocon,https://www.formula1.com/content/dam/fom-website/drivers/E/ESTOCO01_Esteban_Ocon/estoco01.png.transform/1col/image.png,FRA,,,0 days 00:01:22.338000,,,,,,
2022,Emilia Romagna Grand Prix,Qualifying,Alexander Albon,Williams,20.0,12.439823008849556,14.312389380530972,86.4424778761062,2.1858407079646014,23,A ALBON,ALB,albon,37bedd,williams,Alexander,Albon,https://www.formula1.com/content/dam/fom-website/drivers/A/ALEALB01_Alexander_Albon/alealb01.png.transform/1col/image.png,THA,,,,,,,,,
2022,Emilia Romagna Grand Prix,Sprint,Max Verstappen,Red Bull Racing,1.0,20.416666666666664,29.079166666666666,49.510416666666664,1.5145833333333334,1,M VERSTAPPEN,VER,max_verstappen,1e5bc6,red_bull,Max,Verstappen,https://www.formula1.com/content/dam/fom-website/drivers/M/MAXVER01_Max_Verstappen/maxver01.png.transform/1col/image.png,NED,1,1.0,,,,0 days 00:30:39.567000,Finished,8.0,21.0
2022,Emilia Romagna Grand Prix,Sprint,Charles Leclerc,Ferrari,2.0,20.416666666666664,29.079166666666666,49.510416666666664,1.5145833333333334,16,C LECLERC,LEC,leclerc,ed1c24,ferrari,Charles,Leclerc,https://www.formula1.com/content/dam/fom-website/drivers/C/CHALEC01_Charles_Leclerc/chalec01.png.transform/1col/image.png,MON,2,2.0,,,,0 days 00:00:02.975000,Finished,7.0,21.0
2022,Emilia Romagna Grand Prix,Sprint,Sergio Perez,Red Bull Racing,3.0,20.416666666666664,29.079166666666666,49.510416666666664,1.5145833333333334,11,S PEREZ,PER,perez,1e5bc6,red_bull,Sergio,Perez,https://www.formula1.com/content/dam/fom-website/drivers/S/SERPER01_Sergio_Perez/serper01.png.transform/1col/image.png,MEX,3,7.0,,,,0 days 00:00:04.721000,Finished,6.0,21.0
2022,Emilia Romagna Grand Prix,Sprint,Carlos Sainz,Ferrari,4.0,20.416666666666664,29.079166666666666,49.510416666666664,1.5145833333333334,55,C SAINZ,SAI,sainz,ed1c24,ferrari,Carlos,Sainz,https://www.formula1.com/content/dam/fom-website/drivers/C/CARSAI01_Carlos_Sainz/carsai01.png.transform/1col/image.png,ESP,4,10.0,,,,0 days 00:00:17.578000,Finished,5.0,21.0
2022,Emilia Romagna Grand Prix,Sprint,Lando Norris,McLaren,5.0,20.416666666666664,29.079166666666666,49.510416666666664,1.5145833333333334,4,L NORRIS,NOR,norris,f58020,mclaren,Lando,Norris,https://www.formula1.com/content/dam/fom-website/drivers/L/LANNOR01_Lando_Norris/lannor01.png.transform/1col/image.png,GBR,5,3.0,,,,0 days 00:00:24.561000,Finished,4.0,21.0
2022,Emilia Romagna Grand Prix,Sprint,Daniel Ricciardo,McLaren,6.0,20.416666666666664,29.079166666666666,49.510416666666664,1.5145833333333334,3,D RICCIARDO,RIC,ricciardo,f58020,mclaren,Daniel,Ricciardo,https://www.formula1.com/content/dam/fom-website/drivers/D/DANRIC01_Daniel_Ricciardo/danric01.png.transform/1col/image.png,AUS,6,6.0,,,,0 days 00:00:27.740000,Finished,3.0,21.0
2022,Emilia Romagna Grand Prix,Sprint,Valtteri Bottas,Alfa Romeo,7.0,20.416666666666664,29.079166666666666,49.510416666666664,1.5145833333333334,77,V BOTTAS,BOT,bottas,b12039,alfa,Valtteri,Bottas,https://www.formula1.com/content/dam/fom-website/drivers/V/VALBOT01_Valtteri_Bottas/valbot01.png.transform/1col/image.png,FIN,7,8.0,,,,0 days 00:00:28.133000,Finished,2.0,21.0
2022,Emilia Romagna Grand Prix,Sprint,Kevin Magnussen,Haas F1 Team,8.0,20.416666666666664,29.079166666666666,49.510416666666664,1.5145833333333334,20,K MAGNUSSEN,MAG,kevin_magnussen,b6babd,haas,Kevin,Magnussen,None,DEN,8,4.0,,,,0 days 00:00:30.712000,Finished,1.0,21.0
2022,Emilia Romagna Grand Prix,Sprint,Fernando Alonso,Alpine,9.0,20.416666666666664,29.079166666666666,49.510416666666664,1.5145833333333334,14,F ALONSO,ALO,alonso,2293d1,alpine,Fernando,Alonso,https://www.formula1.com/content/dam/fom-website/drivers/F/FERALO01_Fernando_Alonso/feralo01.png.transform/1col/image.png,ESP,9,5.0,,,,0 days 00:00:32.278000,Finished,0.0,21.0
2022,Emilia Romagna Grand Prix,Sprint,Mick Schumacher,Haas F1 Team,10.0,20.416666666666664,29.079166666666666,49.510416666666664,1.5145833333333334,47,M SCHUMACHER,MSC,mick_schumacher,b6babd,haas,Mick,Schumacher,https://www.formula1.com/content/dam/fom-website/drivers/M/MICSCH02_Mick_Schumacher/micsch02.png.transform/1col/image.png,GER,10,12.0,,,,0 days 00:00:33.773000,Finished,0.0,21.0
2022,Emilia Romagna Grand Prix,Sprint,George Russell,Mercedes,11.0,20.416666666666664,29.079166666666666,49.510416666666664,1.5145833333333334,63,G RUSSELL,RUS,russell,6cd3bf,mercedes,George,Russell,https://www.formula1.com/content/dam/fom-website/drivers/G/GEORUS01_George_Russell/georus01.png.transform/1col/image.png,GBR,11,11.0,,,,0 days 00:00:36.284000,Finished,0.0,21.0
2022,Emilia Romagna Grand Prix,Sprint,Yuki Tsunoda,AlphaTauri,12.0,20.416666666666664,29.079166666666666,49.510416666666664,1.5145833333333334,22,Y TSUNODA,TSU,tsunoda,4e7c9b,alphatauri,Yuki,Tsunoda,https://www.formula1.com/content/dam/fom-website/drivers/Y/YUKTSU01_Yuki_Tsunoda/yuktsu01.png.transform/1col/image.png,JPN,12,16.0,,,,0 days 00:00:38.298000,Finished,0.0,21.0
2022,Emilia Romagna Grand Prix,Sprint,Sebastian Vettel,Aston Martin,13.0,20.416666666666664,29.079166666666666,49.510416666666664,1.5145833333333334,5,S VETTEL,VET,vettel,2d826d,aston_martin,Sebastian,Vettel,https://www.formula1.com/content/dam/fom-website/drivers/S/SEBVET01_Sebastian_Vettel/sebvet01.png.transform/1col/image.png,GER,13,9.0,,,,0 days 00:00:40.177000,Finished,0.0,21.0
2022,Emilia Romagna Grand Prix,Sprint,Lewis Hamilton,Mercedes,14.0,20.416666666666664,29.079166666666666,49.510416666666664,1.5145833333333334,44,L HAMILTON,HAM,hamilton,6cd3bf,mercedes,Lewis,Hamilton,https://www.formula1.com/content/dam/fom-website/drivers/L/LEWHAM01_Lewis_Hamilton/lewham01.png.transform/1col/image.png,GBR,14,13.0,,,,0 days 00:00:41.459000,Finished,0.0,21.0
2022,Emilia Romagna Grand Prix,Sprint,Lance Stroll,Aston Martin,15.0,20.416666666666664,29.079166666666666,49.510416666666664,1.5145833333333334,18,L STROLL,STR,stroll,2d826d,aston_martin,Lance,Stroll,https://www.formula1.com/content/dam/fom-website/drivers/L/LANSTR01_Lance_Stroll/lanstr01.png.transform/1col/image.png,CAN,15,15.0,,,,0 days 00:00:42.910000,Finished,0.0,21.0
2022,Emilia Romagna Grand Prix,Sprint,Esteban Ocon,Alpine,16.0,20.416666666666664,29.079166666666666,49.510416666666664,1.5145833333333334,31,E OCON,OCO,ocon,2293d1,alpine,Esteban,Ocon,https://www.formula1.com/content/dam/fom-website/drivers/E/ESTOCO01_Esteban_Ocon/estoco01.png.transform/1col/image.png,FRA,16,19.0,,,,0 days 00:00:43.517000,Finished,0.0,21.0
2022,Emilia Romagna Grand Prix,Sprint,Pierre Gasly,AlphaTauri,17.0,20.416666666666664,29.079166666666666,49.510416666666664,1.5145833333333334,10,P GASLY,GAS,gasly,4e7c9b,alphatauri,Pierre,Gasly,https://www.formula1.com/content/dam/fom-website/drivers/P/PIEGAS01_Pierre_Gasly/piegas01.png.transform/1col/image.png,FRA,17,17.0,,,,0 days 00:00:43.794000,Finished,0.0,21.0
2022,Emilia Romagna Grand Prix,Sprint,Alexander Albon,Williams,18.0,20.416666666666664,29.079166666666666,49.510416666666664,1.5145833333333334,23,A ALBON,ALB,albon,37bedd,williams,Alexander,Albon,https://www.formula1.com/content/dam/fom-website/drivers/A/ALEALB01_Alexander_Albon/alealb01.png.transform/1col/image.png,THA,18,20.0,,,,0 days 00:00:48.871000,Finished,0.0,21.0
2022,Emilia Romagna Grand Prix,Sprint,Nicholas Latifi,Williams,19.0,20.416666666666664,29.079166666666666,49.510416666666664,1.5145833333333334,6,N LATIFI,LAT,latifi,37bedd,williams,Nicholas,Latifi,https://www.formula1.com/content/dam/fom-website/drivers/N/NICLAF01_Nicholas_Latifi/niclaf01.png.transform/1col/image.png,CAN,19,18.0,,,,0 days 00:00:52.017000,Finished,0.0,21.0
2022,Emilia Romagna Grand Prix,Sprint,Guanyu Zhou,Alfa Romeo,20.0,20.416666666666664,29.079166666666666,49.510416666666664,1.5145833333333334,24,G ZHOU,ZHO,zhou,b12039,alfa,Guanyu,Zhou,https://www.formula1.com/content/dam/fom-website/drivers/G/GUAZHO01_Guanyu_Zhou/guazho01.png.transform/1col/image.png,CHN,R,0.0,,,,,Retired,0.0,0.0
2022,Emilia Romagna Grand Prix,Practice 1,Max Verstappen,Red Bull Racing,,11.540243902439023,14.729268292682926,91.29268292682927,2.860975609756097,1,M VERSTAPPEN,VER,max_verstappen,1e5bc6,red_bull,Max,Verstappen,https://www.formula1.com/content/dam/fom-website/drivers/M/MAXVER01_Max_Verstappen/maxver01.png.transform/1col/image.png,NED,,,,,,,,,
2022,Emilia Romagna Grand Prix,Practice 1,Daniel Ricciardo,McLaren,,11.540243902439023,14.729268292682926,91.29268292682927,2.860975609756097,3,D RICCIARDO,RIC,ricciardo,f58020,mclaren,Daniel,Ricciardo,https://www.formula1.com/content/dam/fom-website/drivers/D/DANRIC01_Daniel_Ricciardo/danric01.png.transform/1col/image.png,AUS,,,,,,,,,
2022,Emilia Romagna Grand Prix,Practice 1,Lando Norris,McLaren,,11.540243902439023,14.729268292682926,91.29268292682927,2.860975609756097,4,L NORRIS,NOR,norris,f58020,mclaren,Lando,Norris,https://www.formula1.com/content/dam/fom-website/drivers/L/LANNOR01_Lando_Norris/lannor01.png.transform/1col/image.png,GBR,,,,,,,,,
2022,Emilia Romagna Grand Prix,Practice 1,Sebastian Vettel,Aston Martin,,11.540243902439023,14.729268292682926,91.29268292682927,2.860975609756097,5,S VETTEL,VET,vettel,2d826d,aston_martin,Sebastian,Vettel,https://www.formula1.com/content/dam/fom-website/drivers/S/SEBVET01_Sebastian_Vettel/sebvet01.png.transform/1col/image.png,GER,,,,,,,,,
2022,Emilia Romagna Grand Prix,Practice 1,Nicholas Latifi,Williams,,11.540243902439023,14.729268292682926,91.29268292682927,2.860975609756097,6,N LATIFI,LAT,latifi,37bedd,williams,Nicholas,Latifi,https://www.formula1.com/content/dam/fom-website/drivers/N/NICLAF01_Nicholas_Latifi/niclaf01.png.transform/1col/image.png,CAN,,,,,,,,,
2022,Emilia Romagna Grand Prix,Practice 1,Pierre Gasly,AlphaTauri,,11.540243902439023,14.729268292682926,91.29268292682927,2.860975609756097,10,P GASLY,GAS,gasly,4e7c9b,alphatauri,Pierre,Gasly,https://www.formula1.com/content/dam/fom-website/drivers/P/PIEGAS01_Pierre_Gasly/piegas01.png.transform/1col/image.png,FRA,,,,,,,,,
2022,Emilia Romagna Grand Prix,Practice 1,Sergio Perez,Red Bull Racing,,11.540243902439023,14.729268292682926,91.29268292682927,2.860975609756097,11,S PEREZ,PER,perez,1e5bc6,red_bull,Sergio,Perez,https://www.formula1.com/content/dam/fom-website/drivers/S/SERPER01_Sergio_Perez/serper01.png.transform/1col/image.png,MEX,,,,,,,,,
2022,Emilia Romagna Grand Prix,Practice 1,Fernando Alonso,Alpine,,11.540243902439023,14.729268292682926,91.29268292682927,2.860975609756097,14,F ALONSO,ALO,alonso,2293d1,alpine,Fernando,Alonso,https://www.formula1.com/content/dam/fom-website/drivers/F/FERALO01_Fernando_Alonso/feralo01.png.transform/1col/image.png,ESP,,,,,,,,,
2022,Emilia Romagna Grand Prix,Practice 1,Charles Leclerc,Ferrari,,11.540243902439023,14.729268292682926,91.29268292682927,2.860975609756097,16,C LECLERC,LEC,leclerc,ed1c24,ferrari,Charles,Leclerc,https://www.formula1.com/content/dam/fom-website/drivers/C/CHALEC01_Charles_Leclerc/chalec01.png.transform/1col/image.png,MON,,,,,,,,,
2022,Emilia Romagna Grand Prix,Practice 1,Lance Stroll,Aston Martin,,11.540243902439023,14.729268292682926,91.29268292682927,2.860975609756097,18,L STROLL,STR,stroll,2d826d,aston_martin,Lance,Stroll,https://www.formula1.com/content/dam/fom-website/drivers/L/LANSTR01_Lance_Stroll/lanstr01.png.transform/1col/image.png,CAN,,,,,,,,,
2022,Emilia Romagna Grand Prix,Practice 1,Kevin Magnussen,Haas F1 Team,,11.540243902439023,14.729268292682926,91.29268292682927,2.860975609756097,20,K MAGNUSSEN,MAG,kevin_magnussen,b6babd,haas,Kevin,Magnussen,None,DEN,,,,,,,,,
2022,Emilia Romagna Grand Prix,Practice 1,Yuki Tsunoda,AlphaTauri,,11.540243902439023,14.729268292682926,91.29268292682927,2.860975609756097,22,Y TSUNODA,TSU,tsunoda,4e7c9b,alphatauri,Yuki,Tsunoda,https://www.formula1.com/content/dam/fom-website/drivers/Y/YUKTSU01_Yuki_Tsunoda/yuktsu01.png.transform/1col/image.png,JPN,,,,,,,,,
2022,Emilia Romagna Grand Prix,Practice 1,Alexander Albon,Williams,,11.540243902439023,14.729268292682926,91.29268292682927,2.860975609756097,23,A ALBON,ALB,albon,37bedd,williams,Alexander,Albon,https://www.formula1.com/content/dam/fom-website/drivers/A/ALEALB01_Alexander_Albon/alealb01.png.transform/1col/image.png,THA,,,,,,,,,
2022,Emilia Romagna Grand Prix,Practice 1,Guanyu Zhou,Alfa Romeo,,11.540243902439023,14.729268292682926,91.29268292682927,2.860975609756097,24,G ZHOU,ZHO,zhou,b12039,alfa,Guanyu,Zhou,https://www.formula1.com/content/dam/fom-website/drivers/G/GUAZHO01_Guanyu_Zhou/guazho01.png.transform/1col/image.png,CHN,,,,,,,,,
2022,Emilia Romagna Grand Prix,Practice 1,Esteban Ocon,Alpine,,11.540243902439023,14.729268292682926,91.29268292682927,2.860975609756097,31,E OCON,OCO,ocon,2293d1,alpine,Esteban,Ocon,https://www.formula1.com/content/dam/fom-website/drivers/E/ESTOCO01_Esteban_Ocon/estoco01.png.transform/1col/image.png,FRA,,,,,,,,,
2022,Emilia Romagna Grand Prix,Practice 1,Lewis Hamilton,Mercedes,,11.540243902439023,14.729268292682926,91.29268292682927,2.860975609756097,44,L HAMILTON,HAM,hamilton,6cd3bf,mercedes,Lewis,Hamilton,https://www.formula1.com/content/dam/fom-website/drivers/L/LEWHAM01_Lewis_Hamilton/lewham01.png.transform/1col/image.png,GBR,,,,,,,,,
2022,Emilia Romagna Grand Prix,Practice 1,Mick Schumacher,Haas F1 Team,,11.540243902439023,14.729268292682926,91.29268292682927,2.860975609756097,47,M SCHUMACHER,MSC,mick_schumacher,b6babd,haas,Mick,Schumacher,https://www.formula1.com/content/dam/fom-website/drivers/M/MICSCH02_Mick_Schumacher/micsch02.png.transform/1col/image.png,GER,,,,,,,,,
2022,Emilia Romagna Grand Prix,Practice 1,Carlos Sainz,Ferrari,,11.540243902439023,14.729268292682926,91.29268292682927,2.860975609756097,55,C SAINZ,SAI,sainz,ed1c24,ferrari,Carlos,Sainz,https://www.formula1.com/content/dam/fom-website/drivers/C/CARSAI01_Carlos_Sainz/carsai01.png.transform/1col/image.png,ESP,,,,,,,,,
2022,Emilia Romagna Grand Prix,Practice 1,George Russell,Mercedes,,11.540243902439023,14.729268292682926,91.29268292682927,2.860975609756097,63,G RUSSELL,RUS,russell,6cd3bf,mercedes,George,Russell,https://www.formula1.com/content/dam/fom-website/drivers/G/GEORUS01_George_Russell/georus01.png.transform/1col/image.png,GBR,,,,,,,,,
2022,Emilia Romagna Grand Prix,Practice 1,Valtteri Bottas,Alfa Romeo,,11.540243902439023,14.729268292682926,91.29268292682927,2.860975609756097,77,V BOTTAS,BOT,bottas,b12039,alfa,Valtteri,Bottas,https://www.formula1.com/content/dam/fom-website/drivers/V/VALBOT01_Valtteri_Bottas/valbot01.png.transform/1col/image.png,FIN,,,,,,,,,
2022,Emilia Romagna Grand Prix,Practice 2,Max Verstappen,Red Bull Racing,,19.246987951807228,30.86144578313253,48.36144578313253,2.1939759036144575,1,M VERSTAPPEN,VER,max_verstappen,1e5bc6,red_bull,Max,Verstappen,https://www.formula1.com/content/dam/fom-website/drivers/M/MAXVER01_Max_Verstappen/maxver01.png.transform/1col/image.png,NED,,,,,,,,,
2022,Emilia Romagna Grand Prix,Practice 2,Daniel Ricciardo,McLaren,,19.246987951807228,30.86144578313253,48.36144578313253,2.1939759036144575,3,D RICCIARDO,RIC,ricciardo,f58020,mclaren,Daniel,Ricciardo,https://www.formula1.com/content/dam/fom-website/drivers/D/DANRIC01_Daniel_Ricciardo/danric01.png.transform/1col/image.png,AUS,,,,,,,,,
2022,Emilia Romagna Grand Prix,Practice 2,Lando Norris,McLaren,,19.246987951807228,30.86144578313253,48.36144578313253,2.1939759036144575,4,L NORRIS,NOR,norris,f58020,mclaren,Lando,Norris,https://www.formula1.com/content/dam/fom-website/drivers/L/LANNOR01_Lando_Norris/lannor01.png.transform/1col/image.png,GBR,,,,,,,,,
2022,Emilia Romagna Grand Prix,Practice 2,Sebastian Vettel,Aston Martin,,19.246987951807228,30.86144578313253,48.36144578313253,2.1939759036144575,5,S VETTEL,VET,vettel,2d826d,aston_martin,Sebastian,Vettel,https://www.formula1.com/content/dam/fom-website/drivers/S/SEBVET01_Sebastian_Vettel/sebvet01.png.transform/1col/image.png,GER,,,,,,,,,
2022,Emilia Romagna Grand Prix,Practice 2,Nicholas Latifi,Williams,,19.246987951807228,30.86144578313253,48.36144578313253,2.1939759036144575,6,N LATIFI,LAT,latifi,37bedd,williams,Nicholas,Latifi,https://www.formula1.com/content/dam/fom-website/drivers/N/NICLAF01_Nicholas_Latifi/niclaf01.png.transform/1col/image.png,CAN,,,,,,,,,
2022,Emilia Romagna Grand Prix,Practice 2,Pierre Gasly,AlphaTauri,,19.246987951807228,30.86144578313253,48.36144578313253,2.1939759036144575,10,P GASLY,GAS,gasly,4e7c9b,alphatauri,Pierre,Gasly,https://www.formula1.com/content/dam/fom-website/drivers/P/PIEGAS01_Pierre_Gasly/piegas01.png.transform/1col/image.png,FRA,,,,,,,,,
2022,Emilia Romagna Grand Prix,Practice 2,Sergio Perez,Red Bull Racing,,19.246987951807228,30.86144578313253,48.36144578313253,2.1939759036144575,11,S PEREZ,PER,perez,1e5bc6,red_bull,Sergio,Perez,https://www.formula1.com/content/dam/fom-website/drivers/S/SERPER01_Sergio_Perez/serper01.png.transform/1col/image.png,MEX,,,,,,,,,
2022,Emilia Romagna Grand Prix,Practice 2,Fernando Alonso,Alpine,,19.246987951807228,30.86144578313253,48.36144578313253,2.1939759036144575,14,F ALONSO,ALO,alonso,2293d1,alpine,Fernando,Alonso,https://www.formula1.com/content/dam/fom-website/drivers/F/FERALO01_Fernando_Alonso/feralo01.png.transform/1col/image.png,ESP,,,,,,,,,
2022,Emilia Romagna Grand Prix,Practice 2,Charles Leclerc,Ferrari,,19.246987951807228,30.86144578313253,48.36144578313253,2.1939759036144575,16,C LECLERC,LEC,leclerc,ed1c24,ferrari,Charles,Leclerc,https://www.formula1.com/content/dam/fom-website/drivers/C/CHALEC01_Charles_Leclerc/chalec01.png.transform/1col/image.png,MON,,,,,,,,,
2022,Emilia Romagna Grand Prix,Practice 2,Lance Stroll,Aston Martin,,19.246987951807228,30.86144578313253,48.36144578313253,2.1939759036144575,18,L STROLL,STR,stroll,2d826d,aston_martin,Lance,Stroll,https://www.formula1.com/content/dam/fom-website/drivers/L/LANSTR01_Lance_Stroll/lanstr01.png.transform/1col/image.png,CAN,,,,,,,,,
2022,Emilia Romagna Grand Prix,Practice 2,Kevin Magnussen,Haas F1 Team,,19.246987951807228,30.86144578313253,48.36144578313253,2.1939759036144575,20,K MAGNUSSEN,MAG,kevin_magnussen,b6babd,haas,Kevin,Magnussen,None,DEN,,,,,,,,,
2022,Emilia Romagna Grand Prix,Practice 2,Yuki Tsunoda,AlphaTauri,,19.246987951807228,30.86144578313253,48.36144578313253,2.1939759036144575,22,Y TSUNODA,TSU,tsunoda,4e7c9b,alphatauri,Yuki,Tsunoda,https://www.formula1.com/content/dam/fom-website/drivers/Y/YUKTSU01_Yuki_Tsunoda/yuktsu01.png.transform/1col/image.png,JPN,,,,,,,,,
2022,Emilia Romagna Grand Prix,Practice 2,Alexander Albon,Williams,,19.246987951807228,30.86144578313253,48.36144578313253,2.1939759036144575,23,A ALBON,ALB,albon,37bedd,williams,Alexander,Albon,https://www.formula1.com/content/dam/fom-website/drivers/A/ALEALB01_Alexander_Albon/alealb01.png.transform/1col/image.png,THA,,,,,,,,,
2022,Emilia Romagna Grand Prix,Practice 2,Guanyu Zhou,Alfa Romeo,,19.246987951807228,30.86144578313253,48.36144578313253,2.1939759036144575,24,G ZHOU,ZHO,zhou,b12039,alfa,Guanyu,Zhou,https://www.formula1.com/content/dam/fom-website/drivers/G/GUAZHO01_Guanyu_Zhou/guazho01.png.transform/1col/image.png,CHN,,,,,,,,,
2022,Emilia Romagna Grand Prix,Practice 2,Esteban Ocon,Alpine,,19.246987951807228,30.86144578313253,48.36144578313253,2.1939759036144575,31,E OCON,OCO,ocon,2293d1,alpine,Esteban,Ocon,https://www.formula1.com/content/dam/fom-website/drivers/E/ESTOCO01_Esteban_Ocon/estoco01.png.transform/1col/image.png,FRA,,,,,,,,,
2022,Emilia Romagna Grand Prix,Practice 2,Lewis Hamilton,Mercedes,,19.246987951807228,30.86144578313253,48.36144578313253,2.1939759036144575,44,L HAMILTON,HAM,hamilton,6cd3bf,mercedes,Lewis,Hamilton,https://www.formula1.com/content/dam/fom-website/drivers/L/LEWHAM01_Lewis_Hamilton/lewham01.png.transform/1col/image.png,GBR,,,,,,,,,
2022,Emilia Romagna Grand Prix,Practice 2,Mick Schumacher,Haas F1 Team,,19.246987951807228,30.86144578313253,48.36144578313253,2.1939759036144575,47,M SCHUMACHER,MSC,mick_schumacher,b6babd,haas,Mick,Schumacher,https://www.formula1.com/content/dam/fom-website/drivers/M/MICSCH02_Mick_Schumacher/micsch02.png.transform/1col/image.png,GER,,,,,,,,,
2022,Emilia Romagna Grand Prix,Practice 2,Carlos Sainz,Ferrari,,19.246987951807228,30.86144578313253,48.36144578313253,2.1939759036144575,55,C SAINZ,SAI,sainz,ed1c24,ferrari,Carlos,Sainz,https://www.formula1.com/content/dam/fom-website/drivers/C/CARSAI01_Carlos_Sainz/carsai01.png.transform/1col/image.png,ESP,,,,,,,,,
2022,Emilia Romagna Grand Prix,Practice 2,George Russell,Mercedes,,19.246987951807228,30.86144578313253,48.36144578313253,2.1939759036144575,63,G RUSSELL,RUS,russell,6cd3bf,mercedes,George,Russell,https://www.formula1.com/content/dam/fom-website/drivers/G/GEORUS01_George_Russell/georus01.png.transform/1col/image.png,GBR,,,,,,,,,
2022,Emilia Romagna Grand Prix,Practice 2,Valtteri Bottas,Alfa Romeo,,19.246987951807228,30.86144578313253,48.36144578313253,2.1939759036144575,77,V BOTTAS,BOT,bottas,b12039,alfa,Valtteri,Bottas,https://www.formula1.com/content/dam/fom-website/drivers/V/VALBOT01_Valtteri_Bottas/valbot01.png.transform/1col/image.png,FIN,,,,,,,,,
2022,Miami Grand Prix,Race,Max Verstappen,Red Bull Racing,1.0,30.617283950617285,42.81975308641975,58.858024691358025,2.2672839506172835,1,M VERSTAPPEN,VER,max_verstappen,1e5bc6,red_bull,Max,Verstappen,https://www.formula1.com/content/dam/fom-website/drivers/M/MAXVER01_Max_Verstappen/maxver01.png.transform/1col/image.png,NED,1,3.0,,,,0 days 01:34:24.258000,Finished,26.0,57.0
2022,Miami Grand Prix,Race,Charles Leclerc,Ferrari,2.0,30.617283950617285,42.81975308641975,58.858024691358025,2.2672839506172835,16,C LECLERC,LEC,leclerc,ed1c24,ferrari,Charles,Leclerc,https://www.formula1.com/content/dam/fom-website/drivers/C/CHALEC01_Charles_Leclerc/chalec01.png.transform/1col/image.png,MON,2,1.0,,,,0 days 00:00:03.786000,Finished,18.0,57.0
2022,Miami Grand Prix,Race,Carlos Sainz,Ferrari,3.0,30.617283950617285,42.81975308641975,58.858024691358025,2.2672839506172835,55,C SAINZ,SAI,sainz,ed1c24,ferrari,Carlos,Sainz,https://www.formula1.com/content/dam/fom-website/drivers/C/CARSAI01_Carlos_Sainz/carsai01.png.transform/1col/image.png,ESP,3,2.0,,,,0 days 00:00:08.229000,Finished,15.0,57.0
2022,Miami Grand Prix,Race,Sergio Perez,Red Bull Racing,4.0,30.617283950617285,42.81975308641975,58.858024691358025,2.2672839506172835,11,S PEREZ,PER,perez,1e5bc6,red_bull,Sergio,Perez,https://www.formula1.com/content/dam/fom-website/drivers/S/SERPER01_Sergio_Perez/serper01.png.transform/1col/image.png,MEX,4,4.0,,,,0 days 00:00:10.638000,Finished,12.0,57.0
2022,Miami Grand Prix,Race,George Russell,Mercedes,5.0,30.617283950617285,42.81975308641975,58.858024691358025,2.2672839506172835,63,G RUSSELL,RUS,russell,6cd3bf,mercedes,George,Russell,https://www.formula1.com/content/dam/fom-website/drivers/G/GEORUS01_George_Russell/georus01.png.transform/1col/image.png,GBR,5,12.0,,,,0 days 00:00:18.582000,Finished,10.0,57.0
2022,Miami Grand Prix,Race,Lewis Hamilton,Mercedes,6.0,30.617283950617285,42.81975308641975,58.858024691358025,2.2672839506172835,44,L HAMILTON,HAM,hamilton,6cd3bf,mercedes,Lewis,Hamilton,https://www.formula1.com/content/dam/fom-website/drivers/L/LEWHAM01_Lewis_Hamilton/lewham01.png.transform/1col/image.png,GBR,6,6.0,,,,0 days 00:00:21.368000,Finished,8.0,57.0
2022,Miami Grand Prix,Race,Valtteri Bottas,Alfa Romeo,7.0,30.617283950617285,42.81975308641975,58.858024691358025,2.2672839506172835,77,V BOTTAS,BOT,bottas,b12039,alfa,Valtteri,Bottas,https://www.formula1.com/content/dam/fom-website/drivers/V/VALBOT01_Valtteri_Bottas/valbot01.png.transform/1col/image.png,FIN,7,5.0,,,,0 days 00:00:25.073000,Finished,6.0,57.0
2022,Miami Grand Prix,Race,Esteban Ocon,Alpine,8.0,30.617283950617285,42.81975308641975,58.858024691358025,2.2672839506172835,31,E OCON,OCO,ocon,2293d1,alpine,Esteban,Ocon,https://www.formula1.com/content/dam/fom-website/drivers/E/ESTOCO01_Esteban_Ocon/estoco01.png.transform/1col/image.png,FRA,8,20.0,,,,0 days 00:00:28.386000,Finished,4.0,57.0
2022,Miami Grand Prix,Race,Alexander Albon,Williams,9.0,30.617283950617285,42.81975308641975,58.858024691358025,2.2672839506172835,23,A ALBON,ALB,albon,37bedd,williams,Alexander,Albon,https://www.formula1.com/content/dam/fom-website/drivers/A/ALEALB01_Alexander_Albon/alealb01.png.transform/1col/image.png,THA,9,18.0,,,,0 days 00:00:32.365000,Finished,2.0,57.0
2022,Miami Grand Prix,Race,Lance Stroll,Aston Martin,10.0,30.617283950617285,42.81975308641975,58.858024691358025,2.2672839506172835,18,L STROLL,STR,stroll,2d826d,aston_martin,Lance,Stroll,https://www.formula1.com/content/dam/fom-website/drivers/L/LANSTR01_Lance_Stroll/lanstr01.png.transform/1col/image.png,CAN,10,0.0,,,,0 days 00:00:37.026000,Finished,1.0,57.0
2022,Miami Grand Prix,Race,Fernando Alonso,Alpine,11.0,30.617283950617285,42.81975308641975,58.858024691358025,2.2672839506172835,14,F ALONSO,ALO,alonso,2293d1,alpine,Fernando,Alonso,https://www.formula1.com/content/dam/fom-website/drivers/F/FERALO01_Fernando_Alonso/feralo01.png.transform/1col/image.png,ESP,11,11.0,,,,0 days 00:00:37.128000,Finished,0.0,57.0
2022,Miami Grand Prix,Race,Yuki Tsunoda,AlphaTauri,12.0,30.617283950617285,42.81975308641975,58.858024691358025,2.2672839506172835,22,Y TSUNODA,TSU,tsunoda,4e7c9b,alphatauri,Yuki,Tsunoda,https://www.formula1.com/content/dam/fom-website/drivers/Y/YUKTSU01_Yuki_Tsunoda/yuktsu01.png.transform/1col/image.png,JPN,12,9.0,,,,0 days 00:00:40.146000,Finished,0.0,57.0
2022,Miami Grand Prix,Race,Daniel Ricciardo,McLaren,13.0,30.617283950617285,42.81975308641975,58.858024691358025,2.2672839506172835,3,D RICCIARDO,RIC,ricciardo,f58020,mclaren,Daniel,Ricciardo,https://www.formula1.com/content/dam/fom-website/drivers/D/DANRIC01_Daniel_Ricciardo/danric01.png.transform/1col/image.png,AUS,13,14.0,,,,0 days 00:00:40.902000,Finished,0.0,57.0
2022,Miami Grand Prix,Race,Nicholas Latifi,Williams,14.0,30.617283950617285,42.81975308641975,58.858024691358025,2.2672839506172835,6,N LATIFI,LAT,latifi,37bedd,williams,Nicholas,Latifi,https://www.formula1.com/content/dam/fom-website/drivers/N/NICLAF01_Nicholas_Latifi/niclaf01.png.transform/1col/image.png,CAN,14,19.0,,,,0 days 00:00:49.936000,Finished,0.0,57.0
2022,Miami Grand Prix,Race,Mick Schumacher,Haas F1 Team,15.0,30.617283950617285,42.81975308641975,58.858024691358025,2.2672839506172835,47,M SCHUMACHER,MSC,mick_schumacher,b6babd,haas,Mick,Schumacher,https://www.formula1.com/content/dam/fom-website/drivers/M/MICSCH02_Mick_Schumacher/micsch02.png.transform/1col/image.png,GER,15,15.0,,,,0 days 00:01:13.305000,Finished,0.0,57.0
2022,Miami Grand Prix,Race,Kevin Magnussen,Haas F1 Team,16.0,30.617283950617285,42.81975308641975,58.858024691358025,2.2672839506172835,20,K MAGNUSSEN,MAG,kevin_magnussen,b6babd,haas,Kevin,Magnussen,None,DEN,16,16.0,,,,,Front wing,0.0,56.0
2022,Miami Grand Prix,Race,Sebastian Vettel,Aston Martin,17.0,30.617283950617285,42.81975308641975,58.858024691358025,2.2672839506172835,5,S VETTEL,VET,vettel,2d826d,aston_martin,Sebastian,Vettel,https://www.formula1.com/content/dam/fom-website/drivers/S/SEBVET01_Sebastian_Vettel/sebvet01.png.transform/1col/image.png,GER,17,0.0,,,,,Collision,0.0,54.0
2022,Miami Grand Prix,Race,Pierre Gasly,AlphaTauri,18.0,30.617283950617285,42.81975308641975,58.858024691358025,2.2672839506172835,10,P GASLY,GAS,gasly,4e7c9b,alphatauri,Pierre,Gasly,https://www.formula1.com/content/dam/fom-website/drivers/P/PIEGAS01_Pierre_Gasly/piegas01.png.transform/1col/image.png,FRA,R,7.0,,,,,Suspension,0.0,45.0
2022,Miami Grand Prix,Race,Lando Norris,McLaren,19.0,30.617283950617285,42.81975308641975,58.858024691358025,2.2672839506172835,4,L NORRIS,NOR,norris,f58020,mclaren,Lando,Norris,https://www.formula1.com/content/dam/fom-website/drivers/L/LANNOR01_Lando_Norris/lannor01.png.transform/1col/image.png,GBR,R,8.0,,,,,Collision,0.0,39.0
2022,Miami Grand Prix,Race,Guanyu Zhou,Alfa Romeo,20.0,30.617283950617285,42.81975308641975,58.858024691358025,2.2672839506172835,24,G ZHOU,ZHO,zhou,b12039,alfa,Guanyu,Zhou,https://www.formula1.com/content/dam/fom-website/drivers/G/GUAZHO01_Guanyu_Zhou/guazho01.png.transform/1col/image.png,CHN,R,17.0,,,,,Water leak,0.0,6.0
2022,Miami Grand Prix,Qualifying,Charles Leclerc,Ferrari,1.0,33.21,51.20875000000001,39.3875,1.7012500000000004,16,C LECLERC,LEC,leclerc,ed1c24,ferrari,Charles,Leclerc,https://www.formula1.com/content/dam/fom-website/drivers/C/CHALEC01_Charles_Leclerc/chalec01.png.transform/1col/image.png,MON,,,0 days 00:01:29.474000,0 days 00:01:29.130000,0 days 00:01:28.796000,,,,
2022,Miami Grand Prix,Qualifying,Carlos Sainz,Ferrari,2.0,33.21,51.20875000000001,39.3875,1.7012500000000004,55,C SAINZ,SAI,sainz,ed1c24,ferrari,Carlos,Sainz,https://www.formula1.com/content/dam/fom-website/drivers/C/CARSAI01_Carlos_Sainz/carsai01.png.transform/1col/image.png,ESP,,,0 days 00:01:30.079000,0 days 00:01:29.729000,0 days 00:01:28.986000,,,,
2022,Miami Grand Prix,Qualifying,Max Verstappen,Red Bull Racing,3.0,33.21,51.20875000000001,39.3875,1.7012500000000004,1,M VERSTAPPEN,VER,max_verstappen,1e5bc6,red_bull,Max,Verstappen,https://www.formula1.com/content/dam/fom-website/drivers/M/MAXVER01_Max_Verstappen/maxver01.png.transform/1col/image.png,NED,,,0 days 00:01:29.836000,0 days 00:01:29.202000,0 days 00:01:28.991000,,,,
2022,Miami Grand Prix,Qualifying,Sergio Perez,Red Bull Racing,4.0,33.21,51.20875000000001,39.3875,1.7012500000000004,11,S PEREZ,PER,perez,1e5bc6,red_bull,Sergio,Perez,https://www.formula1.com/content/dam/fom-website/drivers/S/SERPER01_Sergio_Perez/serper01.png.transform/1col/image.png,MEX,,,0 days 00:01:30.055000,0 days 00:01:29.673000,0 days 00:01:29.036000,,,,
2022,Miami Grand Prix,Qualifying,Valtteri Bottas,Alfa Romeo,5.0,33.21,51.20875000000001,39.3875,1.7012500000000004,77,V BOTTAS,BOT,bottas,b12039,alfa,Valtteri,Bottas,https://www.formula1.com/content/dam/fom-website/drivers/V/VALBOT01_Valtteri_Bottas/valbot01.png.transform/1col/image.png,FIN,,,0 days 00:01:30.845000,0 days 00:01:29.751000,0 days 00:01:29.475000,,,,
2022,Miami Grand Prix,Qualifying,Lewis Hamilton,Mercedes,6.0,33.21,51.20875000000001,39.3875,1.7012500000000004,44,L HAMILTON,HAM,hamilton,6cd3bf,mercedes,Lewis,Hamilton,https://www.formula1.com/content/dam/fom-website/drivers/L/LEWHAM01_Lewis_Hamilton/lewham01.png.transform/1col/image.png,GBR,,,0 days 00:01:30.388000,0 days 00:01:29.797000,0 days 00:01:29.625000,,,,
2022,Miami Grand Prix,Qualifying,Pierre Gasly,AlphaTauri,7.0,33.21,51.20875000000001,39.3875,1.7012500000000004,10,P GASLY,GAS,gasly,4e7c9b,alphatauri,Pierre,Gasly,https://www.formula1.com/content/dam/fom-website/drivers/P/PIEGAS01_Pierre_Gasly/piegas01.png.transform/1col/image.png,FRA,,,0 days 00:01:30.779000,0 days 00:01:30.128000,0 days 00:01:29.690000,,,,
2022,Miami Grand Prix,Qualifying,Lando Norris,McLaren,8.0,33.21,51.20875000000001,39.3875,1.7012500000000004,4,L NORRIS,NOR,norris,f58020,mclaren,Lando,Norris,https://www.formula1.com/content/dam/fom-website/drivers/L/LANNOR01_Lando_Norris/lannor01.png.transform/1col/image.png,GBR,,,0 days 00:01:30.761000,0 days 00:01:29.634000,0 days 00:01:29.750000,,,,
2022,Miami Grand Prix,Qualifying,Yuki Tsunoda,AlphaTauri,9.0,33.21,51.20875000000001,39.3875,1.7012500000000004,22,Y TSUNODA,TSU,tsunoda,4e7c9b,alphatauri,Yuki,Tsunoda,https://www.formula1.com/content/dam/fom-website/drivers/Y/YUKTSU01_Yuki_Tsunoda/yuktsu01.png.transform/1col/image.png,JPN,,,0 days 00:01:30.485000,0 days 00:01:30.031000,0 days 00:01:29.932000,,,,
2022,Miami Grand Prix,Qualifying,Lance Stroll,Aston Martin,10.0,33.21,51.20875000000001,39.3875,1.7012500000000004,18,L STROLL,STR,stroll,2d826d,aston_martin,Lance,Stroll,https://www.formula1.com/content/dam/fom-website/drivers/L/LANSTR01_Lance_Stroll/lanstr01.png.transform/1col/image.png,CAN,,,0 days 00:01:30.441000,0 days 00:01:29.996000,0 days 00:01:30.676000,,,,
2022,Miami Grand Prix,Qualifying,Fernando Alonso,Alpine,11.0,33.21,51.20875000000001,39.3875,1.7012500000000004,14,F ALONSO,ALO,alonso,2293d1,alpine,Fernando,Alonso,https://www.formula1.com/content/dam/fom-website/drivers/F/FERALO01_Fernando_Alonso/feralo01.png.transform/1col/image.png,ESP,,,0 days 00:01:30.407000,0 days 00:01:30.160000,,,,,
2022,Miami Grand Prix,Qualifying,George Russell,Mercedes,12.0,33.21,51.20875000000001,39.3875,1.7012500000000004,63,G RUSSELL,RUS,russell,6cd3bf,mercedes,George,Russell,https://www.formula1.com/content/dam/fom-website/drivers/G/GEORUS01_George_Russell/georus01.png.transform/1col/image.png,GBR,,,0 days 00:01:30.490000,0 days 00:01:30.173000,,,,,
2022,Miami Grand Prix,Qualifying,Sebastian Vettel,Aston Martin,13.0,33.21,51.20875000000001,39.3875,1.7012500000000004,5,S VETTEL,VET,vettel,2d826d,aston_martin,Sebastian,Vettel,https://www.formula1.com/content/dam/fom-website/drivers/S/SEBVET01_Sebastian_Vettel/sebvet01.png.transform/1col/image.png,GER,,,0 days 00:01:30.677000,0 days 00:01:30.214000,,,,,
2022,Miami Grand Prix,Qualifying,Daniel Ricciardo,McLaren,14.0,33.21,51.20875000000001,39.3875,1.7012500000000004,3,D RICCIARDO,RIC,ricciardo,f58020,mclaren,Daniel,Ricciardo,https://www.formula1.com/content/dam/fom-website/drivers/D/DANRIC01_Daniel_Ricciardo/danric01.png.transform/1col/image.png,AUS,,,0 days 00:01:30.583000,0 days 00:01:30.310000,,,,,
2022,Miami Grand Prix,Qualifying,Mick Schumacher,Haas F1 Team,15.0,33.21,51.20875000000001,39.3875,1.7012500000000004,47,M SCHUMACHER,MSC,mick_schumacher,b6babd,haas,Mick,Schumacher,https://www.formula1.com/content/dam/fom-website/drivers/M/MICSCH02_Mick_Schumacher/micsch02.png.transform/1col/image.png,GER,,,0 days 00:01:30.645000,0 days 00:01:30.423000,,,,,
2022,Miami Grand Prix,Qualifying,Kevin Magnussen,Haas F1 Team,16.0,33.21,51.20875000000001,39.3875,1.7012500000000004,20,K MAGNUSSEN,MAG,kevin_magnussen,b6babd,haas,Kevin,Magnussen,None,DEN,,,0 days 00:01:30.975000,,,,,,
2022,Miami Grand Prix,Qualifying,Guanyu Zhou,Alfa Romeo,17.0,33.21,51.20875000000001,39.3875,1.7012500000000004,24,G ZHOU,ZHO,zhou,b12039,alfa,Guanyu,Zhou,https://www.formula1.com/content/dam/fom-website/drivers/G/GUAZHO01_Guanyu_Zhou/guazho01.png.transform/1col/image.png,CHN,,,0 days 00:01:31.020000,,,,,,
2022,Miami Grand Prix,Qualifying,Alexander Albon,Williams,18.0,33.21,51.20875000000001,39.3875,1.7012500000000004,23,A ALBON,ALB,albon,37bedd,williams,Alexander,Albon,https://www.formula1.com/content/dam/fom-website/drivers/A/ALEALB01_Alexander_Albon/alealb01.png.transform/1col/image.png,THA,,,0 days 00:01:31.266000,,,,,,
2022,Miami Grand Prix,Qualifying,Nicholas Latifi,Williams,19.0,33.21,51.20875000000001,39.3875,1.7012500000000004,6,N LATIFI,LAT,latifi,37bedd,williams,Nicholas,Latifi,https://www.formula1.com/content/dam/fom-website/drivers/N/NICLAF01_Nicholas_Latifi/niclaf01.png.transform/1col/image.png,CAN,,,0 days 00:01:31.325000,,,,,,
2022,Miami Grand Prix,Qualifying,Esteban Ocon,Alpine,20.0,33.21,51.20875000000001,39.3875,1.7012500000000004,31,E OCON,OCO,ocon,2293d1,alpine,Esteban,Ocon,https://www.formula1.com/content/dam/fom-website/drivers/E/ESTOCO01_Esteban_Ocon/estoco01.png.transform/1col/image.png,FRA,,,,,,,,,
2022,Miami Grand Prix,Practice 1,Max Verstappen,Red Bull Racing,,33.730487804878045,50.470731707317064,41.75609756097561,1.524390243902439,1,M VERSTAPPEN,VER,max_verstappen,1e5bc6,red_bull,Max,Verstappen,https://www.formula1.com/content/dam/fom-website/drivers/M/MAXVER01_Max_Verstappen/maxver01.png.transform/1col/image.png,NED,,,,,,,,,
2022,Miami Grand Prix,Practice 1,Daniel Ricciardo,McLaren,,33.730487804878045,50.470731707317064,41.75609756097561,1.524390243902439,3,D RICCIARDO,RIC,ricciardo,f58020,mclaren,Daniel,Ricciardo,https://www.formula1.com/content/dam/fom-website/drivers/D/DANRIC01_Daniel_Ricciardo/danric01.png.transform/1col/image.png,AUS,,,,,,,,,
2022,Miami Grand Prix,Practice 1,Lando Norris,McLaren,,33.730487804878045,50.470731707317064,41.75609756097561,1.524390243902439,4,L NORRIS,NOR,norris,f58020,mclaren,Lando,Norris,https://www.formula1.com/content/dam/fom-website/drivers/L/LANNOR01_Lando_Norris/lannor01.png.transform/1col/image.png,GBR,,,,,,,,,
2022,Miami Grand Prix,Practice 1,Sebastian Vettel,Aston Martin,,33.730487804878045,50.470731707317064,41.75609756097561,1.524390243902439,5,S VETTEL,VET,vettel,2d826d,aston_martin,Sebastian,Vettel,https://www.formula1.com/content/dam/fom-website/drivers/S/SEBVET01_Sebastian_Vettel/sebvet01.png.transform/1col/image.png,GER,,,,,,,,,
2022,Miami Grand Prix,Practice 1,Nicholas Latifi,Williams,,33.730487804878045,50.470731707317064,41.75609756097561,1.524390243902439,6,N LATIFI,LAT,latifi,37bedd,williams,Nicholas,Latifi,https://www.formula1.com/content/dam/fom-website/drivers/N/NICLAF01_Nicholas_Latifi/niclaf01.png.transform/1col/image.png,CAN,,,,,,,,,
2022,Miami Grand Prix,Practice 1,Pierre Gasly,AlphaTauri,,33.730487804878045,50.470731707317064,41.75609756097561,1.524390243902439,10,P GASLY,GAS,gasly,4e7c9b,alphatauri,Pierre,Gasly,https://www.formula1.com/content/dam/fom-website/drivers/P/PIEGAS01_Pierre_Gasly/piegas01.png.transform/1col/image.png,FRA,,,,,,,,,
2022,Miami Grand Prix,Practice 1,Sergio Perez,Red Bull Racing,,33.730487804878045,50.470731707317064,41.75609756097561,1.524390243902439,11,S PEREZ,PER,perez,1e5bc6,red_bull,Sergio,Perez,https://www.formula1.com/content/dam/fom-website/drivers/S/SERPER01_Sergio_Perez/serper01.png.transform/1col/image.png,MEX,,,,,,,,,
2022,Miami Grand Prix,Practice 1,Fernando Alonso,Alpine,,33.730487804878045,50.470731707317064,41.75609756097561,1.524390243902439,14,F ALONSO,ALO,alonso,2293d1,alpine,Fernando,Alonso,https://www.formula1.com/content/dam/fom-website/drivers/F/FERALO01_Fernando_Alonso/feralo01.png.transform/1col/image.png,ESP,,,,,,,,,
2022,Miami Grand Prix,Practice 1,Charles Leclerc,Ferrari,,33.730487804878045,50.470731707317064,41.75609756097561,1.524390243902439,16,C LECLERC,LEC,leclerc,ed1c24,ferrari,Charles,Leclerc,https://www.formula1.com/content/dam/fom-website/drivers/C/CHALEC01_Charles_Leclerc/chalec01.png.transform/1col/image.png,MON,,,,,,,,,
2022,Miami Grand Prix,Practice 1,Lance Stroll,Aston Martin,,33.730487804878045,50.470731707317064,41.75609756097561,1.524390243902439,18,L STROLL,STR,stroll,2d826d,aston_martin,Lance,Stroll,https://www.formula1.com/content/dam/fom-website/drivers/L/LANSTR01_Lance_Stroll/lanstr01.png.transform/1col/image.png,CAN,,,,,,,,,
2022,Miami Grand Prix,Practice 1,Kevin Magnussen,Haas F1 Team,,33.730487804878045,50.470731707317064,41.75609756097561,1.524390243902439,20,K MAGNUSSEN,MAG,kevin_magnussen,b6babd,haas,Kevin,Magnussen,None,DEN,,,,,,,,,
2022,Miami Grand Prix,Practice 1,Yuki Tsunoda,AlphaTauri,,33.730487804878045,50.470731707317064,41.75609756097561,1.524390243902439,22,Y TSUNODA,TSU,tsunoda,4e7c9b,alphatauri,Yuki,Tsunoda,https://www.formula1.com/content/dam/fom-website/drivers/Y/YUKTSU01_Yuki_Tsunoda/yuktsu01.png.transform/1col/image.png,JPN,,,,,,,,,
2022,Miami Grand Prix,Practice 1,Alexander Albon,Williams,,33.730487804878045,50.470731707317064,41.75609756097561,1.524390243902439,23,A ALBON,ALB,albon,37bedd,williams,Alexander,Albon,https://www.formula1.com/content/dam/fom-website/drivers/A/ALEALB01_Alexander_Albon/alealb01.png.transform/1col/image.png,THA,,,,,,,,,
2022,Miami Grand Prix,Practice 1,Guanyu Zhou,Alfa Romeo,,33.730487804878045,50.470731707317064,41.75609756097561,1.524390243902439,24,G ZHOU,ZHO,zhou,b12039,alfa,Guanyu,Zhou,https://www.formula1.com/content/dam/fom-website/drivers/G/GUAZHO01_Guanyu_Zhou/guazho01.png.transform/1col/image.png,CHN,,,,,,,,,
2022,Miami Grand Prix,Practice 1,Esteban Ocon,Alpine,,33.730487804878045,50.470731707317064,41.75609756097561,1.524390243902439,31,E OCON,OCO,ocon,2293d1,alpine,Esteban,Ocon,https://www.formula1.com/content/dam/fom-website/drivers/E/ESTOCO01_Esteban_Ocon/estoco01.png.transform/1col/image.png,FRA,,,,,,,,,
2022,Miami Grand Prix,Practice 1,Lewis Hamilton,Mercedes,,33.730487804878045,50.470731707317064,41.75609756097561,1.524390243902439,44,L HAMILTON,HAM,hamilton,6cd3bf,mercedes,Lewis,Hamilton,https://www.formula1.com/content/dam/fom-website/drivers/L/LEWHAM01_Lewis_Hamilton/lewham01.png.transform/1col/image.png,GBR,,,,,,,,,
2022,Miami Grand Prix,Practice 1,Mick Schumacher,Haas F1 Team,,33.730487804878045,50.470731707317064,41.75609756097561,1.524390243902439,47,M SCHUMACHER,MSC,mick_schumacher,b6babd,haas,Mick,Schumacher,https://www.formula1.com/content/dam/fom-website/drivers/M/MICSCH02_Mick_Schumacher/micsch02.png.transform/1col/image.png,GER,,,,,,,,,
2022,Miami Grand Prix,Practice 1,Carlos Sainz,Ferrari,,33.730487804878045,50.470731707317064,41.75609756097561,1.524390243902439,55,C SAINZ,SAI,sainz,ed1c24,ferrari,Carlos,Sainz,https://www.formula1.com/content/dam/fom-website/drivers/C/CARSAI01_Carlos_Sainz/carsai01.png.transform/1col/image.png,ESP,,,,,,,,,
2022,Miami Grand Prix,Practice 1,George Russell,Mercedes,,33.730487804878045,50.470731707317064,41.75609756097561,1.524390243902439,63,G RUSSELL,RUS,russell,6cd3bf,mercedes,George,Russell,https://www.formula1.com/content/dam/fom-website/drivers/G/GEORUS01_George_Russell/georus01.png.transform/1col/image.png,GBR,,,,,,,,,
2022,Miami Grand Prix,Practice 1,Valtteri Bottas,Alfa Romeo,,33.730487804878045,50.470731707317064,41.75609756097561,1.524390243902439,77,V BOTTAS,BOT,bottas,b12039,alfa,Valtteri,Bottas,https://www.formula1.com/content/dam/fom-website/drivers/V/VALBOT01_Valtteri_Bottas/valbot01.png.transform/1col/image.png,FIN,,,,,,,,,
2022,Miami Grand Prix,Practice 2,Max Verstappen,Red Bull Racing,,33.04268292682927,41.76707317073171,47.03658536585366,1.4670731707317075,1,M VERSTAPPEN,VER,max_verstappen,1e5bc6,red_bull,Max,Verstappen,https://www.formula1.com/content/dam/fom-website/drivers/M/MAXVER01_Max_Verstappen/maxver01.png.transform/1col/image.png,NED,,,,,,,,,
2022,Miami Grand Prix,Practice 2,Daniel Ricciardo,McLaren,,33.04268292682927,41.76707317073171,47.03658536585366,1.4670731707317075,3,D RICCIARDO,RIC,ricciardo,f58020,mclaren,Daniel,Ricciardo,https://www.formula1.com/content/dam/fom-website/drivers/D/DANRIC01_Daniel_Ricciardo/danric01.png.transform/1col/image.png,AUS,,,,,,,,,
2022,Miami Grand Prix,Practice 2,Lando Norris,McLaren,,33.04268292682927,41.76707317073171,47.03658536585366,1.4670731707317075,4,L NORRIS,NOR,norris,f58020,mclaren,Lando,Norris,https://www.formula1.com/content/dam/fom-website/drivers/L/LANNOR01_Lando_Norris/lannor01.png.transform/1col/image.png,GBR,,,,,,,,,
2022,Miami Grand Prix,Practice 2,Sebastian Vettel,Aston Martin,,33.04268292682927,41.76707317073171,47.03658536585366,1.4670731707317075,5,S VETTEL,VET,vettel,2d826d,aston_martin,Sebastian,Vettel,https://www.formula1.com/content/dam/fom-website/drivers/S/SEBVET01_Sebastian_Vettel/sebvet01.png.transform/1col/image.png,GER,,,,,,,,,
2022,Miami Grand Prix,Practice 2,Nicholas Latifi,Williams,,33.04268292682927,41.76707317073171,47.03658536585366,1.4670731707317075,6,N LATIFI,LAT,latifi,37bedd,williams,Nicholas,Latifi,https://www.formula1.com/content/dam/fom-website/drivers/N/NICLAF01_Nicholas_Latifi/niclaf01.png.transform/1col/image.png,CAN,,,,,,,,,
2022,Miami Grand Prix,Practice 2,Pierre Gasly,AlphaTauri,,33.04268292682927,41.76707317073171,47.03658536585366,1.4670731707317075,10,P GASLY,GAS,gasly,4e7c9b,alphatauri,Pierre,Gasly,https://www.formula1.com/content/dam/fom-website/drivers/P/PIEGAS01_Pierre_Gasly/piegas01.png.transform/1col/image.png,FRA,,,,,,,,,
2022,Miami Grand Prix,Practice 2,Sergio Perez,Red Bull Racing,,33.04268292682927,41.76707317073171,47.03658536585366,1.4670731707317075,11,S PEREZ,PER,perez,1e5bc6,red_bull,Sergio,Perez,https://www.formula1.com/content/dam/fom-website/drivers/S/SERPER01_Sergio_Perez/serper01.png.transform/1col/image.png,MEX,,,,,,,,,
2022,Miami Grand Prix,Practice 2,Fernando Alonso,Alpine,,33.04268292682927,41.76707317073171,47.03658536585366,1.4670731707317075,14,F ALONSO,ALO,alonso,2293d1,alpine,Fernando,Alonso,https://www.formula1.com/content/dam/fom-website/drivers/F/FERALO01_Fernando_Alonso/feralo01.png.transform/1col/image.png,ESP,,,,,,,,,
2022,Miami Grand Prix,Practice 2,Charles Leclerc,Ferrari,,33.04268292682927,41.76707317073171,47.03658536585366,1.4670731707317075,16,C LECLERC,LEC,leclerc,ed1c24,ferrari,Charles,Leclerc,https://www.formula1.com/content/dam/fom-website/drivers/C/CHALEC01_Charles_Leclerc/chalec01.png.transform/1col/image.png,MON,,,,,,,,,
2022,Miami Grand Prix,Practice 2,Lance Stroll,Aston Martin,,33.04268292682927,41.76707317073171,47.03658536585366,1.4670731707317075,18,L STROLL,STR,stroll,2d826d,aston_martin,Lance,Stroll,https://www.formula1.com/content/dam/fom-website/drivers/L/LANSTR01_Lance_Stroll/lanstr01.png.transform/1col/image.png,CAN,,,,,,,,,
2022,Miami Grand Prix,Practice 2,Kevin Magnussen,Haas F1 Team,,33.04268292682927,41.76707317073171,47.03658536585366,1.4670731707317075,20,K MAGNUSSEN,MAG,kevin_magnussen,b6babd,haas,Kevin,Magnussen,None,DEN,,,,,,,,,
2022,Miami Grand Prix,Practice 2,Yuki Tsunoda,AlphaTauri,,33.04268292682927,41.76707317073171,47.03658536585366,1.4670731707317075,22,Y TSUNODA,TSU,tsunoda,4e7c9b,alphatauri,Yuki,Tsunoda,https://www.formula1.com/content/dam/fom-website/drivers/Y/YUKTSU01_Yuki_Tsunoda/yuktsu01.png.transform/1col/image.png,JPN,,,,,,,,,
2022,Miami Grand Prix,Practice 2,Alexander Albon,Williams,,33.04268292682927,41.76707317073171,47.03658536585366,1.4670731707317075,23,A ALBON,ALB,albon,37bedd,williams,Alexander,Albon,https://www.formula1.com/content/dam/fom-website/drivers/A/ALEALB01_Alexander_Albon/alealb01.png.transform/1col/image.png,THA,,,,,,,,,
2022,Miami Grand Prix,Practice 2,Guanyu Zhou,Alfa Romeo,,33.04268292682927,41.76707317073171,47.03658536585366,1.4670731707317075,24,G ZHOU,ZHO,zhou,b12039,alfa,Guanyu,Zhou,https://www.formula1.com/content/dam/fom-website/drivers/G/GUAZHO01_Guanyu_Zhou/guazho01.png.transform/1col/image.png,CHN,,,,,,,,,
2022,Miami Grand Prix,Practice 2,Esteban Ocon,Alpine,,33.04268292682927,41.76707317073171,47.03658536585366,1.4670731707317075,31,E OCON,OCO,ocon,2293d1,alpine,Esteban,Ocon,https://www.formula1.com/content/dam/fom-website/drivers/E/ESTOCO01_Esteban_Ocon/estoco01.png.transform/1col/image.png,FRA,,,,,,,,,
2022,Miami Grand Prix,Practice 2,Lewis Hamilton,Mercedes,,33.04268292682927,41.76707317073171,47.03658536585366,1.4670731707317075,44,L HAMILTON,HAM,hamilton,6cd3bf,mercedes,Lewis,Hamilton,https://www.formula1.com/content/dam/fom-website/drivers/L/LEWHAM01_Lewis_Hamilton/lewham01.png.transform/1col/image.png,GBR,,,,,,,,,
2022,Miami Grand Prix,Practice 2,Mick Schumacher,Haas F1 Team,,33.04268292682927,41.76707317073171,47.03658536585366,1.4670731707317075,47,M SCHUMACHER,MSC,mick_schumacher,b6babd,haas,Mick,Schumacher,https://www.formula1.com/content/dam/fom-website/drivers/M/MICSCH02_Mick_Schumacher/micsch02.png.transform/1col/image.png,GER,,,,,,,,,
2022,Miami Grand Prix,Practice 2,Carlos Sainz,Ferrari,,33.04268292682927,41.76707317073171,47.03658536585366,1.4670731707317075,55,C SAINZ,SAI,sainz,ed1c24,ferrari,Carlos,Sainz,https://www.formula1.com/content/dam/fom-website/drivers/C/CARSAI01_Carlos_Sainz/carsai01.png.transform/1col/image.png,ESP,,,,,,,,,
2022,Miami Grand Prix,Practice 2,George Russell,Mercedes,,33.04268292682927,41.76707317073171,47.03658536585366,1.4670731707317075,63,G RUSSELL,RUS,russell,6cd3bf,mercedes,George,Russell,https://www.formula1.com/content/dam/fom-website/drivers/G/GEORUS01_George_Russell/georus01.png.transform/1col/image.png,GBR,,,,,,,,,
2022,Miami Grand Prix,Practice 2,Valtteri Bottas,Alfa Romeo,,33.04268292682927,41.76707317073171,47.03658536585366,1.4670731707317075,77,V BOTTAS,BOT,bottas,b12039,alfa,Valtteri,Bottas,https://www.formula1.com/content/dam/fom-website/drivers/V/VALBOT01_Valtteri_Bottas/valbot01.png.transform/1col/image.png,FIN,,,,,,,,,
2022,Miami Grand Prix,Practice 3,Max Verstappen,Red Bull Racing,,33.38780487804878,50.17560975609756,42.829268292682926,1.59390243902439,1,M VERSTAPPEN,VER,max_verstappen,1e5bc6,red_bull,Max,Verstappen,https://www.formula1.com/content/dam/fom-website/drivers/M/MAXVER01_Max_Verstappen/maxver01.png.transform/1col/image.png,NED,,,,,,,,,
2022,Miami Grand Prix,Practice 3,Daniel Ricciardo,McLaren,,33.38780487804878,50.17560975609756,42.829268292682926,1.59390243902439,3,D RICCIARDO,RIC,ricciardo,f58020,mclaren,Daniel,Ricciardo,https://www.formula1.com/content/dam/fom-website/drivers/D/DANRIC01_Daniel_Ricciardo/danric01.png.transform/1col/image.png,AUS,,,,,,,,,
2022,Miami Grand Prix,Practice 3,Lando Norris,McLaren,,33.38780487804878,50.17560975609756,42.829268292682926,1.59390243902439,4,L NORRIS,NOR,norris,f58020,mclaren,Lando,Norris,https://www.formula1.com/content/dam/fom-website/drivers/L/LANNOR01_Lando_Norris/lannor01.png.transform/1col/image.png,GBR,,,,,,,,,
2022,Miami Grand Prix,Practice 3,Sebastian Vettel,Aston Martin,,33.38780487804878,50.17560975609756,42.829268292682926,1.59390243902439,5,S VETTEL,VET,vettel,2d826d,aston_martin,Sebastian,Vettel,https://www.formula1.com/content/dam/fom-website/drivers/S/SEBVET01_Sebastian_Vettel/sebvet01.png.transform/1col/image.png,GER,,,,,,,,,
2022,Miami Grand Prix,Practice 3,Nicholas Latifi,Williams,,33.38780487804878,50.17560975609756,42.829268292682926,1.59390243902439,6,N LATIFI,LAT,latifi,37bedd,williams,Nicholas,Latifi,https://www.formula1.com/content/dam/fom-website/drivers/N/NICLAF01_Nicholas_Latifi/niclaf01.png.transform/1col/image.png,CAN,,,,,,,,,
2022,Miami Grand Prix,Practice 3,Pierre Gasly,AlphaTauri,,33.38780487804878,50.17560975609756,42.829268292682926,1.59390243902439,10,P GASLY,GAS,gasly,4e7c9b,alphatauri,Pierre,Gasly,https://www.formula1.com/content/dam/fom-website/drivers/P/PIEGAS01_Pierre_Gasly/piegas01.png.transform/1col/image.png,FRA,,,,,,,,,
2022,Miami Grand Prix,Practice 3,Sergio Perez,Red Bull Racing,,33.38780487804878,50.17560975609756,42.829268292682926,1.59390243902439,11,S PEREZ,PER,perez,1e5bc6,red_bull,Sergio,Perez,https://www.formula1.com/content/dam/fom-website/drivers/S/SERPER01_Sergio_Perez/serper01.png.transform/1col/image.png,MEX,,,,,,,,,
2022,Miami Grand Prix,Practice 3,Fernando Alonso,Alpine,,33.38780487804878,50.17560975609756,42.829268292682926,1.59390243902439,14,F ALONSO,ALO,alonso,2293d1,alpine,Fernando,Alonso,https://www.formula1.com/content/dam/fom-website/drivers/F/FERALO01_Fernando_Alonso/feralo01.png.transform/1col/image.png,ESP,,,,,,,,,
2022,Miami Grand Prix,Practice 3,Charles Leclerc,Ferrari,,33.38780487804878,50.17560975609756,42.829268292682926,1.59390243902439,16,C LECLERC,LEC,leclerc,ed1c24,ferrari,Charles,Leclerc,https://www.formula1.com/content/dam/fom-website/drivers/C/CHALEC01_Charles_Leclerc/chalec01.png.transform/1col/image.png,MON,,,,,,,,,
2022,Miami Grand Prix,Practice 3,Lance Stroll,Aston Martin,,33.38780487804878,50.17560975609756,42.829268292682926,1.59390243902439,18,L STROLL,STR,stroll,2d826d,aston_martin,Lance,Stroll,https://www.formula1.com/content/dam/fom-website/drivers/L/LANSTR01_Lance_Stroll/lanstr01.png.transform/1col/image.png,CAN,,,,,,,,,
2022,Miami Grand Prix,Practice 3,Kevin Magnussen,Haas F1 Team,,33.38780487804878,50.17560975609756,42.829268292682926,1.59390243902439,20,K MAGNUSSEN,MAG,kevin_magnussen,b6babd,haas,Kevin,Magnussen,None,DEN,,,,,,,,,
2022,Miami Grand Prix,Practice 3,Yuki Tsunoda,AlphaTauri,,33.38780487804878,50.17560975609756,42.829268292682926,1.59390243902439,22,Y TSUNODA,TSU,tsunoda,4e7c9b,alphatauri,Yuki,Tsunoda,https://www.formula1.com/content/dam/fom-website/drivers/Y/YUKTSU01_Yuki_Tsunoda/yuktsu01.png.transform/1col/image.png,JPN,,,,,,,,,
2022,Miami Grand Prix,Practice 3,Alexander Albon,Williams,,33.38780487804878,50.17560975609756,42.829268292682926,1.59390243902439,23,A ALBON,ALB,albon,37bedd,williams,Alexander,Albon,https://www.formula1.com/content/dam/fom-website/drivers/A/ALEALB01_Alexander_Albon/alealb01.png.transform/1col/image.png,THA,,,,,,,,,
2022,Miami Grand Prix,Practice 3,Guanyu Zhou,Alfa Romeo,,33.38780487804878,50.17560975609756,42.829268292682926,1.59390243902439,24,G ZHOU,ZHO,zhou,b12039,alfa,Guanyu,Zhou,https://www.formula1.com/content/dam/fom-website/drivers/G/GUAZHO01_Guanyu_Zhou/guazho01.png.transform/1col/image.png,CHN,,,,,,,,,
2022,Miami Grand Prix,Practice 3,Esteban Ocon,Alpine,,33.38780487804878,50.17560975609756,42.829268292682926,1.59390243902439,31,E OCON,OCO,ocon,2293d1,alpine,Esteban,Ocon,https://www.formula1.com/content/dam/fom-website/drivers/E/ESTOCO01_Esteban_Ocon/estoco01.png.transform/1col/image.png,FRA,,,,,,,,,
2022,Miami Grand Prix,Practice 3,Lewis Hamilton,Mercedes,,33.38780487804878,50.17560975609756,42.829268292682926,1.59390243902439,44,L HAMILTON,HAM,hamilton,6cd3bf,mercedes,Lewis,Hamilton,https://www.formula1.com/content/dam/fom-website/drivers/L/LEWHAM01_Lewis_Hamilton/lewham01.png.transform/1col/image.png,GBR,,,,,,,,,
2022,Miami Grand Prix,Practice 3,Mick Schumacher,Haas F1 Team,,33.38780487804878,50.17560975609756,42.829268292682926,1.59390243902439,47,M SCHUMACHER,MSC,mick_schumacher,b6babd,haas,Mick,Schumacher,https://www.formula1.com/content/dam/fom-website/drivers/M/MICSCH02_Mick_Schumacher/micsch02.png.transform/1col/image.png,GER,,,,,,,,,
2022,Miami Grand Prix,Practice 3,Carlos Sainz,Ferrari,,33.38780487804878,50.17560975609756,42.829268292682926,1.59390243902439,55,C SAINZ,SAI,sainz,ed1c24,ferrari,Carlos,Sainz,https://www.formula1.com/content/dam/fom-website/drivers/C/CARSAI01_Carlos_Sainz/carsai01.png.transform/1col/image.png,ESP,,,,,,,,,
2022,Miami Grand Prix,Practice 3,George Russell,Mercedes,,33.38780487804878,50.17560975609756,42.829268292682926,1.59390243902439,63,G RUSSELL,RUS,russell,6cd3bf,mercedes,George,Russell,https://www.formula1.com/content/dam/fom-website/drivers/G/GEORUS01_George_Russell/georus01.png.transform/1col/image.png,GBR,,,,,,,,,
2022,Miami Grand Prix,Practice 3,Valtteri Bottas,Alfa Romeo,,33.38780487804878,50.17560975609756,42.829268292682926,1.59390243902439,77,V BOTTAS,BOT,bottas,b12039,alfa,Valtteri,Bottas,https://www.formula1.com/content/dam/fom-website/drivers/V/VALBOT01_Valtteri_Bottas/valbot01.png.transform/1col/image.png,FIN,,,,,,,,,
2022,Spanish Grand Prix,Race,Max Verstappen,Red Bull Racing,1.0,36.56585365853658,48.957317073170735,7.109756097560975,3.488414634146341,1,M VERSTAPPEN,VER,max_verstappen,1e5bc6,red_bull,Max,Verstappen,https://www.formula1.com/content/dam/fom-website/drivers/M/MAXVER01_Max_Verstappen/maxver01.png.transform/1col/image.png,NED,1,2.0,,,,0 days 01:37:20.475000,Finished,25.0,66.0
2022,Spanish Grand Prix,Race,Sergio Perez,Red Bull Racing,2.0,36.56585365853658,48.957317073170735,7.109756097560975,3.488414634146341,11,S PEREZ,PER,perez,1e5bc6,red_bull,Sergio,Perez,https://www.formula1.com/content/dam/fom-website/drivers/S/SERPER01_Sergio_Perez/serper01.png.transform/1col/image.png,MEX,2,5.0,,,,0 days 00:00:13.072000,Finished,19.0,66.0
2022,Spanish Grand Prix,Race,George Russell,Mercedes,3.0,36.56585365853658,48.957317073170735,7.109756097560975,3.488414634146341,63,G RUSSELL,RUS,russell,6cd3bf,mercedes,George,Russell,https://www.formula1.com/content/dam/fom-website/drivers/G/GEORUS01_George_Russell/georus01.png.transform/1col/image.png,GBR,3,4.0,,,,0 days 00:00:32.927000,Finished,15.0,66.0
2022,Spanish Grand Prix,Race,Carlos Sainz,Ferrari,4.0,36.56585365853658,48.957317073170735,7.109756097560975,3.488414634146341,55,C SAINZ,SAI,sainz,ed1c24,ferrari,Carlos,Sainz,https://www.formula1.com/content/dam/fom-website/drivers/C/CARSAI01_Carlos_Sainz/carsai01.png.transform/1col/image.png,ESP,4,3.0,,,,0 days 00:00:45.208000,Finished,12.0,66.0
2022,Spanish Grand Prix,Race,Lewis Hamilton,Mercedes,5.0,36.56585365853658,48.957317073170735,7.109756097560975,3.488414634146341,44,L HAMILTON,HAM,hamilton,6cd3bf,mercedes,Lewis,Hamilton,https://www.formula1.com/content/dam/fom-website/drivers/L/LEWHAM01_Lewis_Hamilton/lewham01.png.transform/1col/image.png,GBR,5,6.0,,,,0 days 00:00:54.534000,Finished,10.0,66.0
2022,Spanish Grand Prix,Race,Valtteri Bottas,Alfa Romeo,6.0,36.56585365853658,48.957317073170735,7.109756097560975,3.488414634146341,77,V BOTTAS,BOT,bottas,b12039,alfa,Valtteri,Bottas,https://www.formula1.com/content/dam/fom-website/drivers/V/VALBOT01_Valtteri_Bottas/valbot01.png.transform/1col/image.png,FIN,6,7.0,,,,0 days 00:00:59.976000,Finished,8.0,66.0
2022,Spanish Grand Prix,Race,Esteban Ocon,Alpine,7.0,36.56585365853658,48.957317073170735,7.109756097560975,3.488414634146341,31,E OCON,OCO,ocon,2293d1,alpine,Esteban,Ocon,https://www.formula1.com/content/dam/fom-website/drivers/E/ESTOCO01_Esteban_Ocon/estoco01.png.transform/1col/image.png,FRA,7,12.0,,,,0 days 00:01:15.397000,Finished,6.0,66.0
2022,Spanish Grand Prix,Race,Lando Norris,McLaren,8.0,36.56585365853658,48.957317073170735,7.109756097560975,3.488414634146341,4,L NORRIS,NOR,norris,f58020,mclaren,Lando,Norris,https://www.formula1.com/content/dam/fom-website/drivers/L/LANNOR01_Lando_Norris/lannor01.png.transform/1col/image.png,GBR,8,11.0,,,,0 days 00:01:23.235000,Finished,4.0,66.0
2022,Spanish Grand Prix,Race,Fernando Alonso,Alpine,9.0,36.56585365853658,48.957317073170735,7.109756097560975,3.488414634146341,14,F ALONSO,ALO,alonso,2293d1,alpine,Fernando,Alonso,https://www.formula1.com/content/dam/fom-website/drivers/F/FERALO01_Fernando_Alonso/feralo01.png.transform/1col/image.png,ESP,9,20.0,,,,,+1 Lap,2.0,65.0
2022,Spanish Grand Prix,Race,Yuki Tsunoda,AlphaTauri,10.0,36.56585365853658,48.957317073170735,7.109756097560975,3.488414634146341,22,Y TSUNODA,TSU,tsunoda,4e7c9b,alphatauri,Yuki,Tsunoda,https://www.formula1.com/content/dam/fom-website/drivers/Y/YUKTSU01_Yuki_Tsunoda/yuktsu01.png.transform/1col/image.png,JPN,10,13.0,,,,,+1 Lap,1.0,65.0
2022,Spanish Grand Prix,Race,Sebastian Vettel,Aston Martin,11.0,36.56585365853658,48.957317073170735,7.109756097560975,3.488414634146341,5,S VETTEL,VET,vettel,2d826d,aston_martin,Sebastian,Vettel,https://www.formula1.com/content/dam/fom-website/drivers/S/SEBVET01_Sebastian_Vettel/sebvet01.png.transform/1col/image.png,GER,11,16.0,,,,,+1 Lap,0.0,65.0
2022,Spanish Grand Prix,Race,Daniel Ricciardo,McLaren,12.0,36.56585365853658,48.957317073170735,7.109756097560975,3.488414634146341,3,D RICCIARDO,RIC,ricciardo,f58020,mclaren,Daniel,Ricciardo,https://www.formula1.com/content/dam/fom-website/drivers/D/DANRIC01_Daniel_Ricciardo/danric01.png.transform/1col/image.png,AUS,12,9.0,,,,,+1 Lap,0.0,65.0
2022,Spanish Grand Prix,Race,Pierre Gasly,AlphaTauri,13.0,36.56585365853658,48.957317073170735,7.109756097560975,3.488414634146341,10,P GASLY,GAS,gasly,4e7c9b,alphatauri,Pierre,Gasly,https://www.formula1.com/content/dam/fom-website/drivers/P/PIEGAS01_Pierre_Gasly/piegas01.png.transform/1col/image.png,FRA,13,14.0,,,,,+1 Lap,0.0,65.0
2022,Spanish Grand Prix,Race,Mick Schumacher,Haas F1 Team,14.0,36.56585365853658,48.957317073170735,7.109756097560975,3.488414634146341,47,M SCHUMACHER,MSC,mick_schumacher,b6babd,haas,Mick,Schumacher,https://www.formula1.com/content/dam/fom-website/drivers/M/MICSCH02_Mick_Schumacher/micsch02.png.transform/1col/image.png,GER,14,10.0,,,,,+1 Lap,0.0,65.0
2022,Spanish Grand Prix,Race,Lance Stroll,Aston Martin,15.0,36.56585365853658,48.957317073170735,7.109756097560975,3.488414634146341,18,L STROLL,STR,stroll,2d826d,aston_martin,Lance,Stroll,https://www.formula1.com/content/dam/fom-website/drivers/L/LANSTR01_Lance_Stroll/lanstr01.png.transform/1col/image.png,CAN,15,17.0,,,,,+1 Lap,0.0,65.0
2022,Spanish Grand Prix,Race,Nicholas Latifi,Williams,16.0,36.56585365853658,48.957317073170735,7.109756097560975,3.488414634146341,6,N LATIFI,LAT,latifi,37bedd,williams,Nicholas,Latifi,https://www.formula1.com/content/dam/fom-website/drivers/N/NICLAF01_Nicholas_Latifi/niclaf01.png.transform/1col/image.png,CAN,16,19.0,,,,,+2 Laps,0.0,64.0
2022,Spanish Grand Prix,Race,Kevin Magnussen,Haas F1 Team,17.0,36.56585365853658,48.957317073170735,7.109756097560975,3.488414634146341,20,K MAGNUSSEN,MAG,kevin_magnussen,b6babd,haas,Kevin,Magnussen,None,DEN,17,8.0,,,,,+2 Laps,0.0,64.0
2022,Spanish Grand Prix,Race,Alexander Albon,Williams,18.0,36.56585365853658,48.957317073170735,7.109756097560975,3.488414634146341,23,A ALBON,ALB,albon,37bedd,williams,Alexander,Albon,https://www.formula1.com/content/dam/fom-website/drivers/A/ALEALB01_Alexander_Albon/alealb01.png.transform/1col/image.png,THA,18,18.0,,,,,+2 Laps,0.0,64.0
2022,Spanish Grand Prix,Race,Guanyu Zhou,Alfa Romeo,19.0,36.56585365853658,48.957317073170735,7.109756097560975,3.488414634146341,24,G ZHOU,ZHO,zhou,b12039,alfa,Guanyu,Zhou,https://www.formula1.com/content/dam/fom-website/drivers/G/GUAZHO01_Guanyu_Zhou/guazho01.png.transform/1col/image.png,CHN,R,15.0,,,,,Power loss,0.0,28.0
2022,Spanish Grand Prix,Race,Charles Leclerc,Ferrari,20.0,36.56585365853658,48.957317073170735,7.109756097560975,3.488414634146341,16,C LECLERC,LEC,leclerc,ed1c24,ferrari,Charles,Leclerc,https://www.formula1.com/content/dam/fom-website/drivers/C/CHALEC01_Charles_Leclerc/chalec01.png.transform/1col/image.png,MON,R,1.0,,,,,Turbo,0.0,27.0
2022,Spanish Grand Prix,Qualifying,Charles Leclerc,Ferrari,1.0,34.67051282051281,47.19871794871794,18.76923076923077,3.0243589743589743,16,C LECLERC,LEC,leclerc,ed1c24,ferrari,Charles,Leclerc,https://www.formula1.com/content/dam/fom-website/drivers/C/CHALEC01_Charles_Leclerc/chalec01.png.transform/1col/image.png,MON,,,0 days 00:01:19.861000,0 days 00:01:19.969000,0 days 00:01:18.750000,,,,
2022,Spanish Grand Prix,Qualifying,Max Verstappen,Red Bull Racing,2.0,34.67051282051281,47.19871794871794,18.76923076923077,3.0243589743589743,1,M VERSTAPPEN,VER,max_verstappen,1e5bc6,red_bull,Max,Verstappen,https://www.formula1.com/content/dam/fom-website/drivers/M/MAXVER01_Max_Verstappen/maxver01.png.transform/1col/image.png,NED,,,0 days 00:01:20.091000,0 days 00:01:19.219000,0 days 00:01:19.073000,,,,
2022,Spanish Grand Prix,Qualifying,Carlos Sainz,Ferrari,3.0,34.67051282051281,47.19871794871794,18.76923076923077,3.0243589743589743,55,C SAINZ,SAI,sainz,ed1c24,ferrari,Carlos,Sainz,https://www.formula1.com/content/dam/fom-website/drivers/C/CARSAI01_Carlos_Sainz/carsai01.png.transform/1col/image.png,ESP,,,0 days 00:01:19.892000,0 days 00:01:19.453000,0 days 00:01:19.166000,,,,
2022,Spanish Grand Prix,Qualifying,George Russell,Mercedes,4.0,34.67051282051281,47.19871794871794,18.76923076923077,3.0243589743589743,63,G RUSSELL,RUS,russell,6cd3bf,mercedes,George,Russell,https://www.formula1.com/content/dam/fom-website/drivers/G/GEORUS01_George_Russell/georus01.png.transform/1col/image.png,GBR,,,0 days 00:01:20.218000,0 days 00:01:19.470000,0 days 00:01:19.393000,,,,
2022,Spanish Grand Prix,Qualifying,Sergio Perez,Red Bull Racing,5.0,34.67051282051281,47.19871794871794,18.76923076923077,3.0243589743589743,11,S PEREZ,PER,perez,1e5bc6,red_bull,Sergio,Perez,https://www.formula1.com/content/dam/fom-website/drivers/S/SERPER01_Sergio_Perez/serper01.png.transform/1col/image.png,MEX,,,0 days 00:01:20.447000,0 days 00:01:19.830000,0 days 00:01:19.420000,,,,
2022,Spanish Grand Prix,Qualifying,Lewis Hamilton,Mercedes,6.0,34.67051282051281,47.19871794871794,18.76923076923077,3.0243589743589743,44,L HAMILTON,HAM,hamilton,6cd3bf,mercedes,Lewis,Hamilton,https://www.formula1.com/content/dam/fom-website/drivers/L/LEWHAM01_Lewis_Hamilton/lewham01.png.transform/1col/image.png,GBR,,,0 days 00:01:20.252000,0 days 00:01:19.794000,0 days 00:01:19.512000,,,,
2022,Spanish Grand Prix,Qualifying,Valtteri Bottas,Alfa Romeo,7.0,34.67051282051281,47.19871794871794,18.76923076923077,3.0243589743589743,77,V BOTTAS,BOT,bottas,b12039,alfa,Valtteri,Bottas,https://www.formula1.com/content/dam/fom-website/drivers/V/VALBOT01_Valtteri_Bottas/valbot01.png.transform/1col/image.png,FIN,,,0 days 00:01:20.355000,0 days 00:01:20.053000,0 days 00:01:19.608000,,,,
2022,Spanish Grand Prix,Qualifying,Kevin Magnussen,Haas F1 Team,8.0,34.67051282051281,47.19871794871794,18.76923076923077,3.0243589743589743,20,K MAGNUSSEN,MAG,kevin_magnussen,b6babd,haas,Kevin,Magnussen,None,DEN,,,0 days 00:01:20.227000,0 days 00:01:19.810000,0 days 00:01:19.682000,,,,
2022,Spanish Grand Prix,Qualifying,Daniel Ricciardo,McLaren,9.0,34.67051282051281,47.19871794871794,18.76923076923077,3.0243589743589743,3,D RICCIARDO,RIC,ricciardo,f58020,mclaren,Daniel,Ricciardo,https://www.formula1.com/content/dam/fom-website/drivers/D/DANRIC01_Daniel_Ricciardo/danric01.png.transform/1col/image.png,AUS,,,0 days 00:01:20.549000,0 days 00:01:20.287000,0 days 00:01:20.297000,,,,
2022,Spanish Grand Prix,Qualifying,Mick Schumacher,Haas F1 Team,10.0,34.67051282051281,47.19871794871794,18.76923076923077,3.0243589743589743,47,M SCHUMACHER,MSC,mick_schumacher,b6babd,haas,Mick,Schumacher,https://www.formula1.com/content/dam/fom-website/drivers/M/MICSCH02_Mick_Schumacher/micsch02.png.transform/1col/image.png,GER,,,0 days 00:01:20.683000,0 days 00:01:20.436000,0 days 00:01:20.368000,,,,
2022,Spanish Grand Prix,Qualifying,Lando Norris,McLaren,11.0,34.67051282051281,47.19871794871794,18.76923076923077,3.0243589743589743,4,L NORRIS,NOR,norris,f58020,mclaren,Lando,Norris,https://www.formula1.com/content/dam/fom-website/drivers/L/LANNOR01_Lando_Norris/lannor01.png.transform/1col/image.png,GBR,,,0 days 00:01:20.838000,0 days 00:01:20.471000,,,,,
2022,Spanish Grand Prix,Qualifying,Esteban Ocon,Alpine,12.0,34.67051282051281,47.19871794871794,18.76923076923077,3.0243589743589743,31,E OCON,OCO,ocon,2293d1,alpine,Esteban,Ocon,https://www.formula1.com/content/dam/fom-website/drivers/E/ESTOCO01_Esteban_Ocon/estoco01.png.transform/1col/image.png,FRA,,,0 days 00:01:20.880000,0 days 00:01:20.638000,,,,,
2022,Spanish Grand Prix,Qualifying,Yuki Tsunoda,AlphaTauri,13.0,34.67051282051281,47.19871794871794,18.76923076923077,3.0243589743589743,22,Y TSUNODA,TSU,tsunoda,4e7c9b,alphatauri,Yuki,Tsunoda,https://www.formula1.com/content/dam/fom-website/drivers/Y/YUKTSU01_Yuki_Tsunoda/yuktsu01.png.transform/1col/image.png,JPN,,,0 days 00:01:20.707000,0 days 00:01:20.639000,,,,,
2022,Spanish Grand Prix,Qualifying,Pierre Gasly,AlphaTauri,14.0,34.67051282051281,47.19871794871794,18.76923076923077,3.0243589743589743,10,P GASLY,GAS,gasly,4e7c9b,alphatauri,Pierre,Gasly,https://www.formula1.com/content/dam/fom-website/drivers/P/PIEGAS01_Pierre_Gasly/piegas01.png.transform/1col/image.png,FRA,,,0 days 00:01:20.719000,0 days 00:01:20.861000,,,,,
2022,Spanish Grand Prix,Qualifying,Guanyu Zhou,Alfa Romeo,15.0,34.67051282051281,47.19871794871794,18.76923076923077,3.0243589743589743,24,G ZHOU,ZHO,zhou,b12039,alfa,Guanyu,Zhou,https://www.formula1.com/content/dam/fom-website/drivers/G/GUAZHO01_Guanyu_Zhou/guazho01.png.transform/1col/image.png,CHN,,,0 days 00:01:20.476000,0 days 00:01:21.094000,,,,,
2022,Spanish Grand Prix,Qualifying,Sebastian Vettel,Aston Martin,16.0,34.67051282051281,47.19871794871794,18.76923076923077,3.0243589743589743,5,S VETTEL,VET,vettel,2d826d,aston_martin,Sebastian,Vettel,https://www.formula1.com/content/dam/fom-website/drivers/S/SEBVET01_Sebastian_Vettel/sebvet01.png.transform/1col/image.png,GER,,,0 days 00:01:20.954000,,,,,,
2022,Spanish Grand Prix,Qualifying,Fernando Alonso,Alpine,17.0,34.67051282051281,47.19871794871794,18.76923076923077,3.0243589743589743,14,F ALONSO,ALO,alonso,2293d1,alpine,Fernando,Alonso,https://www.formula1.com/content/dam/fom-website/drivers/F/FERALO01_Fernando_Alonso/feralo01.png.transform/1col/image.png,ESP,,,0 days 00:01:21.043000,,,,,,
2022,Spanish Grand Prix,Qualifying,Lance Stroll,Aston Martin,18.0,34.67051282051281,47.19871794871794,18.76923076923077,3.0243589743589743,18,L STROLL,STR,stroll,2d826d,aston_martin,Lance,Stroll,https://www.formula1.com/content/dam/fom-website/drivers/L/LANSTR01_Lance_Stroll/lanstr01.png.transform/1col/image.png,CAN,,,0 days 00:01:21.418000,,,,,,
2022,Spanish Grand Prix,Qualifying,Alexander Albon,Williams,19.0,34.67051282051281,47.19871794871794,18.76923076923077,3.0243589743589743,23,A ALBON,ALB,albon,37bedd,williams,Alexander,Albon,https://www.formula1.com/content/dam/fom-website/drivers/A/ALEALB01_Alexander_Albon/alealb01.png.transform/1col/image.png,THA,,,0 days 00:01:21.645000,,,,,,
2022,Spanish Grand Prix,Qualifying,Nicholas Latifi,Williams,20.0,34.67051282051281,47.19871794871794,18.76923076923077,3.0243589743589743,6,N LATIFI,LAT,latifi,37bedd,williams,Nicholas,Latifi,https://www.formula1.com/content/dam/fom-website/drivers/N/NICLAF01_Nicholas_Latifi/niclaf01.png.transform/1col/image.png,CAN,,,0 days 00:01:21.915000,,,,,,
2022,Spanish Grand Prix,Practice 1,Max Verstappen,Red Bull Racing,,29.285365853658533,45.832926829268295,42.01219512195122,1.4304878048780485,1,M VERSTAPPEN,VER,max_verstappen,1e5bc6,red_bull,Max,Verstappen,https://www.formula1.com/content/dam/fom-website/drivers/M/MAXVER01_Max_Verstappen/maxver01.png.transform/1col/image.png,NED,,,,,,,,,
2022,Spanish Grand Prix,Practice 1,Daniel Ricciardo,McLaren,,29.285365853658533,45.832926829268295,42.01219512195122,1.4304878048780485,3,D RICCIARDO,RIC,ricciardo,f58020,mclaren,Daniel,Ricciardo,https://www.formula1.com/content/dam/fom-website/drivers/D/DANRIC01_Daniel_Ricciardo/danric01.png.transform/1col/image.png,AUS,,,,,,,,,
2022,Spanish Grand Prix,Practice 1,Lando Norris,McLaren,,29.285365853658533,45.832926829268295,42.01219512195122,1.4304878048780485,4,L NORRIS,NOR,norris,f58020,mclaren,Lando,Norris,https://www.formula1.com/content/dam/fom-website/drivers/L/LANNOR01_Lando_Norris/lannor01.png.transform/1col/image.png,GBR,,,,,,,,,
2022,Spanish Grand Prix,Practice 1,Sebastian Vettel,Aston Martin,,29.285365853658533,45.832926829268295,42.01219512195122,1.4304878048780485,5,S VETTEL,VET,vettel,2d826d,aston_martin,Sebastian,Vettel,https://www.formula1.com/content/dam/fom-website/drivers/S/SEBVET01_Sebastian_Vettel/sebvet01.png.transform/1col/image.png,GER,,,,,,,,,
2022,Spanish Grand Prix,Practice 1,Nicholas Latifi,Williams,,29.285365853658533,45.832926829268295,42.01219512195122,1.4304878048780485,6,N LATIFI,LAT,latifi,37bedd,williams,Nicholas,Latifi,https://www.formula1.com/content/dam/fom-website/drivers/N/NICLAF01_Nicholas_Latifi/niclaf01.png.transform/1col/image.png,CAN,,,,,,,,,
2022,Spanish Grand Prix,Practice 1,Pierre Gasly,AlphaTauri,,29.285365853658533,45.832926829268295,42.01219512195122,1.4304878048780485,10,P GASLY,GAS,gasly,4e7c9b,alphatauri,Pierre,Gasly,https://www.formula1.com/content/dam/fom-website/drivers/P/PIEGAS01_Pierre_Gasly/piegas01.png.transform/1col/image.png,FRA,,,,,,,,,
2022,Spanish Grand Prix,Practice 1,Fernando Alonso,Alpine,,29.285365853658533,45.832926829268295,42.01219512195122,1.4304878048780485,14,F ALONSO,ALO,alonso,2293d1,alpine,Fernando,Alonso,https://www.formula1.com/content/dam/fom-website/drivers/F/FERALO01_Fernando_Alonso/feralo01.png.transform/1col/image.png,ESP,,,,,,,,,
2022,Spanish Grand Prix,Practice 1,Charles Leclerc,Ferrari,,29.285365853658533,45.832926829268295,42.01219512195122,1.4304878048780485,16,C LECLERC,LEC,leclerc,ed1c24,ferrari,Charles,Leclerc,https://www.formula1.com/content/dam/fom-website/drivers/C/CHALEC01_Charles_Leclerc/chalec01.png.transform/1col/image.png,MON,,,,,,,,,
2022,Spanish Grand Prix,Practice 1,Lance Stroll,Aston Martin,,29.285365853658533,45.832926829268295,42.01219512195122,1.4304878048780485,18,L STROLL,STR,stroll,2d826d,aston_martin,Lance,Stroll,https://www.formula1.com/content/dam/fom-website/drivers/L/LANSTR01_Lance_Stroll/lanstr01.png.transform/1col/image.png,CAN,,,,,,,,,
2022,Spanish Grand Prix,Practice 1,Kevin Magnussen,Haas F1 Team,,29.285365853658533,45.832926829268295,42.01219512195122,1.4304878048780485,20,K MAGNUSSEN,MAG,kevin_magnussen,b6babd,haas,Kevin,Magnussen,None,DEN,,,,,,,,,
2022,Spanish Grand Prix,Practice 1,Yuki Tsunoda,AlphaTauri,,29.285365853658533,45.832926829268295,42.01219512195122,1.4304878048780485,22,Y TSUNODA,TSU,tsunoda,4e7c9b,alphatauri,Yuki,Tsunoda,https://www.formula1.com/content/dam/fom-website/drivers/Y/YUKTSU01_Yuki_Tsunoda/yuktsu01.png.transform/1col/image.png,JPN,,,,,,,,,
2022,Spanish Grand Prix,Practice 1,Esteban Ocon,Alpine,,29.285365853658533,45.832926829268295,42.01219512195122,1.4304878048780485,31,E OCON,OCO,ocon,2293d1,alpine,Esteban,Ocon,https://www.formula1.com/content/dam/fom-website/drivers/E/ESTOCO01_Esteban_Ocon/estoco01.png.transform/1col/image.png,FRA,,,,,,,,,
2022,Spanish Grand Prix,Practice 1,Juri Vips,Red Bull Racing,,29.285365853658533,45.832926829268295,42.01219512195122,1.4304878048780485,36,J VIPS,VIP,nan,1e5bc6,nan,Juri,Vips,None,EST,,,,,,,,,
2022,Spanish Grand Prix,Practice 1,Lewis Hamilton,Mercedes,,29.285365853658533,45.832926829268295,42.01219512195122,1.4304878048780485,44,L HAMILTON,HAM,hamilton,6cd3bf,mercedes,Lewis,Hamilton,https://www.formula1.com/content/dam/fom-website/drivers/L/LEWHAM01_Lewis_Hamilton/lewham01.png.transform/1col/image.png,GBR,,,,,,,,,
2022,Spanish Grand Prix,Practice 1,Nyck De Vries,Williams,,29.285365853658533,45.832926829268295,42.01219512195122,1.4304878048780485,45,N DE VRIES,DEV,nan,37bedd,nan,Nyck,De Vries,None,NED,,,,,,,,,
2022,Spanish Grand Prix,Practice 1,Mick Schumacher,Haas F1 Team,,29.285365853658533,45.832926829268295,42.01219512195122,1.4304878048780485,47,M SCHUMACHER,MSC,mick_schumacher,b6babd,haas,Mick,Schumacher,https://www.formula1.com/content/dam/fom-website/drivers/M/MICSCH02_Mick_Schumacher/micsch02.png.transform/1col/image.png,GER,,,,,,,,,
2022,Spanish Grand Prix,Practice 1,Carlos Sainz,Ferrari,,29.285365853658533,45.832926829268295,42.01219512195122,1.4304878048780485,55,C SAINZ,SAI,sainz,ed1c24,ferrari,Carlos,Sainz,https://www.formula1.com/content/dam/fom-website/drivers/C/CARSAI01_Carlos_Sainz/carsai01.png.transform/1col/image.png,ESP,,,,,,,,,
2022,Spanish Grand Prix,Practice 1,George Russell,Mercedes,,29.285365853658533,45.832926829268295,42.01219512195122,1.4304878048780485,63,G RUSSELL,RUS,russell,6cd3bf,mercedes,George,Russell,https://www.formula1.com/content/dam/fom-website/drivers/G/GEORUS01_George_Russell/georus01.png.transform/1col/image.png,GBR,,,,,,,,,
2022,Spanish Grand Prix,Practice 1,Valtteri Bottas,Alfa Romeo,,29.285365853658533,45.832926829268295,42.01219512195122,1.4304878048780485,77,V BOTTAS,BOT,bottas,b12039,alfa,Valtteri,Bottas,https://www.formula1.com/content/dam/fom-website/drivers/V/VALBOT01_Valtteri_Bottas/valbot01.png.transform/1col/image.png,FIN,,,,,,,,,
2022,Spanish Grand Prix,Practice 1,Robert Kubica,Alfa Romeo,,29.285365853658533,45.832926829268295,42.01219512195122,1.4304878048780485,88,R KUBICA,KUB,nan,b12039,nan,Robert,Kubica,None,POL,,,,,,,,,
2022,Spanish Grand Prix,Practice 2,Max Verstappen,Red Bull Racing,,30.751219512195114,43.735365853658536,27.621951219512194,2.824390243902439,1,M VERSTAPPEN,VER,max_verstappen,1e5bc6,red_bull,Max,Verstappen,https://www.formula1.com/content/dam/fom-website/drivers/M/MAXVER01_Max_Verstappen/maxver01.png.transform/1col/image.png,NED,,,,,,,,,
2022,Spanish Grand Prix,Practice 2,Daniel Ricciardo,McLaren,,30.751219512195114,43.735365853658536,27.621951219512194,2.824390243902439,3,D RICCIARDO,RIC,ricciardo,f58020,mclaren,Daniel,Ricciardo,https://www.formula1.com/content/dam/fom-website/drivers/D/DANRIC01_Daniel_Ricciardo/danric01.png.transform/1col/image.png,AUS,,,,,,,,,
2022,Spanish Grand Prix,Practice 2,Lando Norris,McLaren,,30.751219512195114,43.735365853658536,27.621951219512194,2.824390243902439,4,L NORRIS,NOR,norris,f58020,mclaren,Lando,Norris,https://www.formula1.com/content/dam/fom-website/drivers/L/LANNOR01_Lando_Norris/lannor01.png.transform/1col/image.png,GBR,,,,,,,,,
2022,Spanish Grand Prix,Practice 2,Sebastian Vettel,Aston Martin,,30.751219512195114,43.735365853658536,27.621951219512194,2.824390243902439,5,S VETTEL,VET,vettel,2d826d,aston_martin,Sebastian,Vettel,https://www.formula1.com/content/dam/fom-website/drivers/S/SEBVET01_Sebastian_Vettel/sebvet01.png.transform/1col/image.png,GER,,,,,,,,,
2022,Spanish Grand Prix,Practice 2,Nicholas Latifi,Williams,,30.751219512195114,43.735365853658536,27.621951219512194,2.824390243902439,6,N LATIFI,LAT,latifi,37bedd,williams,Nicholas,Latifi,https://www.formula1.com/content/dam/fom-website/drivers/N/NICLAF01_Nicholas_Latifi/niclaf01.png.transform/1col/image.png,CAN,,,,,,,,,
2022,Spanish Grand Prix,Practice 2,Pierre Gasly,AlphaTauri,,30.751219512195114,43.735365853658536,27.621951219512194,2.824390243902439,10,P GASLY,GAS,gasly,4e7c9b,alphatauri,Pierre,Gasly,https://www.formula1.com/content/dam/fom-website/drivers/P/PIEGAS01_Pierre_Gasly/piegas01.png.transform/1col/image.png,FRA,,,,,,,,,
2022,Spanish Grand Prix,Practice 2,Sergio Perez,Red Bull Racing,,30.751219512195114,43.735365853658536,27.621951219512194,2.824390243902439,11,S PEREZ,PER,perez,1e5bc6,red_bull,Sergio,Perez,https://www.formula1.com/content/dam/fom-website/drivers/S/SERPER01_Sergio_Perez/serper01.png.transform/1col/image.png,MEX,,,,,,,,,
2022,Spanish Grand Prix,Practice 2,Fernando Alonso,Alpine,,30.751219512195114,43.735365853658536,27.621951219512194,2.824390243902439,14,F ALONSO,ALO,alonso,2293d1,alpine,Fernando,Alonso,https://www.formula1.com/content/dam/fom-website/drivers/F/FERALO01_Fernando_Alonso/feralo01.png.transform/1col/image.png,ESP,,,,,,,,,
2022,Spanish Grand Prix,Practice 2,Charles Leclerc,Ferrari,,30.751219512195114,43.735365853658536,27.621951219512194,2.824390243902439,16,C LECLERC,LEC,leclerc,ed1c24,ferrari,Charles,Leclerc,https://www.formula1.com/content/dam/fom-website/drivers/C/CHALEC01_Charles_Leclerc/chalec01.png.transform/1col/image.png,MON,,,,,,,,,
2022,Spanish Grand Prix,Practice 2,Lance Stroll,Aston Martin,,30.751219512195114,43.735365853658536,27.621951219512194,2.824390243902439,18,L STROLL,STR,stroll,2d826d,aston_martin,Lance,Stroll,https://www.formula1.com/content/dam/fom-website/drivers/L/LANSTR01_Lance_Stroll/lanstr01.png.transform/1col/image.png,CAN,,,,,,,,,
2022,Spanish Grand Prix,Practice 2,Kevin Magnussen,Haas F1 Team,,30.751219512195114,43.735365853658536,27.621951219512194,2.824390243902439,20,K MAGNUSSEN,MAG,kevin_magnussen,b6babd,haas,Kevin,Magnussen,None,DEN,,,,,,,,,
2022,Spanish Grand Prix,Practice 2,Yuki Tsunoda,AlphaTauri,,30.751219512195114,43.735365853658536,27.621951219512194,2.824390243902439,22,Y TSUNODA,TSU,tsunoda,4e7c9b,alphatauri,Yuki,Tsunoda,https://www.formula1.com/content/dam/fom-website/drivers/Y/YUKTSU01_Yuki_Tsunoda/yuktsu01.png.transform/1col/image.png,JPN,,,,,,,,,
2022,Spanish Grand Prix,Practice 2,Alexander Albon,Williams,,30.751219512195114,43.735365853658536,27.621951219512194,2.824390243902439,23,A ALBON,ALB,albon,37bedd,williams,Alexander,Albon,https://www.formula1.com/content/dam/fom-website/drivers/A/ALEALB01_Alexander_Albon/alealb01.png.transform/1col/image.png,THA,,,,,,,,,
2022,Spanish Grand Prix,Practice 2,Guanyu Zhou,Alfa Romeo,,30.751219512195114,43.735365853658536,27.621951219512194,2.824390243902439,24,G ZHOU,ZHO,zhou,b12039,alfa,Guanyu,Zhou,https://www.formula1.com/content/dam/fom-website/drivers/G/GUAZHO01_Guanyu_Zhou/guazho01.png.transform/1col/image.png,CHN,,,,,,,,,
2022,Spanish Grand Prix,Practice 2,Esteban Ocon,Alpine,,30.751219512195114,43.735365853658536,27.621951219512194,2.824390243902439,31,E OCON,OCO,ocon,2293d1,alpine,Esteban,Ocon,https://www.formula1.com/content/dam/fom-website/drivers/E/ESTOCO01_Esteban_Ocon/estoco01.png.transform/1col/image.png,FRA,,,,,,,,,
2022,Spanish Grand Prix,Practice 2,Lewis Hamilton,Mercedes,,30.751219512195114,43.735365853658536,27.621951219512194,2.824390243902439,44,L HAMILTON,HAM,hamilton,6cd3bf,mercedes,Lewis,Hamilton,https://www.formula1.com/content/dam/fom-website/drivers/L/LEWHAM01_Lewis_Hamilton/lewham01.png.transform/1col/image.png,GBR,,,,,,,,,
2022,Spanish Grand Prix,Practice 2,Mick Schumacher,Haas F1 Team,,30.751219512195114,43.735365853658536,27.621951219512194,2.824390243902439,47,M SCHUMACHER,MSC,mick_schumacher,b6babd,haas,Mick,Schumacher,https://www.formula1.com/content/dam/fom-website/drivers/M/MICSCH02_Mick_Schumacher/micsch02.png.transform/1col/image.png,GER,,,,,,,,,
2022,Spanish Grand Prix,Practice 2,Carlos Sainz,Ferrari,,30.751219512195114,43.735365853658536,27.621951219512194,2.824390243902439,55,C SAINZ,SAI,sainz,ed1c24,ferrari,Carlos,Sainz,https://www.formula1.com/content/dam/fom-website/drivers/C/CARSAI01_Carlos_Sainz/carsai01.png.transform/1col/image.png,ESP,,,,,,,,,
2022,Spanish Grand Prix,Practice 2,George Russell,Mercedes,,30.751219512195114,43.735365853658536,27.621951219512194,2.824390243902439,63,G RUSSELL,RUS,russell,6cd3bf,mercedes,George,Russell,https://www.formula1.com/content/dam/fom-website/drivers/G/GEORUS01_George_Russell/georus01.png.transform/1col/image.png,GBR,,,,,,,,,
2022,Spanish Grand Prix,Practice 2,Valtteri Bottas,Alfa Romeo,,30.751219512195114,43.735365853658536,27.621951219512194,2.824390243902439,77,V BOTTAS,BOT,bottas,b12039,alfa,Valtteri,Bottas,https://www.formula1.com/content/dam/fom-website/drivers/V/VALBOT01_Valtteri_Bottas/valbot01.png.transform/1col/image.png,FIN,,,,,,,,,
2022,Spanish Grand Prix,Practice 3,Max Verstappen,Red Bull Racing,,31.512195121951226,44.09512195121951,31.975609756097562,2.586585365853658,1,M VERSTAPPEN,VER,max_verstappen,1e5bc6,red_bull,Max,Verstappen,https://www.formula1.com/content/dam/fom-website/drivers/M/MAXVER01_Max_Verstappen/maxver01.png.transform/1col/image.png,NED,,,,,,,,,
2022,Spanish Grand Prix,Practice 3,Daniel Ricciardo,McLaren,,31.512195121951226,44.09512195121951,31.975609756097562,2.586585365853658,3,D RICCIARDO,RIC,ricciardo,f58020,mclaren,Daniel,Ricciardo,https://www.formula1.com/content/dam/fom-website/drivers/D/DANRIC01_Daniel_Ricciardo/danric01.png.transform/1col/image.png,AUS,,,,,,,,,
2022,Spanish Grand Prix,Practice 3,Lando Norris,McLaren,,31.512195121951226,44.09512195121951,31.975609756097562,2.586585365853658,4,L NORRIS,NOR,norris,f58020,mclaren,Lando,Norris,https://www.formula1.com/content/dam/fom-website/drivers/L/LANNOR01_Lando_Norris/lannor01.png.transform/1col/image.png,GBR,,,,,,,,,
2022,Spanish Grand Prix,Practice 3,Sebastian Vettel,Aston Martin,,31.512195121951226,44.09512195121951,31.975609756097562,2.586585365853658,5,S VETTEL,VET,vettel,2d826d,aston_martin,Sebastian,Vettel,https://www.formula1.com/content/dam/fom-website/drivers/S/SEBVET01_Sebastian_Vettel/sebvet01.png.transform/1col/image.png,GER,,,,,,,,,
2022,Spanish Grand Prix,Practice 3,Nicholas Latifi,Williams,,31.512195121951226,44.09512195121951,31.975609756097562,2.586585365853658,6,N LATIFI,LAT,latifi,37bedd,williams,Nicholas,Latifi,https://www.formula1.com/content/dam/fom-website/drivers/N/NICLAF01_Nicholas_Latifi/niclaf01.png.transform/1col/image.png,CAN,,,,,,,,,
2022,Spanish Grand Prix,Practice 3,Pierre Gasly,AlphaTauri,,31.512195121951226,44.09512195121951,31.975609756097562,2.586585365853658,10,P GASLY,GAS,gasly,4e7c9b,alphatauri,Pierre,Gasly,https://www.formula1.com/content/dam/fom-website/drivers/P/PIEGAS01_Pierre_Gasly/piegas01.png.transform/1col/image.png,FRA,,,,,,,,,
2022,Spanish Grand Prix,Practice 3,Sergio Perez,Red Bull Racing,,31.512195121951226,44.09512195121951,31.975609756097562,2.586585365853658,11,S PEREZ,PER,perez,1e5bc6,red_bull,Sergio,Perez,https://www.formula1.com/content/dam/fom-website/drivers/S/SERPER01_Sergio_Perez/serper01.png.transform/1col/image.png,MEX,,,,,,,,,
2022,Spanish Grand Prix,Practice 3,Fernando Alonso,Alpine,,31.512195121951226,44.09512195121951,31.975609756097562,2.586585365853658,14,F ALONSO,ALO,alonso,2293d1,alpine,Fernando,Alonso,https://www.formula1.com/content/dam/fom-website/drivers/F/FERALO01_Fernando_Alonso/feralo01.png.transform/1col/image.png,ESP,,,,,,,,,
2022,Spanish Grand Prix,Practice 3,Charles Leclerc,Ferrari,,31.512195121951226,44.09512195121951,31.975609756097562,2.586585365853658,16,C LECLERC,LEC,leclerc,ed1c24,ferrari,Charles,Leclerc,https://www.formula1.com/content/dam/fom-website/drivers/C/CHALEC01_Charles_Leclerc/chalec01.png.transform/1col/image.png,MON,,,,,,,,,
2022,Spanish Grand Prix,Practice 3,Lance Stroll,Aston Martin,,31.512195121951226,44.09512195121951,31.975609756097562,2.586585365853658,18,L STROLL,STR,stroll,2d826d,aston_martin,Lance,Stroll,https://www.formula1.com/content/dam/fom-website/drivers/L/LANSTR01_Lance_Stroll/lanstr01.png.transform/1col/image.png,CAN,,,,,,,,,
2022,Spanish Grand Prix,Practice 3,Kevin Magnussen,Haas F1 Team,,31.512195121951226,44.09512195121951,31.975609756097562,2.586585365853658,20,K MAGNUSSEN,MAG,kevin_magnussen,b6babd,haas,Kevin,Magnussen,None,DEN,,,,,,,,,
2022,Spanish Grand Prix,Practice 3,Yuki Tsunoda,AlphaTauri,,31.512195121951226,44.09512195121951,31.975609756097562,2.586585365853658,22,Y TSUNODA,TSU,tsunoda,4e7c9b,alphatauri,Yuki,Tsunoda,https://www.formula1.com/content/dam/fom-website/drivers/Y/YUKTSU01_Yuki_Tsunoda/yuktsu01.png.transform/1col/image.png,JPN,,,,,,,,,
2022,Spanish Grand Prix,Practice 3,Alexander Albon,Williams,,31.512195121951226,44.09512195121951,31.975609756097562,2.586585365853658,23,A ALBON,ALB,albon,37bedd,williams,Alexander,Albon,https://www.formula1.com/content/dam/fom-website/drivers/A/ALEALB01_Alexander_Albon/alealb01.png.transform/1col/image.png,THA,,,,,,,,,
2022,Spanish Grand Prix,Practice 3,Guanyu Zhou,Alfa Romeo,,31.512195121951226,44.09512195121951,31.975609756097562,2.586585365853658,24,G ZHOU,ZHO,zhou,b12039,alfa,Guanyu,Zhou,https://www.formula1.com/content/dam/fom-website/drivers/G/GUAZHO01_Guanyu_Zhou/guazho01.png.transform/1col/image.png,CHN,,,,,,,,,
2022,Spanish Grand Prix,Practice 3,Esteban Ocon,Alpine,,31.512195121951226,44.09512195121951,31.975609756097562,2.586585365853658,31,E OCON,OCO,ocon,2293d1,alpine,Esteban,Ocon,https://www.formula1.com/content/dam/fom-website/drivers/E/ESTOCO01_Esteban_Ocon/estoco01.png.transform/1col/image.png,FRA,,,,,,,,,
2022,Spanish Grand Prix,Practice 3,Lewis Hamilton,Mercedes,,31.512195121951226,44.09512195121951,31.975609756097562,2.586585365853658,44,L HAMILTON,HAM,hamilton,6cd3bf,mercedes,Lewis,Hamilton,https://www.formula1.com/content/dam/fom-website/drivers/L/LEWHAM01_Lewis_Hamilton/lewham01.png.transform/1col/image.png,GBR,,,,,,,,,
2022,Spanish Grand Prix,Practice 3,Mick Schumacher,Haas F1 Team,,31.512195121951226,44.09512195121951,31.975609756097562,2.586585365853658,47,M SCHUMACHER,MSC,mick_schumacher,b6babd,haas,Mick,Schumacher,https://www.formula1.com/content/dam/fom-website/drivers/M/MICSCH02_Mick_Schumacher/micsch02.png.transform/1col/image.png,GER,,,,,,,,,
2022,Spanish Grand Prix,Practice 3,Carlos Sainz,Ferrari,,31.512195121951226,44.09512195121951,31.975609756097562,2.586585365853658,55,C SAINZ,SAI,sainz,ed1c24,ferrari,Carlos,Sainz,https://www.formula1.com/content/dam/fom-website/drivers/C/CARSAI01_Carlos_Sainz/carsai01.png.transform/1col/image.png,ESP,,,,,,,,,
2022,Spanish Grand Prix,Practice 3,George Russell,Mercedes,,31.512195121951226,44.09512195121951,31.975609756097562,2.586585365853658,63,G RUSSELL,RUS,russell,6cd3bf,mercedes,George,Russell,https://www.formula1.com/content/dam/fom-website/drivers/G/GEORUS01_George_Russell/georus01.png.transform/1col/image.png,GBR,,,,,,,,,
2022,Spanish Grand Prix,Practice 3,Valtteri Bottas,Alfa Romeo,,31.512195121951226,44.09512195121951,31.975609756097562,2.586585365853658,77,V BOTTAS,BOT,bottas,b12039,alfa,Valtteri,Bottas,https://www.formula1.com/content/dam/fom-website/drivers/V/VALBOT01_Valtteri_Bottas/valbot01.png.transform/1col/image.png,FIN,,,,,,,,,
2022,Monaco Grand Prix,Race,Sergio Perez,Red Bull Racing,1.0,22.27469387755102,31.038367346938774,75.66530612244898,0.9902040816326529,11,S PEREZ,PER,perez,1e5bc6,red_bull,Sergio,Perez,https://www.formula1.com/content/dam/fom-website/drivers/S/SERPER01_Sergio_Perez/serper01.png.transform/1col/image.png,MEX,1,3.0,,,,0 days 01:56:30.265000,Finished,25.0,64.0
2022,Monaco Grand Prix,Race,Carlos Sainz,Ferrari,2.0,22.27469387755102,31.038367346938774,75.66530612244898,0.9902040816326529,55,C SAINZ,SAI,sainz,ed1c24,ferrari,Carlos,Sainz,https://www.formula1.com/content/dam/fom-website/drivers/C/CARSAI01_Carlos_Sainz/carsai01.png.transform/1col/image.png,ESP,2,2.0,,,,0 days 00:00:01.154000,Finished,18.0,64.0
2022,Monaco Grand Prix,Race,Max Verstappen,Red Bull Racing,3.0,22.27469387755102,31.038367346938774,75.66530612244898,0.9902040816326529,1,M VERSTAPPEN,VER,max_verstappen,1e5bc6,red_bull,Max,Verstappen,https://www.formula1.com/content/dam/fom-website/drivers/M/MAXVER01_Max_Verstappen/maxver01.png.transform/1col/image.png,NED,3,4.0,,,,0 days 00:00:01.491000,Finished,15.0,64.0
2022,Monaco Grand Prix,Race,Charles Leclerc,Ferrari,4.0,22.27469387755102,31.038367346938774,75.66530612244898,0.9902040816326529,16,C LECLERC,LEC,leclerc,ed1c24,ferrari,Charles,Leclerc,https://www.formula1.com/content/dam/fom-website/drivers/C/CHALEC01_Charles_Leclerc/chalec01.png.transform/1col/image.png,MON,4,1.0,,,,0 days 00:00:02.922000,Finished,12.0,64.0
2022,Monaco Grand Prix,Race,George Russell,Mercedes,5.0,22.27469387755102,31.038367346938774,75.66530612244898,0.9902040816326529,63,G RUSSELL,RUS,russell,6cd3bf,mercedes,George,Russell,https://www.formula1.com/content/dam/fom-website/drivers/G/GEORUS01_George_Russell/georus01.png.transform/1col/image.png,GBR,5,6.0,,,,0 days 00:00:11.968000,Finished,10.0,64.0
2022,Monaco Grand Prix,Race,Lando Norris,McLaren,6.0,22.27469387755102,31.038367346938774,75.66530612244898,0.9902040816326529,4,L NORRIS,NOR,norris,f58020,mclaren,Lando,Norris,https://www.formula1.com/content/dam/fom-website/drivers/L/LANNOR01_Lando_Norris/lannor01.png.transform/1col/image.png,GBR,6,5.0,,,,0 days 00:00:12.231000,Finished,9.0,64.0
2022,Monaco Grand Prix,Race,Fernando Alonso,Alpine,7.0,22.27469387755102,31.038367346938774,75.66530612244898,0.9902040816326529,14,F ALONSO,ALO,alonso,2293d1,alpine,Fernando,Alonso,https://www.formula1.com/content/dam/fom-website/drivers/F/FERALO01_Fernando_Alonso/feralo01.png.transform/1col/image.png,ESP,7,7.0,,,,0 days 00:00:46.358000,Finished,6.0,64.0
2022,Monaco Grand Prix,Race,Lewis Hamilton,Mercedes,8.0,22.27469387755102,31.038367346938774,75.66530612244898,0.9902040816326529,44,L HAMILTON,HAM,hamilton,6cd3bf,mercedes,Lewis,Hamilton,https://www.formula1.com/content/dam/fom-website/drivers/L/LEWHAM01_Lewis_Hamilton/lewham01.png.transform/1col/image.png,GBR,8,8.0,,,,0 days 00:00:50.388000,Finished,4.0,64.0
2022,Monaco Grand Prix,Race,Valtteri Bottas,Alfa Romeo,9.0,22.27469387755102,31.038367346938774,75.66530612244898,0.9902040816326529,77,V BOTTAS,BOT,bottas,b12039,alfa,Valtteri,Bottas,https://www.formula1.com/content/dam/fom-website/drivers/V/VALBOT01_Valtteri_Bottas/valbot01.png.transform/1col/image.png,FIN,9,12.0,,,,0 days 00:00:52.525000,Finished,2.0,64.0
2022,Monaco Grand Prix,Race,Sebastian Vettel,Aston Martin,10.0,22.27469387755102,31.038367346938774,75.66530612244898,0.9902040816326529,5,S VETTEL,VET,vettel,2d826d,aston_martin,Sebastian,Vettel,https://www.formula1.com/content/dam/fom-website/drivers/S/SEBVET01_Sebastian_Vettel/sebvet01.png.transform/1col/image.png,GER,10,9.0,,,,0 days 00:00:53.536000,Finished,1.0,64.0
2022,Monaco Grand Prix,Race,Pierre Gasly,AlphaTauri,11.0,22.27469387755102,31.038367346938774,75.66530612244898,0.9902040816326529,10,P GASLY,GAS,gasly,4e7c9b,alphatauri,Pierre,Gasly,https://www.formula1.com/content/dam/fom-website/drivers/P/PIEGAS01_Pierre_Gasly/piegas01.png.transform/1col/image.png,FRA,11,17.0,,,,0 days 00:00:54.289000,Finished,0.0,64.0
2022,Monaco Grand Prix,Race,Esteban Ocon,Alpine,12.0,22.27469387755102,31.038367346938774,75.66530612244898,0.9902040816326529,31,E OCON,OCO,ocon,2293d1,alpine,Esteban,Ocon,https://www.formula1.com/content/dam/fom-website/drivers/E/ESTOCO01_Esteban_Ocon/estoco01.png.transform/1col/image.png,FRA,12,10.0,,,,0 days 00:00:55.644000,Finished,0.0,64.0
2022,Monaco Grand Prix,Race,Daniel Ricciardo,McLaren,13.0,22.27469387755102,31.038367346938774,75.66530612244898,0.9902040816326529,3,D RICCIARDO,RIC,ricciardo,f58020,mclaren,Daniel,Ricciardo,https://www.formula1.com/content/dam/fom-website/drivers/D/DANRIC01_Daniel_Ricciardo/danric01.png.transform/1col/image.png,AUS,13,14.0,,,,0 days 00:00:57.635000,Finished,0.0,64.0
2022,Monaco Grand Prix,Race,Lance Stroll,Aston Martin,14.0,22.27469387755102,31.038367346938774,75.66530612244898,0.9902040816326529,18,L STROLL,STR,stroll,2d826d,aston_martin,Lance,Stroll,https://www.formula1.com/content/dam/fom-website/drivers/L/LANSTR01_Lance_Stroll/lanstr01.png.transform/1col/image.png,CAN,14,18.0,,,,0 days 00:01:00.802000,Finished,0.0,64.0
2022,Monaco Grand Prix,Race,Nicholas Latifi,Williams,15.0,22.27469387755102,31.038367346938774,75.66530612244898,0.9902040816326529,6,N LATIFI,LAT,latifi,37bedd,williams,Nicholas,Latifi,https://www.formula1.com/content/dam/fom-website/drivers/N/NICLAF01_Nicholas_Latifi/niclaf01.png.transform/1col/image.png,CAN,15,19.0,,,,,+1 Lap,0.0,63.0
2022,Monaco Grand Prix,Race,Guanyu Zhou,Alfa Romeo,16.0,22.27469387755102,31.038367346938774,75.66530612244898,0.9902040816326529,24,G ZHOU,ZHO,zhou,b12039,alfa,Guanyu,Zhou,https://www.formula1.com/content/dam/fom-website/drivers/G/GUAZHO01_Guanyu_Zhou/guazho01.png.transform/1col/image.png,CHN,16,20.0,,,,,+1 Lap,0.0,63.0
2022,Monaco Grand Prix,Race,Yuki Tsunoda,AlphaTauri,17.0,22.27469387755102,31.038367346938774,75.66530612244898,0.9902040816326529,22,Y TSUNODA,TSU,tsunoda,4e7c9b,alphatauri,Yuki,Tsunoda,https://www.formula1.com/content/dam/fom-website/drivers/Y/YUKTSU01_Yuki_Tsunoda/yuktsu01.png.transform/1col/image.png,JPN,17,11.0,,,,,+1 Lap,0.0,63.0
2022,Monaco Grand Prix,Race,Alexander Albon,Williams,18.0,22.27469387755102,31.038367346938774,75.66530612244898,0.9902040816326529,23,A ALBON,ALB,albon,37bedd,williams,Alexander,Albon,https://www.formula1.com/content/dam/fom-website/drivers/A/ALEALB01_Alexander_Albon/alealb01.png.transform/1col/image.png,THA,R,16.0,,,,,Mechanical,0.0,48.0
2022,Monaco Grand Prix,Race,Mick Schumacher,Haas F1 Team,19.0,22.27469387755102,31.038367346938774,75.66530612244898,0.9902040816326529,47,M SCHUMACHER,MSC,mick_schumacher,b6babd,haas,Mick,Schumacher,https://www.formula1.com/content/dam/fom-website/drivers/M/MICSCH02_Mick_Schumacher/micsch02.png.transform/1col/image.png,GER,R,15.0,,,,,Accident,0.0,24.0
2022,Monaco Grand Prix,Race,Kevin Magnussen,Haas F1 Team,20.0,22.27469387755102,31.038367346938774,75.66530612244898,0.9902040816326529,20,K MAGNUSSEN,MAG,kevin_magnussen,b6babd,haas,Kevin,Magnussen,None,DEN,R,13.0,,,,,Water pressure,0.0,19.0
2022,Monaco Grand Prix,Qualifying,Charles Leclerc,Ferrari,1.0,26.712345679012348,48.44444444444445,46.148148148148145,0.8061728395061726,16,C LECLERC,LEC,leclerc,ed1c24,ferrari,Charles,Leclerc,https://www.formula1.com/content/dam/fom-website/drivers/C/CHALEC01_Charles_Leclerc/chalec01.png.transform/1col/image.png,MON,,,0 days 00:01:12.569000,0 days 00:01:11.864000,0 days 00:01:11.376000,,,,
2022,Monaco Grand Prix,Qualifying,Carlos Sainz,Ferrari,2.0,26.712345679012348,48.44444444444445,46.148148148148145,0.8061728395061726,55,C SAINZ,SAI,sainz,ed1c24,ferrari,Carlos,Sainz,https://www.formula1.com/content/dam/fom-website/drivers/C/CARSAI01_Carlos_Sainz/carsai01.png.transform/1col/image.png,ESP,,,0 days 00:01:12.616000,0 days 00:01:12.074000,0 days 00:01:11.601000,,,,
2022,Monaco Grand Prix,Qualifying,Sergio Perez,Red Bull Racing,3.0,26.712345679012348,48.44444444444445,46.148148148148145,0.8061728395061726,11,S PEREZ,PER,perez,1e5bc6,red_bull,Sergio,Perez,https://www.formula1.com/content/dam/fom-website/drivers/S/SERPER01_Sergio_Perez/serper01.png.transform/1col/image.png,MEX,,,0 days 00:01:13.004000,0 days 00:01:11.954000,0 days 00:01:11.629000,,,,
2022,Monaco Grand Prix,Qualifying,Max Verstappen,Red Bull Racing,4.0,26.712345679012348,48.44444444444445,46.148148148148145,0.8061728395061726,1,M VERSTAPPEN,VER,max_verstappen,1e5bc6,red_bull,Max,Verstappen,https://www.formula1.com/content/dam/fom-website/drivers/M/MAXVER01_Max_Verstappen/maxver01.png.transform/1col/image.png,NED,,,0 days 00:01:12.993000,0 days 00:01:12.117000,0 days 00:01:11.666000,,,,
2022,Monaco Grand Prix,Qualifying,Lando Norris,McLaren,5.0,26.712345679012348,48.44444444444445,46.148148148148145,0.8061728395061726,4,L NORRIS,NOR,norris,f58020,mclaren,Lando,Norris,https://www.formula1.com/content/dam/fom-website/drivers/L/LANNOR01_Lando_Norris/lannor01.png.transform/1col/image.png,GBR,,,0 days 00:01:12.927000,0 days 00:01:12.266000,0 days 00:01:11.849000,,,,
2022,Monaco Grand Prix,Qualifying,George Russell,Mercedes,6.0,26.712345679012348,48.44444444444445,46.148148148148145,0.8061728395061726,63,G RUSSELL,RUS,russell,6cd3bf,mercedes,George,Russell,https://www.formula1.com/content/dam/fom-website/drivers/G/GEORUS01_George_Russell/georus01.png.transform/1col/image.png,GBR,,,0 days 00:01:12.787000,0 days 00:01:12.617000,0 days 00:01:12.112000,,,,
2022,Monaco Grand Prix,Qualifying,Fernando Alonso,Alpine,7.0,26.712345679012348,48.44444444444445,46.148148148148145,0.8061728395061726,14,F ALONSO,ALO,alonso,2293d1,alpine,Fernando,Alonso,https://www.formula1.com/content/dam/fom-website/drivers/F/FERALO01_Fernando_Alonso/feralo01.png.transform/1col/image.png,ESP,,,0 days 00:01:13.394000,0 days 00:01:12.688000,0 days 00:01:12.247000,,,,
2022,Monaco Grand Prix,Qualifying,Lewis Hamilton,Mercedes,8.0,26.712345679012348,48.44444444444445,46.148148148148145,0.8061728395061726,44,L HAMILTON,HAM,hamilton,6cd3bf,mercedes,Lewis,Hamilton,https://www.formula1.com/content/dam/fom-website/drivers/L/LEWHAM01_Lewis_Hamilton/lewham01.png.transform/1col/image.png,GBR,,,0 days 00:01:13.444000,0 days 00:01:12.595000,0 days 00:01:12.560000,,,,
2022,Monaco Grand Prix,Qualifying,Sebastian Vettel,Aston Martin,9.0,26.712345679012348,48.44444444444445,46.148148148148145,0.8061728395061726,5,S VETTEL,VET,vettel,2d826d,aston_martin,Sebastian,Vettel,https://www.formula1.com/content/dam/fom-website/drivers/S/SEBVET01_Sebastian_Vettel/sebvet01.png.transform/1col/image.png,GER,,,0 days 00:01:13.313000,0 days 00:01:12.613000,0 days 00:01:12.732000,,,,
2022,Monaco Grand Prix,Qualifying,Esteban Ocon,Alpine,10.0,26.712345679012348,48.44444444444445,46.148148148148145,0.8061728395061726,31,E OCON,OCO,ocon,2293d1,alpine,Esteban,Ocon,https://www.formula1.com/content/dam/fom-website/drivers/E/ESTOCO01_Esteban_Ocon/estoco01.png.transform/1col/image.png,FRA,,,0 days 00:01:12.848000,0 days 00:01:12.528000,0 days 00:01:13.047000,,,,
2022,Monaco Grand Prix,Qualifying,Yuki Tsunoda,AlphaTauri,11.0,26.712345679012348,48.44444444444445,46.148148148148145,0.8061728395061726,22,Y TSUNODA,TSU,tsunoda,4e7c9b,alphatauri,Yuki,Tsunoda,https://www.formula1.com/content/dam/fom-website/drivers/Y/YUKTSU01_Yuki_Tsunoda/yuktsu01.png.transform/1col/image.png,JPN,,,0 days 00:01:13.110000,0 days 00:01:12.797000,,,,,
2022,Monaco Grand Prix,Qualifying,Valtteri Bottas,Alfa Romeo,12.0,26.712345679012348,48.44444444444445,46.148148148148145,0.8061728395061726,77,V BOTTAS,BOT,bottas,b12039,alfa,Valtteri,Bottas,https://www.formula1.com/content/dam/fom-website/drivers/V/VALBOT01_Valtteri_Bottas/valbot01.png.transform/1col/image.png,FIN,,,0 days 00:01:13.541000,0 days 00:01:12.909000,,,,,
2022,Monaco Grand Prix,Qualifying,Kevin Magnussen,Haas F1 Team,13.0,26.712345679012348,48.44444444444445,46.148148148148145,0.8061728395061726,20,K MAGNUSSEN,MAG,kevin_magnussen,b6babd,haas,Kevin,Magnussen,None,DEN,,,0 days 00:01:13.069000,0 days 00:01:12.921000,,,,,
2022,Monaco Grand Prix,Qualifying,Daniel Ricciardo,McLaren,14.0,26.712345679012348,48.44444444444445,46.148148148148145,0.8061728395061726,3,D RICCIARDO,RIC,ricciardo,f58020,mclaren,Daniel,Ricciardo,https://www.formula1.com/content/dam/fom-website/drivers/D/DANRIC01_Daniel_Ricciardo/danric01.png.transform/1col/image.png,AUS,,,0 days 00:01:13.338000,0 days 00:01:12.964000,,,,,
2022,Monaco Grand Prix,Qualifying,Mick Schumacher,Haas F1 Team,15.0,26.712345679012348,48.44444444444445,46.148148148148145,0.8061728395061726,47,M SCHUMACHER,MSC,mick_schumacher,b6babd,haas,Mick,Schumacher,https://www.formula1.com/content/dam/fom-website/drivers/M/MICSCH02_Mick_Schumacher/micsch02.png.transform/1col/image.png,GER,,,0 days 00:01:13.469000,0 days 00:01:13.081000,,,,,
2022,Monaco Grand Prix,Qualifying,Alexander Albon,Williams,16.0,26.712345679012348,48.44444444444445,46.148148148148145,0.8061728395061726,23,A ALBON,ALB,albon,37bedd,williams,Alexander,Albon,https://www.formula1.com/content/dam/fom-website/drivers/A/ALEALB01_Alexander_Albon/alealb01.png.transform/1col/image.png,THA,,,0 days 00:01:13.611000,,,,,,
2022,Monaco Grand Prix,Qualifying,Pierre Gasly,AlphaTauri,17.0,26.712345679012348,48.44444444444445,46.148148148148145,0.8061728395061726,10,P GASLY,GAS,gasly,4e7c9b,alphatauri,Pierre,Gasly,https://www.formula1.com/content/dam/fom-website/drivers/P/PIEGAS01_Pierre_Gasly/piegas01.png.transform/1col/image.png,FRA,,,0 days 00:01:13.660000,,,,,,
2022,Monaco Grand Prix,Qualifying,Lance Stroll,Aston Martin,18.0,26.712345679012348,48.44444444444445,46.148148148148145,0.8061728395061726,18,L STROLL,STR,stroll,2d826d,aston_martin,Lance,Stroll,https://www.formula1.com/content/dam/fom-website/drivers/L/LANSTR01_Lance_Stroll/lanstr01.png.transform/1col/image.png,CAN,,,0 days 00:01:13.678000,,,,,,
2022,Monaco Grand Prix,Qualifying,Nicholas Latifi,Williams,19.0,26.712345679012348,48.44444444444445,46.148148148148145,0.8061728395061726,6,N LATIFI,LAT,latifi,37bedd,williams,Nicholas,Latifi,https://www.formula1.com/content/dam/fom-website/drivers/N/NICLAF01_Nicholas_Latifi/niclaf01.png.transform/1col/image.png,CAN,,,0 days 00:01:14.403000,,,,,,
2022,Monaco Grand Prix,Qualifying,Guanyu Zhou,Alfa Romeo,20.0,26.712345679012348,48.44444444444445,46.148148148148145,0.8061728395061726,24,G ZHOU,ZHO,zhou,b12039,alfa,Guanyu,Zhou,https://www.formula1.com/content/dam/fom-website/drivers/G/GUAZHO01_Guanyu_Zhou/guazho01.png.transform/1col/image.png,CHN,,,0 days 00:01:15.606000,,,,,,
2022,Monaco Grand Prix,Practice 1,Max Verstappen,Red Bull Racing,,30.67283950617284,54.32962962962963,30.40740740740741,0.7790123456790122,1,M VERSTAPPEN,VER,max_verstappen,1e5bc6,red_bull,Max,Verstappen,https://www.formula1.com/content/dam/fom-website/drivers/M/MAXVER01_Max_Verstappen/maxver01.png.transform/1col/image.png,NED,,,,,,,,,
2022,Monaco Grand Prix,Practice 1,Daniel Ricciardo,McLaren,,30.67283950617284,54.32962962962963,30.40740740740741,0.7790123456790122,3,D RICCIARDO,RIC,ricciardo,f58020,mclaren,Daniel,Ricciardo,https://www.formula1.com/content/dam/fom-website/drivers/D/DANRIC01_Daniel_Ricciardo/danric01.png.transform/1col/image.png,AUS,,,,,,,,,
2022,Monaco Grand Prix,Practice 1,Lando Norris,McLaren,,30.67283950617284,54.32962962962963,30.40740740740741,0.7790123456790122,4,L NORRIS,NOR,norris,f58020,mclaren,Lando,Norris,https://www.formula1.com/content/dam/fom-website/drivers/L/LANNOR01_Lando_Norris/lannor01.png.transform/1col/image.png,GBR,,,,,,,,,
2022,Monaco Grand Prix,Practice 1,Sebastian Vettel,Aston Martin,,30.67283950617284,54.32962962962963,30.40740740740741,0.7790123456790122,5,S VETTEL,VET,vettel,2d826d,aston_martin,Sebastian,Vettel,https://www.formula1.com/content/dam/fom-website/drivers/S/SEBVET01_Sebastian_Vettel/sebvet01.png.transform/1col/image.png,GER,,,,,,,,,
2022,Monaco Grand Prix,Practice 1,Nicholas Latifi,Williams,,30.67283950617284,54.32962962962963,30.40740740740741,0.7790123456790122,6,N LATIFI,LAT,latifi,37bedd,williams,Nicholas,Latifi,https://www.formula1.com/content/dam/fom-website/drivers/N/NICLAF01_Nicholas_Latifi/niclaf01.png.transform/1col/image.png,CAN,,,,,,,,,
2022,Monaco Grand Prix,Practice 1,Pierre Gasly,AlphaTauri,,30.67283950617284,54.32962962962963,30.40740740740741,0.7790123456790122,10,P GASLY,GAS,gasly,4e7c9b,alphatauri,Pierre,Gasly,https://www.formula1.com/content/dam/fom-website/drivers/P/PIEGAS01_Pierre_Gasly/piegas01.png.transform/1col/image.png,FRA,,,,,,,,,
2022,Monaco Grand Prix,Practice 1,Sergio Perez,Red Bull Racing,,30.67283950617284,54.32962962962963,30.40740740740741,0.7790123456790122,11,S PEREZ,PER,perez,1e5bc6,red_bull,Sergio,Perez,https://www.formula1.com/content/dam/fom-website/drivers/S/SERPER01_Sergio_Perez/serper01.png.transform/1col/image.png,MEX,,,,,,,,,
2022,Monaco Grand Prix,Practice 1,Fernando Alonso,Alpine,,30.67283950617284,54.32962962962963,30.40740740740741,0.7790123456790122,14,F ALONSO,ALO,alonso,2293d1,alpine,Fernando,Alonso,https://www.formula1.com/content/dam/fom-website/drivers/F/FERALO01_Fernando_Alonso/feralo01.png.transform/1col/image.png,ESP,,,,,,,,,
2022,Monaco Grand Prix,Practice 1,Charles Leclerc,Ferrari,,30.67283950617284,54.32962962962963,30.40740740740741,0.7790123456790122,16,C LECLERC,LEC,leclerc,ed1c24,ferrari,Charles,Leclerc,https://www.formula1.com/content/dam/fom-website/drivers/C/CHALEC01_Charles_Leclerc/chalec01.png.transform/1col/image.png,MON,,,,,,,,,
2022,Monaco Grand Prix,Practice 1,Lance Stroll,Aston Martin,,30.67283950617284,54.32962962962963,30.40740740740741,0.7790123456790122,18,L STROLL,STR,stroll,2d826d,aston_martin,Lance,Stroll,https://www.formula1.com/content/dam/fom-website/drivers/L/LANSTR01_Lance_Stroll/lanstr01.png.transform/1col/image.png,CAN,,,,,,,,,
2022,Monaco Grand Prix,Practice 1,Kevin Magnussen,Haas F1 Team,,30.67283950617284,54.32962962962963,30.40740740740741,0.7790123456790122,20,K MAGNUSSEN,MAG,kevin_magnussen,b6babd,haas,Kevin,Magnussen,None,DEN,,,,,,,,,
2022,Monaco Grand Prix,Practice 1,Yuki Tsunoda,AlphaTauri,,30.67283950617284,54.32962962962963,30.40740740740741,0.7790123456790122,22,Y TSUNODA,TSU,tsunoda,4e7c9b,alphatauri,Yuki,Tsunoda,https://www.formula1.com/content/dam/fom-website/drivers/Y/YUKTSU01_Yuki_Tsunoda/yuktsu01.png.transform/1col/image.png,JPN,,,,,,,,,
2022,Monaco Grand Prix,Practice 1,Alexander Albon,Williams,,30.67283950617284,54.32962962962963,30.40740740740741,0.7790123456790122,23,A ALBON,ALB,albon,37bedd,williams,Alexander,Albon,https://www.formula1.com/content/dam/fom-website/drivers/A/ALEALB01_Alexander_Albon/alealb01.png.transform/1col/image.png,THA,,,,,,,,,
2022,Monaco Grand Prix,Practice 1,Guanyu Zhou,Alfa Romeo,,30.67283950617284,54.32962962962963,30.40740740740741,0.7790123456790122,24,G ZHOU,ZHO,zhou,b12039,alfa,Guanyu,Zhou,https://www.formula1.com/content/dam/fom-website/drivers/G/GUAZHO01_Guanyu_Zhou/guazho01.png.transform/1col/image.png,CHN,,,,,,,,,
2022,Monaco Grand Prix,Practice 1,Esteban Ocon,Alpine,,30.67283950617284,54.32962962962963,30.40740740740741,0.7790123456790122,31,E OCON,OCO,ocon,2293d1,alpine,Esteban,Ocon,https://www.formula1.com/content/dam/fom-website/drivers/E/ESTOCO01_Esteban_Ocon/estoco01.png.transform/1col/image.png,FRA,,,,,,,,,
2022,Monaco Grand Prix,Practice 1,Lewis Hamilton,Mercedes,,30.67283950617284,54.32962962962963,30.40740740740741,0.7790123456790122,44,L HAMILTON,HAM,hamilton,6cd3bf,mercedes,Lewis,Hamilton,https://www.formula1.com/content/dam/fom-website/drivers/L/LEWHAM01_Lewis_Hamilton/lewham01.png.transform/1col/image.png,GBR,,,,,,,,,
2022,Monaco Grand Prix,Practice 1,Mick Schumacher,Haas F1 Team,,30.67283950617284,54.32962962962963,30.40740740740741,0.7790123456790122,47,M SCHUMACHER,MSC,mick_schumacher,b6babd,haas,Mick,Schumacher,https://www.formula1.com/content/dam/fom-website/drivers/M/MICSCH02_Mick_Schumacher/micsch02.png.transform/1col/image.png,GER,,,,,,,,,
2022,Monaco Grand Prix,Practice 1,Carlos Sainz,Ferrari,,30.67283950617284,54.32962962962963,30.40740740740741,0.7790123456790122,55,C SAINZ,SAI,sainz,ed1c24,ferrari,Carlos,Sainz,https://www.formula1.com/content/dam/fom-website/drivers/C/CARSAI01_Carlos_Sainz/carsai01.png.transform/1col/image.png,ESP,,,,,,,,,
2022,Monaco Grand Prix,Practice 1,George Russell,Mercedes,,30.67283950617284,54.32962962962963,30.40740740740741,0.7790123456790122,63,G RUSSELL,RUS,russell,6cd3bf,mercedes,George,Russell,https://www.formula1.com/content/dam/fom-website/drivers/G/GEORUS01_George_Russell/georus01.png.transform/1col/image.png,GBR,,,,,,,,,
2022,Monaco Grand Prix,Practice 1,Valtteri Bottas,Alfa Romeo,,30.67283950617284,54.32962962962963,30.40740740740741,0.7790123456790122,77,V BOTTAS,BOT,bottas,b12039,alfa,Valtteri,Bottas,https://www.formula1.com/content/dam/fom-website/drivers/V/VALBOT01_Valtteri_Bottas/valbot01.png.transform/1col/image.png,FIN,,,,,,,,,
2022,Monaco Grand Prix,Practice 2,Max Verstappen,Red Bull Racing,,30.62650602409638,50.11927710843373,28.481927710843372,1.0337349397590363,1,M VERSTAPPEN,VER,max_verstappen,1e5bc6,red_bull,Max,Verstappen,https://www.formula1.com/content/dam/fom-website/drivers/M/MAXVER01_Max_Verstappen/maxver01.png.transform/1col/image.png,NED,,,,,,,,,
2022,Monaco Grand Prix,Practice 2,Daniel Ricciardo,McLaren,,30.62650602409638,50.11927710843373,28.481927710843372,1.0337349397590363,3,D RICCIARDO,RIC,ricciardo,f58020,mclaren,Daniel,Ricciardo,https://www.formula1.com/content/dam/fom-website/drivers/D/DANRIC01_Daniel_Ricciardo/danric01.png.transform/1col/image.png,AUS,,,,,,,,,
2022,Monaco Grand Prix,Practice 2,Lando Norris,McLaren,,30.62650602409638,50.11927710843373,28.481927710843372,1.0337349397590363,4,L NORRIS,NOR,norris,f58020,mclaren,Lando,Norris,https://www.formula1.com/content/dam/fom-website/drivers/L/LANNOR01_Lando_Norris/lannor01.png.transform/1col/image.png,GBR,,,,,,,,,
2022,Monaco Grand Prix,Practice 2,Sebastian Vettel,Aston Martin,,30.62650602409638,50.11927710843373,28.481927710843372,1.0337349397590363,5,S VETTEL,VET,vettel,2d826d,aston_martin,Sebastian,Vettel,https://www.formula1.com/content/dam/fom-website/drivers/S/SEBVET01_Sebastian_Vettel/sebvet01.png.transform/1col/image.png,GER,,,,,,,,,
2022,Monaco Grand Prix,Practice 2,Nicholas Latifi,Williams,,30.62650602409638,50.11927710843373,28.481927710843372,1.0337349397590363,6,N LATIFI,LAT,latifi,37bedd,williams,Nicholas,Latifi,https://www.formula1.com/content/dam/fom-website/drivers/N/NICLAF01_Nicholas_Latifi/niclaf01.png.transform/1col/image.png,CAN,,,,,,,,,
2022,Monaco Grand Prix,Practice 2,Pierre Gasly,AlphaTauri,,30.62650602409638,50.11927710843373,28.481927710843372,1.0337349397590363,10,P GASLY,GAS,gasly,4e7c9b,alphatauri,Pierre,Gasly,https://www.formula1.com/content/dam/fom-website/drivers/P/PIEGAS01_Pierre_Gasly/piegas01.png.transform/1col/image.png,FRA,,,,,,,,,
2022,Monaco Grand Prix,Practice 2,Sergio Perez,Red Bull Racing,,30.62650602409638,50.11927710843373,28.481927710843372,1.0337349397590363,11,S PEREZ,PER,perez,1e5bc6,red_bull,Sergio,Perez,https://www.formula1.com/content/dam/fom-website/drivers/S/SERPER01_Sergio_Perez/serper01.png.transform/1col/image.png,MEX,,,,,,,,,
2022,Monaco Grand Prix,Practice 2,Fernando Alonso,Alpine,,30.62650602409638,50.11927710843373,28.481927710843372,1.0337349397590363,14,F ALONSO,ALO,alonso,2293d1,alpine,Fernando,Alonso,https://www.formula1.com/content/dam/fom-website/drivers/F/FERALO01_Fernando_Alonso/feralo01.png.transform/1col/image.png,ESP,,,,,,,,,
2022,Monaco Grand Prix,Practice 2,Charles Leclerc,Ferrari,,30.62650602409638,50.11927710843373,28.481927710843372,1.0337349397590363,16,C LECLERC,LEC,leclerc,ed1c24,ferrari,Charles,Leclerc,https://www.formula1.com/content/dam/fom-website/drivers/C/CHALEC01_Charles_Leclerc/chalec01.png.transform/1col/image.png,MON,,,,,,,,,
2022,Monaco Grand Prix,Practice 2,Lance Stroll,Aston Martin,,30.62650602409638,50.11927710843373,28.481927710843372,1.0337349397590363,18,L STROLL,STR,stroll,2d826d,aston_martin,Lance,Stroll,https://www.formula1.com/content/dam/fom-website/drivers/L/LANSTR01_Lance_Stroll/lanstr01.png.transform/1col/image.png,CAN,,,,,,,,,
2022,Monaco Grand Prix,Practice 2,Kevin Magnussen,Haas F1 Team,,30.62650602409638,50.11927710843373,28.481927710843372,1.0337349397590363,20,K MAGNUSSEN,MAG,kevin_magnussen,b6babd,haas,Kevin,Magnussen,None,DEN,,,,,,,,,
2022,Monaco Grand Prix,Practice 2,Yuki Tsunoda,AlphaTauri,,30.62650602409638,50.11927710843373,28.481927710843372,1.0337349397590363,22,Y TSUNODA,TSU,tsunoda,4e7c9b,alphatauri,Yuki,Tsunoda,https://www.formula1.com/content/dam/fom-website/drivers/Y/YUKTSU01_Yuki_Tsunoda/yuktsu01.png.transform/1col/image.png,JPN,,,,,,,,,
2022,Monaco Grand Prix,Practice 2,Alexander Albon,Williams,,30.62650602409638,50.11927710843373,28.481927710843372,1.0337349397590363,23,A ALBON,ALB,albon,37bedd,williams,Alexander,Albon,https://www.formula1.com/content/dam/fom-website/drivers/A/ALEALB01_Alexander_Albon/alealb01.png.transform/1col/image.png,THA,,,,,,,,,
2022,Monaco Grand Prix,Practice 2,Guanyu Zhou,Alfa Romeo,,30.62650602409638,50.11927710843373,28.481927710843372,1.0337349397590363,24,G ZHOU,ZHO,zhou,b12039,alfa,Guanyu,Zhou,https://www.formula1.com/content/dam/fom-website/drivers/G/GUAZHO01_Guanyu_Zhou/guazho01.png.transform/1col/image.png,CHN,,,,,,,,,
2022,Monaco Grand Prix,Practice 2,Esteban Ocon,Alpine,,30.62650602409638,50.11927710843373,28.481927710843372,1.0337349397590363,31,E OCON,OCO,ocon,2293d1,alpine,Esteban,Ocon,https://www.formula1.com/content/dam/fom-website/drivers/E/ESTOCO01_Esteban_Ocon/estoco01.png.transform/1col/image.png,FRA,,,,,,,,,
2022,Monaco Grand Prix,Practice 2,Lewis Hamilton,Mercedes,,30.62650602409638,50.11927710843373,28.481927710843372,1.0337349397590363,44,L HAMILTON,HAM,hamilton,6cd3bf,mercedes,Lewis,Hamilton,https://www.formula1.com/content/dam/fom-website/drivers/L/LEWHAM01_Lewis_Hamilton/lewham01.png.transform/1col/image.png,GBR,,,,,,,,,
2022,Monaco Grand Prix,Practice 2,Mick Schumacher,Haas F1 Team,,30.62650602409638,50.11927710843373,28.481927710843372,1.0337349397590363,47,M SCHUMACHER,MSC,mick_schumacher,b6babd,haas,Mick,Schumacher,https://www.formula1.com/content/dam/fom-website/drivers/M/MICSCH02_Mick_Schumacher/micsch02.png.transform/1col/image.png,GER,,,,,,,,,
2022,Monaco Grand Prix,Practice 2,Carlos Sainz,Ferrari,,30.62650602409638,50.11927710843373,28.481927710843372,1.0337349397590363,55,C SAINZ,SAI,sainz,ed1c24,ferrari,Carlos,Sainz,https://www.formula1.com/content/dam/fom-website/drivers/C/CARSAI01_Carlos_Sainz/carsai01.png.transform/1col/image.png,ESP,,,,,,,,,
2022,Monaco Grand Prix,Practice 2,George Russell,Mercedes,,30.62650602409638,50.11927710843373,28.481927710843372,1.0337349397590363,63,G RUSSELL,RUS,russell,6cd3bf,mercedes,George,Russell,https://www.formula1.com/content/dam/fom-website/drivers/G/GEORUS01_George_Russell/georus01.png.transform/1col/image.png,GBR,,,,,,,,,
2022,Monaco Grand Prix,Practice 2,Valtteri Bottas,Alfa Romeo,,30.62650602409638,50.11927710843373,28.481927710843372,1.0337349397590363,77,V BOTTAS,BOT,bottas,b12039,alfa,Valtteri,Bottas,https://www.formula1.com/content/dam/fom-website/drivers/V/VALBOT01_Valtteri_Bottas/valbot01.png.transform/1col/image.png,FIN,,,,,,,,,
2022,Monaco Grand Prix,Practice 3,Max Verstappen,Red Bull Racing,,27.16875,51.315,47.8375,0.74375,1,M VERSTAPPEN,VER,max_verstappen,1e5bc6,red_bull,Max,Verstappen,https://www.formula1.com/content/dam/fom-website/drivers/M/MAXVER01_Max_Verstappen/maxver01.png.transform/1col/image.png,NED,,,,,,,,,
2022,Monaco Grand Prix,Practice 3,Daniel Ricciardo,McLaren,,27.16875,51.315,47.8375,0.74375,3,D RICCIARDO,RIC,ricciardo,f58020,mclaren,Daniel,Ricciardo,https://www.formula1.com/content/dam/fom-website/drivers/D/DANRIC01_Daniel_Ricciardo/danric01.png.transform/1col/image.png,AUS,,,,,,,,,
2022,Monaco Grand Prix,Practice 3,Lando Norris,McLaren,,27.16875,51.315,47.8375,0.74375,4,L NORRIS,NOR,norris,f58020,mclaren,Lando,Norris,https://www.formula1.com/content/dam/fom-website/drivers/L/LANNOR01_Lando_Norris/lannor01.png.transform/1col/image.png,GBR,,,,,,,,,
2022,Monaco Grand Prix,Practice 3,Sebastian Vettel,Aston Martin,,27.16875,51.315,47.8375,0.74375,5,S VETTEL,VET,vettel,2d826d,aston_martin,Sebastian,Vettel,https://www.formula1.com/content/dam/fom-website/drivers/S/SEBVET01_Sebastian_Vettel/sebvet01.png.transform/1col/image.png,GER,,,,,,,,,
2022,Monaco Grand Prix,Practice 3,Nicholas Latifi,Williams,,27.16875,51.315,47.8375,0.74375,6,N LATIFI,LAT,latifi,37bedd,williams,Nicholas,Latifi,https://www.formula1.com/content/dam/fom-website/drivers/N/NICLAF01_Nicholas_Latifi/niclaf01.png.transform/1col/image.png,CAN,,,,,,,,,
2022,Monaco Grand Prix,Practice 3,Pierre Gasly,AlphaTauri,,27.16875,51.315,47.8375,0.74375,10,P GASLY,GAS,gasly,4e7c9b,alphatauri,Pierre,Gasly,https://www.formula1.com/content/dam/fom-website/drivers/P/PIEGAS01_Pierre_Gasly/piegas01.png.transform/1col/image.png,FRA,,,,,,,,,
2022,Monaco Grand Prix,Practice 3,Sergio Perez,Red Bull Racing,,27.16875,51.315,47.8375,0.74375,11,S PEREZ,PER,perez,1e5bc6,red_bull,Sergio,Perez,https://www.formula1.com/content/dam/fom-website/drivers/S/SERPER01_Sergio_Perez/serper01.png.transform/1col/image.png,MEX,,,,,,,,,
2022,Monaco Grand Prix,Practice 3,Fernando Alonso,Alpine,,27.16875,51.315,47.8375,0.74375,14,F ALONSO,ALO,alonso,2293d1,alpine,Fernando,Alonso,https://www.formula1.com/content/dam/fom-website/drivers/F/FERALO01_Fernando_Alonso/feralo01.png.transform/1col/image.png,ESP,,,,,,,,,
2022,Monaco Grand Prix,Practice 3,Charles Leclerc,Ferrari,,27.16875,51.315,47.8375,0.74375,16,C LECLERC,LEC,leclerc,ed1c24,ferrari,Charles,Leclerc,https://www.formula1.com/content/dam/fom-website/drivers/C/CHALEC01_Charles_Leclerc/chalec01.png.transform/1col/image.png,MON,,,,,,,,,
2022,Monaco Grand Prix,Practice 3,Lance Stroll,Aston Martin,,27.16875,51.315,47.8375,0.74375,18,L STROLL,STR,stroll,2d826d,aston_martin,Lance,Stroll,https://www.formula1.com/content/dam/fom-website/drivers/L/LANSTR01_Lance_Stroll/lanstr01.png.transform/1col/image.png,CAN,,,,,,,,,
2022,Monaco Grand Prix,Practice 3,Kevin Magnussen,Haas F1 Team,,27.16875,51.315,47.8375,0.74375,20,K MAGNUSSEN,MAG,kevin_magnussen,b6babd,haas,Kevin,Magnussen,None,DEN,,,,,,,,,
2022,Monaco Grand Prix,Practice 3,Yuki Tsunoda,AlphaTauri,,27.16875,51.315,47.8375,0.74375,22,Y TSUNODA,TSU,tsunoda,4e7c9b,alphatauri,Yuki,Tsunoda,https://www.formula1.com/content/dam/fom-website/drivers/Y/YUKTSU01_Yuki_Tsunoda/yuktsu01.png.transform/1col/image.png,JPN,,,,,,,,,
2022,Monaco Grand Prix,Practice 3,Alexander Albon,Williams,,27.16875,51.315,47.8375,0.74375,23,A ALBON,ALB,albon,37bedd,williams,Alexander,Albon,https://www.formula1.com/content/dam/fom-website/drivers/A/ALEALB01_Alexander_Albon/alealb01.png.transform/1col/image.png,THA,,,,,,,,,
2022,Monaco Grand Prix,Practice 3,Guanyu Zhou,Alfa Romeo,,27.16875,51.315,47.8375,0.74375,24,G ZHOU,ZHO,zhou,b12039,alfa,Guanyu,Zhou,https://www.formula1.com/content/dam/fom-website/drivers/G/GUAZHO01_Guanyu_Zhou/guazho01.png.transform/1col/image.png,CHN,,,,,,,,,
2022,Monaco Grand Prix,Practice 3,Esteban Ocon,Alpine,,27.16875,51.315,47.8375,0.74375,31,E OCON,OCO,ocon,2293d1,alpine,Esteban,Ocon,https://www.formula1.com/content/dam/fom-website/drivers/E/ESTOCO01_Esteban_Ocon/estoco01.png.transform/1col/image.png,FRA,,,,,,,,,
2022,Monaco Grand Prix,Practice 3,Lewis Hamilton,Mercedes,,27.16875,51.315,47.8375,0.74375,44,L HAMILTON,HAM,hamilton,6cd3bf,mercedes,Lewis,Hamilton,https://www.formula1.com/content/dam/fom-website/drivers/L/LEWHAM01_Lewis_Hamilton/lewham01.png.transform/1col/image.png,GBR,,,,,,,,,
2022,Monaco Grand Prix,Practice 3,Mick Schumacher,Haas F1 Team,,27.16875,51.315,47.8375,0.74375,47,M SCHUMACHER,MSC,mick_schumacher,b6babd,haas,Mick,Schumacher,https://www.formula1.com/content/dam/fom-website/drivers/M/MICSCH02_Mick_Schumacher/micsch02.png.transform/1col/image.png,GER,,,,,,,,,
2022,Monaco Grand Prix,Practice 3,Carlos Sainz,Ferrari,,27.16875,51.315,47.8375,0.74375,55,C SAINZ,SAI,sainz,ed1c24,ferrari,Carlos,Sainz,https://www.formula1.com/content/dam/fom-website/drivers/C/CARSAI01_Carlos_Sainz/carsai01.png.transform/1col/image.png,ESP,,,,,,,,,
2022,Monaco Grand Prix,Practice 3,George Russell,Mercedes,,27.16875,51.315,47.8375,0.74375,63,G RUSSELL,RUS,russell,6cd3bf,mercedes,George,Russell,https://www.formula1.com/content/dam/fom-website/drivers/G/GEORUS01_George_Russell/georus01.png.transform/1col/image.png,GBR,,,,,,,,,
2022,Monaco Grand Prix,Practice 3,Valtteri Bottas,Alfa Romeo,,27.16875,51.315,47.8375,0.74375,77,V BOTTAS,BOT,bottas,b12039,alfa,Valtteri,Bottas,https://www.formula1.com/content/dam/fom-website/drivers/V/VALBOT01_Valtteri_Bottas/valbot01.png.transform/1col/image.png,FIN,,,,,,,,,
2022,Azerbaijan Grand Prix,Race,Max Verstappen,Red Bull Racing,1.0,25.435403726708078,47.14968944099379,59.49068322981366,1.529192546583851,1,M VERSTAPPEN,VER,max_verstappen,1e5bc6,red_bull,Max,Verstappen,https://www.formula1.com/content/dam/fom-website/drivers/M/MAXVER01_Max_Verstappen/maxver01.png.transform/1col/image.png,NED,1,3.0,,,,0 days 01:34:05.941000,Finished,25.0,51.0
2022,Azerbaijan Grand Prix,Race,Sergio Perez,Red Bull Racing,2.0,25.435403726708078,47.14968944099379,59.49068322981366,1.529192546583851,11,S PEREZ,PER,perez,1e5bc6,red_bull,Sergio,Perez,https://www.formula1.com/content/dam/fom-website/drivers/S/SERPER01_Sergio_Perez/serper01.png.transform/1col/image.png,MEX,2,2.0,,,,0 days 00:00:20.823000,Finished,19.0,51.0
2022,Azerbaijan Grand Prix,Race,George Russell,Mercedes,3.0,25.435403726708078,47.14968944099379,59.49068322981366,1.529192546583851,63,G RUSSELL,RUS,russell,6cd3bf,mercedes,George,Russell,https://www.formula1.com/content/dam/fom-website/drivers/G/GEORUS01_George_Russell/georus01.png.transform/1col/image.png,GBR,3,5.0,,,,0 days 00:00:45.995000,Finished,15.0,51.0
2022,Azerbaijan Grand Prix,Race,Lewis Hamilton,Mercedes,4.0,25.435403726708078,47.14968944099379,59.49068322981366,1.529192546583851,44,L HAMILTON,HAM,hamilton,6cd3bf,mercedes,Lewis,Hamilton,https://www.formula1.com/content/dam/fom-website/drivers/L/LEWHAM01_Lewis_Hamilton/lewham01.png.transform/1col/image.png,GBR,4,7.0,,,,0 days 00:01:11.679000,Finished,12.0,51.0
2022,Azerbaijan Grand Prix,Race,Pierre Gasly,AlphaTauri,5.0,25.435403726708078,47.14968944099379,59.49068322981366,1.529192546583851,10,P GASLY,GAS,gasly,4e7c9b,alphatauri,Pierre,Gasly,https://www.formula1.com/content/dam/fom-website/drivers/P/PIEGAS01_Pierre_Gasly/piegas01.png.transform/1col/image.png,FRA,5,6.0,,,,0 days 00:01:17.299000,Finished,10.0,51.0
2022,Azerbaijan Grand Prix,Race,Sebastian Vettel,Aston Martin,6.0,25.435403726708078,47.14968944099379,59.49068322981366,1.529192546583851,5,S VETTEL,VET,vettel,2d826d,aston_martin,Sebastian,Vettel,https://www.formula1.com/content/dam/fom-website/drivers/S/SEBVET01_Sebastian_Vettel/sebvet01.png.transform/1col/image.png,GER,6,9.0,,,,0 days 00:01:24.099000,Finished,8.0,51.0
2022,Azerbaijan Grand Prix,Race,Fernando Alonso,Alpine,7.0,25.435403726708078,47.14968944099379,59.49068322981366,1.529192546583851,14,F ALONSO,ALO,alonso,2293d1,alpine,Fernando,Alonso,https://www.formula1.com/content/dam/fom-website/drivers/F/FERALO01_Fernando_Alonso/feralo01.png.transform/1col/image.png,ESP,7,10.0,,,,0 days 00:01:28.596000,Finished,6.0,51.0
2022,Azerbaijan Grand Prix,Race,Daniel Ricciardo,McLaren,8.0,25.435403726708078,47.14968944099379,59.49068322981366,1.529192546583851,3,D RICCIARDO,RIC,ricciardo,f58020,mclaren,Daniel,Ricciardo,https://www.formula1.com/content/dam/fom-website/drivers/D/DANRIC01_Daniel_Ricciardo/danric01.png.transform/1col/image.png,AUS,8,12.0,,,,0 days 00:01:32.207000,Finished,4.0,51.0
2022,Azerbaijan Grand Prix,Race,Lando Norris,McLaren,9.0,25.435403726708078,47.14968944099379,59.49068322981366,1.529192546583851,4,L NORRIS,NOR,norris,f58020,mclaren,Lando,Norris,https://www.formula1.com/content/dam/fom-website/drivers/L/LANNOR01_Lando_Norris/lannor01.png.transform/1col/image.png,GBR,9,11.0,,,,0 days 00:01:32.556000,Finished,2.0,51.0
2022,Azerbaijan Grand Prix,Race,Esteban Ocon,Alpine,10.0,25.435403726708078,47.14968944099379,59.49068322981366,1.529192546583851,31,E OCON,OCO,ocon,2293d1,alpine,Esteban,Ocon,https://www.formula1.com/content/dam/fom-website/drivers/E/ESTOCO01_Esteban_Ocon/estoco01.png.transform/1col/image.png,FRA,10,13.0,,,,0 days 00:01:48.184000,Finished,1.0,51.0
2022,Azerbaijan Grand Prix,Race,Valtteri Bottas,Alfa Romeo,11.0,25.435403726708078,47.14968944099379,59.49068322981366,1.529192546583851,77,V BOTTAS,BOT,bottas,b12039,alfa,Valtteri,Bottas,https://www.formula1.com/content/dam/fom-website/drivers/V/VALBOT01_Valtteri_Bottas/valbot01.png.transform/1col/image.png,FIN,11,15.0,,,,,+1 Lap,0.0,50.0
2022,Azerbaijan Grand Prix,Race,Alexander Albon,Williams,12.0,25.435403726708078,47.14968944099379,59.49068322981366,1.529192546583851,23,A ALBON,ALB,albon,37bedd,williams,Alexander,Albon,https://www.formula1.com/content/dam/fom-website/drivers/A/ALEALB01_Alexander_Albon/alealb01.png.transform/1col/image.png,THA,12,17.0,,,,,+1 Lap,0.0,50.0
2022,Azerbaijan Grand Prix,Race,Yuki Tsunoda,AlphaTauri,13.0,25.435403726708078,47.14968944099379,59.49068322981366,1.529192546583851,22,Y TSUNODA,TSU,tsunoda,4e7c9b,alphatauri,Yuki,Tsunoda,https://www.formula1.com/content/dam/fom-website/drivers/Y/YUKTSU01_Yuki_Tsunoda/yuktsu01.png.transform/1col/image.png,JPN,13,8.0,,,,,+1 Lap,0.0,50.0
2022,Azerbaijan Grand Prix,Race,Mick Schumacher,Haas F1 Team,14.0,25.435403726708078,47.14968944099379,59.49068322981366,1.529192546583851,47,M SCHUMACHER,MSC,mick_schumacher,b6babd,haas,Mick,Schumacher,https://www.formula1.com/content/dam/fom-website/drivers/M/MICSCH02_Mick_Schumacher/micsch02.png.transform/1col/image.png,GER,14,20.0,,,,,+1 Lap,0.0,50.0
2022,Azerbaijan Grand Prix,Race,Nicholas Latifi,Williams,15.0,25.435403726708078,47.14968944099379,59.49068322981366,1.529192546583851,6,N LATIFI,LAT,latifi,37bedd,williams,Nicholas,Latifi,https://www.formula1.com/content/dam/fom-website/drivers/N/NICLAF01_Nicholas_Latifi/niclaf01.png.transform/1col/image.png,CAN,15,18.0,,,,,+1 Lap,0.0,50.0
2022,Azerbaijan Grand Prix,Race,Lance Stroll,Aston Martin,16.0,25.435403726708078,47.14968944099379,59.49068322981366,1.529192546583851,18,L STROLL,STR,stroll,2d826d,aston_martin,Lance,Stroll,https://www.formula1.com/content/dam/fom-website/drivers/L/LANSTR01_Lance_Stroll/lanstr01.png.transform/1col/image.png,CAN,16,19.0,,,,,Vibrations,0.0,46.0
2022,Azerbaijan Grand Prix,Race,Kevin Magnussen,Haas F1 Team,17.0,25.435403726708078,47.14968944099379,59.49068322981366,1.529192546583851,20,K MAGNUSSEN,MAG,kevin_magnussen,b6babd,haas,Kevin,Magnussen,None,DEN,R,16.0,,,,,Power Unit,0.0,31.0
2022,Azerbaijan Grand Prix,Race,Guanyu Zhou,Alfa Romeo,18.0,25.435403726708078,47.14968944099379,59.49068322981366,1.529192546583851,24,G ZHOU,ZHO,zhou,b12039,alfa,Guanyu,Zhou,https://www.formula1.com/content/dam/fom-website/drivers/G/GUAZHO01_Guanyu_Zhou/guazho01.png.transform/1col/image.png,CHN,R,14.0,,,,,Hydraulics,0.0,23.0
2022,Azerbaijan Grand Prix,Race,Charles Leclerc,Ferrari,19.0,25.435403726708078,47.14968944099379,59.49068322981366,1.529192546583851,16,C LECLERC,LEC,leclerc,ed1c24,ferrari,Charles,Leclerc,https://www.formula1.com/content/dam/fom-website/drivers/C/CHALEC01_Charles_Leclerc/chalec01.png.transform/1col/image.png,MON,R,1.0,,,,,Power Unit,0.0,21.0
2022,Azerbaijan Grand Prix,Race,Carlos Sainz,Ferrari,20.0,25.435403726708078,47.14968944099379,59.49068322981366,1.529192546583851,55,C SAINZ,SAI,sainz,ed1c24,ferrari,Carlos,Sainz,https://www.formula1.com/content/dam/fom-website/drivers/C/CARSAI01_Carlos_Sainz/carsai01.png.transform/1col/image.png,ESP,R,4.0,,,,,Hydraulics,0.0,8.0
2022,Azerbaijan Grand Prix,Qualifying,Charles Leclerc,Ferrari,1.0,24.82477876106195,35.17522123893806,68.23893805309734,0.8424778761061946,16,C LECLERC,LEC,leclerc,ed1c24,ferrari,Charles,Leclerc,https://www.formula1.com/content/dam/fom-website/drivers/C/CHALEC01_Charles_Leclerc/chalec01.png.transform/1col/image.png,MON,,,0 days 00:01:42.865000,0 days 00:01:42.046000,0 days 00:01:41.359000,,,,
2022,Azerbaijan Grand Prix,Qualifying,Sergio Perez,Red Bull Racing,2.0,24.82477876106195,35.17522123893806,68.23893805309734,0.8424778761061946,11,S PEREZ,PER,perez,1e5bc6,red_bull,Sergio,Perez,https://www.formula1.com/content/dam/fom-website/drivers/S/SERPER01_Sergio_Perez/serper01.png.transform/1col/image.png,MEX,,,0 days 00:01:42.733000,0 days 00:01:41.955000,0 days 00:01:41.641000,,,,
2022,Azerbaijan Grand Prix,Qualifying,Max Verstappen,Red Bull Racing,3.0,24.82477876106195,35.17522123893806,68.23893805309734,0.8424778761061946,1,M VERSTAPPEN,VER,max_verstappen,1e5bc6,red_bull,Max,Verstappen,https://www.formula1.com/content/dam/fom-website/drivers/M/MAXVER01_Max_Verstappen/maxver01.png.transform/1col/image.png,NED,,,0 days 00:01:42.722000,0 days 00:01:42.227000,0 days 00:01:41.706000,,,,
2022,Azerbaijan Grand Prix,Qualifying,Carlos Sainz,Ferrari,4.0,24.82477876106195,35.17522123893806,68.23893805309734,0.8424778761061946,55,C SAINZ,SAI,sainz,ed1c24,ferrari,Carlos,Sainz,https://www.formula1.com/content/dam/fom-website/drivers/C/CARSAI01_Carlos_Sainz/carsai01.png.transform/1col/image.png,ESP,,,0 days 00:01:42.957000,0 days 00:01:42.088000,0 days 00:01:41.814000,,,,
2022,Azerbaijan Grand Prix,Qualifying,George Russell,Mercedes,5.0,24.82477876106195,35.17522123893806,68.23893805309734,0.8424778761061946,63,G RUSSELL,RUS,russell,6cd3bf,mercedes,George,Russell,https://www.formula1.com/content/dam/fom-website/drivers/G/GEORUS01_George_Russell/georus01.png.transform/1col/image.png,GBR,,,0 days 00:01:43.754000,0 days 00:01:43.281000,0 days 00:01:42.712000,,,,
2022,Azerbaijan Grand Prix,Qualifying,Pierre Gasly,AlphaTauri,6.0,24.82477876106195,35.17522123893806,68.23893805309734,0.8424778761061946,10,P GASLY,GAS,gasly,4e7c9b,alphatauri,Pierre,Gasly,https://www.formula1.com/content/dam/fom-website/drivers/P/PIEGAS01_Pierre_Gasly/piegas01.png.transform/1col/image.png,FRA,,,0 days 00:01:43.268000,0 days 00:01:43.129000,0 days 00:01:42.845000,,,,
2022,Azerbaijan Grand Prix,Qualifying,Lewis Hamilton,Mercedes,7.0,24.82477876106195,35.17522123893806,68.23893805309734,0.8424778761061946,44,L HAMILTON,HAM,hamilton,6cd3bf,mercedes,Lewis,Hamilton,https://www.formula1.com/content/dam/fom-website/drivers/L/LEWHAM01_Lewis_Hamilton/lewham01.png.transform/1col/image.png,GBR,,,0 days 00:01:43.939000,0 days 00:01:43.182000,0 days 00:01:42.924000,,,,
2022,Azerbaijan Grand Prix,Qualifying,Yuki Tsunoda,AlphaTauri,8.0,24.82477876106195,35.17522123893806,68.23893805309734,0.8424778761061946,22,Y TSUNODA,TSU,tsunoda,4e7c9b,alphatauri,Yuki,Tsunoda,https://www.formula1.com/content/dam/fom-website/drivers/Y/YUKTSU01_Yuki_Tsunoda/yuktsu01.png.transform/1col/image.png,JPN,,,0 days 00:01:43.595000,0 days 00:01:43.376000,0 days 00:01:43.056000,,,,
2022,Azerbaijan Grand Prix,Qualifying,Sebastian Vettel,Aston Martin,9.0,24.82477876106195,35.17522123893806,68.23893805309734,0.8424778761061946,5,S VETTEL,VET,vettel,2d826d,aston_martin,Sebastian,Vettel,https://www.formula1.com/content/dam/fom-website/drivers/S/SEBVET01_Sebastian_Vettel/sebvet01.png.transform/1col/image.png,GER,,,0 days 00:01:43.279000,0 days 00:01:43.268000,0 days 00:01:43.091000,,,,
2022,Azerbaijan Grand Prix,Qualifying,Fernando Alonso,Alpine,10.0,24.82477876106195,35.17522123893806,68.23893805309734,0.8424778761061946,14,F ALONSO,ALO,alonso,2293d1,alpine,Fernando,Alonso,https://www.formula1.com/content/dam/fom-website/drivers/F/FERALO01_Fernando_Alonso/feralo01.png.transform/1col/image.png,ESP,,,0 days 00:01:44.083000,0 days 00:01:43.360000,0 days 00:01:43.173000,,,,
2022,Azerbaijan Grand Prix,Qualifying,Lando Norris,McLaren,11.0,24.82477876106195,35.17522123893806,68.23893805309734,0.8424778761061946,4,L NORRIS,NOR,norris,f58020,mclaren,Lando,Norris,https://www.formula1.com/content/dam/fom-website/drivers/L/LANNOR01_Lando_Norris/lannor01.png.transform/1col/image.png,GBR,,,0 days 00:01:44.237000,0 days 00:01:43.398000,,,,,
2022,Azerbaijan Grand Prix,Qualifying,Daniel Ricciardo,McLaren,12.0,24.82477876106195,35.17522123893806,68.23893805309734,0.8424778761061946,3,D RICCIARDO,RIC,ricciardo,f58020,mclaren,Daniel,Ricciardo,https://www.formula1.com/content/dam/fom-website/drivers/D/DANRIC01_Daniel_Ricciardo/danric01.png.transform/1col/image.png,AUS,,,0 days 00:01:44.437000,0 days 00:01:43.574000,,,,,
2022,Azerbaijan Grand Prix,Qualifying,Esteban Ocon,Alpine,13.0,24.82477876106195,35.17522123893806,68.23893805309734,0.8424778761061946,31,E OCON,OCO,ocon,2293d1,alpine,Esteban,Ocon,https://www.formula1.com/content/dam/fom-website/drivers/E/ESTOCO01_Esteban_Ocon/estoco01.png.transform/1col/image.png,FRA,,,0 days 00:01:43.903000,0 days 00:01:43.585000,,,,,
2022,Azerbaijan Grand Prix,Qualifying,Guanyu Zhou,Alfa Romeo,14.0,24.82477876106195,35.17522123893806,68.23893805309734,0.8424778761061946,24,G ZHOU,ZHO,zhou,b12039,alfa,Guanyu,Zhou,https://www.formula1.com/content/dam/fom-website/drivers/G/GUAZHO01_Guanyu_Zhou/guazho01.png.transform/1col/image.png,CHN,,,0 days 00:01:43.777000,0 days 00:01:43.790000,,,,,
2022,Azerbaijan Grand Prix,Qualifying,Valtteri Bottas,Alfa Romeo,15.0,24.82477876106195,35.17522123893806,68.23893805309734,0.8424778761061946,77,V BOTTAS,BOT,bottas,b12039,alfa,Valtteri,Bottas,https://www.formula1.com/content/dam/fom-website/drivers/V/VALBOT01_Valtteri_Bottas/valbot01.png.transform/1col/image.png,FIN,,,0 days 00:01:44.478000,0 days 00:01:44.444000,,,,,
2022,Azerbaijan Grand Prix,Qualifying,Kevin Magnussen,Haas F1 Team,16.0,24.82477876106195,35.17522123893806,68.23893805309734,0.8424778761061946,20,K MAGNUSSEN,MAG,kevin_magnussen,b6babd,haas,Kevin,Magnussen,None,DEN,,,0 days 00:01:44.643000,,,,,,
2022,Azerbaijan Grand Prix,Qualifying,Alexander Albon,Williams,17.0,24.82477876106195,35.17522123893806,68.23893805309734,0.8424778761061946,23,A ALBON,ALB,albon,37bedd,williams,Alexander,Albon,https://www.formula1.com/content/dam/fom-website/drivers/A/ALEALB01_Alexander_Albon/alealb01.png.transform/1col/image.png,THA,,,0 days 00:01:44.719000,,,,,,
2022,Azerbaijan Grand Prix,Qualifying,Nicholas Latifi,Williams,18.0,24.82477876106195,35.17522123893806,68.23893805309734,0.8424778761061946,6,N LATIFI,LAT,latifi,37bedd,williams,Nicholas,Latifi,https://www.formula1.com/content/dam/fom-website/drivers/N/NICLAF01_Nicholas_Latifi/niclaf01.png.transform/1col/image.png,CAN,,,0 days 00:01:45.367000,,,,,,
2022,Azerbaijan Grand Prix,Qualifying,Lance Stroll,Aston Martin,19.0,24.82477876106195,35.17522123893806,68.23893805309734,0.8424778761061946,18,L STROLL,STR,stroll,2d826d,aston_martin,Lance,Stroll,https://www.formula1.com/content/dam/fom-website/drivers/L/LANSTR01_Lance_Stroll/lanstr01.png.transform/1col/image.png,CAN,,,0 days 00:01:45.371000,,,,,,
2022,Azerbaijan Grand Prix,Qualifying,Mick Schumacher,Haas F1 Team,20.0,24.82477876106195,35.17522123893806,68.23893805309734,0.8424778761061946,47,M SCHUMACHER,MSC,mick_schumacher,b6babd,haas,Mick,Schumacher,https://www.formula1.com/content/dam/fom-website/drivers/M/MICSCH02_Mick_Schumacher/micsch02.png.transform/1col/image.png,GER,,,0 days 00:01:45.775000,,,,,,
2022,Azerbaijan Grand Prix,Practice 1,Max Verstappen,Red Bull Racing,,25.88795180722892,42.696385542168684,43.12048192771084,1.6144578313253009,1,M VERSTAPPEN,VER,max_verstappen,1e5bc6,red_bull,Max,Verstappen,https://www.formula1.com/content/dam/fom-website/drivers/M/MAXVER01_Max_Verstappen/maxver01.png.transform/1col/image.png,NED,,,,,,,,,
2022,Azerbaijan Grand Prix,Practice 1,Daniel Ricciardo,McLaren,,25.88795180722892,42.696385542168684,43.12048192771084,1.6144578313253009,3,D RICCIARDO,RIC,ricciardo,f58020,mclaren,Daniel,Ricciardo,https://www.formula1.com/content/dam/fom-website/drivers/D/DANRIC01_Daniel_Ricciardo/danric01.png.transform/1col/image.png,AUS,,,,,,,,,
2022,Azerbaijan Grand Prix,Practice 1,Lando Norris,McLaren,,25.88795180722892,42.696385542168684,43.12048192771084,1.6144578313253009,4,L NORRIS,NOR,norris,f58020,mclaren,Lando,Norris,https://www.formula1.com/content/dam/fom-website/drivers/L/LANNOR01_Lando_Norris/lannor01.png.transform/1col/image.png,GBR,,,,,,,,,
2022,Azerbaijan Grand Prix,Practice 1,Sebastian Vettel,Aston Martin,,25.88795180722892,42.696385542168684,43.12048192771084,1.6144578313253009,5,S VETTEL,VET,vettel,2d826d,aston_martin,Sebastian,Vettel,https://www.formula1.com/content/dam/fom-website/drivers/S/SEBVET01_Sebastian_Vettel/sebvet01.png.transform/1col/image.png,GER,,,,,,,,,
2022,Azerbaijan Grand Prix,Practice 1,Nicholas Latifi,Williams,,25.88795180722892,42.696385542168684,43.12048192771084,1.6144578313253009,6,N LATIFI,LAT,latifi,37bedd,williams,Nicholas,Latifi,https://www.formula1.com/content/dam/fom-website/drivers/N/NICLAF01_Nicholas_Latifi/niclaf01.png.transform/1col/image.png,CAN,,,,,,,,,
2022,Azerbaijan Grand Prix,Practice 1,Pierre Gasly,AlphaTauri,,25.88795180722892,42.696385542168684,43.12048192771084,1.6144578313253009,10,P GASLY,GAS,gasly,4e7c9b,alphatauri,Pierre,Gasly,https://www.formula1.com/content/dam/fom-website/drivers/P/PIEGAS01_Pierre_Gasly/piegas01.png.transform/1col/image.png,FRA,,,,,,,,,
2022,Azerbaijan Grand Prix,Practice 1,Sergio Perez,Red Bull Racing,,25.88795180722892,42.696385542168684,43.12048192771084,1.6144578313253009,11,S PEREZ,PER,perez,1e5bc6,red_bull,Sergio,Perez,https://www.formula1.com/content/dam/fom-website/drivers/S/SERPER01_Sergio_Perez/serper01.png.transform/1col/image.png,MEX,,,,,,,,,
2022,Azerbaijan Grand Prix,Practice 1,Fernando Alonso,Alpine,,25.88795180722892,42.696385542168684,43.12048192771084,1.6144578313253009,14,F ALONSO,ALO,alonso,2293d1,alpine,Fernando,Alonso,https://www.formula1.com/content/dam/fom-website/drivers/F/FERALO01_Fernando_Alonso/feralo01.png.transform/1col/image.png,ESP,,,,,,,,,
2022,Azerbaijan Grand Prix,Practice 1,Charles Leclerc,Ferrari,,25.88795180722892,42.696385542168684,43.12048192771084,1.6144578313253009,16,C LECLERC,LEC,leclerc,ed1c24,ferrari,Charles,Leclerc,https://www.formula1.com/content/dam/fom-website/drivers/C/CHALEC01_Charles_Leclerc/chalec01.png.transform/1col/image.png,MON,,,,,,,,,
2022,Azerbaijan Grand Prix,Practice 1,Lance Stroll,Aston Martin,,25.88795180722892,42.696385542168684,43.12048192771084,1.6144578313253009,18,L STROLL,STR,stroll,2d826d,aston_martin,Lance,Stroll,https://www.formula1.com/content/dam/fom-website/drivers/L/LANSTR01_Lance_Stroll/lanstr01.png.transform/1col/image.png,CAN,,,,,,,,,
2022,Azerbaijan Grand Prix,Practice 1,Kevin Magnussen,Haas F1 Team,,25.88795180722892,42.696385542168684,43.12048192771084,1.6144578313253009,20,K MAGNUSSEN,MAG,kevin_magnussen,b6babd,haas,Kevin,Magnussen,None,DEN,,,,,,,,,
2022,Azerbaijan Grand Prix,Practice 1,Yuki Tsunoda,AlphaTauri,,25.88795180722892,42.696385542168684,43.12048192771084,1.6144578313253009,22,Y TSUNODA,TSU,tsunoda,4e7c9b,alphatauri,Yuki,Tsunoda,https://www.formula1.com/content/dam/fom-website/drivers/Y/YUKTSU01_Yuki_Tsunoda/yuktsu01.png.transform/1col/image.png,JPN,,,,,,,,,
2022,Azerbaijan Grand Prix,Practice 1,Alexander Albon,Williams,,25.88795180722892,42.696385542168684,43.12048192771084,1.6144578313253009,23,A ALBON,ALB,albon,37bedd,williams,Alexander,Albon,https://www.formula1.com/content/dam/fom-website/drivers/A/ALEALB01_Alexander_Albon/alealb01.png.transform/1col/image.png,THA,,,,,,,,,
2022,Azerbaijan Grand Prix,Practice 1,Guanyu Zhou,Alfa Romeo,,25.88795180722892,42.696385542168684,43.12048192771084,1.6144578313253009,24,G ZHOU,ZHO,zhou,b12039,alfa,Guanyu,Zhou,https://www.formula1.com/content/dam/fom-website/drivers/G/GUAZHO01_Guanyu_Zhou/guazho01.png.transform/1col/image.png,CHN,,,,,,,,,
2022,Azerbaijan Grand Prix,Practice 1,Esteban Ocon,Alpine,,25.88795180722892,42.696385542168684,43.12048192771084,1.6144578313253009,31,E OCON,OCO,ocon,2293d1,alpine,Esteban,Ocon,https://www.formula1.com/content/dam/fom-website/drivers/E/ESTOCO01_Esteban_Ocon/estoco01.png.transform/1col/image.png,FRA,,,,,,,,,
2022,Azerbaijan Grand Prix,Practice 1,Lewis Hamilton,Mercedes,,25.88795180722892,42.696385542168684,43.12048192771084,1.6144578313253009,44,L HAMILTON,HAM,hamilton,6cd3bf,mercedes,Lewis,Hamilton,https://www.formula1.com/content/dam/fom-website/drivers/L/LEWHAM01_Lewis_Hamilton/lewham01.png.transform/1col/image.png,GBR,,,,,,,,,
2022,Azerbaijan Grand Prix,Practice 1,Mick Schumacher,Haas F1 Team,,25.88795180722892,42.696385542168684,43.12048192771084,1.6144578313253009,47,M SCHUMACHER,MSC,mick_schumacher,b6babd,haas,Mick,Schumacher,https://www.formula1.com/content/dam/fom-website/drivers/M/MICSCH02_Mick_Schumacher/micsch02.png.transform/1col/image.png,GER,,,,,,,,,
2022,Azerbaijan Grand Prix,Practice 1,Carlos Sainz,Ferrari,,25.88795180722892,42.696385542168684,43.12048192771084,1.6144578313253009,55,C SAINZ,SAI,sainz,ed1c24,ferrari,Carlos,Sainz,https://www.formula1.com/content/dam/fom-website/drivers/C/CARSAI01_Carlos_Sainz/carsai01.png.transform/1col/image.png,ESP,,,,,,,,,
2022,Azerbaijan Grand Prix,Practice 1,George Russell,Mercedes,,25.88795180722892,42.696385542168684,43.12048192771084,1.6144578313253009,63,G RUSSELL,RUS,russell,6cd3bf,mercedes,George,Russell,https://www.formula1.com/content/dam/fom-website/drivers/G/GEORUS01_George_Russell/georus01.png.transform/1col/image.png,GBR,,,,,,,,,
2022,Azerbaijan Grand Prix,Practice 1,Valtteri Bottas,Alfa Romeo,,25.88795180722892,42.696385542168684,43.12048192771084,1.6144578313253009,77,V BOTTAS,BOT,bottas,b12039,alfa,Valtteri,Bottas,https://www.formula1.com/content/dam/fom-website/drivers/V/VALBOT01_Valtteri_Bottas/valbot01.png.transform/1col/image.png,FIN,,,,,,,,,
2022,Azerbaijan Grand Prix,Practice 2,Max Verstappen,Red Bull Racing,,23.931325301204822,33.4277108433735,52.51807228915663,1.3566265060240963,1,M VERSTAPPEN,VER,max_verstappen,1e5bc6,red_bull,Max,Verstappen,https://www.formula1.com/content/dam/fom-website/drivers/M/MAXVER01_Max_Verstappen/maxver01.png.transform/1col/image.png,NED,,,,,,,,,
2022,Azerbaijan Grand Prix,Practice 2,Daniel Ricciardo,McLaren,,23.931325301204822,33.4277108433735,52.51807228915663,1.3566265060240963,3,D RICCIARDO,RIC,ricciardo,f58020,mclaren,Daniel,Ricciardo,https://www.formula1.com/content/dam/fom-website/drivers/D/DANRIC01_Daniel_Ricciardo/danric01.png.transform/1col/image.png,AUS,,,,,,,,,
2022,Azerbaijan Grand Prix,Practice 2,Lando Norris,McLaren,,23.931325301204822,33.4277108433735,52.51807228915663,1.3566265060240963,4,L NORRIS,NOR,norris,f58020,mclaren,Lando,Norris,https://www.formula1.com/content/dam/fom-website/drivers/L/LANNOR01_Lando_Norris/lannor01.png.transform/1col/image.png,GBR,,,,,,,,,
2022,Azerbaijan Grand Prix,Practice 2,Sebastian Vettel,Aston Martin,,23.931325301204822,33.4277108433735,52.51807228915663,1.3566265060240963,5,S VETTEL,VET,vettel,2d826d,aston_martin,Sebastian,Vettel,https://www.formula1.com/content/dam/fom-website/drivers/S/SEBVET01_Sebastian_Vettel/sebvet01.png.transform/1col/image.png,GER,,,,,,,,,
2022,Azerbaijan Grand Prix,Practice 2,Nicholas Latifi,Williams,,23.931325301204822,33.4277108433735,52.51807228915663,1.3566265060240963,6,N LATIFI,LAT,latifi,37bedd,williams,Nicholas,Latifi,https://www.formula1.com/content/dam/fom-website/drivers/N/NICLAF01_Nicholas_Latifi/niclaf01.png.transform/1col/image.png,CAN,,,,,,,,,
2022,Azerbaijan Grand Prix,Practice 2,Pierre Gasly,AlphaTauri,,23.931325301204822,33.4277108433735,52.51807228915663,1.3566265060240963,10,P GASLY,GAS,gasly,4e7c9b,alphatauri,Pierre,Gasly,https://www.formula1.com/content/dam/fom-website/drivers/P/PIEGAS01_Pierre_Gasly/piegas01.png.transform/1col/image.png,FRA,,,,,,,,,
2022,Azerbaijan Grand Prix,Practice 2,Sergio Perez,Red Bull Racing,,23.931325301204822,33.4277108433735,52.51807228915663,1.3566265060240963,11,S PEREZ,PER,perez,1e5bc6,red_bull,Sergio,Perez,https://www.formula1.com/content/dam/fom-website/drivers/S/SERPER01_Sergio_Perez/serper01.png.transform/1col/image.png,MEX,,,,,,,,,
2022,Azerbaijan Grand Prix,Practice 2,Fernando Alonso,Alpine,,23.931325301204822,33.4277108433735,52.51807228915663,1.3566265060240963,14,F ALONSO,ALO,alonso,2293d1,alpine,Fernando,Alonso,https://www.formula1.com/content/dam/fom-website/drivers/F/FERALO01_Fernando_Alonso/feralo01.png.transform/1col/image.png,ESP,,,,,,,,,
2022,Azerbaijan Grand Prix,Practice 2,Charles Leclerc,Ferrari,,23.931325301204822,33.4277108433735,52.51807228915663,1.3566265060240963,16,C LECLERC,LEC,leclerc,ed1c24,ferrari,Charles,Leclerc,https://www.formula1.com/content/dam/fom-website/drivers/C/CHALEC01_Charles_Leclerc/chalec01.png.transform/1col/image.png,MON,,,,,,,,,
2022,Azerbaijan Grand Prix,Practice 2,Lance Stroll,Aston Martin,,23.931325301204822,33.4277108433735,52.51807228915663,1.3566265060240963,18,L STROLL,STR,stroll,2d826d,aston_martin,Lance,Stroll,https://www.formula1.com/content/dam/fom-website/drivers/L/LANSTR01_Lance_Stroll/lanstr01.png.transform/1col/image.png,CAN,,,,,,,,,
2022,Azerbaijan Grand Prix,Practice 2,Kevin Magnussen,Haas F1 Team,,23.931325301204822,33.4277108433735,52.51807228915663,1.3566265060240963,20,K MAGNUSSEN,MAG,kevin_magnussen,b6babd,haas,Kevin,Magnussen,None,DEN,,,,,,,,,
2022,Azerbaijan Grand Prix,Practice 2,Yuki Tsunoda,AlphaTauri,,23.931325301204822,33.4277108433735,52.51807228915663,1.3566265060240963,22,Y TSUNODA,TSU,tsunoda,4e7c9b,alphatauri,Yuki,Tsunoda,https://www.formula1.com/content/dam/fom-website/drivers/Y/YUKTSU01_Yuki_Tsunoda/yuktsu01.png.transform/1col/image.png,JPN,,,,,,,,,
2022,Azerbaijan Grand Prix,Practice 2,Alexander Albon,Williams,,23.931325301204822,33.4277108433735,52.51807228915663,1.3566265060240963,23,A ALBON,ALB,albon,37bedd,williams,Alexander,Albon,https://www.formula1.com/content/dam/fom-website/drivers/A/ALEALB01_Alexander_Albon/alealb01.png.transform/1col/image.png,THA,,,,,,,,,
2022,Azerbaijan Grand Prix,Practice 2,Guanyu Zhou,Alfa Romeo,,23.931325301204822,33.4277108433735,52.51807228915663,1.3566265060240963,24,G ZHOU,ZHO,zhou,b12039,alfa,Guanyu,Zhou,https://www.formula1.com/content/dam/fom-website/drivers/G/GUAZHO01_Guanyu_Zhou/guazho01.png.transform/1col/image.png,CHN,,,,,,,,,
2022,Azerbaijan Grand Prix,Practice 2,Esteban Ocon,Alpine,,23.931325301204822,33.4277108433735,52.51807228915663,1.3566265060240963,31,E OCON,OCO,ocon,2293d1,alpine,Esteban,Ocon,https://www.formula1.com/content/dam/fom-website/drivers/E/ESTOCO01_Esteban_Ocon/estoco01.png.transform/1col/image.png,FRA,,,,,,,,,
2022,Azerbaijan Grand Prix,Practice 2,Lewis Hamilton,Mercedes,,23.931325301204822,33.4277108433735,52.51807228915663,1.3566265060240963,44,L HAMILTON,HAM,hamilton,6cd3bf,mercedes,Lewis,Hamilton,https://www.formula1.com/content/dam/fom-website/drivers/L/LEWHAM01_Lewis_Hamilton/lewham01.png.transform/1col/image.png,GBR,,,,,,,,,
2022,Azerbaijan Grand Prix,Practice 2,Mick Schumacher,Haas F1 Team,,23.931325301204822,33.4277108433735,52.51807228915663,1.3566265060240963,47,M SCHUMACHER,MSC,mick_schumacher,b6babd,haas,Mick,Schumacher,https://www.formula1.com/content/dam/fom-website/drivers/M/MICSCH02_Mick_Schumacher/micsch02.png.transform/1col/image.png,GER,,,,,,,,,
2022,Azerbaijan Grand Prix,Practice 2,Carlos Sainz,Ferrari,,23.931325301204822,33.4277108433735,52.51807228915663,1.3566265060240963,55,C SAINZ,SAI,sainz,ed1c24,ferrari,Carlos,Sainz,https://www.formula1.com/content/dam/fom-website/drivers/C/CARSAI01_Carlos_Sainz/carsai01.png.transform/1col/image.png,ESP,,,,,,,,,
2022,Azerbaijan Grand Prix,Practice 2,George Russell,Mercedes,,23.931325301204822,33.4277108433735,52.51807228915663,1.3566265060240963,63,G RUSSELL,RUS,russell,6cd3bf,mercedes,George,Russell,https://www.formula1.com/content/dam/fom-website/drivers/G/GEORUS01_George_Russell/georus01.png.transform/1col/image.png,GBR,,,,,,,,,
2022,Azerbaijan Grand Prix,Practice 2,Valtteri Bottas,Alfa Romeo,,23.931325301204822,33.4277108433735,52.51807228915663,1.3566265060240963,77,V BOTTAS,BOT,bottas,b12039,alfa,Valtteri,Bottas,https://www.formula1.com/content/dam/fom-website/drivers/V/VALBOT01_Valtteri_Bottas/valbot01.png.transform/1col/image.png,FIN,,,,,,,,,
2022,Azerbaijan Grand Prix,Practice 3,Max Verstappen,Red Bull Racing,,27.12244897959184,46.2561224489796,50.92857142857143,1.1214285714285714,1,M VERSTAPPEN,VER,max_verstappen,1e5bc6,red_bull,Max,Verstappen,https://www.formula1.com/content/dam/fom-website/drivers/M/MAXVER01_Max_Verstappen/maxver01.png.transform/1col/image.png,NED,,,,,,,,,
2022,Azerbaijan Grand Prix,Practice 3,Daniel Ricciardo,McLaren,,27.12244897959184,46.2561224489796,50.92857142857143,1.1214285714285714,3,D RICCIARDO,RIC,ricciardo,f58020,mclaren,Daniel,Ricciardo,https://www.formula1.com/content/dam/fom-website/drivers/D/DANRIC01_Daniel_Ricciardo/danric01.png.transform/1col/image.png,AUS,,,,,,,,,
2022,Azerbaijan Grand Prix,Practice 3,Lando Norris,McLaren,,27.12244897959184,46.2561224489796,50.92857142857143,1.1214285714285714,4,L NORRIS,NOR,norris,f58020,mclaren,Lando,Norris,https://www.formula1.com/content/dam/fom-website/drivers/L/LANNOR01_Lando_Norris/lannor01.png.transform/1col/image.png,GBR,,,,,,,,,
2022,Azerbaijan Grand Prix,Practice 3,Sebastian Vettel,Aston Martin,,27.12244897959184,46.2561224489796,50.92857142857143,1.1214285714285714,5,S VETTEL,VET,vettel,2d826d,aston_martin,Sebastian,Vettel,https://www.formula1.com/content/dam/fom-website/drivers/S/SEBVET01_Sebastian_Vettel/sebvet01.png.transform/1col/image.png,GER,,,,,,,,,
2022,Azerbaijan Grand Prix,Practice 3,Nicholas Latifi,Williams,,27.12244897959184,46.2561224489796,50.92857142857143,1.1214285714285714,6,N LATIFI,LAT,latifi,37bedd,williams,Nicholas,Latifi,https://www.formula1.com/content/dam/fom-website/drivers/N/NICLAF01_Nicholas_Latifi/niclaf01.png.transform/1col/image.png,CAN,,,,,,,,,
2022,Azerbaijan Grand Prix,Practice 3,Pierre Gasly,AlphaTauri,,27.12244897959184,46.2561224489796,50.92857142857143,1.1214285714285714,10,P GASLY,GAS,gasly,4e7c9b,alphatauri,Pierre,Gasly,https://www.formula1.com/content/dam/fom-website/drivers/P/PIEGAS01_Pierre_Gasly/piegas01.png.transform/1col/image.png,FRA,,,,,,,,,
2022,Azerbaijan Grand Prix,Practice 3,Sergio Perez,Red Bull Racing,,27.12244897959184,46.2561224489796,50.92857142857143,1.1214285714285714,11,S PEREZ,PER,perez,1e5bc6,red_bull,Sergio,Perez,https://www.formula1.com/content/dam/fom-website/drivers/S/SERPER01_Sergio_Perez/serper01.png.transform/1col/image.png,MEX,,,,,,,,,
2022,Azerbaijan Grand Prix,Practice 3,Fernando Alonso,Alpine,,27.12244897959184,46.2561224489796,50.92857142857143,1.1214285714285714,14,F ALONSO,ALO,alonso,2293d1,alpine,Fernando,Alonso,https://www.formula1.com/content/dam/fom-website/drivers/F/FERALO01_Fernando_Alonso/feralo01.png.transform/1col/image.png,ESP,,,,,,,,,
2022,Azerbaijan Grand Prix,Practice 3,Charles Leclerc,Ferrari,,27.12244897959184,46.2561224489796,50.92857142857143,1.1214285714285714,16,C LECLERC,LEC,leclerc,ed1c24,ferrari,Charles,Leclerc,https://www.formula1.com/content/dam/fom-website/drivers/C/CHALEC01_Charles_Leclerc/chalec01.png.transform/1col/image.png,MON,,,,,,,,,
2022,Azerbaijan Grand Prix,Practice 3,Lance Stroll,Aston Martin,,27.12244897959184,46.2561224489796,50.92857142857143,1.1214285714285714,18,L STROLL,STR,stroll,2d826d,aston_martin,Lance,Stroll,https://www.formula1.com/content/dam/fom-website/drivers/L/LANSTR01_Lance_Stroll/lanstr01.png.transform/1col/image.png,CAN,,,,,,,,,
2022,Azerbaijan Grand Prix,Practice 3,Kevin Magnussen,Haas F1 Team,,27.12244897959184,46.2561224489796,50.92857142857143,1.1214285714285714,20,K MAGNUSSEN,MAG,kevin_magnussen,b6babd,haas,Kevin,Magnussen,None,DEN,,,,,,,,,
2022,Azerbaijan Grand Prix,Practice 3,Yuki Tsunoda,AlphaTauri,,27.12244897959184,46.2561224489796,50.92857142857143,1.1214285714285714,22,Y TSUNODA,TSU,tsunoda,4e7c9b,alphatauri,Yuki,Tsunoda,https://www.formula1.com/content/dam/fom-website/drivers/Y/YUKTSU01_Yuki_Tsunoda/yuktsu01.png.transform/1col/image.png,JPN,,,,,,,,,
2022,Azerbaijan Grand Prix,Practice 3,Alexander Albon,Williams,,27.12244897959184,46.2561224489796,50.92857142857143,1.1214285714285714,23,A ALBON,ALB,albon,37bedd,williams,Alexander,Albon,https://www.formula1.com/content/dam/fom-website/drivers/A/ALEALB01_Alexander_Albon/alealb01.png.transform/1col/image.png,THA,,,,,,,,,
2022,Azerbaijan Grand Prix,Practice 3,Guanyu Zhou,Alfa Romeo,,27.12244897959184,46.2561224489796,50.92857142857143,1.1214285714285714,24,G ZHOU,ZHO,zhou,b12039,alfa,Guanyu,Zhou,https://www.formula1.com/content/dam/fom-website/drivers/G/GUAZHO01_Guanyu_Zhou/guazho01.png.transform/1col/image.png,CHN,,,,,,,,,
2022,Azerbaijan Grand Prix,Practice 3,Esteban Ocon,Alpine,,27.12244897959184,46.2561224489796,50.92857142857143,1.1214285714285714,31,E OCON,OCO,ocon,2293d1,alpine,Esteban,Ocon,https://www.formula1.com/content/dam/fom-website/drivers/E/ESTOCO01_Esteban_Ocon/estoco01.png.transform/1col/image.png,FRA,,,,,,,,,
2022,Azerbaijan Grand Prix,Practice 3,Lewis Hamilton,Mercedes,,27.12244897959184,46.2561224489796,50.92857142857143,1.1214285714285714,44,L HAMILTON,HAM,hamilton,6cd3bf,mercedes,Lewis,Hamilton,https://www.formula1.com/content/dam/fom-website/drivers/L/LEWHAM01_Lewis_Hamilton/lewham01.png.transform/1col/image.png,GBR,,,,,,,,,
2022,Azerbaijan Grand Prix,Practice 3,Mick Schumacher,Haas F1 Team,,27.12244897959184,46.2561224489796,50.92857142857143,1.1214285714285714,47,M SCHUMACHER,MSC,mick_schumacher,b6babd,haas,Mick,Schumacher,https://www.formula1.com/content/dam/fom-website/drivers/M/MICSCH02_Mick_Schumacher/micsch02.png.transform/1col/image.png,GER,,,,,,,,,
2022,Azerbaijan Grand Prix,Practice 3,Carlos Sainz,Ferrari,,27.12244897959184,46.2561224489796,50.92857142857143,1.1214285714285714,55,C SAINZ,SAI,sainz,ed1c24,ferrari,Carlos,Sainz,https://www.formula1.com/content/dam/fom-website/drivers/C/CARSAI01_Carlos_Sainz/carsai01.png.transform/1col/image.png,ESP,,,,,,,,,
2022,Azerbaijan Grand Prix,Practice 3,George Russell,Mercedes,,27.12244897959184,46.2561224489796,50.92857142857143,1.1214285714285714,63,G RUSSELL,RUS,russell,6cd3bf,mercedes,George,Russell,https://www.formula1.com/content/dam/fom-website/drivers/G/GEORUS01_George_Russell/georus01.png.transform/1col/image.png,GBR,,,,,,,,,
2022,Azerbaijan Grand Prix,Practice 3,Valtteri Bottas,Alfa Romeo,,27.12244897959184,46.2561224489796,50.92857142857143,1.1214285714285714,77,V BOTTAS,BOT,bottas,b12039,alfa,Valtteri,Bottas,https://www.formula1.com/content/dam/fom-website/drivers/V/VALBOT01_Valtteri_Bottas/valbot01.png.transform/1col/image.png,FIN,,,,,,,,,
2022,Canadian Grand Prix,Race,Max Verstappen,Red Bull Racing,1.0,20.762962962962963,41.261111111111106,28.925925925925927,3.552469135802469,1,M VERSTAPPEN,VER,max_verstappen,1e5bc6,red_bull,Max,Verstappen,https://www.formula1.com/content/dam/fom-website/drivers/M/MAXVER01_Max_Verstappen/maxver01.png.transform/1col/image.png,NED,1,1.0,,,,0 days 01:36:21.757000,Finished,25.0,70.0
2022,Canadian Grand Prix,Race,Carlos Sainz,Ferrari,2.0,20.762962962962963,41.261111111111106,28.925925925925927,3.552469135802469,55,C SAINZ,SAI,sainz,ed1c24,ferrari,Carlos,Sainz,https://www.formula1.com/content/dam/fom-website/drivers/C/CARSAI01_Carlos_Sainz/carsai01.png.transform/1col/image.png,ESP,2,3.0,,,,0 days 00:00:00.993000,Finished,19.0,70.0
2022,Canadian Grand Prix,Race,Lewis Hamilton,Mercedes,3.0,20.762962962962963,41.261111111111106,28.925925925925927,3.552469135802469,44,L HAMILTON,HAM,hamilton,6cd3bf,mercedes,Lewis,Hamilton,https://www.formula1.com/content/dam/fom-website/drivers/L/LEWHAM01_Lewis_Hamilton/lewham01.png.transform/1col/image.png,GBR,3,4.0,,,,0 days 00:00:07.006000,Finished,15.0,70.0
2022,Canadian Grand Prix,Race,George Russell,Mercedes,4.0,20.762962962962963,41.261111111111106,28.925925925925927,3.552469135802469,63,G RUSSELL,RUS,russell,6cd3bf,mercedes,George,Russell,https://www.formula1.com/content/dam/fom-website/drivers/G/GEORUS01_George_Russell/georus01.png.transform/1col/image.png,GBR,4,8.0,,,,0 days 00:00:12.313000,Finished,12.0,70.0
2022,Canadian Grand Prix,Race,Charles Leclerc,Ferrari,5.0,20.762962962962963,41.261111111111106,28.925925925925927,3.552469135802469,16,C LECLERC,LEC,leclerc,ed1c24,ferrari,Charles,Leclerc,https://www.formula1.com/content/dam/fom-website/drivers/C/CHALEC01_Charles_Leclerc/chalec01.png.transform/1col/image.png,MON,5,19.0,,,,0 days 00:00:15.168000,Finished,10.0,70.0
2022,Canadian Grand Prix,Race,Esteban Ocon,Alpine,6.0,20.762962962962963,41.261111111111106,28.925925925925927,3.552469135802469,31,E OCON,OCO,ocon,2293d1,alpine,Esteban,Ocon,https://www.formula1.com/content/dam/fom-website/drivers/E/ESTOCO01_Esteban_Ocon/estoco01.png.transform/1col/image.png,FRA,6,7.0,,,,0 days 00:00:23.890000,Finished,8.0,70.0
2022,Canadian Grand Prix,Race,Valtteri Bottas,Alfa Romeo,7.0,20.762962962962963,41.261111111111106,28.925925925925927,3.552469135802469,77,V BOTTAS,BOT,bottas,b12039,alfa,Valtteri,Bottas,https://www.formula1.com/content/dam/fom-website/drivers/V/VALBOT01_Valtteri_Bottas/valbot01.png.transform/1col/image.png,FIN,7,11.0,,,,0 days 00:00:25.247000,Finished,6.0,70.0
2022,Canadian Grand Prix,Race,Guanyu Zhou,Alfa Romeo,8.0,20.762962962962963,41.261111111111106,28.925925925925927,3.552469135802469,24,G ZHOU,ZHO,zhou,b12039,alfa,Guanyu,Zhou,https://www.formula1.com/content/dam/fom-website/drivers/G/GUAZHO01_Guanyu_Zhou/guazho01.png.transform/1col/image.png,CHN,8,10.0,,,,0 days 00:00:26.952000,Finished,4.0,70.0
2022,Canadian Grand Prix,Race,Fernando Alonso,Alpine,9.0,20.762962962962963,41.261111111111106,28.925925925925927,3.552469135802469,14,F ALONSO,ALO,alonso,2293d1,alpine,Fernando,Alonso,https://www.formula1.com/content/dam/fom-website/drivers/F/FERALO01_Fernando_Alonso/feralo01.png.transform/1col/image.png,ESP,9,2.0,,,,0 days 00:00:29.945000,Finished,2.0,70.0
2022,Canadian Grand Prix,Race,Lance Stroll,Aston Martin,10.0,20.762962962962963,41.261111111111106,28.925925925925927,3.552469135802469,18,L STROLL,STR,stroll,2d826d,aston_martin,Lance,Stroll,https://www.formula1.com/content/dam/fom-website/drivers/L/LANSTR01_Lance_Stroll/lanstr01.png.transform/1col/image.png,CAN,10,17.0,,,,0 days 00:00:38.222000,Finished,1.0,70.0
2022,Canadian Grand Prix,Race,Daniel Ricciardo,McLaren,11.0,20.762962962962963,41.261111111111106,28.925925925925927,3.552469135802469,3,D RICCIARDO,RIC,ricciardo,f58020,mclaren,Daniel,Ricciardo,https://www.formula1.com/content/dam/fom-website/drivers/D/DANRIC01_Daniel_Ricciardo/danric01.png.transform/1col/image.png,AUS,11,9.0,,,,0 days 00:00:43.047000,Finished,0.0,70.0
2022,Canadian Grand Prix,Race,Sebastian Vettel,Aston Martin,12.0,20.762962962962963,41.261111111111106,28.925925925925927,3.552469135802469,5,S VETTEL,VET,vettel,2d826d,aston_martin,Sebastian,Vettel,https://www.formula1.com/content/dam/fom-website/drivers/S/SEBVET01_Sebastian_Vettel/sebvet01.png.transform/1col/image.png,GER,12,16.0,,,,0 days 00:00:44.245000,Finished,0.0,70.0
2022,Canadian Grand Prix,Race,Alexander Albon,Williams,13.0,20.762962962962963,41.261111111111106,28.925925925925927,3.552469135802469,23,A ALBON,ALB,albon,37bedd,williams,Alexander,Albon,https://www.formula1.com/content/dam/fom-website/drivers/A/ALEALB01_Alexander_Albon/alealb01.png.transform/1col/image.png,THA,13,12.0,,,,0 days 00:00:44.893000,Finished,0.0,70.0
2022,Canadian Grand Prix,Race,Pierre Gasly,AlphaTauri,14.0,20.762962962962963,41.261111111111106,28.925925925925927,3.552469135802469,10,P GASLY,GAS,gasly,4e7c9b,alphatauri,Pierre,Gasly,https://www.formula1.com/content/dam/fom-website/drivers/P/PIEGAS01_Pierre_Gasly/piegas01.png.transform/1col/image.png,FRA,14,15.0,,,,0 days 00:00:45.183000,Finished,0.0,70.0
2022,Canadian Grand Prix,Race,Lando Norris,McLaren,15.0,20.762962962962963,41.261111111111106,28.925925925925927,3.552469135802469,4,L NORRIS,NOR,norris,f58020,mclaren,Lando,Norris,https://www.formula1.com/content/dam/fom-website/drivers/L/LANNOR01_Lando_Norris/lannor01.png.transform/1col/image.png,GBR,15,14.0,,,,0 days 00:00:52.145000,Finished,0.0,70.0
2022,Canadian Grand Prix,Race,Nicholas Latifi,Williams,16.0,20.762962962962963,41.261111111111106,28.925925925925927,3.552469135802469,6,N LATIFI,LAT,latifi,37bedd,williams,Nicholas,Latifi,https://www.formula1.com/content/dam/fom-website/drivers/N/NICLAF01_Nicholas_Latifi/niclaf01.png.transform/1col/image.png,CAN,16,18.0,,,,0 days 00:00:59.978000,Finished,0.0,70.0
2022,Canadian Grand Prix,Race,Kevin Magnussen,Haas F1 Team,17.0,20.762962962962963,41.261111111111106,28.925925925925927,3.552469135802469,20,K MAGNUSSEN,MAG,kevin_magnussen,b6babd,haas,Kevin,Magnussen,None,DEN,17,5.0,,,,0 days 00:01:08.180000,Finished,0.0,70.0
2022,Canadian Grand Prix,Race,Yuki Tsunoda,AlphaTauri,18.0,20.762962962962963,41.261111111111106,28.925925925925927,3.552469135802469,22,Y TSUNODA,TSU,tsunoda,4e7c9b,alphatauri,Yuki,Tsunoda,https://www.formula1.com/content/dam/fom-website/drivers/Y/YUKTSU01_Yuki_Tsunoda/yuktsu01.png.transform/1col/image.png,JPN,R,20.0,,,,,Accident,0.0,47.0
2022,Canadian Grand Prix,Race,Mick Schumacher,Haas F1 Team,19.0,20.762962962962963,41.261111111111106,28.925925925925927,3.552469135802469,47,M SCHUMACHER,MSC,mick_schumacher,b6babd,haas,Mick,Schumacher,https://www.formula1.com/content/dam/fom-website/drivers/M/MICSCH02_Mick_Schumacher/micsch02.png.transform/1col/image.png,GER,R,6.0,,,,,Engine,0.0,18.0
2022,Canadian Grand Prix,Race,Sergio Perez,Red Bull Racing,20.0,20.762962962962963,41.261111111111106,28.925925925925927,3.552469135802469,11,S PEREZ,PER,perez,1e5bc6,red_bull,Sergio,Perez,https://www.formula1.com/content/dam/fom-website/drivers/S/SERPER01_Sergio_Perez/serper01.png.transform/1col/image.png,MEX,R,13.0,,,,,Gearbox,0.0,7.0
2022,Canadian Grand Prix,Qualifying,Max Verstappen,Red Bull Racing,1.0,13.494444444444444,18.123333333333335,76.3,1.9355555555555555,1,M VERSTAPPEN,VER,max_verstappen,1e5bc6,red_bull,Max,Verstappen,https://www.formula1.com/content/dam/fom-website/drivers/M/MAXVER01_Max_Verstappen/maxver01.png.transform/1col/image.png,NED,,,0 days 00:01:32.219000,0 days 00:01:23.746000,0 days 00:01:21.299000,,,,
2022,Canadian Grand Prix,Qualifying,Fernando Alonso,Alpine,2.0,13.494444444444444,18.123333333333335,76.3,1.9355555555555555,14,F ALONSO,ALO,alonso,2293d1,alpine,Fernando,Alonso,https://www.formula1.com/content/dam/fom-website/drivers/F/FERALO01_Fernando_Alonso/feralo01.png.transform/1col/image.png,ESP,,,0 days 00:01:32.277000,0 days 00:01:24.848000,0 days 00:01:21.944000,,,,
2022,Canadian Grand Prix,Qualifying,Carlos Sainz,Ferrari,3.0,13.494444444444444,18.123333333333335,76.3,1.9355555555555555,55,C SAINZ,SAI,sainz,ed1c24,ferrari,Carlos,Sainz,https://www.formula1.com/content/dam/fom-website/drivers/C/CARSAI01_Carlos_Sainz/carsai01.png.transform/1col/image.png,ESP,,,0 days 00:01:32.781000,0 days 00:01:25.197000,0 days 00:01:22.096000,,,,
2022,Canadian Grand Prix,Qualifying,Lewis Hamilton,Mercedes,4.0,13.494444444444444,18.123333333333335,76.3,1.9355555555555555,44,L HAMILTON,HAM,hamilton,6cd3bf,mercedes,Lewis,Hamilton,https://www.formula1.com/content/dam/fom-website/drivers/L/LEWHAM01_Lewis_Hamilton/lewham01.png.transform/1col/image.png,GBR,,,0 days 00:01:33.841000,0 days 00:01:25.543000,0 days 00:01:22.891000,,,,
2022,Canadian Grand Prix,Qualifying,Kevin Magnussen,Haas F1 Team,5.0,13.494444444444444,18.123333333333335,76.3,1.9355555555555555,20,K MAGNUSSEN,MAG,kevin_magnussen,b6babd,haas,Kevin,Magnussen,None,DEN,,,0 days 00:01:32.957000,0 days 00:01:26.254000,0 days 00:01:22.960000,,,,
2022,Canadian Grand Prix,Qualifying,Mick Schumacher,Haas F1 Team,6.0,13.494444444444444,18.123333333333335,76.3,1.9355555555555555,47,M SCHUMACHER,MSC,mick_schumacher,b6babd,haas,Mick,Schumacher,https://www.formula1.com/content/dam/fom-website/drivers/M/MICSCH02_Mick_Schumacher/micsch02.png.transform/1col/image.png,GER,,,0 days 00:01:33.707000,0 days 00:01:25.684000,0 days 00:01:23.356000,,,,
2022,Canadian Grand Prix,Qualifying,Esteban Ocon,Alpine,7.0,13.494444444444444,18.123333333333335,76.3,1.9355555555555555,31,E OCON,OCO,ocon,2293d1,alpine,Esteban,Ocon,https://www.formula1.com/content/dam/fom-website/drivers/E/ESTOCO01_Esteban_Ocon/estoco01.png.transform/1col/image.png,FRA,,,0 days 00:01:33.012000,0 days 00:01:26.135000,0 days 00:01:23.529000,,,,
2022,Canadian Grand Prix,Qualifying,George Russell,Mercedes,8.0,13.494444444444444,18.123333333333335,76.3,1.9355555555555555,63,G RUSSELL,RUS,russell,6cd3bf,mercedes,George,Russell,https://www.formula1.com/content/dam/fom-website/drivers/G/GEORUS01_George_Russell/georus01.png.transform/1col/image.png,GBR,,,0 days 00:01:33.160000,0 days 00:01:24.950000,0 days 00:01:23.557000,,,,
2022,Canadian Grand Prix,Qualifying,Daniel Ricciardo,McLaren,9.0,13.494444444444444,18.123333333333335,76.3,1.9355555555555555,3,D RICCIARDO,RIC,ricciardo,f58020,mclaren,Daniel,Ricciardo,https://www.formula1.com/content/dam/fom-website/drivers/D/DANRIC01_Daniel_Ricciardo/danric01.png.transform/1col/image.png,AUS,,,0 days 00:01:33.636000,0 days 00:01:26.375000,0 days 00:01:23.749000,,,,
2022,Canadian Grand Prix,Qualifying,Guanyu Zhou,Alfa Romeo,10.0,13.494444444444444,18.123333333333335,76.3,1.9355555555555555,24,G ZHOU,ZHO,zhou,b12039,alfa,Guanyu,Zhou,https://www.formula1.com/content/dam/fom-website/drivers/G/GUAZHO01_Guanyu_Zhou/guazho01.png.transform/1col/image.png,CHN,,,0 days 00:01:33.692000,0 days 00:01:26.116000,0 days 00:01:24.030000,,,,
2022,Canadian Grand Prix,Qualifying,Valtteri Bottas,Alfa Romeo,11.0,13.494444444444444,18.123333333333335,76.3,1.9355555555555555,77,V BOTTAS,BOT,bottas,b12039,alfa,Valtteri,Bottas,https://www.formula1.com/content/dam/fom-website/drivers/V/VALBOT01_Valtteri_Bottas/valbot01.png.transform/1col/image.png,FIN,,,0 days 00:01:33.689000,0 days 00:01:26.788000,,,,,
2022,Canadian Grand Prix,Qualifying,Alexander Albon,Williams,12.0,13.494444444444444,18.123333333333335,76.3,1.9355555555555555,23,A ALBON,ALB,albon,37bedd,williams,Alexander,Albon,https://www.formula1.com/content/dam/fom-website/drivers/A/ALEALB01_Alexander_Albon/alealb01.png.transform/1col/image.png,THA,,,0 days 00:01:34.047000,0 days 00:01:26.858000,,,,,
2022,Canadian Grand Prix,Qualifying,Sergio Perez,Red Bull Racing,13.0,13.494444444444444,18.123333333333335,76.3,1.9355555555555555,11,S PEREZ,PER,perez,1e5bc6,red_bull,Sergio,Perez,https://www.formula1.com/content/dam/fom-website/drivers/S/SERPER01_Sergio_Perez/serper01.png.transform/1col/image.png,MEX,,,0 days 00:01:33.929000,0 days 00:01:33.127000,,,,,
2022,Canadian Grand Prix,Qualifying,Lando Norris,McLaren,14.0,13.494444444444444,18.123333333333335,76.3,1.9355555555555555,4,L NORRIS,NOR,norris,f58020,mclaren,Lando,Norris,https://www.formula1.com/content/dam/fom-website/drivers/L/LANNOR01_Lando_Norris/lannor01.png.transform/1col/image.png,GBR,,,0 days 00:01:34.066000,,,,,,
2022,Canadian Grand Prix,Qualifying,Charles Leclerc,Ferrari,15.0,13.494444444444444,18.123333333333335,76.3,1.9355555555555555,16,C LECLERC,LEC,leclerc,ed1c24,ferrari,Charles,Leclerc,https://www.formula1.com/content/dam/fom-website/drivers/C/CHALEC01_Charles_Leclerc/chalec01.png.transform/1col/image.png,MON,,,0 days 00:01:33.008000,,,,,,
2022,Canadian Grand Prix,Qualifying,Pierre Gasly,AlphaTauri,16.0,13.494444444444444,18.123333333333335,76.3,1.9355555555555555,10,P GASLY,GAS,gasly,4e7c9b,alphatauri,Pierre,Gasly,https://www.formula1.com/content/dam/fom-website/drivers/P/PIEGAS01_Pierre_Gasly/piegas01.png.transform/1col/image.png,FRA,,,0 days 00:01:34.492000,,,,,,
2022,Canadian Grand Prix,Qualifying,Sebastian Vettel,Aston Martin,17.0,13.494444444444444,18.123333333333335,76.3,1.9355555555555555,5,S VETTEL,VET,vettel,2d826d,aston_martin,Sebastian,Vettel,https://www.formula1.com/content/dam/fom-website/drivers/S/SEBVET01_Sebastian_Vettel/sebvet01.png.transform/1col/image.png,GER,,,0 days 00:01:34.512000,,,,,,
2022,Canadian Grand Prix,Qualifying,Lance Stroll,Aston Martin,18.0,13.494444444444444,18.123333333333335,76.3,1.9355555555555555,18,L STROLL,STR,stroll,2d826d,aston_martin,Lance,Stroll,https://www.formula1.com/content/dam/fom-website/drivers/L/LANSTR01_Lance_Stroll/lanstr01.png.transform/1col/image.png,CAN,,,0 days 00:01:35.532000,,,,,,
2022,Canadian Grand Prix,Qualifying,Nicholas Latifi,Williams,19.0,13.494444444444444,18.123333333333335,76.3,1.9355555555555555,6,N LATIFI,LAT,latifi,37bedd,williams,Nicholas,Latifi,https://www.formula1.com/content/dam/fom-website/drivers/N/NICLAF01_Nicholas_Latifi/niclaf01.png.transform/1col/image.png,CAN,,,0 days 00:01:35.660000,,,,,,
2022,Canadian Grand Prix,Qualifying,Yuki Tsunoda,AlphaTauri,20.0,13.494444444444444,18.123333333333335,76.3,1.9355555555555555,22,Y TSUNODA,TSU,tsunoda,4e7c9b,alphatauri,Yuki,Tsunoda,https://www.formula1.com/content/dam/fom-website/drivers/Y/YUKTSU01_Yuki_Tsunoda/yuktsu01.png.transform/1col/image.png,JPN,,,0 days 00:01:36.575000,,,,,,
2022,Canadian Grand Prix,Practice 1,Max Verstappen,Red Bull Racing,,25.680246913580245,42.961728395061726,42.098765432098766,2.112345679012346,1,M VERSTAPPEN,VER,max_verstappen,1e5bc6,red_bull,Max,Verstappen,https://www.formula1.com/content/dam/fom-website/drivers/M/MAXVER01_Max_Verstappen/maxver01.png.transform/1col/image.png,NED,,,,,,,,,
2022,Canadian Grand Prix,Practice 1,Daniel Ricciardo,McLaren,,25.680246913580245,42.961728395061726,42.098765432098766,2.112345679012346,3,D RICCIARDO,RIC,ricciardo,f58020,mclaren,Daniel,Ricciardo,https://www.formula1.com/content/dam/fom-website/drivers/D/DANRIC01_Daniel_Ricciardo/danric01.png.transform/1col/image.png,AUS,,,,,,,,,
2022,Canadian Grand Prix,Practice 1,Lando Norris,McLaren,,25.680246913580245,42.961728395061726,42.098765432098766,2.112345679012346,4,L NORRIS,NOR,norris,f58020,mclaren,Lando,Norris,https://www.formula1.com/content/dam/fom-website/drivers/L/LANNOR01_Lando_Norris/lannor01.png.transform/1col/image.png,GBR,,,,,,,,,
2022,Canadian Grand Prix,Practice 1,Sebastian Vettel,Aston Martin,,25.680246913580245,42.961728395061726,42.098765432098766,2.112345679012346,5,S VETTEL,VET,vettel,2d826d,aston_martin,Sebastian,Vettel,https://www.formula1.com/content/dam/fom-website/drivers/S/SEBVET01_Sebastian_Vettel/sebvet01.png.transform/1col/image.png,GER,,,,,,,,,
2022,Canadian Grand Prix,Practice 1,Nicholas Latifi,Williams,,25.680246913580245,42.961728395061726,42.098765432098766,2.112345679012346,6,N LATIFI,LAT,latifi,37bedd,williams,Nicholas,Latifi,https://www.formula1.com/content/dam/fom-website/drivers/N/NICLAF01_Nicholas_Latifi/niclaf01.png.transform/1col/image.png,CAN,,,,,,,,,
2022,Canadian Grand Prix,Practice 1,Pierre Gasly,AlphaTauri,,25.680246913580245,42.961728395061726,42.098765432098766,2.112345679012346,10,P GASLY,GAS,gasly,4e7c9b,alphatauri,Pierre,Gasly,https://www.formula1.com/content/dam/fom-website/drivers/P/PIEGAS01_Pierre_Gasly/piegas01.png.transform/1col/image.png,FRA,,,,,,,,,
2022,Canadian Grand Prix,Practice 1,Sergio Perez,Red Bull Racing,,25.680246913580245,42.961728395061726,42.098765432098766,2.112345679012346,11,S PEREZ,PER,perez,1e5bc6,red_bull,Sergio,Perez,https://www.formula1.com/content/dam/fom-website/drivers/S/SERPER01_Sergio_Perez/serper01.png.transform/1col/image.png,MEX,,,,,,,,,
2022,Canadian Grand Prix,Practice 1,Fernando Alonso,Alpine,,25.680246913580245,42.961728395061726,42.098765432098766,2.112345679012346,14,F ALONSO,ALO,alonso,2293d1,alpine,Fernando,Alonso,https://www.formula1.com/content/dam/fom-website/drivers/F/FERALO01_Fernando_Alonso/feralo01.png.transform/1col/image.png,ESP,,,,,,,,,
2022,Canadian Grand Prix,Practice 1,Charles Leclerc,Ferrari,,25.680246913580245,42.961728395061726,42.098765432098766,2.112345679012346,16,C LECLERC,LEC,leclerc,ed1c24,ferrari,Charles,Leclerc,https://www.formula1.com/content/dam/fom-website/drivers/C/CHALEC01_Charles_Leclerc/chalec01.png.transform/1col/image.png,MON,,,,,,,,,
2022,Canadian Grand Prix,Practice 1,Lance Stroll,Aston Martin,,25.680246913580245,42.961728395061726,42.098765432098766,2.112345679012346,18,L STROLL,STR,stroll,2d826d,aston_martin,Lance,Stroll,https://www.formula1.com/content/dam/fom-website/drivers/L/LANSTR01_Lance_Stroll/lanstr01.png.transform/1col/image.png,CAN,,,,,,,,,
2022,Canadian Grand Prix,Practice 1,Kevin Magnussen,Haas F1 Team,,25.680246913580245,42.961728395061726,42.098765432098766,2.112345679012346,20,K MAGNUSSEN,MAG,kevin_magnussen,b6babd,haas,Kevin,Magnussen,None,DEN,,,,,,,,,
2022,Canadian Grand Prix,Practice 1,Yuki Tsunoda,AlphaTauri,,25.680246913580245,42.961728395061726,42.098765432098766,2.112345679012346,22,Y TSUNODA,TSU,tsunoda,4e7c9b,alphatauri,Yuki,Tsunoda,https://www.formula1.com/content/dam/fom-website/drivers/Y/YUKTSU01_Yuki_Tsunoda/yuktsu01.png.transform/1col/image.png,JPN,,,,,,,,,
2022,Canadian Grand Prix,Practice 1,Alexander Albon,Williams,,25.680246913580245,42.961728395061726,42.098765432098766,2.112345679012346,23,A ALBON,ALB,albon,37bedd,williams,Alexander,Albon,https://www.formula1.com/content/dam/fom-website/drivers/A/ALEALB01_Alexander_Albon/alealb01.png.transform/1col/image.png,THA,,,,,,,,,
2022,Canadian Grand Prix,Practice 1,Guanyu Zhou,Alfa Romeo,,25.680246913580245,42.961728395061726,42.098765432098766,2.112345679012346,24,G ZHOU,ZHO,zhou,b12039,alfa,Guanyu,Zhou,https://www.formula1.com/content/dam/fom-website/drivers/G/GUAZHO01_Guanyu_Zhou/guazho01.png.transform/1col/image.png,CHN,,,,,,,,,
2022,Canadian Grand Prix,Practice 1,Esteban Ocon,Alpine,,25.680246913580245,42.961728395061726,42.098765432098766,2.112345679012346,31,E OCON,OCO,ocon,2293d1,alpine,Esteban,Ocon,https://www.formula1.com/content/dam/fom-website/drivers/E/ESTOCO01_Esteban_Ocon/estoco01.png.transform/1col/image.png,FRA,,,,,,,,,
2022,Canadian Grand Prix,Practice 1,Lewis Hamilton,Mercedes,,25.680246913580245,42.961728395061726,42.098765432098766,2.112345679012346,44,L HAMILTON,HAM,hamilton,6cd3bf,mercedes,Lewis,Hamilton,https://www.formula1.com/content/dam/fom-website/drivers/L/LEWHAM01_Lewis_Hamilton/lewham01.png.transform/1col/image.png,GBR,,,,,,,,,
2022,Canadian Grand Prix,Practice 1,Mick Schumacher,Haas F1 Team,,25.680246913580245,42.961728395061726,42.098765432098766,2.112345679012346,47,M SCHUMACHER,MSC,mick_schumacher,b6babd,haas,Mick,Schumacher,https://www.formula1.com/content/dam/fom-website/drivers/M/MICSCH02_Mick_Schumacher/micsch02.png.transform/1col/image.png,GER,,,,,,,,,
2022,Canadian Grand Prix,Practice 1,Carlos Sainz,Ferrari,,25.680246913580245,42.961728395061726,42.098765432098766,2.112345679012346,55,C SAINZ,SAI,sainz,ed1c24,ferrari,Carlos,Sainz,https://www.formula1.com/content/dam/fom-website/drivers/C/CARSAI01_Carlos_Sainz/carsai01.png.transform/1col/image.png,ESP,,,,,,,,,
2022,Canadian Grand Prix,Practice 1,George Russell,Mercedes,,25.680246913580245,42.961728395061726,42.098765432098766,2.112345679012346,63,G RUSSELL,RUS,russell,6cd3bf,mercedes,George,Russell,https://www.formula1.com/content/dam/fom-website/drivers/G/GEORUS01_George_Russell/georus01.png.transform/1col/image.png,GBR,,,,,,,,,
2022,Canadian Grand Prix,Practice 1,Valtteri Bottas,Alfa Romeo,,25.680246913580245,42.961728395061726,42.098765432098766,2.112345679012346,77,V BOTTAS,BOT,bottas,b12039,alfa,Valtteri,Bottas,https://www.formula1.com/content/dam/fom-website/drivers/V/VALBOT01_Valtteri_Bottas/valbot01.png.transform/1col/image.png,FIN,,,,,,,,,
2022,Canadian Grand Prix,Practice 2,Max Verstappen,Red Bull Racing,,26.083950617283953,38.46666666666667,40.39506172839506,1.9012345679012341,1,M VERSTAPPEN,VER,max_verstappen,1e5bc6,red_bull,Max,Verstappen,https://www.formula1.com/content/dam/fom-website/drivers/M/MAXVER01_Max_Verstappen/maxver01.png.transform/1col/image.png,NED,,,,,,,,,
2022,Canadian Grand Prix,Practice 2,Daniel Ricciardo,McLaren,,26.083950617283953,38.46666666666667,40.39506172839506,1.9012345679012341,3,D RICCIARDO,RIC,ricciardo,f58020,mclaren,Daniel,Ricciardo,https://www.formula1.com/content/dam/fom-website/drivers/D/DANRIC01_Daniel_Ricciardo/danric01.png.transform/1col/image.png,AUS,,,,,,,,,
2022,Canadian Grand Prix,Practice 2,Lando Norris,McLaren,,26.083950617283953,38.46666666666667,40.39506172839506,1.9012345679012341,4,L NORRIS,NOR,norris,f58020,mclaren,Lando,Norris,https://www.formula1.com/content/dam/fom-website/drivers/L/LANNOR01_Lando_Norris/lannor01.png.transform/1col/image.png,GBR,,,,,,,,,
2022,Canadian Grand Prix,Practice 2,Sebastian Vettel,Aston Martin,,26.083950617283953,38.46666666666667,40.39506172839506,1.9012345679012341,5,S VETTEL,VET,vettel,2d826d,aston_martin,Sebastian,Vettel,https://www.formula1.com/content/dam/fom-website/drivers/S/SEBVET01_Sebastian_Vettel/sebvet01.png.transform/1col/image.png,GER,,,,,,,,,
2022,Canadian Grand Prix,Practice 2,Nicholas Latifi,Williams,,26.083950617283953,38.46666666666667,40.39506172839506,1.9012345679012341,6,N LATIFI,LAT,latifi,37bedd,williams,Nicholas,Latifi,https://www.formula1.com/content/dam/fom-website/drivers/N/NICLAF01_Nicholas_Latifi/niclaf01.png.transform/1col/image.png,CAN,,,,,,,,,
2022,Canadian Grand Prix,Practice 2,Pierre Gasly,AlphaTauri,,26.083950617283953,38.46666666666667,40.39506172839506,1.9012345679012341,10,P GASLY,GAS,gasly,4e7c9b,alphatauri,Pierre,Gasly,https://www.formula1.com/content/dam/fom-website/drivers/P/PIEGAS01_Pierre_Gasly/piegas01.png.transform/1col/image.png,FRA,,,,,,,,,
2022,Canadian Grand Prix,Practice 2,Sergio Perez,Red Bull Racing,,26.083950617283953,38.46666666666667,40.39506172839506,1.9012345679012341,11,S PEREZ,PER,perez,1e5bc6,red_bull,Sergio,Perez,https://www.formula1.com/content/dam/fom-website/drivers/S/SERPER01_Sergio_Perez/serper01.png.transform/1col/image.png,MEX,,,,,,,,,
2022,Canadian Grand Prix,Practice 2,Fernando Alonso,Alpine,,26.083950617283953,38.46666666666667,40.39506172839506,1.9012345679012341,14,F ALONSO,ALO,alonso,2293d1,alpine,Fernando,Alonso,https://www.formula1.com/content/dam/fom-website/drivers/F/FERALO01_Fernando_Alonso/feralo01.png.transform/1col/image.png,ESP,,,,,,,,,
2022,Canadian Grand Prix,Practice 2,Charles Leclerc,Ferrari,,26.083950617283953,38.46666666666667,40.39506172839506,1.9012345679012341,16,C LECLERC,LEC,leclerc,ed1c24,ferrari,Charles,Leclerc,https://www.formula1.com/content/dam/fom-website/drivers/C/CHALEC01_Charles_Leclerc/chalec01.png.transform/1col/image.png,MON,,,,,,,,,
2022,Canadian Grand Prix,Practice 2,Lance Stroll,Aston Martin,,26.083950617283953,38.46666666666667,40.39506172839506,1.9012345679012341,18,L STROLL,STR,stroll,2d826d,aston_martin,Lance,Stroll,https://www.formula1.com/content/dam/fom-website/drivers/L/LANSTR01_Lance_Stroll/lanstr01.png.transform/1col/image.png,CAN,,,,,,,,,
2022,Canadian Grand Prix,Practice 2,Kevin Magnussen,Haas F1 Team,,26.083950617283953,38.46666666666667,40.39506172839506,1.9012345679012341,20,K MAGNUSSEN,MAG,kevin_magnussen,b6babd,haas,Kevin,Magnussen,None,DEN,,,,,,,,,
2022,Canadian Grand Prix,Practice 2,Yuki Tsunoda,AlphaTauri,,26.083950617283953,38.46666666666667,40.39506172839506,1.9012345679012341,22,Y TSUNODA,TSU,tsunoda,4e7c9b,alphatauri,Yuki,Tsunoda,https://www.formula1.com/content/dam/fom-website/drivers/Y/YUKTSU01_Yuki_Tsunoda/yuktsu01.png.transform/1col/image.png,JPN,,,,,,,,,
2022,Canadian Grand Prix,Practice 2,Alexander Albon,Williams,,26.083950617283953,38.46666666666667,40.39506172839506,1.9012345679012341,23,A ALBON,ALB,albon,37bedd,williams,Alexander,Albon,https://www.formula1.com/content/dam/fom-website/drivers/A/ALEALB01_Alexander_Albon/alealb01.png.transform/1col/image.png,THA,,,,,,,,,
2022,Canadian Grand Prix,Practice 2,Guanyu Zhou,Alfa Romeo,,26.083950617283953,38.46666666666667,40.39506172839506,1.9012345679012341,24,G ZHOU,ZHO,zhou,b12039,alfa,Guanyu,Zhou,https://www.formula1.com/content/dam/fom-website/drivers/G/GUAZHO01_Guanyu_Zhou/guazho01.png.transform/1col/image.png,CHN,,,,,,,,,
2022,Canadian Grand Prix,Practice 2,Esteban Ocon,Alpine,,26.083950617283953,38.46666666666667,40.39506172839506,1.9012345679012341,31,E OCON,OCO,ocon,2293d1,alpine,Esteban,Ocon,https://www.formula1.com/content/dam/fom-website/drivers/E/ESTOCO01_Esteban_Ocon/estoco01.png.transform/1col/image.png,FRA,,,,,,,,,
2022,Canadian Grand Prix,Practice 2,Lewis Hamilton,Mercedes,,26.083950617283953,38.46666666666667,40.39506172839506,1.9012345679012341,44,L HAMILTON,HAM,hamilton,6cd3bf,mercedes,Lewis,Hamilton,https://www.formula1.com/content/dam/fom-website/drivers/L/LEWHAM01_Lewis_Hamilton/lewham01.png.transform/1col/image.png,GBR,,,,,,,,,
2022,Canadian Grand Prix,Practice 2,Mick Schumacher,Haas F1 Team,,26.083950617283953,38.46666666666667,40.39506172839506,1.9012345679012341,47,M SCHUMACHER,MSC,mick_schumacher,b6babd,haas,Mick,Schumacher,https://www.formula1.com/content/dam/fom-website/drivers/M/MICSCH02_Mick_Schumacher/micsch02.png.transform/1col/image.png,GER,,,,,,,,,
2022,Canadian Grand Prix,Practice 2,Carlos Sainz,Ferrari,,26.083950617283953,38.46666666666667,40.39506172839506,1.9012345679012341,55,C SAINZ,SAI,sainz,ed1c24,ferrari,Carlos,Sainz,https://www.formula1.com/content/dam/fom-website/drivers/C/CARSAI01_Carlos_Sainz/carsai01.png.transform/1col/image.png,ESP,,,,,,,,,
2022,Canadian Grand Prix,Practice 2,George Russell,Mercedes,,26.083950617283953,38.46666666666667,40.39506172839506,1.9012345679012341,63,G RUSSELL,RUS,russell,6cd3bf,mercedes,George,Russell,https://www.formula1.com/content/dam/fom-website/drivers/G/GEORUS01_George_Russell/georus01.png.transform/1col/image.png,GBR,,,,,,,,,
2022,Canadian Grand Prix,Practice 2,Valtteri Bottas,Alfa Romeo,,26.083950617283953,38.46666666666667,40.39506172839506,1.9012345679012341,77,V BOTTAS,BOT,bottas,b12039,alfa,Valtteri,Bottas,https://www.formula1.com/content/dam/fom-website/drivers/V/VALBOT01_Valtteri_Bottas/valbot01.png.transform/1col/image.png,FIN,,,,,,,,,
2022,Canadian Grand Prix,Practice 3,Max Verstappen,Red Bull Racing,,11.455555555555556,16.604938271604937,82.82716049382717,2.004938271604938,1,M VERSTAPPEN,VER,max_verstappen,1e5bc6,red_bull,Max,Verstappen,https://www.formula1.com/content/dam/fom-website/drivers/M/MAXVER01_Max_Verstappen/maxver01.png.transform/1col/image.png,NED,,,,,,,,,
2022,Canadian Grand Prix,Practice 3,Daniel Ricciardo,McLaren,,11.455555555555556,16.604938271604937,82.82716049382717,2.004938271604938,3,D RICCIARDO,RIC,ricciardo,f58020,mclaren,Daniel,Ricciardo,https://www.formula1.com/content/dam/fom-website/drivers/D/DANRIC01_Daniel_Ricciardo/danric01.png.transform/1col/image.png,AUS,,,,,,,,,
2022,Canadian Grand Prix,Practice 3,Lando Norris,McLaren,,11.455555555555556,16.604938271604937,82.82716049382717,2.004938271604938,4,L NORRIS,NOR,norris,f58020,mclaren,Lando,Norris,https://www.formula1.com/content/dam/fom-website/drivers/L/LANNOR01_Lando_Norris/lannor01.png.transform/1col/image.png,GBR,,,,,,,,,
2022,Canadian Grand Prix,Practice 3,Sebastian Vettel,Aston Martin,,11.455555555555556,16.604938271604937,82.82716049382717,2.004938271604938,5,S VETTEL,VET,vettel,2d826d,aston_martin,Sebastian,Vettel,https://www.formula1.com/content/dam/fom-website/drivers/S/SEBVET01_Sebastian_Vettel/sebvet01.png.transform/1col/image.png,GER,,,,,,,,,
2022,Canadian Grand Prix,Practice 3,Nicholas Latifi,Williams,,11.455555555555556,16.604938271604937,82.82716049382717,2.004938271604938,6,N LATIFI,LAT,latifi,37bedd,williams,Nicholas,Latifi,https://www.formula1.com/content/dam/fom-website/drivers/N/NICLAF01_Nicholas_Latifi/niclaf01.png.transform/1col/image.png,CAN,,,,,,,,,
2022,Canadian Grand Prix,Practice 3,Pierre Gasly,AlphaTauri,,11.455555555555556,16.604938271604937,82.82716049382717,2.004938271604938,10,P GASLY,GAS,gasly,4e7c9b,alphatauri,Pierre,Gasly,https://www.formula1.com/content/dam/fom-website/drivers/P/PIEGAS01_Pierre_Gasly/piegas01.png.transform/1col/image.png,FRA,,,,,,,,,
2022,Canadian Grand Prix,Practice 3,Sergio Perez,Red Bull Racing,,11.455555555555556,16.604938271604937,82.82716049382717,2.004938271604938,11,S PEREZ,PER,perez,1e5bc6,red_bull,Sergio,Perez,https://www.formula1.com/content/dam/fom-website/drivers/S/SERPER01_Sergio_Perez/serper01.png.transform/1col/image.png,MEX,,,,,,,,,
2022,Canadian Grand Prix,Practice 3,Fernando Alonso,Alpine,,11.455555555555556,16.604938271604937,82.82716049382717,2.004938271604938,14,F ALONSO,ALO,alonso,2293d1,alpine,Fernando,Alonso,https://www.formula1.com/content/dam/fom-website/drivers/F/FERALO01_Fernando_Alonso/feralo01.png.transform/1col/image.png,ESP,,,,,,,,,
2022,Canadian Grand Prix,Practice 3,Charles Leclerc,Ferrari,,11.455555555555556,16.604938271604937,82.82716049382717,2.004938271604938,16,C LECLERC,LEC,leclerc,ed1c24,ferrari,Charles,Leclerc,https://www.formula1.com/content/dam/fom-website/drivers/C/CHALEC01_Charles_Leclerc/chalec01.png.transform/1col/image.png,MON,,,,,,,,,
2022,Canadian Grand Prix,Practice 3,Lance Stroll,Aston Martin,,11.455555555555556,16.604938271604937,82.82716049382717,2.004938271604938,18,L STROLL,STR,stroll,2d826d,aston_martin,Lance,Stroll,https://www.formula1.com/content/dam/fom-website/drivers/L/LANSTR01_Lance_Stroll/lanstr01.png.transform/1col/image.png,CAN,,,,,,,,,
2022,Canadian Grand Prix,Practice 3,Kevin Magnussen,Haas F1 Team,,11.455555555555556,16.604938271604937,82.82716049382717,2.004938271604938,20,K MAGNUSSEN,MAG,kevin_magnussen,b6babd,haas,Kevin,Magnussen,None,DEN,,,,,,,,,
2022,Canadian Grand Prix,Practice 3,Yuki Tsunoda,AlphaTauri,,11.455555555555556,16.604938271604937,82.82716049382717,2.004938271604938,22,Y TSUNODA,TSU,tsunoda,4e7c9b,alphatauri,Yuki,Tsunoda,https://www.formula1.com/content/dam/fom-website/drivers/Y/YUKTSU01_Yuki_Tsunoda/yuktsu01.png.transform/1col/image.png,JPN,,,,,,,,,
2022,Canadian Grand Prix,Practice 3,Alexander Albon,Williams,,11.455555555555556,16.604938271604937,82.82716049382717,2.004938271604938,23,A ALBON,ALB,albon,37bedd,williams,Alexander,Albon,https://www.formula1.com/content/dam/fom-website/drivers/A/ALEALB01_Alexander_Albon/alealb01.png.transform/1col/image.png,THA,,,,,,,,,
2022,Canadian Grand Prix,Practice 3,Guanyu Zhou,Alfa Romeo,,11.455555555555556,16.604938271604937,82.82716049382717,2.004938271604938,24,G ZHOU,ZHO,zhou,b12039,alfa,Guanyu,Zhou,https://www.formula1.com/content/dam/fom-website/drivers/G/GUAZHO01_Guanyu_Zhou/guazho01.png.transform/1col/image.png,CHN,,,,,,,,,
2022,Canadian Grand Prix,Practice 3,Esteban Ocon,Alpine,,11.455555555555556,16.604938271604937,82.82716049382717,2.004938271604938,31,E OCON,OCO,ocon,2293d1,alpine,Esteban,Ocon,https://www.formula1.com/content/dam/fom-website/drivers/E/ESTOCO01_Esteban_Ocon/estoco01.png.transform/1col/image.png,FRA,,,,,,,,,
2022,Canadian Grand Prix,Practice 3,Lewis Hamilton,Mercedes,,11.455555555555556,16.604938271604937,82.82716049382717,2.004938271604938,44,L HAMILTON,HAM,hamilton,6cd3bf,mercedes,Lewis,Hamilton,https://www.formula1.com/content/dam/fom-website/drivers/L/LEWHAM01_Lewis_Hamilton/lewham01.png.transform/1col/image.png,GBR,,,,,,,,,
2022,Canadian Grand Prix,Practice 3,Mick Schumacher,Haas F1 Team,,11.455555555555556,16.604938271604937,82.82716049382717,2.004938271604938,47,M SCHUMACHER,MSC,mick_schumacher,b6babd,haas,Mick,Schumacher,https://www.formula1.com/content/dam/fom-website/drivers/M/MICSCH02_Mick_Schumacher/micsch02.png.transform/1col/image.png,GER,,,,,,,,,
2022,Canadian Grand Prix,Practice 3,Carlos Sainz,Ferrari,,11.455555555555556,16.604938271604937,82.82716049382717,2.004938271604938,55,C SAINZ,SAI,sainz,ed1c24,ferrari,Carlos,Sainz,https://www.formula1.com/content/dam/fom-website/drivers/C/CARSAI01_Carlos_Sainz/carsai01.png.transform/1col/image.png,ESP,,,,,,,,,
2022,Canadian Grand Prix,Practice 3,George Russell,Mercedes,,11.455555555555556,16.604938271604937,82.82716049382717,2.004938271604938,63,G RUSSELL,RUS,russell,6cd3bf,mercedes,George,Russell,https://www.formula1.com/content/dam/fom-website/drivers/G/GEORUS01_George_Russell/georus01.png.transform/1col/image.png,GBR,,,,,,,,,
2022,Canadian Grand Prix,Practice 3,Valtteri Bottas,Alfa Romeo,,11.455555555555556,16.604938271604937,82.82716049382717,2.004938271604938,77,V BOTTAS,BOT,bottas,b12039,alfa,Valtteri,Bottas,https://www.formula1.com/content/dam/fom-website/drivers/V/VALBOT01_Valtteri_Bottas/valbot01.png.transform/1col/image.png,FIN,,,,,,,,,
2022,British Grand Prix,Race,Carlos Sainz,Ferrari,1.0,18.25320197044335,30.026108374384233,59.748768472906406,1.4561576354679802,55,C SAINZ,SAI,sainz,ed1c24,ferrari,Carlos,Sainz,https://www.formula1.com/content/dam/fom-website/drivers/C/CARSAI01_Carlos_Sainz/carsai01.png.transform/1col/image.png,ESP,1,1.0,,,,0 days 02:17:50.311000,Finished,25.0,52.0
2022,British Grand Prix,Race,Sergio Perez,Red Bull Racing,2.0,18.25320197044335,30.026108374384233,59.748768472906406,1.4561576354679802,11,S PEREZ,PER,perez,1e5bc6,red_bull,Sergio,Perez,https://www.formula1.com/content/dam/fom-website/drivers/S/SERPER01_Sergio_Perez/serper01.png.transform/1col/image.png,MEX,2,4.0,,,,0 days 00:00:03.779000,Finished,18.0,52.0
2022,British Grand Prix,Race,Lewis Hamilton,Mercedes,3.0,18.25320197044335,30.026108374384233,59.748768472906406,1.4561576354679802,44,L HAMILTON,HAM,hamilton,6cd3bf,mercedes,Lewis,Hamilton,https://www.formula1.com/content/dam/fom-website/drivers/L/LEWHAM01_Lewis_Hamilton/lewham01.png.transform/1col/image.png,GBR,3,5.0,,,,0 days 00:00:06.225000,Finished,16.0,52.0
2022,British Grand Prix,Race,Charles Leclerc,Ferrari,4.0,18.25320197044335,30.026108374384233,59.748768472906406,1.4561576354679802,16,C LECLERC,LEC,leclerc,ed1c24,ferrari,Charles,Leclerc,https://www.formula1.com/content/dam/fom-website/drivers/C/CHALEC01_Charles_Leclerc/chalec01.png.transform/1col/image.png,MON,4,3.0,,,,0 days 00:00:08.546000,Finished,12.0,52.0
2022,British Grand Prix,Race,Fernando Alonso,Alpine,5.0,18.25320197044335,30.026108374384233,59.748768472906406,1.4561576354679802,14,F ALONSO,ALO,alonso,2293d1,alpine,Fernando,Alonso,https://www.formula1.com/content/dam/fom-website/drivers/F/FERALO01_Fernando_Alonso/feralo01.png.transform/1col/image.png,ESP,5,7.0,,,,0 days 00:00:09.571000,Finished,10.0,52.0
2022,British Grand Prix,Race,Lando Norris,McLaren,6.0,18.25320197044335,30.026108374384233,59.748768472906406,1.4561576354679802,4,L NORRIS,NOR,norris,f58020,mclaren,Lando,Norris,https://www.formula1.com/content/dam/fom-website/drivers/L/LANNOR01_Lando_Norris/lannor01.png.transform/1col/image.png,GBR,6,6.0,,,,0 days 00:00:11.943000,Finished,8.0,52.0
2022,British Grand Prix,Race,Max Verstappen,Red Bull Racing,7.0,18.25320197044335,30.026108374384233,59.748768472906406,1.4561576354679802,1,M VERSTAPPEN,VER,max_verstappen,1e5bc6,red_bull,Max,Verstappen,https://www.formula1.com/content/dam/fom-website/drivers/M/MAXVER01_Max_Verstappen/maxver01.png.transform/1col/image.png,NED,7,2.0,,,,0 days 00:00:18.777000,Finished,6.0,52.0
2022,British Grand Prix,Race,Mick Schumacher,Haas F1 Team,8.0,18.25320197044335,30.026108374384233,59.748768472906406,1.4561576354679802,47,M SCHUMACHER,MSC,mick_schumacher,b6babd,haas,Mick,Schumacher,https://www.formula1.com/content/dam/fom-website/drivers/M/MICSCH02_Mick_Schumacher/micsch02.png.transform/1col/image.png,GER,8,19.0,,,,0 days 00:00:18.995000,Finished,4.0,52.0
2022,British Grand Prix,Race,Sebastian Vettel,Aston Martin,9.0,18.25320197044335,30.026108374384233,59.748768472906406,1.4561576354679802,5,S VETTEL,VET,vettel,2d826d,aston_martin,Sebastian,Vettel,https://www.formula1.com/content/dam/fom-website/drivers/S/SEBVET01_Sebastian_Vettel/sebvet01.png.transform/1col/image.png,GER,9,18.0,,,,0 days 00:00:22.356000,Finished,2.0,52.0
2022,British Grand Prix,Race,Kevin Magnussen,Haas F1 Team,10.0,18.25320197044335,30.026108374384233,59.748768472906406,1.4561576354679802,20,K MAGNUSSEN,MAG,kevin_magnussen,b6babd,haas,Kevin,Magnussen,None,DEN,10,17.0,,,,0 days 00:00:24.590000,Finished,1.0,52.0
2022,British Grand Prix,Race,Lance Stroll,Aston Martin,11.0,18.25320197044335,30.026108374384233,59.748768472906406,1.4561576354679802,18,L STROLL,STR,stroll,2d826d,aston_martin,Lance,Stroll,https://www.formula1.com/content/dam/fom-website/drivers/L/LANSTR01_Lance_Stroll/lanstr01.png.transform/1col/image.png,CAN,11,20.0,,,,0 days 00:00:26.147000,Finished,0.0,52.0
2022,British Grand Prix,Race,Nicholas Latifi,Williams,12.0,18.25320197044335,30.026108374384233,59.748768472906406,1.4561576354679802,6,N LATIFI,LAT,latifi,37bedd,williams,Nicholas,Latifi,https://www.formula1.com/content/dam/fom-website/drivers/N/NICLAF01_Nicholas_Latifi/niclaf01.png.transform/1col/image.png,CAN,12,10.0,,,,0 days 00:00:32.511000,Finished,0.0,52.0
2022,British Grand Prix,Race,Daniel Ricciardo,McLaren,13.0,18.25320197044335,30.026108374384233,59.748768472906406,1.4561576354679802,3,D RICCIARDO,RIC,ricciardo,f58020,mclaren,Daniel,Ricciardo,https://www.formula1.com/content/dam/fom-website/drivers/D/DANRIC01_Daniel_Ricciardo/danric01.png.transform/1col/image.png,AUS,13,14.0,,,,0 days 00:00:32.817000,Finished,0.0,52.0
2022,British Grand Prix,Race,Yuki Tsunoda,AlphaTauri,14.0,18.25320197044335,30.026108374384233,59.748768472906406,1.4561576354679802,22,Y TSUNODA,TSU,tsunoda,4e7c9b,alphatauri,Yuki,Tsunoda,https://www.formula1.com/content/dam/fom-website/drivers/Y/YUKTSU01_Yuki_Tsunoda/yuktsu01.png.transform/1col/image.png,JPN,14,13.0,,,,0 days 00:00:40.910000,Finished,0.0,52.0
2022,British Grand Prix,Race,Esteban Ocon,Alpine,15.0,18.25320197044335,30.026108374384233,59.748768472906406,1.4561576354679802,31,E OCON,OCO,ocon,2293d1,alpine,Esteban,Ocon,https://www.formula1.com/content/dam/fom-website/drivers/E/ESTOCO01_Esteban_Ocon/estoco01.png.transform/1col/image.png,FRA,R,15.0,,,,,Fuel pump,0.0,37.0
2022,British Grand Prix,Race,Pierre Gasly,AlphaTauri,16.0,18.25320197044335,30.026108374384233,59.748768472906406,1.4561576354679802,10,P GASLY,GAS,gasly,4e7c9b,alphatauri,Pierre,Gasly,https://www.formula1.com/content/dam/fom-website/drivers/P/PIEGAS01_Pierre_Gasly/piegas01.png.transform/1col/image.png,FRA,R,11.0,,,,,Collision damage,0.0,26.0
2022,British Grand Prix,Race,Valtteri Bottas,Alfa Romeo,17.0,18.25320197044335,30.026108374384233,59.748768472906406,1.4561576354679802,77,V BOTTAS,BOT,bottas,b12039,alfa,Valtteri,Bottas,https://www.formula1.com/content/dam/fom-website/drivers/V/VALBOT01_Valtteri_Bottas/valbot01.png.transform/1col/image.png,FIN,R,12.0,,,,,Gearbox,0.0,20.0
2022,British Grand Prix,Race,George Russell,Mercedes,18.0,18.25320197044335,30.026108374384233,59.748768472906406,1.4561576354679802,63,G RUSSELL,RUS,russell,6cd3bf,mercedes,George,Russell,https://www.formula1.com/content/dam/fom-website/drivers/G/GEORUS01_George_Russell/georus01.png.transform/1col/image.png,GBR,R,8.0,,,,,Collision,0.0,0.0
2022,British Grand Prix,Race,Guanyu Zhou,Alfa Romeo,19.0,18.25320197044335,30.026108374384233,59.748768472906406,1.4561576354679802,24,G ZHOU,ZHO,zhou,b12039,alfa,Guanyu,Zhou,https://www.formula1.com/content/dam/fom-website/drivers/G/GUAZHO01_Guanyu_Zhou/guazho01.png.transform/1col/image.png,CHN,R,9.0,,,,,Collision,0.0,0.0
2022,British Grand Prix,Race,Alexander Albon,Williams,20.0,18.25320197044335,30.026108374384233,59.748768472906406,1.4561576354679802,23,A ALBON,ALB,albon,37bedd,williams,Alexander,Albon,https://www.formula1.com/content/dam/fom-website/drivers/A/ALEALB01_Alexander_Albon/alealb01.png.transform/1col/image.png,THA,R,16.0,,,,,Collision,0.0,0.0
2022,British Grand Prix,Qualifying,Carlos Sainz,Ferrari,1.0,14.903797468354432,20.853164556962028,86.34177215189874,2.817721518987341,55,C SAINZ,SAI,sainz,ed1c24,ferrari,Carlos,Sainz,https://www.formula1.com/content/dam/fom-website/drivers/C/CARSAI01_Carlos_Sainz/carsai01.png.transform/1col/image.png,ESP,,,0 days 00:01:40.190000,0 days 00:01:41.602000,0 days 00:01:40.983000,,,,
2022,British Grand Prix,Qualifying,Max Verstappen,Red Bull Racing,2.0,14.903797468354432,20.853164556962028,86.34177215189874,2.817721518987341,1,M VERSTAPPEN,VER,max_verstappen,1e5bc6,red_bull,Max,Verstappen,https://www.formula1.com/content/dam/fom-website/drivers/M/MAXVER01_Max_Verstappen/maxver01.png.transform/1col/image.png,NED,,,0 days 00:01:39.129000,0 days 00:01:40.655000,0 days 00:01:41.055000,,,,
2022,British Grand Prix,Qualifying,Charles Leclerc,Ferrari,3.0,14.903797468354432,20.853164556962028,86.34177215189874,2.817721518987341,16,C LECLERC,LEC,leclerc,ed1c24,ferrari,Charles,Leclerc,https://www.formula1.com/content/dam/fom-website/drivers/C/CHALEC01_Charles_Leclerc/chalec01.png.transform/1col/image.png,MON,,,0 days 00:01:39.846000,0 days 00:01:41.247000,0 days 00:01:41.298000,,,,
2022,British Grand Prix,Qualifying,Sergio Perez,Red Bull Racing,4.0,14.903797468354432,20.853164556962028,86.34177215189874,2.817721518987341,11,S PEREZ,PER,perez,1e5bc6,red_bull,Sergio,Perez,https://www.formula1.com/content/dam/fom-website/drivers/S/SERPER01_Sergio_Perez/serper01.png.transform/1col/image.png,MEX,,,0 days 00:01:40.521000,0 days 00:01:42.513000,0 days 00:01:41.616000,,,,
2022,British Grand Prix,Qualifying,Lewis Hamilton,Mercedes,5.0,14.903797468354432,20.853164556962028,86.34177215189874,2.817721518987341,44,L HAMILTON,HAM,hamilton,6cd3bf,mercedes,Lewis,Hamilton,https://www.formula1.com/content/dam/fom-website/drivers/L/LEWHAM01_Lewis_Hamilton/lewham01.png.transform/1col/image.png,GBR,,,0 days 00:01:40.428000,0 days 00:01:41.062000,0 days 00:01:41.995000,,,,
2022,British Grand Prix,Qualifying,Lando Norris,McLaren,6.0,14.903797468354432,20.853164556962028,86.34177215189874,2.817721518987341,4,L NORRIS,NOR,norris,f58020,mclaren,Lando,Norris,https://www.formula1.com/content/dam/fom-website/drivers/L/LANNOR01_Lando_Norris/lannor01.png.transform/1col/image.png,GBR,,,0 days 00:01:41.515000,0 days 00:01:41.821000,0 days 00:01:42.084000,,,,
2022,British Grand Prix,Qualifying,Fernando Alonso,Alpine,7.0,14.903797468354432,20.853164556962028,86.34177215189874,2.817721518987341,14,F ALONSO,ALO,alonso,2293d1,alpine,Fernando,Alonso,https://www.formula1.com/content/dam/fom-website/drivers/F/FERALO01_Fernando_Alonso/feralo01.png.transform/1col/image.png,ESP,,,0 days 00:01:41.598000,0 days 00:01:42.209000,0 days 00:01:42.116000,,,,
2022,British Grand Prix,Qualifying,George Russell,Mercedes,8.0,14.903797468354432,20.853164556962028,86.34177215189874,2.817721518987341,63,G RUSSELL,RUS,russell,6cd3bf,mercedes,George,Russell,https://www.formula1.com/content/dam/fom-website/drivers/G/GEORUS01_George_Russell/georus01.png.transform/1col/image.png,GBR,,,0 days 00:01:40.028000,0 days 00:01:41.725000,0 days 00:01:42.161000,,,,
2022,British Grand Prix,Qualifying,Guanyu Zhou,Alfa Romeo,9.0,14.903797468354432,20.853164556962028,86.34177215189874,2.817721518987341,24,G ZHOU,ZHO,zhou,b12039,alfa,Guanyu,Zhou,https://www.formula1.com/content/dam/fom-website/drivers/G/GUAZHO01_Guanyu_Zhou/guazho01.png.transform/1col/image.png,CHN,,,0 days 00:01:40.791000,0 days 00:01:42.640000,0 days 00:01:42.719000,,,,
2022,British Grand Prix,Qualifying,Nicholas Latifi,Williams,10.0,14.903797468354432,20.853164556962028,86.34177215189874,2.817721518987341,6,N LATIFI,LAT,latifi,37bedd,williams,Nicholas,Latifi,https://www.formula1.com/content/dam/fom-website/drivers/N/NICLAF01_Nicholas_Latifi/niclaf01.png.transform/1col/image.png,CAN,,,0 days 00:01:41.998000,0 days 00:01:43.273000,0 days 00:02:03.095000,,,,
2022,British Grand Prix,Qualifying,Pierre Gasly,AlphaTauri,11.0,14.903797468354432,20.853164556962028,86.34177215189874,2.817721518987341,10,P GASLY,GAS,gasly,4e7c9b,alphatauri,Pierre,Gasly,https://www.formula1.com/content/dam/fom-website/drivers/P/PIEGAS01_Pierre_Gasly/piegas01.png.transform/1col/image.png,FRA,,,0 days 00:01:41.680000,0 days 00:01:43.702000,,,,,
2022,British Grand Prix,Qualifying,Valtteri Bottas,Alfa Romeo,12.0,14.903797468354432,20.853164556962028,86.34177215189874,2.817721518987341,77,V BOTTAS,BOT,bottas,b12039,alfa,Valtteri,Bottas,https://www.formula1.com/content/dam/fom-website/drivers/V/VALBOT01_Valtteri_Bottas/valbot01.png.transform/1col/image.png,FIN,,,0 days 00:01:41.396000,0 days 00:01:44.232000,,,,,
2022,British Grand Prix,Qualifying,Yuki Tsunoda,AlphaTauri,13.0,14.903797468354432,20.853164556962028,86.34177215189874,2.817721518987341,22,Y TSUNODA,TSU,tsunoda,4e7c9b,alphatauri,Yuki,Tsunoda,https://www.formula1.com/content/dam/fom-website/drivers/Y/YUKTSU01_Yuki_Tsunoda/yuktsu01.png.transform/1col/image.png,JPN,,,0 days 00:01:41.893000,0 days 00:01:44.311000,,,,,
2022,British Grand Prix,Qualifying,Daniel Ricciardo,McLaren,14.0,14.903797468354432,20.853164556962028,86.34177215189874,2.817721518987341,3,D RICCIARDO,RIC,ricciardo,f58020,mclaren,Daniel,Ricciardo,https://www.formula1.com/content/dam/fom-website/drivers/D/DANRIC01_Daniel_Ricciardo/danric01.png.transform/1col/image.png,AUS,,,0 days 00:01:41.933000,0 days 00:01:44.355000,,,,,
2022,British Grand Prix,Qualifying,Esteban Ocon,Alpine,15.0,14.903797468354432,20.853164556962028,86.34177215189874,2.817721518987341,31,E OCON,OCO,ocon,2293d1,alpine,Esteban,Ocon,https://www.formula1.com/content/dam/fom-website/drivers/E/ESTOCO01_Esteban_Ocon/estoco01.png.transform/1col/image.png,FRA,,,0 days 00:01:41.730000,0 days 00:01:45.190000,,,,,
2022,British Grand Prix,Qualifying,Alexander Albon,Williams,16.0,14.903797468354432,20.853164556962028,86.34177215189874,2.817721518987341,23,A ALBON,ALB,albon,37bedd,williams,Alexander,Albon,https://www.formula1.com/content/dam/fom-website/drivers/A/ALEALB01_Alexander_Albon/alealb01.png.transform/1col/image.png,THA,,,0 days 00:01:42.078000,,,,,,
2022,British Grand Prix,Qualifying,Kevin Magnussen,Haas F1 Team,17.0,14.903797468354432,20.853164556962028,86.34177215189874,2.817721518987341,20,K MAGNUSSEN,MAG,kevin_magnussen,b6babd,haas,Kevin,Magnussen,None,DEN,,,0 days 00:01:42.159000,,,,,,
2022,British Grand Prix,Qualifying,Sebastian Vettel,Aston Martin,18.0,14.903797468354432,20.853164556962028,86.34177215189874,2.817721518987341,5,S VETTEL,VET,vettel,2d826d,aston_martin,Sebastian,Vettel,https://www.formula1.com/content/dam/fom-website/drivers/S/SEBVET01_Sebastian_Vettel/sebvet01.png.transform/1col/image.png,GER,,,0 days 00:01:42.666000,,,,,,
2022,British Grand Prix,Qualifying,Mick Schumacher,Haas F1 Team,19.0,14.903797468354432,20.853164556962028,86.34177215189874,2.817721518987341,47,M SCHUMACHER,MSC,mick_schumacher,b6babd,haas,Mick,Schumacher,https://www.formula1.com/content/dam/fom-website/drivers/M/MICSCH02_Mick_Schumacher/micsch02.png.transform/1col/image.png,GER,,,0 days 00:01:42.708000,,,,,,
2022,British Grand Prix,Qualifying,Lance Stroll,Aston Martin,20.0,14.903797468354432,20.853164556962028,86.34177215189874,2.817721518987341,18,L STROLL,STR,stroll,2d826d,aston_martin,Lance,Stroll,https://www.formula1.com/content/dam/fom-website/drivers/L/LANSTR01_Lance_Stroll/lanstr01.png.transform/1col/image.png,CAN,,,0 days 00:01:43.430000,,,,,,
2022,British Grand Prix,Practice 1,Max Verstappen,Red Bull Racing,,16.290909090909093,24.73896103896104,70.8961038961039,2.014285714285715,1,M VERSTAPPEN,VER,max_verstappen,1e5bc6,red_bull,Max,Verstappen,https://www.formula1.com/content/dam/fom-website/drivers/M/MAXVER01_Max_Verstappen/maxver01.png.transform/1col/image.png,NED,,,,,,,,,
2022,British Grand Prix,Practice 1,Daniel Ricciardo,McLaren,,16.290909090909093,24.73896103896104,70.8961038961039,2.014285714285715,3,D RICCIARDO,RIC,ricciardo,f58020,mclaren,Daniel,Ricciardo,https://www.formula1.com/content/dam/fom-website/drivers/D/DANRIC01_Daniel_Ricciardo/danric01.png.transform/1col/image.png,AUS,,,,,,,,,
2022,British Grand Prix,Practice 1,Lando Norris,McLaren,,16.290909090909093,24.73896103896104,70.8961038961039,2.014285714285715,4,L NORRIS,NOR,norris,f58020,mclaren,Lando,Norris,https://www.formula1.com/content/dam/fom-website/drivers/L/LANNOR01_Lando_Norris/lannor01.png.transform/1col/image.png,GBR,,,,,,,,,
2022,British Grand Prix,Practice 1,Sebastian Vettel,Aston Martin,,16.290909090909093,24.73896103896104,70.8961038961039,2.014285714285715,5,S VETTEL,VET,vettel,2d826d,aston_martin,Sebastian,Vettel,https://www.formula1.com/content/dam/fom-website/drivers/S/SEBVET01_Sebastian_Vettel/sebvet01.png.transform/1col/image.png,GER,,,,,,,,,
2022,British Grand Prix,Practice 1,Nicholas Latifi,Williams,,16.290909090909093,24.73896103896104,70.8961038961039,2.014285714285715,6,N LATIFI,LAT,latifi,37bedd,williams,Nicholas,Latifi,https://www.formula1.com/content/dam/fom-website/drivers/N/NICLAF01_Nicholas_Latifi/niclaf01.png.transform/1col/image.png,CAN,,,,,,,,,
2022,British Grand Prix,Practice 1,Pierre Gasly,AlphaTauri,,16.290909090909093,24.73896103896104,70.8961038961039,2.014285714285715,10,P GASLY,GAS,gasly,4e7c9b,alphatauri,Pierre,Gasly,https://www.formula1.com/content/dam/fom-website/drivers/P/PIEGAS01_Pierre_Gasly/piegas01.png.transform/1col/image.png,FRA,,,,,,,,,
2022,British Grand Prix,Practice 1,Sergio Perez,Red Bull Racing,,16.290909090909093,24.73896103896104,70.8961038961039,2.014285714285715,11,S PEREZ,PER,perez,1e5bc6,red_bull,Sergio,Perez,https://www.formula1.com/content/dam/fom-website/drivers/S/SERPER01_Sergio_Perez/serper01.png.transform/1col/image.png,MEX,,,,,,,,,
2022,British Grand Prix,Practice 1,Fernando Alonso,Alpine,,16.290909090909093,24.73896103896104,70.8961038961039,2.014285714285715,14,F ALONSO,ALO,alonso,2293d1,alpine,Fernando,Alonso,https://www.formula1.com/content/dam/fom-website/drivers/F/FERALO01_Fernando_Alonso/feralo01.png.transform/1col/image.png,ESP,,,,,,,,,
2022,British Grand Prix,Practice 1,Charles Leclerc,Ferrari,,16.290909090909093,24.73896103896104,70.8961038961039,2.014285714285715,16,C LECLERC,LEC,leclerc,ed1c24,ferrari,Charles,Leclerc,https://www.formula1.com/content/dam/fom-website/drivers/C/CHALEC01_Charles_Leclerc/chalec01.png.transform/1col/image.png,MON,,,,,,,,,
2022,British Grand Prix,Practice 1,Lance Stroll,Aston Martin,,16.290909090909093,24.73896103896104,70.8961038961039,2.014285714285715,18,L STROLL,STR,stroll,2d826d,aston_martin,Lance,Stroll,https://www.formula1.com/content/dam/fom-website/drivers/L/LANSTR01_Lance_Stroll/lanstr01.png.transform/1col/image.png,CAN,,,,,,,,,
2022,British Grand Prix,Practice 1,Kevin Magnussen,Haas F1 Team,,16.290909090909093,24.73896103896104,70.8961038961039,2.014285714285715,20,K MAGNUSSEN,MAG,kevin_magnussen,b6babd,haas,Kevin,Magnussen,None,DEN,,,,,,,,,
2022,British Grand Prix,Practice 1,Yuki Tsunoda,AlphaTauri,,16.290909090909093,24.73896103896104,70.8961038961039,2.014285714285715,22,Y TSUNODA,TSU,tsunoda,4e7c9b,alphatauri,Yuki,Tsunoda,https://www.formula1.com/content/dam/fom-website/drivers/Y/YUKTSU01_Yuki_Tsunoda/yuktsu01.png.transform/1col/image.png,JPN,,,,,,,,,
2022,British Grand Prix,Practice 1,Alexander Albon,Williams,,16.290909090909093,24.73896103896104,70.8961038961039,2.014285714285715,23,A ALBON,ALB,albon,37bedd,williams,Alexander,Albon,https://www.formula1.com/content/dam/fom-website/drivers/A/ALEALB01_Alexander_Albon/alealb01.png.transform/1col/image.png,THA,,,,,,,,,
2022,British Grand Prix,Practice 1,Guanyu Zhou,Alfa Romeo,,16.290909090909093,24.73896103896104,70.8961038961039,2.014285714285715,24,G ZHOU,ZHO,zhou,b12039,alfa,Guanyu,Zhou,https://www.formula1.com/content/dam/fom-website/drivers/G/GUAZHO01_Guanyu_Zhou/guazho01.png.transform/1col/image.png,CHN,,,,,,,,,
2022,British Grand Prix,Practice 1,Esteban Ocon,Alpine,,16.290909090909093,24.73896103896104,70.8961038961039,2.014285714285715,31,E OCON,OCO,ocon,2293d1,alpine,Esteban,Ocon,https://www.formula1.com/content/dam/fom-website/drivers/E/ESTOCO01_Esteban_Ocon/estoco01.png.transform/1col/image.png,FRA,,,,,,,,,
2022,British Grand Prix,Practice 1,Lewis Hamilton,Mercedes,,16.290909090909093,24.73896103896104,70.8961038961039,2.014285714285715,44,L HAMILTON,HAM,hamilton,6cd3bf,mercedes,Lewis,Hamilton,https://www.formula1.com/content/dam/fom-website/drivers/L/LEWHAM01_Lewis_Hamilton/lewham01.png.transform/1col/image.png,GBR,,,,,,,,,
2022,British Grand Prix,Practice 1,Mick Schumacher,Haas F1 Team,,16.290909090909093,24.73896103896104,70.8961038961039,2.014285714285715,47,M SCHUMACHER,MSC,mick_schumacher,b6babd,haas,Mick,Schumacher,https://www.formula1.com/content/dam/fom-website/drivers/M/MICSCH02_Mick_Schumacher/micsch02.png.transform/1col/image.png,GER,,,,,,,,,
2022,British Grand Prix,Practice 1,Carlos Sainz,Ferrari,,16.290909090909093,24.73896103896104,70.8961038961039,2.014285714285715,55,C SAINZ,SAI,sainz,ed1c24,ferrari,Carlos,Sainz,https://www.formula1.com/content/dam/fom-website/drivers/C/CARSAI01_Carlos_Sainz/carsai01.png.transform/1col/image.png,ESP,,,,,,,,,
2022,British Grand Prix,Practice 1,George Russell,Mercedes,,16.290909090909093,24.73896103896104,70.8961038961039,2.014285714285715,63,G RUSSELL,RUS,russell,6cd3bf,mercedes,George,Russell,https://www.formula1.com/content/dam/fom-website/drivers/G/GEORUS01_George_Russell/georus01.png.transform/1col/image.png,GBR,,,,,,,,,
2022,British Grand Prix,Practice 1,Valtteri Bottas,Alfa Romeo,,16.290909090909093,24.73896103896104,70.8961038961039,2.014285714285715,77,V BOTTAS,BOT,bottas,b12039,alfa,Valtteri,Bottas,https://www.formula1.com/content/dam/fom-website/drivers/V/VALBOT01_Valtteri_Bottas/valbot01.png.transform/1col/image.png,FIN,,,,,,,,,
2022,British Grand Prix,Practice 2,Max Verstappen,Red Bull Racing,,18.78148148148148,30.346913580246913,50.074074074074076,4.01358024691358,1,M VERSTAPPEN,VER,max_verstappen,1e5bc6,red_bull,Max,Verstappen,https://www.formula1.com/content/dam/fom-website/drivers/M/MAXVER01_Max_Verstappen/maxver01.png.transform/1col/image.png,NED,,,,,,,,,
2022,British Grand Prix,Practice 2,Daniel Ricciardo,McLaren,,18.78148148148148,30.346913580246913,50.074074074074076,4.01358024691358,3,D RICCIARDO,RIC,ricciardo,f58020,mclaren,Daniel,Ricciardo,https://www.formula1.com/content/dam/fom-website/drivers/D/DANRIC01_Daniel_Ricciardo/danric01.png.transform/1col/image.png,AUS,,,,,,,,,
2022,British Grand Prix,Practice 2,Lando Norris,McLaren,,18.78148148148148,30.346913580246913,50.074074074074076,4.01358024691358,4,L NORRIS,NOR,norris,f58020,mclaren,Lando,Norris,https://www.formula1.com/content/dam/fom-website/drivers/L/LANNOR01_Lando_Norris/lannor01.png.transform/1col/image.png,GBR,,,,,,,,,
2022,British Grand Prix,Practice 2,Sebastian Vettel,Aston Martin,,18.78148148148148,30.346913580246913,50.074074074074076,4.01358024691358,5,S VETTEL,VET,vettel,2d826d,aston_martin,Sebastian,Vettel,https://www.formula1.com/content/dam/fom-website/drivers/S/SEBVET01_Sebastian_Vettel/sebvet01.png.transform/1col/image.png,GER,,,,,,,,,
2022,British Grand Prix,Practice 2,Nicholas Latifi,Williams,,18.78148148148148,30.346913580246913,50.074074074074076,4.01358024691358,6,N LATIFI,LAT,latifi,37bedd,williams,Nicholas,Latifi,https://www.formula1.com/content/dam/fom-website/drivers/N/NICLAF01_Nicholas_Latifi/niclaf01.png.transform/1col/image.png,CAN,,,,,,,,,
2022,British Grand Prix,Practice 2,Pierre Gasly,AlphaTauri,,18.78148148148148,30.346913580246913,50.074074074074076,4.01358024691358,10,P GASLY,GAS,gasly,4e7c9b,alphatauri,Pierre,Gasly,https://www.formula1.com/content/dam/fom-website/drivers/P/PIEGAS01_Pierre_Gasly/piegas01.png.transform/1col/image.png,FRA,,,,,,,,,
2022,British Grand Prix,Practice 2,Sergio Perez,Red Bull Racing,,18.78148148148148,30.346913580246913,50.074074074074076,4.01358024691358,11,S PEREZ,PER,perez,1e5bc6,red_bull,Sergio,Perez,https://www.formula1.com/content/dam/fom-website/drivers/S/SERPER01_Sergio_Perez/serper01.png.transform/1col/image.png,MEX,,,,,,,,,
2022,British Grand Prix,Practice 2,Fernando Alonso,Alpine,,18.78148148148148,30.346913580246913,50.074074074074076,4.01358024691358,14,F ALONSO,ALO,alonso,2293d1,alpine,Fernando,Alonso,https://www.formula1.com/content/dam/fom-website/drivers/F/FERALO01_Fernando_Alonso/feralo01.png.transform/1col/image.png,ESP,,,,,,,,,
2022,British Grand Prix,Practice 2,Charles Leclerc,Ferrari,,18.78148148148148,30.346913580246913,50.074074074074076,4.01358024691358,16,C LECLERC,LEC,leclerc,ed1c24,ferrari,Charles,Leclerc,https://www.formula1.com/content/dam/fom-website/drivers/C/CHALEC01_Charles_Leclerc/chalec01.png.transform/1col/image.png,MON,,,,,,,,,
2022,British Grand Prix,Practice 2,Lance Stroll,Aston Martin,,18.78148148148148,30.346913580246913,50.074074074074076,4.01358024691358,18,L STROLL,STR,stroll,2d826d,aston_martin,Lance,Stroll,https://www.formula1.com/content/dam/fom-website/drivers/L/LANSTR01_Lance_Stroll/lanstr01.png.transform/1col/image.png,CAN,,,,,,,,,
2022,British Grand Prix,Practice 2,Kevin Magnussen,Haas F1 Team,,18.78148148148148,30.346913580246913,50.074074074074076,4.01358024691358,20,K MAGNUSSEN,MAG,kevin_magnussen,b6babd,haas,Kevin,Magnussen,None,DEN,,,,,,,,,
2022,British Grand Prix,Practice 2,Yuki Tsunoda,AlphaTauri,,18.78148148148148,30.346913580246913,50.074074074074076,4.01358024691358,22,Y TSUNODA,TSU,tsunoda,4e7c9b,alphatauri,Yuki,Tsunoda,https://www.formula1.com/content/dam/fom-website/drivers/Y/YUKTSU01_Yuki_Tsunoda/yuktsu01.png.transform/1col/image.png,JPN,,,,,,,,,
2022,British Grand Prix,Practice 2,Alexander Albon,Williams,,18.78148148148148,30.346913580246913,50.074074074074076,4.01358024691358,23,A ALBON,ALB,albon,37bedd,williams,Alexander,Albon,https://www.formula1.com/content/dam/fom-website/drivers/A/ALEALB01_Alexander_Albon/alealb01.png.transform/1col/image.png,THA,,,,,,,,,
2022,British Grand Prix,Practice 2,Guanyu Zhou,Alfa Romeo,,18.78148148148148,30.346913580246913,50.074074074074076,4.01358024691358,24,G ZHOU,ZHO,zhou,b12039,alfa,Guanyu,Zhou,https://www.formula1.com/content/dam/fom-website/drivers/G/GUAZHO01_Guanyu_Zhou/guazho01.png.transform/1col/image.png,CHN,,,,,,,,,
2022,British Grand Prix,Practice 2,Esteban Ocon,Alpine,,18.78148148148148,30.346913580246913,50.074074074074076,4.01358024691358,31,E OCON,OCO,ocon,2293d1,alpine,Esteban,Ocon,https://www.formula1.com/content/dam/fom-website/drivers/E/ESTOCO01_Esteban_Ocon/estoco01.png.transform/1col/image.png,FRA,,,,,,,,,
2022,British Grand Prix,Practice 2,Lewis Hamilton,Mercedes,,18.78148148148148,30.346913580246913,50.074074074074076,4.01358024691358,44,L HAMILTON,HAM,hamilton,6cd3bf,mercedes,Lewis,Hamilton,https://www.formula1.com/content/dam/fom-website/drivers/L/LEWHAM01_Lewis_Hamilton/lewham01.png.transform/1col/image.png,GBR,,,,,,,,,
2022,British Grand Prix,Practice 2,Mick Schumacher,Haas F1 Team,,18.78148148148148,30.346913580246913,50.074074074074076,4.01358024691358,47,M SCHUMACHER,MSC,mick_schumacher,b6babd,haas,Mick,Schumacher,https://www.formula1.com/content/dam/fom-website/drivers/M/MICSCH02_Mick_Schumacher/micsch02.png.transform/1col/image.png,GER,,,,,,,,,
2022,British Grand Prix,Practice 2,Carlos Sainz,Ferrari,,18.78148148148148,30.346913580246913,50.074074074074076,4.01358024691358,55,C SAINZ,SAI,sainz,ed1c24,ferrari,Carlos,Sainz,https://www.formula1.com/content/dam/fom-website/drivers/C/CARSAI01_Carlos_Sainz/carsai01.png.transform/1col/image.png,ESP,,,,,,,,,
2022,British Grand Prix,Practice 2,George Russell,Mercedes,,18.78148148148148,30.346913580246913,50.074074074074076,4.01358024691358,63,G RUSSELL,RUS,russell,6cd3bf,mercedes,George,Russell,https://www.formula1.com/content/dam/fom-website/drivers/G/GEORUS01_George_Russell/georus01.png.transform/1col/image.png,GBR,,,,,,,,,
2022,British Grand Prix,Practice 2,Valtteri Bottas,Alfa Romeo,,18.78148148148148,30.346913580246913,50.074074074074076,4.01358024691358,77,V BOTTAS,BOT,bottas,b12039,alfa,Valtteri,Bottas,https://www.formula1.com/content/dam/fom-website/drivers/V/VALBOT01_Valtteri_Bottas/valbot01.png.transform/1col/image.png,FIN,,,,,,,,,
2022,British Grand Prix,Practice 3,Max Verstappen,Red Bull Racing,,17.328395061728397,25.093827160493827,66.24691358024691,4.724691358024692,1,M VERSTAPPEN,VER,max_verstappen,1e5bc6,red_bull,Max,Verstappen,https://www.formula1.com/content/dam/fom-website/drivers/M/MAXVER01_Max_Verstappen/maxver01.png.transform/1col/image.png,NED,,,,,,,,,
2022,British Grand Prix,Practice 3,Daniel Ricciardo,McLaren,,17.328395061728397,25.093827160493827,66.24691358024691,4.724691358024692,3,D RICCIARDO,RIC,ricciardo,f58020,mclaren,Daniel,Ricciardo,https://www.formula1.com/content/dam/fom-website/drivers/D/DANRIC01_Daniel_Ricciardo/danric01.png.transform/1col/image.png,AUS,,,,,,,,,
2022,British Grand Prix,Practice 3,Lando Norris,McLaren,,17.328395061728397,25.093827160493827,66.24691358024691,4.724691358024692,4,L NORRIS,NOR,norris,f58020,mclaren,Lando,Norris,https://www.formula1.com/content/dam/fom-website/drivers/L/LANNOR01_Lando_Norris/lannor01.png.transform/1col/image.png,GBR,,,,,,,,,
2022,British Grand Prix,Practice 3,Sebastian Vettel,Aston Martin,,17.328395061728397,25.093827160493827,66.24691358024691,4.724691358024692,5,S VETTEL,VET,vettel,2d826d,aston_martin,Sebastian,Vettel,https://www.formula1.com/content/dam/fom-website/drivers/S/SEBVET01_Sebastian_Vettel/sebvet01.png.transform/1col/image.png,GER,,,,,,,,,
2022,British Grand Prix,Practice 3,Nicholas Latifi,Williams,,17.328395061728397,25.093827160493827,66.24691358024691,4.724691358024692,6,N LATIFI,LAT,latifi,37bedd,williams,Nicholas,Latifi,https://www.formula1.com/content/dam/fom-website/drivers/N/NICLAF01_Nicholas_Latifi/niclaf01.png.transform/1col/image.png,CAN,,,,,,,,,
2022,British Grand Prix,Practice 3,Pierre Gasly,AlphaTauri,,17.328395061728397,25.093827160493827,66.24691358024691,4.724691358024692,10,P GASLY,GAS,gasly,4e7c9b,alphatauri,Pierre,Gasly,https://www.formula1.com/content/dam/fom-website/drivers/P/PIEGAS01_Pierre_Gasly/piegas01.png.transform/1col/image.png,FRA,,,,,,,,,
2022,British Grand Prix,Practice 3,Sergio Perez,Red Bull Racing,,17.328395061728397,25.093827160493827,66.24691358024691,4.724691358024692,11,S PEREZ,PER,perez,1e5bc6,red_bull,Sergio,Perez,https://www.formula1.com/content/dam/fom-website/drivers/S/SERPER01_Sergio_Perez/serper01.png.transform/1col/image.png,MEX,,,,,,,,,
2022,British Grand Prix,Practice 3,Fernando Alonso,Alpine,,17.328395061728397,25.093827160493827,66.24691358024691,4.724691358024692,14,F ALONSO,ALO,alonso,2293d1,alpine,Fernando,Alonso,https://www.formula1.com/content/dam/fom-website/drivers/F/FERALO01_Fernando_Alonso/feralo01.png.transform/1col/image.png,ESP,,,,,,,,,
2022,British Grand Prix,Practice 3,Charles Leclerc,Ferrari,,17.328395061728397,25.093827160493827,66.24691358024691,4.724691358024692,16,C LECLERC,LEC,leclerc,ed1c24,ferrari,Charles,Leclerc,https://www.formula1.com/content/dam/fom-website/drivers/C/CHALEC01_Charles_Leclerc/chalec01.png.transform/1col/image.png,MON,,,,,,,,,
2022,British Grand Prix,Practice 3,Lance Stroll,Aston Martin,,17.328395061728397,25.093827160493827,66.24691358024691,4.724691358024692,18,L STROLL,STR,stroll,2d826d,aston_martin,Lance,Stroll,https://www.formula1.com/content/dam/fom-website/drivers/L/LANSTR01_Lance_Stroll/lanstr01.png.transform/1col/image.png,CAN,,,,,,,,,
2022,British Grand Prix,Practice 3,Kevin Magnussen,Haas F1 Team,,17.328395061728397,25.093827160493827,66.24691358024691,4.724691358024692,20,K MAGNUSSEN,MAG,kevin_magnussen,b6babd,haas,Kevin,Magnussen,None,DEN,,,,,,,,,
2022,British Grand Prix,Practice 3,Yuki Tsunoda,AlphaTauri,,17.328395061728397,25.093827160493827,66.24691358024691,4.724691358024692,22,Y TSUNODA,TSU,tsunoda,4e7c9b,alphatauri,Yuki,Tsunoda,https://www.formula1.com/content/dam/fom-website/drivers/Y/YUKTSU01_Yuki_Tsunoda/yuktsu01.png.transform/1col/image.png,JPN,,,,,,,,,
2022,British Grand Prix,Practice 3,Alexander Albon,Williams,,17.328395061728397,25.093827160493827,66.24691358024691,4.724691358024692,23,A ALBON,ALB,albon,37bedd,williams,Alexander,Albon,https://www.formula1.com/content/dam/fom-website/drivers/A/ALEALB01_Alexander_Albon/alealb01.png.transform/1col/image.png,THA,,,,,,,,,
2022,British Grand Prix,Practice 3,Guanyu Zhou,Alfa Romeo,,17.328395061728397,25.093827160493827,66.24691358024691,4.724691358024692,24,G ZHOU,ZHO,zhou,b12039,alfa,Guanyu,Zhou,https://www.formula1.com/content/dam/fom-website/drivers/G/GUAZHO01_Guanyu_Zhou/guazho01.png.transform/1col/image.png,CHN,,,,,,,,,
2022,British Grand Prix,Practice 3,Esteban Ocon,Alpine,,17.328395061728397,25.093827160493827,66.24691358024691,4.724691358024692,31,E OCON,OCO,ocon,2293d1,alpine,Esteban,Ocon,https://www.formula1.com/content/dam/fom-website/drivers/E/ESTOCO01_Esteban_Ocon/estoco01.png.transform/1col/image.png,FRA,,,,,,,,,
2022,British Grand Prix,Practice 3,Lewis Hamilton,Mercedes,,17.328395061728397,25.093827160493827,66.24691358024691,4.724691358024692,44,L HAMILTON,HAM,hamilton,6cd3bf,mercedes,Lewis,Hamilton,https://www.formula1.com/content/dam/fom-website/drivers/L/LEWHAM01_Lewis_Hamilton/lewham01.png.transform/1col/image.png,GBR,,,,,,,,,
2022,British Grand Prix,Practice 3,Mick Schumacher,Haas F1 Team,,17.328395061728397,25.093827160493827,66.24691358024691,4.724691358024692,47,M SCHUMACHER,MSC,mick_schumacher,b6babd,haas,Mick,Schumacher,https://www.formula1.com/content/dam/fom-website/drivers/M/MICSCH02_Mick_Schumacher/micsch02.png.transform/1col/image.png,GER,,,,,,,,,
2022,British Grand Prix,Practice 3,Carlos Sainz,Ferrari,,17.328395061728397,25.093827160493827,66.24691358024691,4.724691358024692,55,C SAINZ,SAI,sainz,ed1c24,ferrari,Carlos,Sainz,https://www.formula1.com/content/dam/fom-website/drivers/C/CARSAI01_Carlos_Sainz/carsai01.png.transform/1col/image.png,ESP,,,,,,,,,
2022,British Grand Prix,Practice 3,George Russell,Mercedes,,17.328395061728397,25.093827160493827,66.24691358024691,4.724691358024692,63,G RUSSELL,RUS,russell,6cd3bf,mercedes,George,Russell,https://www.formula1.com/content/dam/fom-website/drivers/G/GEORUS01_George_Russell/georus01.png.transform/1col/image.png,GBR,,,,,,,,,
2022,British Grand Prix,Practice 3,Valtteri Bottas,Alfa Romeo,,17.328395061728397,25.093827160493827,66.24691358024691,4.724691358024692,77,V BOTTAS,BOT,bottas,b12039,alfa,Valtteri,Bottas,https://www.formula1.com/content/dam/fom-website/drivers/V/VALBOT01_Valtteri_Bottas/valbot01.png.transform/1col/image.png,FIN,,,,,,,,,
2022,Austrian Grand Prix,Race,Charles Leclerc,Ferrari,1.0,20.25592105263158,30.74671052631579,35.13815789473684,1.2552631578947369,16,C LECLERC,LEC,leclerc,ed1c24,ferrari,Charles,Leclerc,https://www.formula1.com/content/dam/fom-website/drivers/C/CHALEC01_Charles_Leclerc/chalec01.png.transform/1col/image.png,MON,1,2.0,,,,0 days 01:24:24.312000,Finished,25.0,71.0
2022,Austrian Grand Prix,Race,Max Verstappen,Red Bull Racing,2.0,20.25592105263158,30.74671052631579,35.13815789473684,1.2552631578947369,1,M VERSTAPPEN,VER,max_verstappen,1e5bc6,red_bull,Max,Verstappen,https://www.formula1.com/content/dam/fom-website/drivers/M/MAXVER01_Max_Verstappen/maxver01.png.transform/1col/image.png,NED,2,1.0,,,,0 days 00:00:01.532000,Finished,19.0,71.0
2022,Austrian Grand Prix,Race,Lewis Hamilton,Mercedes,3.0,20.25592105263158,30.74671052631579,35.13815789473684,1.2552631578947369,44,L HAMILTON,HAM,hamilton,6cd3bf,mercedes,Lewis,Hamilton,https://www.formula1.com/content/dam/fom-website/drivers/L/LEWHAM01_Lewis_Hamilton/lewham01.png.transform/1col/image.png,GBR,3,8.0,,,,0 days 00:00:41.217000,Finished,15.0,71.0
2022,Austrian Grand Prix,Race,George Russell,Mercedes,4.0,20.25592105263158,30.74671052631579,35.13815789473684,1.2552631578947369,63,G RUSSELL,RUS,russell,6cd3bf,mercedes,George,Russell,https://www.formula1.com/content/dam/fom-website/drivers/G/GEORUS01_George_Russell/georus01.png.transform/1col/image.png,GBR,4,4.0,,,,0 days 00:00:58.972000,Finished,12.0,71.0
2022,Austrian Grand Prix,Race,Esteban Ocon,Alpine,5.0,20.25592105263158,30.74671052631579,35.13815789473684,1.2552631578947369,31,E OCON,OCO,ocon,2293d1,alpine,Esteban,Ocon,https://www.formula1.com/content/dam/fom-website/drivers/E/ESTOCO01_Esteban_Ocon/estoco01.png.transform/1col/image.png,FRA,5,6.0,,,,0 days 00:01:08.436000,Finished,10.0,71.0
2022,Austrian Grand Prix,Race,Mick Schumacher,Haas F1 Team,6.0,20.25592105263158,30.74671052631579,35.13815789473684,1.2552631578947369,47,M SCHUMACHER,MSC,mick_schumacher,b6babd,haas,Mick,Schumacher,https://www.formula1.com/content/dam/fom-website/drivers/M/MICSCH02_Mick_Schumacher/micsch02.png.transform/1col/image.png,GER,6,9.0,,,,,+1 Lap,8.0,70.0
2022,Austrian Grand Prix,Race,Lando Norris,McLaren,7.0,20.25592105263158,30.74671052631579,35.13815789473684,1.2552631578947369,4,L NORRIS,NOR,norris,f58020,mclaren,Lando,Norris,https://www.formula1.com/content/dam/fom-website/drivers/L/LANNOR01_Lando_Norris/lannor01.png.transform/1col/image.png,GBR,7,10.0,,,,,+1 Lap,6.0,70.0
2022,Austrian Grand Prix,Race,Kevin Magnussen,Haas F1 Team,8.0,20.25592105263158,30.74671052631579,35.13815789473684,1.2552631578947369,20,K MAGNUSSEN,MAG,kevin_magnussen,b6babd,haas,Kevin,Magnussen,None,DEN,8,7.0,,,,,+1 Lap,4.0,70.0
2022,Austrian Grand Prix,Race,Daniel Ricciardo,McLaren,9.0,20.25592105263158,30.74671052631579,35.13815789473684,1.2552631578947369,3,D RICCIARDO,RIC,ricciardo,f58020,mclaren,Daniel,Ricciardo,https://www.formula1.com/content/dam/fom-website/drivers/D/DANRIC01_Daniel_Ricciardo/danric01.png.transform/1col/image.png,AUS,9,11.0,,,,,+1 Lap,2.0,70.0
2022,Austrian Grand Prix,Race,Fernando Alonso,Alpine,10.0,20.25592105263158,30.74671052631579,35.13815789473684,1.2552631578947369,14,F ALONSO,ALO,alonso,2293d1,alpine,Fernando,Alonso,https://www.formula1.com/content/dam/fom-website/drivers/F/FERALO01_Fernando_Alonso/feralo01.png.transform/1col/image.png,ESP,10,19.0,,,,,+1 Lap,1.0,70.0
2022,Austrian Grand Prix,Race,Valtteri Bottas,Alfa Romeo,11.0,20.25592105263158,30.74671052631579,35.13815789473684,1.2552631578947369,77,V BOTTAS,BOT,bottas,b12039,alfa,Valtteri,Bottas,https://www.formula1.com/content/dam/fom-website/drivers/V/VALBOT01_Valtteri_Bottas/valbot01.png.transform/1col/image.png,FIN,11,0.0,,,,,+1 Lap,0.0,70.0
2022,Austrian Grand Prix,Race,Alexander Albon,Williams,12.0,20.25592105263158,30.74671052631579,35.13815789473684,1.2552631578947369,23,A ALBON,ALB,albon,37bedd,williams,Alexander,Albon,https://www.formula1.com/content/dam/fom-website/drivers/A/ALEALB01_Alexander_Albon/alealb01.png.transform/1col/image.png,THA,12,15.0,,,,,+1 Lap,0.0,70.0
2022,Austrian Grand Prix,Race,Lance Stroll,Aston Martin,13.0,20.25592105263158,30.74671052631579,35.13815789473684,1.2552631578947369,18,L STROLL,STR,stroll,2d826d,aston_martin,Lance,Stroll,https://www.formula1.com/content/dam/fom-website/drivers/L/LANSTR01_Lance_Stroll/lanstr01.png.transform/1col/image.png,CAN,13,12.0,,,,,+1 Lap,0.0,70.0
2022,Austrian Grand Prix,Race,Guanyu Zhou,Alfa Romeo,14.0,20.25592105263158,30.74671052631579,35.13815789473684,1.2552631578947369,24,G ZHOU,ZHO,zhou,b12039,alfa,Guanyu,Zhou,https://www.formula1.com/content/dam/fom-website/drivers/G/GUAZHO01_Guanyu_Zhou/guazho01.png.transform/1col/image.png,CHN,14,13.0,,,,,+1 Lap,0.0,70.0
2022,Austrian Grand Prix,Race,Pierre Gasly,AlphaTauri,15.0,20.25592105263158,30.74671052631579,35.13815789473684,1.2552631578947369,10,P GASLY,GAS,gasly,4e7c9b,alphatauri,Pierre,Gasly,https://www.formula1.com/content/dam/fom-website/drivers/P/PIEGAS01_Pierre_Gasly/piegas01.png.transform/1col/image.png,FRA,15,14.0,,,,,+1 Lap,0.0,70.0
2022,Austrian Grand Prix,Race,Yuki Tsunoda,AlphaTauri,16.0,20.25592105263158,30.74671052631579,35.13815789473684,1.2552631578947369,22,Y TSUNODA,TSU,tsunoda,4e7c9b,alphatauri,Yuki,Tsunoda,https://www.formula1.com/content/dam/fom-website/drivers/Y/YUKTSU01_Yuki_Tsunoda/yuktsu01.png.transform/1col/image.png,JPN,16,16.0,,,,,+1 Lap,0.0,70.0
2022,Austrian Grand Prix,Race,Sebastian Vettel,Aston Martin,17.0,20.25592105263158,30.74671052631579,35.13815789473684,1.2552631578947369,5,S VETTEL,VET,vettel,2d826d,aston_martin,Sebastian,Vettel,https://www.formula1.com/content/dam/fom-website/drivers/S/SEBVET01_Sebastian_Vettel/sebvet01.png.transform/1col/image.png,GER,17,18.0,,,,,+1 Lap,0.0,70.0
2022,Austrian Grand Prix,Race,Carlos Sainz,Ferrari,18.0,20.25592105263158,30.74671052631579,35.13815789473684,1.2552631578947369,55,C SAINZ,SAI,sainz,ed1c24,ferrari,Carlos,Sainz,https://www.formula1.com/content/dam/fom-website/drivers/C/CARSAI01_Carlos_Sainz/carsai01.png.transform/1col/image.png,ESP,R,3.0,,,,,Power Unit,0.0,56.0
2022,Austrian Grand Prix,Race,Nicholas Latifi,Williams,19.0,20.25592105263158,30.74671052631579,35.13815789473684,1.2552631578947369,6,N LATIFI,LAT,latifi,37bedd,williams,Nicholas,Latifi,https://www.formula1.com/content/dam/fom-website/drivers/N/NICLAF01_Nicholas_Latifi/niclaf01.png.transform/1col/image.png,CAN,R,17.0,,,,,Undertray,0.0,48.0
2022,Austrian Grand Prix,Race,Sergio Perez,Red Bull Racing,20.0,20.25592105263158,30.74671052631579,35.13815789473684,1.2552631578947369,11,S PEREZ,PER,perez,1e5bc6,red_bull,Sergio,Perez,https://www.formula1.com/content/dam/fom-website/drivers/S/SERPER01_Sergio_Perez/serper01.png.transform/1col/image.png,MEX,R,5.0,,,,,Collision damage,0.0,24.0
2022,Austrian Grand Prix,Qualifying,Max Verstappen,Red Bull Racing,1.0,19.0010101010101,35.94949494949495,34.43434343434343,1.5080808080808081,1,M VERSTAPPEN,VER,max_verstappen,1e5bc6,red_bull,Max,Verstappen,https://www.formula1.com/content/dam/fom-website/drivers/M/MAXVER01_Max_Verstappen/maxver01.png.transform/1col/image.png,NED,,,0 days 00:01:05.852000,0 days 00:01:05.374000,0 days 00:01:04.984000,,,,
2022,Austrian Grand Prix,Qualifying,Charles Leclerc,Ferrari,2.0,19.0010101010101,35.94949494949495,34.43434343434343,1.5080808080808081,16,C LECLERC,LEC,leclerc,ed1c24,ferrari,Charles,Leclerc,https://www.formula1.com/content/dam/fom-website/drivers/C/CHALEC01_Charles_Leclerc/chalec01.png.transform/1col/image.png,MON,,,0 days 00:01:05.419000,0 days 00:01:05.287000,0 days 00:01:05.013000,,,,
2022,Austrian Grand Prix,Qualifying,Carlos Sainz,Ferrari,3.0,19.0010101010101,35.94949494949495,34.43434343434343,1.5080808080808081,55,C SAINZ,SAI,sainz,ed1c24,ferrari,Carlos,Sainz,https://www.formula1.com/content/dam/fom-website/drivers/C/CARSAI01_Carlos_Sainz/carsai01.png.transform/1col/image.png,ESP,,,0 days 00:01:05.660000,0 days 00:01:05.576000,0 days 00:01:05.066000,,,,
2022,Austrian Grand Prix,Qualifying,George Russell,Mercedes,4.0,19.0010101010101,35.94949494949495,34.43434343434343,1.5080808080808081,63,G RUSSELL,RUS,russell,6cd3bf,mercedes,George,Russell,https://www.formula1.com/content/dam/fom-website/drivers/G/GEORUS01_George_Russell/georus01.png.transform/1col/image.png,GBR,,,0 days 00:01:06.235000,0 days 00:01:05.697000,0 days 00:01:05.431000,,,,
2022,Austrian Grand Prix,Qualifying,Esteban Ocon,Alpine,5.0,19.0010101010101,35.94949494949495,34.43434343434343,1.5080808080808081,31,E OCON,OCO,ocon,2293d1,alpine,Esteban,Ocon,https://www.formula1.com/content/dam/fom-website/drivers/E/ESTOCO01_Esteban_Ocon/estoco01.png.transform/1col/image.png,FRA,,,0 days 00:01:06.468000,0 days 00:01:05.993000,0 days 00:01:05.726000,,,,
2022,Austrian Grand Prix,Qualifying,Kevin Magnussen,Haas F1 Team,6.0,19.0010101010101,35.94949494949495,34.43434343434343,1.5080808080808081,20,K MAGNUSSEN,MAG,kevin_magnussen,b6babd,haas,Kevin,Magnussen,None,DEN,,,0 days 00:01:06.366000,0 days 00:01:05.894000,0 days 00:01:05.879000,,,,
2022,Austrian Grand Prix,Qualifying,Mick Schumacher,Haas F1 Team,7.0,19.0010101010101,35.94949494949495,34.43434343434343,1.5080808080808081,47,M SCHUMACHER,MSC,mick_schumacher,b6babd,haas,Mick,Schumacher,https://www.formula1.com/content/dam/fom-website/drivers/M/MICSCH02_Mick_Schumacher/micsch02.png.transform/1col/image.png,GER,,,0 days 00:01:06.405000,0 days 00:01:06.151000,0 days 00:01:06.011000,,,,
2022,Austrian Grand Prix,Qualifying,Fernando Alonso,Alpine,8.0,19.0010101010101,35.94949494949495,34.43434343434343,1.5080808080808081,14,F ALONSO,ALO,alonso,2293d1,alpine,Fernando,Alonso,https://www.formula1.com/content/dam/fom-website/drivers/F/FERALO01_Fernando_Alonso/feralo01.png.transform/1col/image.png,ESP,,,0 days 00:01:06.016000,0 days 00:01:06.082000,0 days 00:01:06.103000,,,,
2022,Austrian Grand Prix,Qualifying,Lewis Hamilton,Mercedes,9.0,19.0010101010101,35.94949494949495,34.43434343434343,1.5080808080808081,44,L HAMILTON,HAM,hamilton,6cd3bf,mercedes,Lewis,Hamilton,https://www.formula1.com/content/dam/fom-website/drivers/L/LEWHAM01_Lewis_Hamilton/lewham01.png.transform/1col/image.png,GBR,,,0 days 00:01:06.079000,0 days 00:01:05.475000,0 days 00:01:13.151000,,,,
2022,Austrian Grand Prix,Qualifying,Pierre Gasly,AlphaTauri,10.0,19.0010101010101,35.94949494949495,34.43434343434343,1.5080808080808081,10,P GASLY,GAS,gasly,4e7c9b,alphatauri,Pierre,Gasly,https://www.formula1.com/content/dam/fom-website/drivers/P/PIEGAS01_Pierre_Gasly/piegas01.png.transform/1col/image.png,FRA,,,0 days 00:01:06.589000,0 days 00:01:06.160000,,,,,
2022,Austrian Grand Prix,Qualifying,Alexander Albon,Williams,11.0,19.0010101010101,35.94949494949495,34.43434343434343,1.5080808080808081,23,A ALBON,ALB,albon,37bedd,williams,Alexander,Albon,https://www.formula1.com/content/dam/fom-website/drivers/A/ALEALB01_Alexander_Albon/alealb01.png.transform/1col/image.png,THA,,,0 days 00:01:06.516000,0 days 00:01:06.230000,,,,,
2022,Austrian Grand Prix,Qualifying,Valtteri Bottas,Alfa Romeo,12.0,19.0010101010101,35.94949494949495,34.43434343434343,1.5080808080808081,77,V BOTTAS,BOT,bottas,b12039,alfa,Valtteri,Bottas,https://www.formula1.com/content/dam/fom-website/drivers/V/VALBOT01_Valtteri_Bottas/valbot01.png.transform/1col/image.png,FIN,,,0 days 00:01:06.442000,0 days 00:01:06.319000,,,,,
2022,Austrian Grand Prix,Qualifying,Sergio Perez,Red Bull Racing,13.0,19.0010101010101,35.94949494949495,34.43434343434343,1.5080808080808081,11,S PEREZ,PER,perez,1e5bc6,red_bull,Sergio,Perez,https://www.formula1.com/content/dam/fom-website/drivers/S/SERPER01_Sergio_Perez/serper01.png.transform/1col/image.png,MEX,,,0 days 00:01:06.143000,0 days 00:01:06.458000,,,,,
2022,Austrian Grand Prix,Qualifying,Yuki Tsunoda,AlphaTauri,14.0,19.0010101010101,35.94949494949495,34.43434343434343,1.5080808080808081,22,Y TSUNODA,TSU,tsunoda,4e7c9b,alphatauri,Yuki,Tsunoda,https://www.formula1.com/content/dam/fom-website/drivers/Y/YUKTSU01_Yuki_Tsunoda/yuktsu01.png.transform/1col/image.png,JPN,,,0 days 00:01:06.463000,0 days 00:01:06.851000,,,,,
2022,Austrian Grand Prix,Qualifying,Lando Norris,McLaren,15.0,19.0010101010101,35.94949494949495,34.43434343434343,1.5080808080808081,4,L NORRIS,NOR,norris,f58020,mclaren,Lando,Norris,https://www.formula1.com/content/dam/fom-website/drivers/L/LANNOR01_Lando_Norris/lannor01.png.transform/1col/image.png,GBR,,,0 days 00:01:06.330000,0 days 00:01:25.847000,,,,,
2022,Austrian Grand Prix,Qualifying,Daniel Ricciardo,McLaren,16.0,19.0010101010101,35.94949494949495,34.43434343434343,1.5080808080808081,3,D RICCIARDO,RIC,ricciardo,f58020,mclaren,Daniel,Ricciardo,https://www.formula1.com/content/dam/fom-website/drivers/D/DANRIC01_Daniel_Ricciardo/danric01.png.transform/1col/image.png,AUS,,,0 days 00:01:06.613000,,,,,,
2022,Austrian Grand Prix,Qualifying,Lance Stroll,Aston Martin,17.0,19.0010101010101,35.94949494949495,34.43434343434343,1.5080808080808081,18,L STROLL,STR,stroll,2d826d,aston_martin,Lance,Stroll,https://www.formula1.com/content/dam/fom-website/drivers/L/LANSTR01_Lance_Stroll/lanstr01.png.transform/1col/image.png,CAN,,,0 days 00:01:06.847000,,,,,,
2022,Austrian Grand Prix,Qualifying,Guanyu Zhou,Alfa Romeo,18.0,19.0010101010101,35.94949494949495,34.43434343434343,1.5080808080808081,24,G ZHOU,ZHO,zhou,b12039,alfa,Guanyu,Zhou,https://www.formula1.com/content/dam/fom-website/drivers/G/GUAZHO01_Guanyu_Zhou/guazho01.png.transform/1col/image.png,CHN,,,0 days 00:01:06.901000,,,,,,
2022,Austrian Grand Prix,Qualifying,Nicholas Latifi,Williams,19.0,19.0010101010101,35.94949494949495,34.43434343434343,1.5080808080808081,6,N LATIFI,LAT,latifi,37bedd,williams,Nicholas,Latifi,https://www.formula1.com/content/dam/fom-website/drivers/N/NICLAF01_Nicholas_Latifi/niclaf01.png.transform/1col/image.png,CAN,,,0 days 00:01:07.003000,,,,,,
2022,Austrian Grand Prix,Qualifying,Sebastian Vettel,Aston Martin,20.0,19.0010101010101,35.94949494949495,34.43434343434343,1.5080808080808081,5,S VETTEL,VET,vettel,2d826d,aston_martin,Sebastian,Vettel,https://www.formula1.com/content/dam/fom-website/drivers/S/SEBVET01_Sebastian_Vettel/sebvet01.png.transform/1col/image.png,GER,,,0 days 00:01:07.083000,,,,,,
2022,Austrian Grand Prix,Sprint,Max Verstappen,Red Bull Racing,1.0,21.039583333333333,34.940625,33.270833333333336,1.5250000000000004,1,M VERSTAPPEN,VER,max_verstappen,1e5bc6,red_bull,Max,Verstappen,https://www.formula1.com/content/dam/fom-website/drivers/M/MAXVER01_Max_Verstappen/maxver01.png.transform/1col/image.png,NED,1,1.0,,,,0 days 00:26:30.059000,Finished,8.0,23.0
2022,Austrian Grand Prix,Sprint,Charles Leclerc,Ferrari,2.0,21.039583333333333,34.940625,33.270833333333336,1.5250000000000004,16,C LECLERC,LEC,leclerc,ed1c24,ferrari,Charles,Leclerc,https://www.formula1.com/content/dam/fom-website/drivers/C/CHALEC01_Charles_Leclerc/chalec01.png.transform/1col/image.png,MON,2,2.0,,,,0 days 00:00:01.675000,Finished,7.0,23.0
2022,Austrian Grand Prix,Sprint,Carlos Sainz,Ferrari,3.0,21.039583333333333,34.940625,33.270833333333336,1.5250000000000004,55,C SAINZ,SAI,sainz,ed1c24,ferrari,Carlos,Sainz,https://www.formula1.com/content/dam/fom-website/drivers/C/CARSAI01_Carlos_Sainz/carsai01.png.transform/1col/image.png,ESP,3,3.0,,,,0 days 00:00:05.644000,Finished,6.0,23.0
2022,Austrian Grand Prix,Sprint,George Russell,Mercedes,4.0,21.039583333333333,34.940625,33.270833333333336,1.5250000000000004,63,G RUSSELL,RUS,russell,6cd3bf,mercedes,George,Russell,https://www.formula1.com/content/dam/fom-website/drivers/G/GEORUS01_George_Russell/georus01.png.transform/1col/image.png,GBR,4,4.0,,,,0 days 00:00:13.429000,Finished,5.0,23.0
2022,Austrian Grand Prix,Sprint,Sergio Perez,Red Bull Racing,5.0,21.039583333333333,34.940625,33.270833333333336,1.5250000000000004,11,S PEREZ,PER,perez,1e5bc6,red_bull,Sergio,Perez,https://www.formula1.com/content/dam/fom-website/drivers/S/SERPER01_Sergio_Perez/serper01.png.transform/1col/image.png,MEX,5,13.0,,,,0 days 00:00:18.302000,Finished,4.0,23.0
2022,Austrian Grand Prix,Sprint,Esteban Ocon,Alpine,6.0,21.039583333333333,34.940625,33.270833333333336,1.5250000000000004,31,E OCON,OCO,ocon,2293d1,alpine,Esteban,Ocon,https://www.formula1.com/content/dam/fom-website/drivers/E/ESTOCO01_Esteban_Ocon/estoco01.png.transform/1col/image.png,FRA,6,5.0,,,,0 days 00:00:31.032000,Finished,3.0,23.0
2022,Austrian Grand Prix,Sprint,Kevin Magnussen,Haas F1 Team,7.0,21.039583333333333,34.940625,33.270833333333336,1.5250000000000004,20,K MAGNUSSEN,MAG,kevin_magnussen,b6babd,haas,Kevin,Magnussen,None,DEN,7,6.0,,,,0 days 00:00:34.539000,Finished,2.0,23.0
2022,Austrian Grand Prix,Sprint,Lewis Hamilton,Mercedes,8.0,21.039583333333333,34.940625,33.270833333333336,1.5250000000000004,44,L HAMILTON,HAM,hamilton,6cd3bf,mercedes,Lewis,Hamilton,https://www.formula1.com/content/dam/fom-website/drivers/L/LEWHAM01_Lewis_Hamilton/lewham01.png.transform/1col/image.png,GBR,8,9.0,,,,0 days 00:00:35.447000,Finished,1.0,23.0
2022,Austrian Grand Prix,Sprint,Mick Schumacher,Haas F1 Team,9.0,21.039583333333333,34.940625,33.270833333333336,1.5250000000000004,47,M SCHUMACHER,MSC,mick_schumacher,b6babd,haas,Mick,Schumacher,https://www.formula1.com/content/dam/fom-website/drivers/M/MICSCH02_Mick_Schumacher/micsch02.png.transform/1col/image.png,GER,9,7.0,,,,0 days 00:00:37.163000,Finished,0.0,23.0
2022,Austrian Grand Prix,Sprint,Valtteri Bottas,Alfa Romeo,10.0,21.039583333333333,34.940625,33.270833333333336,1.5250000000000004,77,V BOTTAS,BOT,bottas,b12039,alfa,Valtteri,Bottas,https://www.formula1.com/content/dam/fom-website/drivers/V/VALBOT01_Valtteri_Bottas/valbot01.png.transform/1col/image.png,FIN,10,12.0,,,,0 days 00:00:37.557000,Finished,0.0,23.0
2022,Austrian Grand Prix,Sprint,Lando Norris,McLaren,11.0,21.039583333333333,34.940625,33.270833333333336,1.5250000000000004,4,L NORRIS,NOR,norris,f58020,mclaren,Lando,Norris,https://www.formula1.com/content/dam/fom-website/drivers/L/LANNOR01_Lando_Norris/lannor01.png.transform/1col/image.png,GBR,11,15.0,,,,0 days 00:00:38.580000,Finished,0.0,23.0
2022,Austrian Grand Prix,Sprint,Daniel Ricciardo,McLaren,12.0,21.039583333333333,34.940625,33.270833333333336,1.5250000000000004,3,D RICCIARDO,RIC,ricciardo,f58020,mclaren,Daniel,Ricciardo,https://www.formula1.com/content/dam/fom-website/drivers/D/DANRIC01_Daniel_Ricciardo/danric01.png.transform/1col/image.png,AUS,12,16.0,,,,0 days 00:00:39.738000,Finished,0.0,23.0
2022,Austrian Grand Prix,Sprint,Lance Stroll,Aston Martin,13.0,21.039583333333333,34.940625,33.270833333333336,1.5250000000000004,18,L STROLL,STR,stroll,2d826d,aston_martin,Lance,Stroll,https://www.formula1.com/content/dam/fom-website/drivers/L/LANSTR01_Lance_Stroll/lanstr01.png.transform/1col/image.png,CAN,13,17.0,,,,0 days 00:00:48.241000,Finished,0.0,23.0
2022,Austrian Grand Prix,Sprint,Guanyu Zhou,Alfa Romeo,14.0,21.039583333333333,34.940625,33.270833333333336,1.5250000000000004,24,G ZHOU,ZHO,zhou,b12039,alfa,Guanyu,Zhou,https://www.formula1.com/content/dam/fom-website/drivers/G/GUAZHO01_Guanyu_Zhou/guazho01.png.transform/1col/image.png,CHN,14,18.0,,,,0 days 00:00:50.753000,Finished,0.0,23.0
2022,Austrian Grand Prix,Sprint,Pierre Gasly,AlphaTauri,15.0,21.039583333333333,34.940625,33.270833333333336,1.5250000000000004,10,P GASLY,GAS,gasly,4e7c9b,alphatauri,Pierre,Gasly,https://www.formula1.com/content/dam/fom-website/drivers/P/PIEGAS01_Pierre_Gasly/piegas01.png.transform/1col/image.png,FRA,15,10.0,,,,0 days 00:00:52.125000,Finished,0.0,23.0
2022,Austrian Grand Prix,Sprint,Alexander Albon,Williams,16.0,21.039583333333333,34.940625,33.270833333333336,1.5250000000000004,23,A ALBON,ALB,albon,37bedd,williams,Alexander,Albon,https://www.formula1.com/content/dam/fom-website/drivers/A/ALEALB01_Alexander_Albon/alealb01.png.transform/1col/image.png,THA,16,11.0,,,,0 days 00:00:52.412000,Finished,0.0,23.0
2022,Austrian Grand Prix,Sprint,Yuki Tsunoda,AlphaTauri,17.0,21.039583333333333,34.940625,33.270833333333336,1.5250000000000004,22,Y TSUNODA,TSU,tsunoda,4e7c9b,alphatauri,Yuki,Tsunoda,https://www.formula1.com/content/dam/fom-website/drivers/Y/YUKTSU01_Yuki_Tsunoda/yuktsu01.png.transform/1col/image.png,JPN,17,14.0,,,,0 days 00:00:54.556000,Finished,0.0,23.0
2022,Austrian Grand Prix,Sprint,Nicholas Latifi,Williams,18.0,21.039583333333333,34.940625,33.270833333333336,1.5250000000000004,6,N LATIFI,LAT,latifi,37bedd,williams,Nicholas,Latifi,https://www.formula1.com/content/dam/fom-website/drivers/N/NICLAF01_Nicholas_Latifi/niclaf01.png.transform/1col/image.png,CAN,18,19.0,,,,0 days 00:01:08.694000,Finished,0.0,23.0
2022,Austrian Grand Prix,Sprint,Sebastian Vettel,Aston Martin,19.0,21.039583333333333,34.940625,33.270833333333336,1.5250000000000004,5,S VETTEL,VET,vettel,2d826d,aston_martin,Sebastian,Vettel,https://www.formula1.com/content/dam/fom-website/drivers/S/SEBVET01_Sebastian_Vettel/sebvet01.png.transform/1col/image.png,GER,19,20.0,,,,,Collision damage,0.0,21.0
2022,Austrian Grand Prix,Sprint,Fernando Alonso,Alpine,20.0,21.039583333333333,34.940625,33.270833333333336,1.5250000000000004,14,F ALONSO,ALO,alonso,2293d1,alpine,Fernando,Alonso,https://www.formula1.com/content/dam/fom-website/drivers/F/FERALO01_Fernando_Alonso/feralo01.png.transform/1col/image.png,ESP,R,8.0,,,,,Electrical,0.0,0.0
2022,Austrian Grand Prix,Practice 1,Max Verstappen,Red Bull Racing,,18.20246913580247,38.339506172839506,37.098765432098766,2.416049382716049,1,M VERSTAPPEN,VER,max_verstappen,1e5bc6,red_bull,Max,Verstappen,https://www.formula1.com/content/dam/fom-website/drivers/M/MAXVER01_Max_Verstappen/maxver01.png.transform/1col/image.png,NED,,,,,,,,,
2022,Austrian Grand Prix,Practice 1,Daniel Ricciardo,McLaren,,18.20246913580247,38.339506172839506,37.098765432098766,2.416049382716049,3,D RICCIARDO,RIC,ricciardo,f58020,mclaren,Daniel,Ricciardo,https://www.formula1.com/content/dam/fom-website/drivers/D/DANRIC01_Daniel_Ricciardo/danric01.png.transform/1col/image.png,AUS,,,,,,,,,
2022,Austrian Grand Prix,Practice 1,Lando Norris,McLaren,,18.20246913580247,38.339506172839506,37.098765432098766,2.416049382716049,4,L NORRIS,NOR,norris,f58020,mclaren,Lando,Norris,https://www.formula1.com/content/dam/fom-website/drivers/L/LANNOR01_Lando_Norris/lannor01.png.transform/1col/image.png,GBR,,,,,,,,,
2022,Austrian Grand Prix,Practice 1,Sebastian Vettel,Aston Martin,,18.20246913580247,38.339506172839506,37.098765432098766,2.416049382716049,5,S VETTEL,VET,vettel,2d826d,aston_martin,Sebastian,Vettel,https://www.formula1.com/content/dam/fom-website/drivers/S/SEBVET01_Sebastian_Vettel/sebvet01.png.transform/1col/image.png,GER,,,,,,,,,
2022,Austrian Grand Prix,Practice 1,Nicholas Latifi,Williams,,18.20246913580247,38.339506172839506,37.098765432098766,2.416049382716049,6,N LATIFI,LAT,latifi,37bedd,williams,Nicholas,Latifi,https://www.formula1.com/content/dam/fom-website/drivers/N/NICLAF01_Nicholas_Latifi/niclaf01.png.transform/1col/image.png,CAN,,,,,,,,,
2022,Austrian Grand Prix,Practice 1,Pierre Gasly,AlphaTauri,,18.20246913580247,38.339506172839506,37.098765432098766,2.416049382716049,10,P GASLY,GAS,gasly,4e7c9b,alphatauri,Pierre,Gasly,https://www.formula1.com/content/dam/fom-website/drivers/P/PIEGAS01_Pierre_Gasly/piegas01.png.transform/1col/image.png,FRA,,,,,,,,,
2022,Austrian Grand Prix,Practice 1,Sergio Perez,Red Bull Racing,,18.20246913580247,38.339506172839506,37.098765432098766,2.416049382716049,11,S PEREZ,PER,perez,1e5bc6,red_bull,Sergio,Perez,https://www.formula1.com/content/dam/fom-website/drivers/S/SERPER01_Sergio_Perez/serper01.png.transform/1col/image.png,MEX,,,,,,,,,
2022,Austrian Grand Prix,Practice 1,Fernando Alonso,Alpine,,18.20246913580247,38.339506172839506,37.098765432098766,2.416049382716049,14,F ALONSO,ALO,alonso,2293d1,alpine,Fernando,Alonso,https://www.formula1.com/content/dam/fom-website/drivers/F/FERALO01_Fernando_Alonso/feralo01.png.transform/1col/image.png,ESP,,,,,,,,,
2022,Austrian Grand Prix,Practice 1,Charles Leclerc,Ferrari,,18.20246913580247,38.339506172839506,37.098765432098766,2.416049382716049,16,C LECLERC,LEC,leclerc,ed1c24,ferrari,Charles,Leclerc,https://www.formula1.com/content/dam/fom-website/drivers/C/CHALEC01_Charles_Leclerc/chalec01.png.transform/1col/image.png,MON,,,,,,,,,
2022,Austrian Grand Prix,Practice 1,Lance Stroll,Aston Martin,,18.20246913580247,38.339506172839506,37.098765432098766,2.416049382716049,18,L STROLL,STR,stroll,2d826d,aston_martin,Lance,Stroll,https://www.formula1.com/content/dam/fom-website/drivers/L/LANSTR01_Lance_Stroll/lanstr01.png.transform/1col/image.png,CAN,,,,,,,,,
2022,Austrian Grand Prix,Practice 1,Kevin Magnussen,Haas F1 Team,,18.20246913580247,38.339506172839506,37.098765432098766,2.416049382716049,20,K MAGNUSSEN,MAG,kevin_magnussen,b6babd,haas,Kevin,Magnussen,None,DEN,,,,,,,,,
2022,Austrian Grand Prix,Practice 1,Yuki Tsunoda,AlphaTauri,,18.20246913580247,38.339506172839506,37.098765432098766,2.416049382716049,22,Y TSUNODA,TSU,tsunoda,4e7c9b,alphatauri,Yuki,Tsunoda,https://www.formula1.com/content/dam/fom-website/drivers/Y/YUKTSU01_Yuki_Tsunoda/yuktsu01.png.transform/1col/image.png,JPN,,,,,,,,,
2022,Austrian Grand Prix,Practice 1,Alexander Albon,Williams,,18.20246913580247,38.339506172839506,37.098765432098766,2.416049382716049,23,A ALBON,ALB,albon,37bedd,williams,Alexander,Albon,https://www.formula1.com/content/dam/fom-website/drivers/A/ALEALB01_Alexander_Albon/alealb01.png.transform/1col/image.png,THA,,,,,,,,,
2022,Austrian Grand Prix,Practice 1,Guanyu Zhou,Alfa Romeo,,18.20246913580247,38.339506172839506,37.098765432098766,2.416049382716049,24,G ZHOU,ZHO,zhou,b12039,alfa,Guanyu,Zhou,https://www.formula1.com/content/dam/fom-website/drivers/G/GUAZHO01_Guanyu_Zhou/guazho01.png.transform/1col/image.png,CHN,,,,,,,,,
2022,Austrian Grand Prix,Practice 1,Esteban Ocon,Alpine,,18.20246913580247,38.339506172839506,37.098765432098766,2.416049382716049,31,E OCON,OCO,ocon,2293d1,alpine,Esteban,Ocon,https://www.formula1.com/content/dam/fom-website/drivers/E/ESTOCO01_Esteban_Ocon/estoco01.png.transform/1col/image.png,FRA,,,,,,,,,
2022,Austrian Grand Prix,Practice 1,Lewis Hamilton,Mercedes,,18.20246913580247,38.339506172839506,37.098765432098766,2.416049382716049,44,L HAMILTON,HAM,hamilton,6cd3bf,mercedes,Lewis,Hamilton,https://www.formula1.com/content/dam/fom-website/drivers/L/LEWHAM01_Lewis_Hamilton/lewham01.png.transform/1col/image.png,GBR,,,,,,,,,
2022,Austrian Grand Prix,Practice 1,Mick Schumacher,Haas F1 Team,,18.20246913580247,38.339506172839506,37.098765432098766,2.416049382716049,47,M SCHUMACHER,MSC,mick_schumacher,b6babd,haas,Mick,Schumacher,https://www.formula1.com/content/dam/fom-website/drivers/M/MICSCH02_Mick_Schumacher/micsch02.png.transform/1col/image.png,GER,,,,,,,,,
2022,Austrian Grand Prix,Practice 1,Carlos Sainz,Ferrari,,18.20246913580247,38.339506172839506,37.098765432098766,2.416049382716049,55,C SAINZ,SAI,sainz,ed1c24,ferrari,Carlos,Sainz,https://www.formula1.com/content/dam/fom-website/drivers/C/CARSAI01_Carlos_Sainz/carsai01.png.transform/1col/image.png,ESP,,,,,,,,,
2022,Austrian Grand Prix,Practice 1,George Russell,Mercedes,,18.20246913580247,38.339506172839506,37.098765432098766,2.416049382716049,63,G RUSSELL,RUS,russell,6cd3bf,mercedes,George,Russell,https://www.formula1.com/content/dam/fom-website/drivers/G/GEORUS01_George_Russell/georus01.png.transform/1col/image.png,GBR,,,,,,,,,
2022,Austrian Grand Prix,Practice 1,Valtteri Bottas,Alfa Romeo,,18.20246913580247,38.339506172839506,37.098765432098766,2.416049382716049,77,V BOTTAS,BOT,bottas,b12039,alfa,Valtteri,Bottas,https://www.formula1.com/content/dam/fom-website/drivers/V/VALBOT01_Valtteri_Bottas/valbot01.png.transform/1col/image.png,FIN,,,,,,,,,
2022,Austrian Grand Prix,Practice 2,Max Verstappen,Red Bull Racing,,19.82592592592593,34.48888888888889,42.22222222222222,1.746913580246914,1,M VERSTAPPEN,VER,max_verstappen,1e5bc6,red_bull,Max,Verstappen,https://www.formula1.com/content/dam/fom-website/drivers/M/MAXVER01_Max_Verstappen/maxver01.png.transform/1col/image.png,NED,,,,,,,,,
2022,Austrian Grand Prix,Practice 2,Daniel Ricciardo,McLaren,,19.82592592592593,34.48888888888889,42.22222222222222,1.746913580246914,3,D RICCIARDO,RIC,ricciardo,f58020,mclaren,Daniel,Ricciardo,https://www.formula1.com/content/dam/fom-website/drivers/D/DANRIC01_Daniel_Ricciardo/danric01.png.transform/1col/image.png,AUS,,,,,,,,,
2022,Austrian Grand Prix,Practice 2,Lando Norris,McLaren,,19.82592592592593,34.48888888888889,42.22222222222222,1.746913580246914,4,L NORRIS,NOR,norris,f58020,mclaren,Lando,Norris,https://www.formula1.com/content/dam/fom-website/drivers/L/LANNOR01_Lando_Norris/lannor01.png.transform/1col/image.png,GBR,,,,,,,,,
2022,Austrian Grand Prix,Practice 2,Sebastian Vettel,Aston Martin,,19.82592592592593,34.48888888888889,42.22222222222222,1.746913580246914,5,S VETTEL,VET,vettel,2d826d,aston_martin,Sebastian,Vettel,https://www.formula1.com/content/dam/fom-website/drivers/S/SEBVET01_Sebastian_Vettel/sebvet01.png.transform/1col/image.png,GER,,,,,,,,,
2022,Austrian Grand Prix,Practice 2,Nicholas Latifi,Williams,,19.82592592592593,34.48888888888889,42.22222222222222,1.746913580246914,6,N LATIFI,LAT,latifi,37bedd,williams,Nicholas,Latifi,https://www.formula1.com/content/dam/fom-website/drivers/N/NICLAF01_Nicholas_Latifi/niclaf01.png.transform/1col/image.png,CAN,,,,,,,,,
2022,Austrian Grand Prix,Practice 2,Pierre Gasly,AlphaTauri,,19.82592592592593,34.48888888888889,42.22222222222222,1.746913580246914,10,P GASLY,GAS,gasly,4e7c9b,alphatauri,Pierre,Gasly,https://www.formula1.com/content/dam/fom-website/drivers/P/PIEGAS01_Pierre_Gasly/piegas01.png.transform/1col/image.png,FRA,,,,,,,,,
2022,Austrian Grand Prix,Practice 2,Sergio Perez,Red Bull Racing,,19.82592592592593,34.48888888888889,42.22222222222222,1.746913580246914,11,S PEREZ,PER,perez,1e5bc6,red_bull,Sergio,Perez,https://www.formula1.com/content/dam/fom-website/drivers/S/SERPER01_Sergio_Perez/serper01.png.transform/1col/image.png,MEX,,,,,,,,,
2022,Austrian Grand Prix,Practice 2,Fernando Alonso,Alpine,,19.82592592592593,34.48888888888889,42.22222222222222,1.746913580246914,14,F ALONSO,ALO,alonso,2293d1,alpine,Fernando,Alonso,https://www.formula1.com/content/dam/fom-website/drivers/F/FERALO01_Fernando_Alonso/feralo01.png.transform/1col/image.png,ESP,,,,,,,,,
2022,Austrian Grand Prix,Practice 2,Charles Leclerc,Ferrari,,19.82592592592593,34.48888888888889,42.22222222222222,1.746913580246914,16,C LECLERC,LEC,leclerc,ed1c24,ferrari,Charles,Leclerc,https://www.formula1.com/content/dam/fom-website/drivers/C/CHALEC01_Charles_Leclerc/chalec01.png.transform/1col/image.png,MON,,,,,,,,,
2022,Austrian Grand Prix,Practice 2,Lance Stroll,Aston Martin,,19.82592592592593,34.48888888888889,42.22222222222222,1.746913580246914,18,L STROLL,STR,stroll,2d826d,aston_martin,Lance,Stroll,https://www.formula1.com/content/dam/fom-website/drivers/L/LANSTR01_Lance_Stroll/lanstr01.png.transform/1col/image.png,CAN,,,,,,,,,
2022,Austrian Grand Prix,Practice 2,Kevin Magnussen,Haas F1 Team,,19.82592592592593,34.48888888888889,42.22222222222222,1.746913580246914,20,K MAGNUSSEN,MAG,kevin_magnussen,b6babd,haas,Kevin,Magnussen,None,DEN,,,,,,,,,
2022,Austrian Grand Prix,Practice 2,Yuki Tsunoda,AlphaTauri,,19.82592592592593,34.48888888888889,42.22222222222222,1.746913580246914,22,Y TSUNODA,TSU,tsunoda,4e7c9b,alphatauri,Yuki,Tsunoda,https://www.formula1.com/content/dam/fom-website/drivers/Y/YUKTSU01_Yuki_Tsunoda/yuktsu01.png.transform/1col/image.png,JPN,,,,,,,,,
2022,Austrian Grand Prix,Practice 2,Alexander Albon,Williams,,19.82592592592593,34.48888888888889,42.22222222222222,1.746913580246914,23,A ALBON,ALB,albon,37bedd,williams,Alexander,Albon,https://www.formula1.com/content/dam/fom-website/drivers/A/ALEALB01_Alexander_Albon/alealb01.png.transform/1col/image.png,THA,,,,,,,,,
2022,Austrian Grand Prix,Practice 2,Guanyu Zhou,Alfa Romeo,,19.82592592592593,34.48888888888889,42.22222222222222,1.746913580246914,24,G ZHOU,ZHO,zhou,b12039,alfa,Guanyu,Zhou,https://www.formula1.com/content/dam/fom-website/drivers/G/GUAZHO01_Guanyu_Zhou/guazho01.png.transform/1col/image.png,CHN,,,,,,,,,
2022,Austrian Grand Prix,Practice 2,Esteban Ocon,Alpine,,19.82592592592593,34.48888888888889,42.22222222222222,1.746913580246914,31,E OCON,OCO,ocon,2293d1,alpine,Esteban,Ocon,https://www.formula1.com/content/dam/fom-website/drivers/E/ESTOCO01_Esteban_Ocon/estoco01.png.transform/1col/image.png,FRA,,,,,,,,,
2022,Austrian Grand Prix,Practice 2,Lewis Hamilton,Mercedes,,19.82592592592593,34.48888888888889,42.22222222222222,1.746913580246914,44,L HAMILTON,HAM,hamilton,6cd3bf,mercedes,Lewis,Hamilton,https://www.formula1.com/content/dam/fom-website/drivers/L/LEWHAM01_Lewis_Hamilton/lewham01.png.transform/1col/image.png,GBR,,,,,,,,,
2022,Austrian Grand Prix,Practice 2,Mick Schumacher,Haas F1 Team,,19.82592592592593,34.48888888888889,42.22222222222222,1.746913580246914,47,M SCHUMACHER,MSC,mick_schumacher,b6babd,haas,Mick,Schumacher,https://www.formula1.com/content/dam/fom-website/drivers/M/MICSCH02_Mick_Schumacher/micsch02.png.transform/1col/image.png,GER,,,,,,,,,
2022,Austrian Grand Prix,Practice 2,Carlos Sainz,Ferrari,,19.82592592592593,34.48888888888889,42.22222222222222,1.746913580246914,55,C SAINZ,SAI,sainz,ed1c24,ferrari,Carlos,Sainz,https://www.formula1.com/content/dam/fom-website/drivers/C/CARSAI01_Carlos_Sainz/carsai01.png.transform/1col/image.png,ESP,,,,,,,,,
2022,Austrian Grand Prix,Practice 2,George Russell,Mercedes,,19.82592592592593,34.48888888888889,42.22222222222222,1.746913580246914,63,G RUSSELL,RUS,russell,6cd3bf,mercedes,George,Russell,https://www.formula1.com/content/dam/fom-website/drivers/G/GEORUS01_George_Russell/georus01.png.transform/1col/image.png,GBR,,,,,,,,,
2022,Austrian Grand Prix,Practice 2,Valtteri Bottas,Alfa Romeo,,19.82592592592593,34.48888888888889,42.22222222222222,1.746913580246914,77,V BOTTAS,BOT,bottas,b12039,alfa,Valtteri,Bottas,https://www.formula1.com/content/dam/fom-website/drivers/V/VALBOT01_Valtteri_Bottas/valbot01.png.transform/1col/image.png,FIN,,,,,,,,,
2022,French Grand Prix,Race,Max Verstappen,Red Bull Racing,1.0,30.164843750000003,54.46171875,47.734375,1.9460937499999997,1,M VERSTAPPEN,VER,max_verstappen,1e5bc6,red_bull,Max,Verstappen,https://www.formula1.com/content/dam/fom-website/drivers/M/MAXVER01_Max_Verstappen/maxver01.png.transform/1col/image.png,NED,1,2.0,,,,0 days 01:30:02.112000,Finished,25.0,53.0
2022,French Grand Prix,Race,Lewis Hamilton,Mercedes,2.0,30.164843750000003,54.46171875,47.734375,1.9460937499999997,44,L HAMILTON,HAM,hamilton,6cd3bf,mercedes,Lewis,Hamilton,https://www.formula1.com/content/dam/fom-website/drivers/L/LEWHAM01_Lewis_Hamilton/lewham01.png.transform/1col/image.png,GBR,2,4.0,,,,0 days 00:00:10.587000,Finished,18.0,53.0
2022,French Grand Prix,Race,George Russell,Mercedes,3.0,30.164843750000003,54.46171875,47.734375,1.9460937499999997,63,G RUSSELL,RUS,russell,6cd3bf,mercedes,George,Russell,https://www.formula1.com/content/dam/fom-website/drivers/G/GEORUS01_George_Russell/georus01.png.transform/1col/image.png,GBR,3,6.0,,,,0 days 00:00:16.495000,Finished,15.0,53.0
2022,French Grand Prix,Race,Sergio Perez,Red Bull Racing,4.0,30.164843750000003,54.46171875,47.734375,1.9460937499999997,11,S PEREZ,PER,perez,1e5bc6,red_bull,Sergio,Perez,https://www.formula1.com/content/dam/fom-website/drivers/S/SERPER01_Sergio_Perez/serper01.png.transform/1col/image.png,MEX,4,3.0,,,,0 days 00:00:17.310000,Finished,12.0,53.0
2022,French Grand Prix,Race,Carlos Sainz,Ferrari,5.0,30.164843750000003,54.46171875,47.734375,1.9460937499999997,55,C SAINZ,SAI,sainz,ed1c24,ferrari,Carlos,Sainz,https://www.formula1.com/content/dam/fom-website/drivers/C/CARSAI01_Carlos_Sainz/carsai01.png.transform/1col/image.png,ESP,5,19.0,,,,0 days 00:00:28.872000,Finished,11.0,53.0
2022,French Grand Prix,Race,Fernando Alonso,Alpine,6.0,30.164843750000003,54.46171875,47.734375,1.9460937499999997,14,F ALONSO,ALO,alonso,2293d1,alpine,Fernando,Alonso,https://www.formula1.com/content/dam/fom-website/drivers/F/FERALO01_Fernando_Alonso/feralo01.png.transform/1col/image.png,ESP,6,7.0,,,,0 days 00:00:42.879000,Finished,8.0,53.0
2022,French Grand Prix,Race,Lando Norris,McLaren,7.0,30.164843750000003,54.46171875,47.734375,1.9460937499999997,4,L NORRIS,NOR,norris,f58020,mclaren,Lando,Norris,https://www.formula1.com/content/dam/fom-website/drivers/L/LANNOR01_Lando_Norris/lannor01.png.transform/1col/image.png,GBR,7,5.0,,,,0 days 00:00:52.026000,Finished,6.0,53.0
2022,French Grand Prix,Race,Esteban Ocon,Alpine,8.0,30.164843750000003,54.46171875,47.734375,1.9460937499999997,31,E OCON,OCO,ocon,2293d1,alpine,Esteban,Ocon,https://www.formula1.com/content/dam/fom-website/drivers/E/ESTOCO01_Esteban_Ocon/estoco01.png.transform/1col/image.png,FRA,8,10.0,,,,0 days 00:00:56.959000,Finished,4.0,53.0
2022,French Grand Prix,Race,Daniel Ricciardo,McLaren,9.0,30.164843750000003,54.46171875,47.734375,1.9460937499999997,3,D RICCIARDO,RIC,ricciardo,f58020,mclaren,Daniel,Ricciardo,https://www.formula1.com/content/dam/fom-website/drivers/D/DANRIC01_Daniel_Ricciardo/danric01.png.transform/1col/image.png,AUS,9,9.0,,,,0 days 00:01:00.372000,Finished,2.0,53.0
2022,French Grand Prix,Race,Lance Stroll,Aston Martin,10.0,30.164843750000003,54.46171875,47.734375,1.9460937499999997,18,L STROLL,STR,stroll,2d826d,aston_martin,Lance,Stroll,https://www.formula1.com/content/dam/fom-website/drivers/L/LANSTR01_Lance_Stroll/lanstr01.png.transform/1col/image.png,CAN,10,15.0,,,,0 days 00:01:02.549000,Finished,1.0,53.0
2022,French Grand Prix,Race,Sebastian Vettel,Aston Martin,11.0,30.164843750000003,54.46171875,47.734375,1.9460937499999997,5,S VETTEL,VET,vettel,2d826d,aston_martin,Sebastian,Vettel,https://www.formula1.com/content/dam/fom-website/drivers/S/SEBVET01_Sebastian_Vettel/sebvet01.png.transform/1col/image.png,GER,11,12.0,,,,0 days 00:01:04.494000,Finished,0.0,53.0
2022,French Grand Prix,Race,Pierre Gasly,AlphaTauri,12.0,30.164843750000003,54.46171875,47.734375,1.9460937499999997,10,P GASLY,GAS,gasly,4e7c9b,alphatauri,Pierre,Gasly,https://www.formula1.com/content/dam/fom-website/drivers/P/PIEGAS01_Pierre_Gasly/piegas01.png.transform/1col/image.png,FRA,12,14.0,,,,0 days 00:01:05.448000,Finished,0.0,53.0
2022,French Grand Prix,Race,Alexander Albon,Williams,13.0,30.164843750000003,54.46171875,47.734375,1.9460937499999997,23,A ALBON,ALB,albon,37bedd,williams,Alexander,Albon,https://www.formula1.com/content/dam/fom-website/drivers/A/ALEALB01_Alexander_Albon/alealb01.png.transform/1col/image.png,THA,13,13.0,,,,0 days 00:01:08.565000,Finished,0.0,53.0
2022,French Grand Prix,Race,Valtteri Bottas,Alfa Romeo,14.0,30.164843750000003,54.46171875,47.734375,1.9460937499999997,77,V BOTTAS,BOT,bottas,b12039,alfa,Valtteri,Bottas,https://www.formula1.com/content/dam/fom-website/drivers/V/VALBOT01_Valtteri_Bottas/valbot01.png.transform/1col/image.png,FIN,14,11.0,,,,0 days 00:01:16.666000,Finished,0.0,53.0
2022,French Grand Prix,Race,Mick Schumacher,Haas F1 Team,15.0,30.164843750000003,54.46171875,47.734375,1.9460937499999997,47,M SCHUMACHER,MSC,mick_schumacher,b6babd,haas,Mick,Schumacher,https://www.formula1.com/content/dam/fom-website/drivers/M/MICSCH02_Mick_Schumacher/micsch02.png.transform/1col/image.png,GER,15,17.0,,,,0 days 00:01:20.394000,Finished,0.0,53.0
2022,French Grand Prix,Race,Guanyu Zhou,Alfa Romeo,16.0,30.164843750000003,54.46171875,47.734375,1.9460937499999997,24,G ZHOU,ZHO,zhou,b12039,alfa,Guanyu,Zhou,https://www.formula1.com/content/dam/fom-website/drivers/G/GUAZHO01_Guanyu_Zhou/guazho01.png.transform/1col/image.png,CHN,16,16.0,,,,,+6 Laps,0.0,47.0
2022,French Grand Prix,Race,Nicholas Latifi,Williams,17.0,30.164843750000003,54.46171875,47.734375,1.9460937499999997,6,N LATIFI,LAT,latifi,37bedd,williams,Nicholas,Latifi,https://www.formula1.com/content/dam/fom-website/drivers/N/NICLAF01_Nicholas_Latifi/niclaf01.png.transform/1col/image.png,CAN,R,18.0,,,,,Collision damage,0.0,40.0
2022,French Grand Prix,Race,Kevin Magnussen,Haas F1 Team,18.0,30.164843750000003,54.46171875,47.734375,1.9460937499999997,20,K MAGNUSSEN,MAG,kevin_magnussen,b6babd,haas,Kevin,Magnussen,None,DEN,R,20.0,,,,,Collision damage,0.0,37.0
2022,French Grand Prix,Race,Charles Leclerc,Ferrari,19.0,30.164843750000003,54.46171875,47.734375,1.9460937499999997,16,C LECLERC,LEC,leclerc,ed1c24,ferrari,Charles,Leclerc,https://www.formula1.com/content/dam/fom-website/drivers/C/CHALEC01_Charles_Leclerc/chalec01.png.transform/1col/image.png,MON,R,1.0,,,,,Accident,0.0,17.0
2022,French Grand Prix,Race,Yuki Tsunoda,AlphaTauri,20.0,30.164843750000003,54.46171875,47.734375,1.9460937499999997,22,Y TSUNODA,TSU,tsunoda,4e7c9b,alphatauri,Yuki,Tsunoda,https://www.formula1.com/content/dam/fom-website/drivers/Y/YUKTSU01_Yuki_Tsunoda/yuktsu01.png.transform/1col/image.png,JPN,R,8.0,,,,,Undertray,0.0,17.0
2022,French Grand Prix,Qualifying,Charles Leclerc,Ferrari,1.0,30.514285714285727,54.812987012987016,45.22077922077922,1.8844155844155839,16,C LECLERC,LEC,leclerc,ed1c24,ferrari,Charles,Leclerc,https://www.formula1.com/content/dam/fom-website/drivers/C/CHALEC01_Charles_Leclerc/chalec01.png.transform/1col/image.png,MON,,,0 days 00:01:31.727000,0 days 00:01:31.216000,0 days 00:01:30.872000,,,,
2022,French Grand Prix,Qualifying,Max Verstappen,Red Bull Racing,2.0,30.514285714285727,54.812987012987016,45.22077922077922,1.8844155844155839,1,M VERSTAPPEN,VER,max_verstappen,1e5bc6,red_bull,Max,Verstappen,https://www.formula1.com/content/dam/fom-website/drivers/M/MAXVER01_Max_Verstappen/maxver01.png.transform/1col/image.png,NED,,,0 days 00:01:31.891000,0 days 00:01:31.990000,0 days 00:01:31.176000,,,,
2022,French Grand Prix,Qualifying,Sergio Perez,Red Bull Racing,3.0,30.514285714285727,54.812987012987016,45.22077922077922,1.8844155844155839,11,S PEREZ,PER,perez,1e5bc6,red_bull,Sergio,Perez,https://www.formula1.com/content/dam/fom-website/drivers/S/SERPER01_Sergio_Perez/serper01.png.transform/1col/image.png,MEX,,,0 days 00:01:32.354000,0 days 00:01:32.120000,0 days 00:01:31.335000,,,,
2022,French Grand Prix,Qualifying,Lewis Hamilton,Mercedes,4.0,30.514285714285727,54.812987012987016,45.22077922077922,1.8844155844155839,44,L HAMILTON,HAM,hamilton,6cd3bf,mercedes,Lewis,Hamilton,https://www.formula1.com/content/dam/fom-website/drivers/L/LEWHAM01_Lewis_Hamilton/lewham01.png.transform/1col/image.png,GBR,,,0 days 00:01:33.041000,0 days 00:01:32.274000,0 days 00:01:31.765000,,,,
2022,French Grand Prix,Qualifying,Lando Norris,McLaren,5.0,30.514285714285727,54.812987012987016,45.22077922077922,1.8844155844155839,4,L NORRIS,NOR,norris,f58020,mclaren,Lando,Norris,https://www.formula1.com/content/dam/fom-website/drivers/L/LANNOR01_Lando_Norris/lannor01.png.transform/1col/image.png,GBR,,,0 days 00:01:32.672000,0 days 00:01:32.777000,0 days 00:01:32.032000,,,,
2022,French Grand Prix,Qualifying,George Russell,Mercedes,6.0,30.514285714285727,54.812987012987016,45.22077922077922,1.8844155844155839,63,G RUSSELL,RUS,russell,6cd3bf,mercedes,George,Russell,https://www.formula1.com/content/dam/fom-website/drivers/G/GEORUS01_George_Russell/georus01.png.transform/1col/image.png,GBR,,,0 days 00:01:33.109000,0 days 00:01:32.633000,0 days 00:01:32.131000,,,,
2022,French Grand Prix,Qualifying,Fernando Alonso,Alpine,7.0,30.514285714285727,54.812987012987016,45.22077922077922,1.8844155844155839,14,F ALONSO,ALO,alonso,2293d1,alpine,Fernando,Alonso,https://www.formula1.com/content/dam/fom-website/drivers/F/FERALO01_Fernando_Alonso/feralo01.png.transform/1col/image.png,ESP,,,0 days 00:01:32.819000,0 days 00:01:32.631000,0 days 00:01:32.552000,,,,
2022,French Grand Prix,Qualifying,Yuki Tsunoda,AlphaTauri,8.0,30.514285714285727,54.812987012987016,45.22077922077922,1.8844155844155839,22,Y TSUNODA,TSU,tsunoda,4e7c9b,alphatauri,Yuki,Tsunoda,https://www.formula1.com/content/dam/fom-website/drivers/Y/YUKTSU01_Yuki_Tsunoda/yuktsu01.png.transform/1col/image.png,JPN,,,0 days 00:01:33.394000,0 days 00:01:32.836000,0 days 00:01:32.780000,,,,
2022,French Grand Prix,Qualifying,Carlos Sainz,Ferrari,9.0,30.514285714285727,54.812987012987016,45.22077922077922,1.8844155844155839,55,C SAINZ,SAI,sainz,ed1c24,ferrari,Carlos,Sainz,https://www.formula1.com/content/dam/fom-website/drivers/C/CARSAI01_Carlos_Sainz/carsai01.png.transform/1col/image.png,ESP,,,0 days 00:01:32.297000,0 days 00:01:31.081000,,,,,
2022,French Grand Prix,Qualifying,Kevin Magnussen,Haas F1 Team,10.0,30.514285714285727,54.812987012987016,45.22077922077922,1.8844155844155839,20,K MAGNUSSEN,MAG,kevin_magnussen,b6babd,haas,Kevin,Magnussen,None,DEN,,,0 days 00:01:32.756000,0 days 00:01:32.649000,,,,,
2022,French Grand Prix,Qualifying,Daniel Ricciardo,McLaren,11.0,30.514285714285727,54.812987012987016,45.22077922077922,1.8844155844155839,3,D RICCIARDO,RIC,ricciardo,f58020,mclaren,Daniel,Ricciardo,https://www.formula1.com/content/dam/fom-website/drivers/D/DANRIC01_Daniel_Ricciardo/danric01.png.transform/1col/image.png,AUS,,,0 days 00:01:33.404000,0 days 00:01:32.922000,,,,,
2022,French Grand Prix,Qualifying,Esteban Ocon,Alpine,12.0,30.514285714285727,54.812987012987016,45.22077922077922,1.8844155844155839,31,E OCON,OCO,ocon,2293d1,alpine,Esteban,Ocon,https://www.formula1.com/content/dam/fom-website/drivers/E/ESTOCO01_Esteban_Ocon/estoco01.png.transform/1col/image.png,FRA,,,0 days 00:01:33.346000,0 days 00:01:33.048000,,,,,
2022,French Grand Prix,Qualifying,Valtteri Bottas,Alfa Romeo,13.0,30.514285714285727,54.812987012987016,45.22077922077922,1.8844155844155839,77,V BOTTAS,BOT,bottas,b12039,alfa,Valtteri,Bottas,https://www.formula1.com/content/dam/fom-website/drivers/V/VALBOT01_Valtteri_Bottas/valbot01.png.transform/1col/image.png,FIN,,,0 days 00:01:33.034000,0 days 00:01:33.052000,,,,,
2022,French Grand Prix,Qualifying,Sebastian Vettel,Aston Martin,14.0,30.514285714285727,54.812987012987016,45.22077922077922,1.8844155844155839,5,S VETTEL,VET,vettel,2d826d,aston_martin,Sebastian,Vettel,https://www.formula1.com/content/dam/fom-website/drivers/S/SEBVET01_Sebastian_Vettel/sebvet01.png.transform/1col/image.png,GER,,,0 days 00:01:33.285000,0 days 00:01:33.276000,,,,,
2022,French Grand Prix,Qualifying,Alexander Albon,Williams,15.0,30.514285714285727,54.812987012987016,45.22077922077922,1.8844155844155839,23,A ALBON,ALB,albon,37bedd,williams,Alexander,Albon,https://www.formula1.com/content/dam/fom-website/drivers/A/ALEALB01_Alexander_Albon/alealb01.png.transform/1col/image.png,THA,,,0 days 00:01:33.423000,0 days 00:01:33.307000,,,,,
2022,French Grand Prix,Qualifying,Pierre Gasly,AlphaTauri,16.0,30.514285714285727,54.812987012987016,45.22077922077922,1.8844155844155839,10,P GASLY,GAS,gasly,4e7c9b,alphatauri,Pierre,Gasly,https://www.formula1.com/content/dam/fom-website/drivers/P/PIEGAS01_Pierre_Gasly/piegas01.png.transform/1col/image.png,FRA,,,0 days 00:01:33.439000,,,,,,
2022,French Grand Prix,Qualifying,Lance Stroll,Aston Martin,17.0,30.514285714285727,54.812987012987016,45.22077922077922,1.8844155844155839,18,L STROLL,STR,stroll,2d826d,aston_martin,Lance,Stroll,https://www.formula1.com/content/dam/fom-website/drivers/L/LANSTR01_Lance_Stroll/lanstr01.png.transform/1col/image.png,CAN,,,0 days 00:01:33.439000,,,,,,
2022,French Grand Prix,Qualifying,Guanyu Zhou,Alfa Romeo,18.0,30.514285714285727,54.812987012987016,45.22077922077922,1.8844155844155839,24,G ZHOU,ZHO,zhou,b12039,alfa,Guanyu,Zhou,https://www.formula1.com/content/dam/fom-website/drivers/G/GUAZHO01_Guanyu_Zhou/guazho01.png.transform/1col/image.png,CHN,,,0 days 00:01:33.674000,,,,,,
2022,French Grand Prix,Qualifying,Mick Schumacher,Haas F1 Team,19.0,30.514285714285727,54.812987012987016,45.22077922077922,1.8844155844155839,47,M SCHUMACHER,MSC,mick_schumacher,b6babd,haas,Mick,Schumacher,https://www.formula1.com/content/dam/fom-website/drivers/M/MICSCH02_Mick_Schumacher/micsch02.png.transform/1col/image.png,GER,,,0 days 00:01:33.701000,,,,,,
2022,French Grand Prix,Qualifying,Nicholas Latifi,Williams,20.0,30.514285714285727,54.812987012987016,45.22077922077922,1.8844155844155839,6,N LATIFI,LAT,latifi,37bedd,williams,Nicholas,Latifi,https://www.formula1.com/content/dam/fom-website/drivers/N/NICLAF01_Nicholas_Latifi/niclaf01.png.transform/1col/image.png,CAN,,,0 days 00:01:33.794000,,,,,,
2022,French Grand Prix,Practice 1,Max Verstappen,Red Bull Racing,,29.492682926829264,57.08414634146341,48.24390243902439,1.8414634146341464,1,M VERSTAPPEN,VER,max_verstappen,1e5bc6,red_bull,Max,Verstappen,https://www.formula1.com/content/dam/fom-website/drivers/M/MAXVER01_Max_Verstappen/maxver01.png.transform/1col/image.png,NED,,,,,,,,,
2022,French Grand Prix,Practice 1,Daniel Ricciardo,McLaren,,29.492682926829264,57.08414634146341,48.24390243902439,1.8414634146341464,3,D RICCIARDO,RIC,ricciardo,f58020,mclaren,Daniel,Ricciardo,https://www.formula1.com/content/dam/fom-website/drivers/D/DANRIC01_Daniel_Ricciardo/danric01.png.transform/1col/image.png,AUS,,,,,,,,,
2022,French Grand Prix,Practice 1,Lando Norris,McLaren,,29.492682926829264,57.08414634146341,48.24390243902439,1.8414634146341464,4,L NORRIS,NOR,norris,f58020,mclaren,Lando,Norris,https://www.formula1.com/content/dam/fom-website/drivers/L/LANNOR01_Lando_Norris/lannor01.png.transform/1col/image.png,GBR,,,,,,,,,
2022,French Grand Prix,Practice 1,Sebastian Vettel,Aston Martin,,29.492682926829264,57.08414634146341,48.24390243902439,1.8414634146341464,5,S VETTEL,VET,vettel,2d826d,aston_martin,Sebastian,Vettel,https://www.formula1.com/content/dam/fom-website/drivers/S/SEBVET01_Sebastian_Vettel/sebvet01.png.transform/1col/image.png,GER,,,,,,,,,
2022,French Grand Prix,Practice 1,Nicholas Latifi,Williams,,29.492682926829264,57.08414634146341,48.24390243902439,1.8414634146341464,6,N LATIFI,LAT,latifi,37bedd,williams,Nicholas,Latifi,https://www.formula1.com/content/dam/fom-website/drivers/N/NICLAF01_Nicholas_Latifi/niclaf01.png.transform/1col/image.png,CAN,,,,,,,,,
2022,French Grand Prix,Practice 1,Pierre Gasly,AlphaTauri,,29.492682926829264,57.08414634146341,48.24390243902439,1.8414634146341464,10,P GASLY,GAS,gasly,4e7c9b,alphatauri,Pierre,Gasly,https://www.formula1.com/content/dam/fom-website/drivers/P/PIEGAS01_Pierre_Gasly/piegas01.png.transform/1col/image.png,FRA,,,,,,,,,
2022,French Grand Prix,Practice 1,Sergio Perez,Red Bull Racing,,29.492682926829264,57.08414634146341,48.24390243902439,1.8414634146341464,11,S PEREZ,PER,perez,1e5bc6,red_bull,Sergio,Perez,https://www.formula1.com/content/dam/fom-website/drivers/S/SERPER01_Sergio_Perez/serper01.png.transform/1col/image.png,MEX,,,,,,,,,
2022,French Grand Prix,Practice 1,Fernando Alonso,Alpine,,29.492682926829264,57.08414634146341,48.24390243902439,1.8414634146341464,14,F ALONSO,ALO,alonso,2293d1,alpine,Fernando,Alonso,https://www.formula1.com/content/dam/fom-website/drivers/F/FERALO01_Fernando_Alonso/feralo01.png.transform/1col/image.png,ESP,,,,,,,,,
2022,French Grand Prix,Practice 1,Charles Leclerc,Ferrari,,29.492682926829264,57.08414634146341,48.24390243902439,1.8414634146341464,16,C LECLERC,LEC,leclerc,ed1c24,ferrari,Charles,Leclerc,https://www.formula1.com/content/dam/fom-website/drivers/C/CHALEC01_Charles_Leclerc/chalec01.png.transform/1col/image.png,MON,,,,,,,,,
2022,French Grand Prix,Practice 1,Lance Stroll,Aston Martin,,29.492682926829264,57.08414634146341,48.24390243902439,1.8414634146341464,18,L STROLL,STR,stroll,2d826d,aston_martin,Lance,Stroll,https://www.formula1.com/content/dam/fom-website/drivers/L/LANSTR01_Lance_Stroll/lanstr01.png.transform/1col/image.png,CAN,,,,,,,,,
2022,French Grand Prix,Practice 1,Nyck De Vries,Mercedes,,29.492682926829264,57.08414634146341,48.24390243902439,1.8414634146341464,19,N DE VRIES,DEV,nan,6cd3bf,nan,Nyck,De Vries,None,NED,,,,,,,,,
2022,French Grand Prix,Practice 1,Kevin Magnussen,Haas F1 Team,,29.492682926829264,57.08414634146341,48.24390243902439,1.8414634146341464,20,K MAGNUSSEN,MAG,kevin_magnussen,b6babd,haas,Kevin,Magnussen,None,DEN,,,,,,,,,
2022,French Grand Prix,Practice 1,Yuki Tsunoda,AlphaTauri,,29.492682926829264,57.08414634146341,48.24390243902439,1.8414634146341464,22,Y TSUNODA,TSU,tsunoda,4e7c9b,alphatauri,Yuki,Tsunoda,https://www.formula1.com/content/dam/fom-website/drivers/Y/YUKTSU01_Yuki_Tsunoda/yuktsu01.png.transform/1col/image.png,JPN,,,,,,,,,
2022,French Grand Prix,Practice 1,Alexander Albon,Williams,,29.492682926829264,57.08414634146341,48.24390243902439,1.8414634146341464,23,A ALBON,ALB,albon,37bedd,williams,Alexander,Albon,https://www.formula1.com/content/dam/fom-website/drivers/A/ALEALB01_Alexander_Albon/alealb01.png.transform/1col/image.png,THA,,,,,,,,,
2022,French Grand Prix,Practice 1,Guanyu Zhou,Alfa Romeo,,29.492682926829264,57.08414634146341,48.24390243902439,1.8414634146341464,24,G ZHOU,ZHO,zhou,b12039,alfa,Guanyu,Zhou,https://www.formula1.com/content/dam/fom-website/drivers/G/GUAZHO01_Guanyu_Zhou/guazho01.png.transform/1col/image.png,CHN,,,,,,,,,
2022,French Grand Prix,Practice 1,Esteban Ocon,Alpine,,29.492682926829264,57.08414634146341,48.24390243902439,1.8414634146341464,31,E OCON,OCO,ocon,2293d1,alpine,Esteban,Ocon,https://www.formula1.com/content/dam/fom-website/drivers/E/ESTOCO01_Esteban_Ocon/estoco01.png.transform/1col/image.png,FRA,,,,,,,,,
2022,French Grand Prix,Practice 1,Mick Schumacher,Haas F1 Team,,29.492682926829264,57.08414634146341,48.24390243902439,1.8414634146341464,47,M SCHUMACHER,MSC,mick_schumacher,b6babd,haas,Mick,Schumacher,https://www.formula1.com/content/dam/fom-website/drivers/M/MICSCH02_Mick_Schumacher/micsch02.png.transform/1col/image.png,GER,,,,,,,,,
2022,French Grand Prix,Practice 1,Carlos Sainz,Ferrari,,29.492682926829264,57.08414634146341,48.24390243902439,1.8414634146341464,55,C SAINZ,SAI,sainz,ed1c24,ferrari,Carlos,Sainz,https://www.formula1.com/content/dam/fom-website/drivers/C/CARSAI01_Carlos_Sainz/carsai01.png.transform/1col/image.png,ESP,,,,,,,,,
2022,French Grand Prix,Practice 1,George Russell,Mercedes,,29.492682926829264,57.08414634146341,48.24390243902439,1.8414634146341464,63,G RUSSELL,RUS,russell,6cd3bf,mercedes,George,Russell,https://www.formula1.com/content/dam/fom-website/drivers/G/GEORUS01_George_Russell/georus01.png.transform/1col/image.png,GBR,,,,,,,,,
2022,French Grand Prix,Practice 1,Robert Kubica,Alfa Romeo,,29.492682926829264,57.08414634146341,48.24390243902439,1.8414634146341464,88,R KUBICA,KUB,nan,b12039,nan,Robert,Kubica,None,POL,,,,,,,,,
2022,French Grand Prix,Practice 2,Max Verstappen,Red Bull Racing,,30.472839506172843,53.38641975308641,31.950617283950617,1.767901234567901,1,M VERSTAPPEN,VER,max_verstappen,1e5bc6,red_bull,Max,Verstappen,https://www.formula1.com/content/dam/fom-website/drivers/M/MAXVER01_Max_Verstappen/maxver01.png.transform/1col/image.png,NED,,,,,,,,,
2022,French Grand Prix,Practice 2,Daniel Ricciardo,McLaren,,30.472839506172843,53.38641975308641,31.950617283950617,1.767901234567901,3,D RICCIARDO,RIC,ricciardo,f58020,mclaren,Daniel,Ricciardo,https://www.formula1.com/content/dam/fom-website/drivers/D/DANRIC01_Daniel_Ricciardo/danric01.png.transform/1col/image.png,AUS,,,,,,,,,
2022,French Grand Prix,Practice 2,Lando Norris,McLaren,,30.472839506172843,53.38641975308641,31.950617283950617,1.767901234567901,4,L NORRIS,NOR,norris,f58020,mclaren,Lando,Norris,https://www.formula1.com/content/dam/fom-website/drivers/L/LANNOR01_Lando_Norris/lannor01.png.transform/1col/image.png,GBR,,,,,,,,,
2022,French Grand Prix,Practice 2,Sebastian Vettel,Aston Martin,,30.472839506172843,53.38641975308641,31.950617283950617,1.767901234567901,5,S VETTEL,VET,vettel,2d826d,aston_martin,Sebastian,Vettel,https://www.formula1.com/content/dam/fom-website/drivers/S/SEBVET01_Sebastian_Vettel/sebvet01.png.transform/1col/image.png,GER,,,,,,,,,
2022,French Grand Prix,Practice 2,Nicholas Latifi,Williams,,30.472839506172843,53.38641975308641,31.950617283950617,1.767901234567901,6,N LATIFI,LAT,latifi,37bedd,williams,Nicholas,Latifi,https://www.formula1.com/content/dam/fom-website/drivers/N/NICLAF01_Nicholas_Latifi/niclaf01.png.transform/1col/image.png,CAN,,,,,,,,,
2022,French Grand Prix,Practice 2,Pierre Gasly,AlphaTauri,,30.472839506172843,53.38641975308641,31.950617283950617,1.767901234567901,10,P GASLY,GAS,gasly,4e7c9b,alphatauri,Pierre,Gasly,https://www.formula1.com/content/dam/fom-website/drivers/P/PIEGAS01_Pierre_Gasly/piegas01.png.transform/1col/image.png,FRA,,,,,,,,,
2022,French Grand Prix,Practice 2,Sergio Perez,Red Bull Racing,,30.472839506172843,53.38641975308641,31.950617283950617,1.767901234567901,11,S PEREZ,PER,perez,1e5bc6,red_bull,Sergio,Perez,https://www.formula1.com/content/dam/fom-website/drivers/S/SERPER01_Sergio_Perez/serper01.png.transform/1col/image.png,MEX,,,,,,,,,
2022,French Grand Prix,Practice 2,Fernando Alonso,Alpine,,30.472839506172843,53.38641975308641,31.950617283950617,1.767901234567901,14,F ALONSO,ALO,alonso,2293d1,alpine,Fernando,Alonso,https://www.formula1.com/content/dam/fom-website/drivers/F/FERALO01_Fernando_Alonso/feralo01.png.transform/1col/image.png,ESP,,,,,,,,,
2022,French Grand Prix,Practice 2,Charles Leclerc,Ferrari,,30.472839506172843,53.38641975308641,31.950617283950617,1.767901234567901,16,C LECLERC,LEC,leclerc,ed1c24,ferrari,Charles,Leclerc,https://www.formula1.com/content/dam/fom-website/drivers/C/CHALEC01_Charles_Leclerc/chalec01.png.transform/1col/image.png,MON,,,,,,,,,
2022,French Grand Prix,Practice 2,Lance Stroll,Aston Martin,,30.472839506172843,53.38641975308641,31.950617283950617,1.767901234567901,18,L STROLL,STR,stroll,2d826d,aston_martin,Lance,Stroll,https://www.formula1.com/content/dam/fom-website/drivers/L/LANSTR01_Lance_Stroll/lanstr01.png.transform/1col/image.png,CAN,,,,,,,,,
2022,French Grand Prix,Practice 2,Kevin Magnussen,Haas F1 Team,,30.472839506172843,53.38641975308641,31.950617283950617,1.767901234567901,20,K MAGNUSSEN,MAG,kevin_magnussen,b6babd,haas,Kevin,Magnussen,None,DEN,,,,,,,,,
2022,French Grand Prix,Practice 2,Yuki Tsunoda,AlphaTauri,,30.472839506172843,53.38641975308641,31.950617283950617,1.767901234567901,22,Y TSUNODA,TSU,tsunoda,4e7c9b,alphatauri,Yuki,Tsunoda,https://www.formula1.com/content/dam/fom-website/drivers/Y/YUKTSU01_Yuki_Tsunoda/yuktsu01.png.transform/1col/image.png,JPN,,,,,,,,,
2022,French Grand Prix,Practice 2,Alexander Albon,Williams,,30.472839506172843,53.38641975308641,31.950617283950617,1.767901234567901,23,A ALBON,ALB,albon,37bedd,williams,Alexander,Albon,https://www.formula1.com/content/dam/fom-website/drivers/A/ALEALB01_Alexander_Albon/alealb01.png.transform/1col/image.png,THA,,,,,,,,,
2022,French Grand Prix,Practice 2,Guanyu Zhou,Alfa Romeo,,30.472839506172843,53.38641975308641,31.950617283950617,1.767901234567901,24,G ZHOU,ZHO,zhou,b12039,alfa,Guanyu,Zhou,https://www.formula1.com/content/dam/fom-website/drivers/G/GUAZHO01_Guanyu_Zhou/guazho01.png.transform/1col/image.png,CHN,,,,,,,,,
2022,French Grand Prix,Practice 2,Esteban Ocon,Alpine,,30.472839506172843,53.38641975308641,31.950617283950617,1.767901234567901,31,E OCON,OCO,ocon,2293d1,alpine,Esteban,Ocon,https://www.formula1.com/content/dam/fom-website/drivers/E/ESTOCO01_Esteban_Ocon/estoco01.png.transform/1col/image.png,FRA,,,,,,,,,
2022,French Grand Prix,Practice 2,Lewis Hamilton,Mercedes,,30.472839506172843,53.38641975308641,31.950617283950617,1.767901234567901,44,L HAMILTON,HAM,hamilton,6cd3bf,mercedes,Lewis,Hamilton,https://www.formula1.com/content/dam/fom-website/drivers/L/LEWHAM01_Lewis_Hamilton/lewham01.png.transform/1col/image.png,GBR,,,,,,,,,
2022,French Grand Prix,Practice 2,Mick Schumacher,Haas F1 Team,,30.472839506172843,53.38641975308641,31.950617283950617,1.767901234567901,47,M SCHUMACHER,MSC,mick_schumacher,b6babd,haas,Mick,Schumacher,https://www.formula1.com/content/dam/fom-website/drivers/M/MICSCH02_Mick_Schumacher/micsch02.png.transform/1col/image.png,GER,,,,,,,,,
2022,French Grand Prix,Practice 2,Carlos Sainz,Ferrari,,30.472839506172843,53.38641975308641,31.950617283950617,1.767901234567901,55,C SAINZ,SAI,sainz,ed1c24,ferrari,Carlos,Sainz,https://www.formula1.com/content/dam/fom-website/drivers/C/CARSAI01_Carlos_Sainz/carsai01.png.transform/1col/image.png,ESP,,,,,,,,,
2022,French Grand Prix,Practice 2,George Russell,Mercedes,,30.472839506172843,53.38641975308641,31.950617283950617,1.767901234567901,63,G RUSSELL,RUS,russell,6cd3bf,mercedes,George,Russell,https://www.formula1.com/content/dam/fom-website/drivers/G/GEORUS01_George_Russell/georus01.png.transform/1col/image.png,GBR,,,,,,,,,
2022,French Grand Prix,Practice 2,Valtteri Bottas,Alfa Romeo,,30.472839506172843,53.38641975308641,31.950617283950617,1.767901234567901,77,V BOTTAS,BOT,bottas,b12039,alfa,Valtteri,Bottas,https://www.formula1.com/content/dam/fom-website/drivers/V/VALBOT01_Valtteri_Bottas/valbot01.png.transform/1col/image.png,FIN,,,,,,,,,
2022,French Grand Prix,Practice 3,Max Verstappen,Red Bull Racing,,29.0,52.609756097560975,60.74390243902439,1.9658536585365853,1,M VERSTAPPEN,VER,max_verstappen,1e5bc6,red_bull,Max,Verstappen,https://www.formula1.com/content/dam/fom-website/drivers/M/MAXVER01_Max_Verstappen/maxver01.png.transform/1col/image.png,NED,,,,,,,,,
2022,French Grand Prix,Practice 3,Daniel Ricciardo,McLaren,,29.0,52.609756097560975,60.74390243902439,1.9658536585365853,3,D RICCIARDO,RIC,ricciardo,f58020,mclaren,Daniel,Ricciardo,https://www.formula1.com/content/dam/fom-website/drivers/D/DANRIC01_Daniel_Ricciardo/danric01.png.transform/1col/image.png,AUS,,,,,,,,,
2022,French Grand Prix,Practice 3,Lando Norris,McLaren,,29.0,52.609756097560975,60.74390243902439,1.9658536585365853,4,L NORRIS,NOR,norris,f58020,mclaren,Lando,Norris,https://www.formula1.com/content/dam/fom-website/drivers/L/LANNOR01_Lando_Norris/lannor01.png.transform/1col/image.png,GBR,,,,,,,,,
2022,French Grand Prix,Practice 3,Sebastian Vettel,Aston Martin,,29.0,52.609756097560975,60.74390243902439,1.9658536585365853,5,S VETTEL,VET,vettel,2d826d,aston_martin,Sebastian,Vettel,https://www.formula1.com/content/dam/fom-website/drivers/S/SEBVET01_Sebastian_Vettel/sebvet01.png.transform/1col/image.png,GER,,,,,,,,,
2022,French Grand Prix,Practice 3,Nicholas Latifi,Williams,,29.0,52.609756097560975,60.74390243902439,1.9658536585365853,6,N LATIFI,LAT,latifi,37bedd,williams,Nicholas,Latifi,https://www.formula1.com/content/dam/fom-website/drivers/N/NICLAF01_Nicholas_Latifi/niclaf01.png.transform/1col/image.png,CAN,,,,,,,,,
2022,French Grand Prix,Practice 3,Pierre Gasly,AlphaTauri,,29.0,52.609756097560975,60.74390243902439,1.9658536585365853,10,P GASLY,GAS,gasly,4e7c9b,alphatauri,Pierre,Gasly,https://www.formula1.com/content/dam/fom-website/drivers/P/PIEGAS01_Pierre_Gasly/piegas01.png.transform/1col/image.png,FRA,,,,,,,,,
2022,French Grand Prix,Practice 3,Sergio Perez,Red Bull Racing,,29.0,52.609756097560975,60.74390243902439,1.9658536585365853,11,S PEREZ,PER,perez,1e5bc6,red_bull,Sergio,Perez,https://www.formula1.com/content/dam/fom-website/drivers/S/SERPER01_Sergio_Perez/serper01.png.transform/1col/image.png,MEX,,,,,,,,,
2022,French Grand Prix,Practice 3,Fernando Alonso,Alpine,,29.0,52.609756097560975,60.74390243902439,1.9658536585365853,14,F ALONSO,ALO,alonso,2293d1,alpine,Fernando,Alonso,https://www.formula1.com/content/dam/fom-website/drivers/F/FERALO01_Fernando_Alonso/feralo01.png.transform/1col/image.png,ESP,,,,,,,,,
2022,French Grand Prix,Practice 3,Charles Leclerc,Ferrari,,29.0,52.609756097560975,60.74390243902439,1.9658536585365853,16,C LECLERC,LEC,leclerc,ed1c24,ferrari,Charles,Leclerc,https://www.formula1.com/content/dam/fom-website/drivers/C/CHALEC01_Charles_Leclerc/chalec01.png.transform/1col/image.png,MON,,,,,,,,,
2022,French Grand Prix,Practice 3,Lance Stroll,Aston Martin,,29.0,52.609756097560975,60.74390243902439,1.9658536585365853,18,L STROLL,STR,stroll,2d826d,aston_martin,Lance,Stroll,https://www.formula1.com/content/dam/fom-website/drivers/L/LANSTR01_Lance_Stroll/lanstr01.png.transform/1col/image.png,CAN,,,,,,,,,
2022,French Grand Prix,Practice 3,Kevin Magnussen,Haas F1 Team,,29.0,52.609756097560975,60.74390243902439,1.9658536585365853,20,K MAGNUSSEN,MAG,kevin_magnussen,b6babd,haas,Kevin,Magnussen,None,DEN,,,,,,,,,
2022,French Grand Prix,Practice 3,Yuki Tsunoda,AlphaTauri,,29.0,52.609756097560975,60.74390243902439,1.9658536585365853,22,Y TSUNODA,TSU,tsunoda,4e7c9b,alphatauri,Yuki,Tsunoda,https://www.formula1.com/content/dam/fom-website/drivers/Y/YUKTSU01_Yuki_Tsunoda/yuktsu01.png.transform/1col/image.png,JPN,,,,,,,,,
2022,French Grand Prix,Practice 3,Alexander Albon,Williams,,29.0,52.609756097560975,60.74390243902439,1.9658536585365853,23,A ALBON,ALB,albon,37bedd,williams,Alexander,Albon,https://www.formula1.com/content/dam/fom-website/drivers/A/ALEALB01_Alexander_Albon/alealb01.png.transform/1col/image.png,THA,,,,,,,,,
2022,French Grand Prix,Practice 3,Guanyu Zhou,Alfa Romeo,,29.0,52.609756097560975,60.74390243902439,1.9658536585365853,24,G ZHOU,ZHO,zhou,b12039,alfa,Guanyu,Zhou,https://www.formula1.com/content/dam/fom-website/drivers/G/GUAZHO01_Guanyu_Zhou/guazho01.png.transform/1col/image.png,CHN,,,,,,,,,
2022,French Grand Prix,Practice 3,Esteban Ocon,Alpine,,29.0,52.609756097560975,60.74390243902439,1.9658536585365853,31,E OCON,OCO,ocon,2293d1,alpine,Esteban,Ocon,https://www.formula1.com/content/dam/fom-website/drivers/E/ESTOCO01_Esteban_Ocon/estoco01.png.transform/1col/image.png,FRA,,,,,,,,,
2022,French Grand Prix,Practice 3,Lewis Hamilton,Mercedes,,29.0,52.609756097560975,60.74390243902439,1.9658536585365853,44,L HAMILTON,HAM,hamilton,6cd3bf,mercedes,Lewis,Hamilton,https://www.formula1.com/content/dam/fom-website/drivers/L/LEWHAM01_Lewis_Hamilton/lewham01.png.transform/1col/image.png,GBR,,,,,,,,,
2022,French Grand Prix,Practice 3,Mick Schumacher,Haas F1 Team,,29.0,52.609756097560975,60.74390243902439,1.9658536585365853,47,M SCHUMACHER,MSC,mick_schumacher,b6babd,haas,Mick,Schumacher,https://www.formula1.com/content/dam/fom-website/drivers/M/MICSCH02_Mick_Schumacher/micsch02.png.transform/1col/image.png,GER,,,,,,,,,
2022,French Grand Prix,Practice 3,Carlos Sainz,Ferrari,,29.0,52.609756097560975,60.74390243902439,1.9658536585365853,55,C SAINZ,SAI,sainz,ed1c24,ferrari,Carlos,Sainz,https://www.formula1.com/content/dam/fom-website/drivers/C/CARSAI01_Carlos_Sainz/carsai01.png.transform/1col/image.png,ESP,,,,,,,,,
2022,French Grand Prix,Practice 3,George Russell,Mercedes,,29.0,52.609756097560975,60.74390243902439,1.9658536585365853,63,G RUSSELL,RUS,russell,6cd3bf,mercedes,George,Russell,https://www.formula1.com/content/dam/fom-website/drivers/G/GEORUS01_George_Russell/georus01.png.transform/1col/image.png,GBR,,,,,,,,,
2022,French Grand Prix,Practice 3,Valtteri Bottas,Alfa Romeo,,29.0,52.609756097560975,60.74390243902439,1.9658536585365853,77,V BOTTAS,BOT,bottas,b12039,alfa,Valtteri,Bottas,https://www.formula1.com/content/dam/fom-website/drivers/V/VALBOT01_Valtteri_Bottas/valbot01.png.transform/1col/image.png,FIN,,,,,,,,,
2022,Hungarian Grand Prix,Race,Max Verstappen,Red Bull Racing,1.0,18.559880239520957,26.720958083832333,69.31736526946108,4.0341317365269465,1,M VERSTAPPEN,VER,max_verstappen,1e5bc6,red_bull,Max,Verstappen,https://www.formula1.com/content/dam/fom-website/drivers/M/MAXVER01_Max_Verstappen/maxver01.png.transform/1col/image.png,NED,1,10.0,,,,0 days 01:39:35.912000,Finished,25.0,70.0
2022,Hungarian Grand Prix,Race,Lewis Hamilton,Mercedes,2.0,18.559880239520957,26.720958083832333,69.31736526946108,4.0341317365269465,44,L HAMILTON,HAM,hamilton,6cd3bf,mercedes,Lewis,Hamilton,https://www.formula1.com/content/dam/fom-website/drivers/L/LEWHAM01_Lewis_Hamilton/lewham01.png.transform/1col/image.png,GBR,2,7.0,,,,0 days 00:00:07.834000,Finished,19.0,70.0
2022,Hungarian Grand Prix,Race,George Russell,Mercedes,3.0,18.559880239520957,26.720958083832333,69.31736526946108,4.0341317365269465,63,G RUSSELL,RUS,russell,6cd3bf,mercedes,George,Russell,https://www.formula1.com/content/dam/fom-website/drivers/G/GEORUS01_George_Russell/georus01.png.transform/1col/image.png,GBR,3,1.0,,,,0 days 00:00:12.337000,Finished,15.0,70.0
2022,Hungarian Grand Prix,Race,Carlos Sainz,Ferrari,4.0,18.559880239520957,26.720958083832333,69.31736526946108,4.0341317365269465,55,C SAINZ,SAI,sainz,ed1c24,ferrari,Carlos,Sainz,https://www.formula1.com/content/dam/fom-website/drivers/C/CARSAI01_Carlos_Sainz/carsai01.png.transform/1col/image.png,ESP,4,2.0,,,,0 days 00:00:14.579000,Finished,12.0,70.0
2022,Hungarian Grand Prix,Race,Sergio Perez,Red Bull Racing,5.0,18.559880239520957,26.720958083832333,69.31736526946108,4.0341317365269465,11,S PEREZ,PER,perez,1e5bc6,red_bull,Sergio,Perez,https://www.formula1.com/content/dam/fom-website/drivers/S/SERPER01_Sergio_Perez/serper01.png.transform/1col/image.png,MEX,5,11.0,,,,0 days 00:00:15.688000,Finished,10.0,70.0
2022,Hungarian Grand Prix,Race,Charles Leclerc,Ferrari,6.0,18.559880239520957,26.720958083832333,69.31736526946108,4.0341317365269465,16,C LECLERC,LEC,leclerc,ed1c24,ferrari,Charles,Leclerc,https://www.formula1.com/content/dam/fom-website/drivers/C/CHALEC01_Charles_Leclerc/chalec01.png.transform/1col/image.png,MON,6,3.0,,,,0 days 00:00:16.047000,Finished,8.0,70.0
2022,Hungarian Grand Prix,Race,Lando Norris,McLaren,7.0,18.559880239520957,26.720958083832333,69.31736526946108,4.0341317365269465,4,L NORRIS,NOR,norris,f58020,mclaren,Lando,Norris,https://www.formula1.com/content/dam/fom-website/drivers/L/LANNOR01_Lando_Norris/lannor01.png.transform/1col/image.png,GBR,7,4.0,,,,0 days 00:01:18.300000,Finished,6.0,70.0
2022,Hungarian Grand Prix,Race,Fernando Alonso,Alpine,8.0,18.559880239520957,26.720958083832333,69.31736526946108,4.0341317365269465,14,F ALONSO,ALO,alonso,2293d1,alpine,Fernando,Alonso,https://www.formula1.com/content/dam/fom-website/drivers/F/FERALO01_Fernando_Alonso/feralo01.png.transform/1col/image.png,ESP,8,6.0,,,,,+1 Lap,4.0,69.0
2022,Hungarian Grand Prix,Race,Esteban Ocon,Alpine,9.0,18.559880239520957,26.720958083832333,69.31736526946108,4.0341317365269465,31,E OCON,OCO,ocon,2293d1,alpine,Esteban,Ocon,https://www.formula1.com/content/dam/fom-website/drivers/E/ESTOCO01_Esteban_Ocon/estoco01.png.transform/1col/image.png,FRA,9,5.0,,,,,+1 Lap,2.0,69.0
2022,Hungarian Grand Prix,Race,Sebastian Vettel,Aston Martin,10.0,18.559880239520957,26.720958083832333,69.31736526946108,4.0341317365269465,5,S VETTEL,VET,vettel,2d826d,aston_martin,Sebastian,Vettel,https://www.formula1.com/content/dam/fom-website/drivers/S/SEBVET01_Sebastian_Vettel/sebvet01.png.transform/1col/image.png,GER,10,18.0,,,,,+1 Lap,1.0,69.0
2022,Hungarian Grand Prix,Race,Lance Stroll,Aston Martin,11.0,18.559880239520957,26.720958083832333,69.31736526946108,4.0341317365269465,18,L STROLL,STR,stroll,2d826d,aston_martin,Lance,Stroll,https://www.formula1.com/content/dam/fom-website/drivers/L/LANSTR01_Lance_Stroll/lanstr01.png.transform/1col/image.png,CAN,11,14.0,,,,,+1 Lap,0.0,69.0
2022,Hungarian Grand Prix,Race,Pierre Gasly,AlphaTauri,12.0,18.559880239520957,26.720958083832333,69.31736526946108,4.0341317365269465,10,P GASLY,GAS,gasly,4e7c9b,alphatauri,Pierre,Gasly,https://www.formula1.com/content/dam/fom-website/drivers/P/PIEGAS01_Pierre_Gasly/piegas01.png.transform/1col/image.png,FRA,12,0.0,,,,,+1 Lap,0.0,69.0
2022,Hungarian Grand Prix,Race,Guanyu Zhou,Alfa Romeo,13.0,18.559880239520957,26.720958083832333,69.31736526946108,4.0341317365269465,24,G ZHOU,ZHO,zhou,b12039,alfa,Guanyu,Zhou,https://www.formula1.com/content/dam/fom-website/drivers/G/GUAZHO01_Guanyu_Zhou/guazho01.png.transform/1col/image.png,CHN,13,12.0,,,,,+1 Lap,0.0,69.0
2022,Hungarian Grand Prix,Race,Mick Schumacher,Haas F1 Team,14.0,18.559880239520957,26.720958083832333,69.31736526946108,4.0341317365269465,47,M SCHUMACHER,MSC,mick_schumacher,b6babd,haas,Mick,Schumacher,https://www.formula1.com/content/dam/fom-website/drivers/M/MICSCH02_Mick_Schumacher/micsch02.png.transform/1col/image.png,GER,14,15.0,,,,,+1 Lap,0.0,69.0
2022,Hungarian Grand Prix,Race,Daniel Ricciardo,McLaren,15.0,18.559880239520957,26.720958083832333,69.31736526946108,4.0341317365269465,3,D RICCIARDO,RIC,ricciardo,f58020,mclaren,Daniel,Ricciardo,https://www.formula1.com/content/dam/fom-website/drivers/D/DANRIC01_Daniel_Ricciardo/danric01.png.transform/1col/image.png,AUS,15,9.0,,,,,+1 Lap,0.0,69.0
2022,Hungarian Grand Prix,Race,Kevin Magnussen,Haas F1 Team,16.0,18.559880239520957,26.720958083832333,69.31736526946108,4.0341317365269465,20,K MAGNUSSEN,MAG,kevin_magnussen,b6babd,haas,Kevin,Magnussen,None,DEN,16,13.0,,,,,+1 Lap,0.0,69.0
2022,Hungarian Grand Prix,Race,Alexander Albon,Williams,17.0,18.559880239520957,26.720958083832333,69.31736526946108,4.0341317365269465,23,A ALBON,ALB,albon,37bedd,williams,Alexander,Albon,https://www.formula1.com/content/dam/fom-website/drivers/A/ALEALB01_Alexander_Albon/alealb01.png.transform/1col/image.png,THA,17,17.0,,,,,+1 Lap,0.0,69.0
2022,Hungarian Grand Prix,Race,Nicholas Latifi,Williams,18.0,18.559880239520957,26.720958083832333,69.31736526946108,4.0341317365269465,6,N LATIFI,LAT,latifi,37bedd,williams,Nicholas,Latifi,https://www.formula1.com/content/dam/fom-website/drivers/N/NICLAF01_Nicholas_Latifi/niclaf01.png.transform/1col/image.png,CAN,18,19.0,,,,,+1 Lap,0.0,69.0
2022,Hungarian Grand Prix,Race,Yuki Tsunoda,AlphaTauri,19.0,18.559880239520957,26.720958083832333,69.31736526946108,4.0341317365269465,22,Y TSUNODA,TSU,tsunoda,4e7c9b,alphatauri,Yuki,Tsunoda,https://www.formula1.com/content/dam/fom-website/drivers/Y/YUKTSU01_Yuki_Tsunoda/yuktsu01.png.transform/1col/image.png,JPN,19,16.0,,,,,+2 Laps,0.0,68.0
2022,Hungarian Grand Prix,Race,Valtteri Bottas,Alfa Romeo,20.0,18.559880239520957,26.720958083832333,69.31736526946108,4.0341317365269465,77,V BOTTAS,BOT,bottas,b12039,alfa,Valtteri,Bottas,https://www.formula1.com/content/dam/fom-website/drivers/V/VALBOT01_Valtteri_Bottas/valbot01.png.transform/1col/image.png,FIN,20,8.0,,,,,Power Unit,0.0,65.0
2022,Hungarian Grand Prix,Qualifying,George Russell,Mercedes,1.0,22.202564102564104,29.805128205128206,71.08974358974359,2.7230769230769227,63,G RUSSELL,RUS,russell,6cd3bf,mercedes,George,Russell,https://www.formula1.com/content/dam/fom-website/drivers/G/GEORUS01_George_Russell/georus01.png.transform/1col/image.png,GBR,,,0 days 00:01:18.407000,0 days 00:01:18.154000,0 days 00:01:17.377000,,,,
2022,Hungarian Grand Prix,Qualifying,Carlos Sainz,Ferrari,2.0,22.202564102564104,29.805128205128206,71.08974358974359,2.7230769230769227,55,C SAINZ,SAI,sainz,ed1c24,ferrari,Carlos,Sainz,https://www.formula1.com/content/dam/fom-website/drivers/C/CARSAI01_Carlos_Sainz/carsai01.png.transform/1col/image.png,ESP,,,0 days 00:01:18.434000,0 days 00:01:17.946000,0 days 00:01:17.421000,,,,
2022,Hungarian Grand Prix,Qualifying,Charles Leclerc,Ferrari,3.0,22.202564102564104,29.805128205128206,71.08974358974359,2.7230769230769227,16,C LECLERC,LEC,leclerc,ed1c24,ferrari,Charles,Leclerc,https://www.formula1.com/content/dam/fom-website/drivers/C/CHALEC01_Charles_Leclerc/chalec01.png.transform/1col/image.png,MON,,,0 days 00:01:18.806000,0 days 00:01:17.768000,0 days 00:01:17.567000,,,,
2022,Hungarian Grand Prix,Qualifying,Lando Norris,McLaren,4.0,22.202564102564104,29.805128205128206,71.08974358974359,2.7230769230769227,4,L NORRIS,NOR,norris,f58020,mclaren,Lando,Norris,https://www.formula1.com/content/dam/fom-website/drivers/L/LANNOR01_Lando_Norris/lannor01.png.transform/1col/image.png,GBR,,,0 days 00:01:18.653000,0 days 00:01:18.121000,0 days 00:01:17.769000,,,,
2022,Hungarian Grand Prix,Qualifying,Esteban Ocon,Alpine,5.0,22.202564102564104,29.805128205128206,71.08974358974359,2.7230769230769227,31,E OCON,OCO,ocon,2293d1,alpine,Esteban,Ocon,https://www.formula1.com/content/dam/fom-website/drivers/E/ESTOCO01_Esteban_Ocon/estoco01.png.transform/1col/image.png,FRA,,,0 days 00:01:18.866000,0 days 00:01:18.216000,0 days 00:01:18.018000,,,,
2022,Hungarian Grand Prix,Qualifying,Fernando Alonso,Alpine,6.0,22.202564102564104,29.805128205128206,71.08974358974359,2.7230769230769227,14,F ALONSO,ALO,alonso,2293d1,alpine,Fernando,Alonso,https://www.formula1.com/content/dam/fom-website/drivers/F/FERALO01_Fernando_Alonso/feralo01.png.transform/1col/image.png,ESP,,,0 days 00:01:18.716000,0 days 00:01:17.904000,0 days 00:01:18.078000,,,,
2022,Hungarian Grand Prix,Qualifying,Lewis Hamilton,Mercedes,7.0,22.202564102564104,29.805128205128206,71.08974358974359,2.7230769230769227,44,L HAMILTON,HAM,hamilton,6cd3bf,mercedes,Lewis,Hamilton,https://www.formula1.com/content/dam/fom-website/drivers/L/LEWHAM01_Lewis_Hamilton/lewham01.png.transform/1col/image.png,GBR,,,0 days 00:01:18.374000,0 days 00:01:18.035000,0 days 00:01:18.142000,,,,
2022,Hungarian Grand Prix,Qualifying,Valtteri Bottas,Alfa Romeo,8.0,22.202564102564104,29.805128205128206,71.08974358974359,2.7230769230769227,77,V BOTTAS,BOT,bottas,b12039,alfa,Valtteri,Bottas,https://www.formula1.com/content/dam/fom-website/drivers/V/VALBOT01_Valtteri_Bottas/valbot01.png.transform/1col/image.png,FIN,,,0 days 00:01:18.935000,0 days 00:01:18.445000,0 days 00:01:18.157000,,,,
2022,Hungarian Grand Prix,Qualifying,Daniel Ricciardo,McLaren,9.0,22.202564102564104,29.805128205128206,71.08974358974359,2.7230769230769227,3,D RICCIARDO,RIC,ricciardo,f58020,mclaren,Daniel,Ricciardo,https://www.formula1.com/content/dam/fom-website/drivers/D/DANRIC01_Daniel_Ricciardo/danric01.png.transform/1col/image.png,AUS,,,0 days 00:01:18.775000,0 days 00:01:18.198000,0 days 00:01:18.379000,,,,
2022,Hungarian Grand Prix,Qualifying,Max Verstappen,Red Bull Racing,10.0,22.202564102564104,29.805128205128206,71.08974358974359,2.7230769230769227,1,M VERSTAPPEN,VER,max_verstappen,1e5bc6,red_bull,Max,Verstappen,https://www.formula1.com/content/dam/fom-website/drivers/M/MAXVER01_Max_Verstappen/maxver01.png.transform/1col/image.png,NED,,,0 days 00:01:18.509000,0 days 00:01:17.703000,0 days 00:01:18.823000,,,,
2022,Hungarian Grand Prix,Qualifying,Sergio Perez,Red Bull Racing,11.0,22.202564102564104,29.805128205128206,71.08974358974359,2.7230769230769227,11,S PEREZ,PER,perez,1e5bc6,red_bull,Sergio,Perez,https://www.formula1.com/content/dam/fom-website/drivers/S/SERPER01_Sergio_Perez/serper01.png.transform/1col/image.png,MEX,,,0 days 00:01:19.118000,0 days 00:01:18.516000,,,,,
2022,Hungarian Grand Prix,Qualifying,Guanyu Zhou,Alfa Romeo,12.0,22.202564102564104,29.805128205128206,71.08974358974359,2.7230769230769227,24,G ZHOU,ZHO,zhou,b12039,alfa,Guanyu,Zhou,https://www.formula1.com/content/dam/fom-website/drivers/G/GUAZHO01_Guanyu_Zhou/guazho01.png.transform/1col/image.png,CHN,,,0 days 00:01:18.973000,0 days 00:01:18.573000,,,,,
2022,Hungarian Grand Prix,Qualifying,Kevin Magnussen,Haas F1 Team,13.0,22.202564102564104,29.805128205128206,71.08974358974359,2.7230769230769227,20,K MAGNUSSEN,MAG,kevin_magnussen,b6babd,haas,Kevin,Magnussen,None,DEN,,,0 days 00:01:18.993000,0 days 00:01:18.825000,,,,,
2022,Hungarian Grand Prix,Qualifying,Lance Stroll,Aston Martin,14.0,22.202564102564104,29.805128205128206,71.08974358974359,2.7230769230769227,18,L STROLL,STR,stroll,2d826d,aston_martin,Lance,Stroll,https://www.formula1.com/content/dam/fom-website/drivers/L/LANSTR01_Lance_Stroll/lanstr01.png.transform/1col/image.png,CAN,,,0 days 00:01:19.205000,0 days 00:01:19.137000,,,,,
2022,Hungarian Grand Prix,Qualifying,Mick Schumacher,Haas F1 Team,15.0,22.202564102564104,29.805128205128206,71.08974358974359,2.7230769230769227,47,M SCHUMACHER,MSC,mick_schumacher,b6babd,haas,Mick,Schumacher,https://www.formula1.com/content/dam/fom-website/drivers/M/MICSCH02_Mick_Schumacher/micsch02.png.transform/1col/image.png,GER,,,0 days 00:01:19.164000,0 days 00:01:19.202000,,,,,
2022,Hungarian Grand Prix,Qualifying,Yuki Tsunoda,AlphaTauri,16.0,22.202564102564104,29.805128205128206,71.08974358974359,2.7230769230769227,22,Y TSUNODA,TSU,tsunoda,4e7c9b,alphatauri,Yuki,Tsunoda,https://www.formula1.com/content/dam/fom-website/drivers/Y/YUKTSU01_Yuki_Tsunoda/yuktsu01.png.transform/1col/image.png,JPN,,,0 days 00:01:19.240000,,,,,,
2022,Hungarian Grand Prix,Qualifying,Alexander Albon,Williams,17.0,22.202564102564104,29.805128205128206,71.08974358974359,2.7230769230769227,23,A ALBON,ALB,albon,37bedd,williams,Alexander,Albon,https://www.formula1.com/content/dam/fom-website/drivers/A/ALEALB01_Alexander_Albon/alealb01.png.transform/1col/image.png,THA,,,0 days 00:01:19.256000,,,,,,
2022,Hungarian Grand Prix,Qualifying,Sebastian Vettel,Aston Martin,18.0,22.202564102564104,29.805128205128206,71.08974358974359,2.7230769230769227,5,S VETTEL,VET,vettel,2d826d,aston_martin,Sebastian,Vettel,https://www.formula1.com/content/dam/fom-website/drivers/S/SEBVET01_Sebastian_Vettel/sebvet01.png.transform/1col/image.png,GER,,,0 days 00:01:19.273000,,,,,,
2022,Hungarian Grand Prix,Qualifying,Pierre Gasly,AlphaTauri,19.0,22.202564102564104,29.805128205128206,71.08974358974359,2.7230769230769227,10,P GASLY,GAS,gasly,4e7c9b,alphatauri,Pierre,Gasly,https://www.formula1.com/content/dam/fom-website/drivers/P/PIEGAS01_Pierre_Gasly/piegas01.png.transform/1col/image.png,FRA,,,0 days 00:01:19.527000,,,,,,
2022,Hungarian Grand Prix,Qualifying,Nicholas Latifi,Williams,20.0,22.202564102564104,29.805128205128206,71.08974358974359,2.7230769230769227,6,N LATIFI,LAT,latifi,37bedd,williams,Nicholas,Latifi,https://www.formula1.com/content/dam/fom-website/drivers/N/NICLAF01_Nicholas_Latifi/niclaf01.png.transform/1col/image.png,CAN,,,0 days 00:01:19.570000,,,,,,
2022,Hungarian Grand Prix,Practice 1,Max Verstappen,Red Bull Racing,,32.05833333333334,50.846428571428575,27.654761904761905,1.5142857142857145,1,M VERSTAPPEN,VER,max_verstappen,1e5bc6,red_bull,Max,Verstappen,https://www.formula1.com/content/dam/fom-website/drivers/M/MAXVER01_Max_Verstappen/maxver01.png.transform/1col/image.png,NED,,,,,,,,,
2022,Hungarian Grand Prix,Practice 1,Daniel Ricciardo,McLaren,,32.05833333333334,50.846428571428575,27.654761904761905,1.5142857142857145,3,D RICCIARDO,RIC,ricciardo,f58020,mclaren,Daniel,Ricciardo,https://www.formula1.com/content/dam/fom-website/drivers/D/DANRIC01_Daniel_Ricciardo/danric01.png.transform/1col/image.png,AUS,,,,,,,,,
2022,Hungarian Grand Prix,Practice 1,Lando Norris,McLaren,,32.05833333333334,50.846428571428575,27.654761904761905,1.5142857142857145,4,L NORRIS,NOR,norris,f58020,mclaren,Lando,Norris,https://www.formula1.com/content/dam/fom-website/drivers/L/LANNOR01_Lando_Norris/lannor01.png.transform/1col/image.png,GBR,,,,,,,,,
2022,Hungarian Grand Prix,Practice 1,Sebastian Vettel,Aston Martin,,32.05833333333334,50.846428571428575,27.654761904761905,1.5142857142857145,5,S VETTEL,VET,vettel,2d826d,aston_martin,Sebastian,Vettel,https://www.formula1.com/content/dam/fom-website/drivers/S/SEBVET01_Sebastian_Vettel/sebvet01.png.transform/1col/image.png,GER,,,,,,,,,
2022,Hungarian Grand Prix,Practice 1,Nicholas Latifi,Williams,,32.05833333333334,50.846428571428575,27.654761904761905,1.5142857142857145,6,N LATIFI,LAT,latifi,37bedd,williams,Nicholas,Latifi,https://www.formula1.com/content/dam/fom-website/drivers/N/NICLAF01_Nicholas_Latifi/niclaf01.png.transform/1col/image.png,CAN,,,,,,,,,
2022,Hungarian Grand Prix,Practice 1,Pierre Gasly,AlphaTauri,,32.05833333333334,50.846428571428575,27.654761904761905,1.5142857142857145,10,P GASLY,GAS,gasly,4e7c9b,alphatauri,Pierre,Gasly,https://www.formula1.com/content/dam/fom-website/drivers/P/PIEGAS01_Pierre_Gasly/piegas01.png.transform/1col/image.png,FRA,,,,,,,,,
2022,Hungarian Grand Prix,Practice 1,Sergio Perez,Red Bull Racing,,32.05833333333334,50.846428571428575,27.654761904761905,1.5142857142857145,11,S PEREZ,PER,perez,1e5bc6,red_bull,Sergio,Perez,https://www.formula1.com/content/dam/fom-website/drivers/S/SERPER01_Sergio_Perez/serper01.png.transform/1col/image.png,MEX,,,,,,,,,
2022,Hungarian Grand Prix,Practice 1,Fernando Alonso,Alpine,,32.05833333333334,50.846428571428575,27.654761904761905,1.5142857142857145,14,F ALONSO,ALO,alonso,2293d1,alpine,Fernando,Alonso,https://www.formula1.com/content/dam/fom-website/drivers/F/FERALO01_Fernando_Alonso/feralo01.png.transform/1col/image.png,ESP,,,,,,,,,
2022,Hungarian Grand Prix,Practice 1,Charles Leclerc,Ferrari,,32.05833333333334,50.846428571428575,27.654761904761905,1.5142857142857145,16,C LECLERC,LEC,leclerc,ed1c24,ferrari,Charles,Leclerc,https://www.formula1.com/content/dam/fom-website/drivers/C/CHALEC01_Charles_Leclerc/chalec01.png.transform/1col/image.png,MON,,,,,,,,,
2022,Hungarian Grand Prix,Practice 1,Lance Stroll,Aston Martin,,32.05833333333334,50.846428571428575,27.654761904761905,1.5142857142857145,18,L STROLL,STR,stroll,2d826d,aston_martin,Lance,Stroll,https://www.formula1.com/content/dam/fom-website/drivers/L/LANSTR01_Lance_Stroll/lanstr01.png.transform/1col/image.png,CAN,,,,,,,,,
2022,Hungarian Grand Prix,Practice 1,Kevin Magnussen,Haas F1 Team,,32.05833333333334,50.846428571428575,27.654761904761905,1.5142857142857145,20,K MAGNUSSEN,MAG,kevin_magnussen,b6babd,haas,Kevin,Magnussen,None,DEN,,,,,,,,,
2022,Hungarian Grand Prix,Practice 1,Yuki Tsunoda,AlphaTauri,,32.05833333333334,50.846428571428575,27.654761904761905,1.5142857142857145,22,Y TSUNODA,TSU,tsunoda,4e7c9b,alphatauri,Yuki,Tsunoda,https://www.formula1.com/content/dam/fom-website/drivers/Y/YUKTSU01_Yuki_Tsunoda/yuktsu01.png.transform/1col/image.png,JPN,,,,,,,,,
2022,Hungarian Grand Prix,Practice 1,Alexander Albon,Williams,,32.05833333333334,50.846428571428575,27.654761904761905,1.5142857142857145,23,A ALBON,ALB,albon,37bedd,williams,Alexander,Albon,https://www.formula1.com/content/dam/fom-website/drivers/A/ALEALB01_Alexander_Albon/alealb01.png.transform/1col/image.png,THA,,,,,,,,,
2022,Hungarian Grand Prix,Practice 1,Guanyu Zhou,Alfa Romeo,,32.05833333333334,50.846428571428575,27.654761904761905,1.5142857142857145,24,G ZHOU,ZHO,zhou,b12039,alfa,Guanyu,Zhou,https://www.formula1.com/content/dam/fom-website/drivers/G/GUAZHO01_Guanyu_Zhou/guazho01.png.transform/1col/image.png,CHN,,,,,,,,,
2022,Hungarian Grand Prix,Practice 1,Esteban Ocon,Alpine,,32.05833333333334,50.846428571428575,27.654761904761905,1.5142857142857145,31,E OCON,OCO,ocon,2293d1,alpine,Esteban,Ocon,https://www.formula1.com/content/dam/fom-website/drivers/E/ESTOCO01_Esteban_Ocon/estoco01.png.transform/1col/image.png,FRA,,,,,,,,,
2022,Hungarian Grand Prix,Practice 1,Lewis Hamilton,Mercedes,,32.05833333333334,50.846428571428575,27.654761904761905,1.5142857142857145,44,L HAMILTON,HAM,hamilton,6cd3bf,mercedes,Lewis,Hamilton,https://www.formula1.com/content/dam/fom-website/drivers/L/LEWHAM01_Lewis_Hamilton/lewham01.png.transform/1col/image.png,GBR,,,,,,,,,
2022,Hungarian Grand Prix,Practice 1,Mick Schumacher,Haas F1 Team,,32.05833333333334,50.846428571428575,27.654761904761905,1.5142857142857145,47,M SCHUMACHER,MSC,mick_schumacher,b6babd,haas,Mick,Schumacher,https://www.formula1.com/content/dam/fom-website/drivers/M/MICSCH02_Mick_Schumacher/micsch02.png.transform/1col/image.png,GER,,,,,,,,,
2022,Hungarian Grand Prix,Practice 1,Carlos Sainz,Ferrari,,32.05833333333334,50.846428571428575,27.654761904761905,1.5142857142857145,55,C SAINZ,SAI,sainz,ed1c24,ferrari,Carlos,Sainz,https://www.formula1.com/content/dam/fom-website/drivers/C/CARSAI01_Carlos_Sainz/carsai01.png.transform/1col/image.png,ESP,,,,,,,,,
2022,Hungarian Grand Prix,Practice 1,George Russell,Mercedes,,32.05833333333334,50.846428571428575,27.654761904761905,1.5142857142857145,63,G RUSSELL,RUS,russell,6cd3bf,mercedes,George,Russell,https://www.formula1.com/content/dam/fom-website/drivers/G/GEORUS01_George_Russell/georus01.png.transform/1col/image.png,GBR,,,,,,,,,
2022,Hungarian Grand Prix,Practice 1,Robert Kubica,Alfa Romeo,,32.05833333333334,50.846428571428575,27.654761904761905,1.5142857142857145,88,R KUBICA,KUB,nan,b12039,nan,Robert,Kubica,None,POL,,,,,,,,,
2022,Hungarian Grand Prix,Practice 2,Max Verstappen,Red Bull Racing,,33.22073170731707,47.7109756097561,25.20731707317073,1.6646341463414638,1,M VERSTAPPEN,VER,max_verstappen,1e5bc6,red_bull,Max,Verstappen,https://www.formula1.com/content/dam/fom-website/drivers/M/MAXVER01_Max_Verstappen/maxver01.png.transform/1col/image.png,NED,,,,,,,,,
2022,Hungarian Grand Prix,Practice 2,Daniel Ricciardo,McLaren,,33.22073170731707,47.7109756097561,25.20731707317073,1.6646341463414638,3,D RICCIARDO,RIC,ricciardo,f58020,mclaren,Daniel,Ricciardo,https://www.formula1.com/content/dam/fom-website/drivers/D/DANRIC01_Daniel_Ricciardo/danric01.png.transform/1col/image.png,AUS,,,,,,,,,
2022,Hungarian Grand Prix,Practice 2,Lando Norris,McLaren,,33.22073170731707,47.7109756097561,25.20731707317073,1.6646341463414638,4,L NORRIS,NOR,norris,f58020,mclaren,Lando,Norris,https://www.formula1.com/content/dam/fom-website/drivers/L/LANNOR01_Lando_Norris/lannor01.png.transform/1col/image.png,GBR,,,,,,,,,
2022,Hungarian Grand Prix,Practice 2,Sebastian Vettel,Aston Martin,,33.22073170731707,47.7109756097561,25.20731707317073,1.6646341463414638,5,S VETTEL,VET,vettel,2d826d,aston_martin,Sebastian,Vettel,https://www.formula1.com/content/dam/fom-website/drivers/S/SEBVET01_Sebastian_Vettel/sebvet01.png.transform/1col/image.png,GER,,,,,,,,,
2022,Hungarian Grand Prix,Practice 2,Nicholas Latifi,Williams,,33.22073170731707,47.7109756097561,25.20731707317073,1.6646341463414638,6,N LATIFI,LAT,latifi,37bedd,williams,Nicholas,Latifi,https://www.formula1.com/content/dam/fom-website/drivers/N/NICLAF01_Nicholas_Latifi/niclaf01.png.transform/1col/image.png,CAN,,,,,,,,,
2022,Hungarian Grand Prix,Practice 2,Pierre Gasly,AlphaTauri,,33.22073170731707,47.7109756097561,25.20731707317073,1.6646341463414638,10,P GASLY,GAS,gasly,4e7c9b,alphatauri,Pierre,Gasly,https://www.formula1.com/content/dam/fom-website/drivers/P/PIEGAS01_Pierre_Gasly/piegas01.png.transform/1col/image.png,FRA,,,,,,,,,
2022,Hungarian Grand Prix,Practice 2,Sergio Perez,Red Bull Racing,,33.22073170731707,47.7109756097561,25.20731707317073,1.6646341463414638,11,S PEREZ,PER,perez,1e5bc6,red_bull,Sergio,Perez,https://www.formula1.com/content/dam/fom-website/drivers/S/SERPER01_Sergio_Perez/serper01.png.transform/1col/image.png,MEX,,,,,,,,,
2022,Hungarian Grand Prix,Practice 2,Fernando Alonso,Alpine,,33.22073170731707,47.7109756097561,25.20731707317073,1.6646341463414638,14,F ALONSO,ALO,alonso,2293d1,alpine,Fernando,Alonso,https://www.formula1.com/content/dam/fom-website/drivers/F/FERALO01_Fernando_Alonso/feralo01.png.transform/1col/image.png,ESP,,,,,,,,,
2022,Hungarian Grand Prix,Practice 2,Charles Leclerc,Ferrari,,33.22073170731707,47.7109756097561,25.20731707317073,1.6646341463414638,16,C LECLERC,LEC,leclerc,ed1c24,ferrari,Charles,Leclerc,https://www.formula1.com/content/dam/fom-website/drivers/C/CHALEC01_Charles_Leclerc/chalec01.png.transform/1col/image.png,MON,,,,,,,,,
2022,Hungarian Grand Prix,Practice 2,Lance Stroll,Aston Martin,,33.22073170731707,47.7109756097561,25.20731707317073,1.6646341463414638,18,L STROLL,STR,stroll,2d826d,aston_martin,Lance,Stroll,https://www.formula1.com/content/dam/fom-website/drivers/L/LANSTR01_Lance_Stroll/lanstr01.png.transform/1col/image.png,CAN,,,,,,,,,
2022,Hungarian Grand Prix,Practice 2,Kevin Magnussen,Haas F1 Team,,33.22073170731707,47.7109756097561,25.20731707317073,1.6646341463414638,20,K MAGNUSSEN,MAG,kevin_magnussen,b6babd,haas,Kevin,Magnussen,None,DEN,,,,,,,,,
2022,Hungarian Grand Prix,Practice 2,Yuki Tsunoda,AlphaTauri,,33.22073170731707,47.7109756097561,25.20731707317073,1.6646341463414638,22,Y TSUNODA,TSU,tsunoda,4e7c9b,alphatauri,Yuki,Tsunoda,https://www.formula1.com/content/dam/fom-website/drivers/Y/YUKTSU01_Yuki_Tsunoda/yuktsu01.png.transform/1col/image.png,JPN,,,,,,,,,
2022,Hungarian Grand Prix,Practice 2,Alexander Albon,Williams,,33.22073170731707,47.7109756097561,25.20731707317073,1.6646341463414638,23,A ALBON,ALB,albon,37bedd,williams,Alexander,Albon,https://www.formula1.com/content/dam/fom-website/drivers/A/ALEALB01_Alexander_Albon/alealb01.png.transform/1col/image.png,THA,,,,,,,,,
2022,Hungarian Grand Prix,Practice 2,Guanyu Zhou,Alfa Romeo,,33.22073170731707,47.7109756097561,25.20731707317073,1.6646341463414638,24,G ZHOU,ZHO,zhou,b12039,alfa,Guanyu,Zhou,https://www.formula1.com/content/dam/fom-website/drivers/G/GUAZHO01_Guanyu_Zhou/guazho01.png.transform/1col/image.png,CHN,,,,,,,,,
2022,Hungarian Grand Prix,Practice 2,Esteban Ocon,Alpine,,33.22073170731707,47.7109756097561,25.20731707317073,1.6646341463414638,31,E OCON,OCO,ocon,2293d1,alpine,Esteban,Ocon,https://www.formula1.com/content/dam/fom-website/drivers/E/ESTOCO01_Esteban_Ocon/estoco01.png.transform/1col/image.png,FRA,,,,,,,,,
2022,Hungarian Grand Prix,Practice 2,Lewis Hamilton,Mercedes,,33.22073170731707,47.7109756097561,25.20731707317073,1.6646341463414638,44,L HAMILTON,HAM,hamilton,6cd3bf,mercedes,Lewis,Hamilton,https://www.formula1.com/content/dam/fom-website/drivers/L/LEWHAM01_Lewis_Hamilton/lewham01.png.transform/1col/image.png,GBR,,,,,,,,,
2022,Hungarian Grand Prix,Practice 2,Mick Schumacher,Haas F1 Team,,33.22073170731707,47.7109756097561,25.20731707317073,1.6646341463414638,47,M SCHUMACHER,MSC,mick_schumacher,b6babd,haas,Mick,Schumacher,https://www.formula1.com/content/dam/fom-website/drivers/M/MICSCH02_Mick_Schumacher/micsch02.png.transform/1col/image.png,GER,,,,,,,,,
2022,Hungarian Grand Prix,Practice 2,Carlos Sainz,Ferrari,,33.22073170731707,47.7109756097561,25.20731707317073,1.6646341463414638,55,C SAINZ,SAI,sainz,ed1c24,ferrari,Carlos,Sainz,https://www.formula1.com/content/dam/fom-website/drivers/C/CARSAI01_Carlos_Sainz/carsai01.png.transform/1col/image.png,ESP,,,,,,,,,
2022,Hungarian Grand Prix,Practice 2,George Russell,Mercedes,,33.22073170731707,47.7109756097561,25.20731707317073,1.6646341463414638,63,G RUSSELL,RUS,russell,6cd3bf,mercedes,George,Russell,https://www.formula1.com/content/dam/fom-website/drivers/G/GEORUS01_George_Russell/georus01.png.transform/1col/image.png,GBR,,,,,,,,,
2022,Hungarian Grand Prix,Practice 2,Valtteri Bottas,Alfa Romeo,,33.22073170731707,47.7109756097561,25.20731707317073,1.6646341463414638,77,V BOTTAS,BOT,bottas,b12039,alfa,Valtteri,Bottas,https://www.formula1.com/content/dam/fom-website/drivers/V/VALBOT01_Valtteri_Bottas/valbot01.png.transform/1col/image.png,FIN,,,,,,,,,
2022,Hungarian Grand Prix,Practice 3,Max Verstappen,Red Bull Racing,,19.63658536585366,24.089024390243903,93.85365853658537,1.9317073170731704,1,M VERSTAPPEN,VER,max_verstappen,1e5bc6,red_bull,Max,Verstappen,https://www.formula1.com/content/dam/fom-website/drivers/M/MAXVER01_Max_Verstappen/maxver01.png.transform/1col/image.png,NED,,,,,,,,,
2022,Hungarian Grand Prix,Practice 3,Daniel Ricciardo,McLaren,,19.63658536585366,24.089024390243903,93.85365853658537,1.9317073170731704,3,D RICCIARDO,RIC,ricciardo,f58020,mclaren,Daniel,Ricciardo,https://www.formula1.com/content/dam/fom-website/drivers/D/DANRIC01_Daniel_Ricciardo/danric01.png.transform/1col/image.png,AUS,,,,,,,,,
2022,Hungarian Grand Prix,Practice 3,Lando Norris,McLaren,,19.63658536585366,24.089024390243903,93.85365853658537,1.9317073170731704,4,L NORRIS,NOR,norris,f58020,mclaren,Lando,Norris,https://www.formula1.com/content/dam/fom-website/drivers/L/LANNOR01_Lando_Norris/lannor01.png.transform/1col/image.png,GBR,,,,,,,,,
2022,Hungarian Grand Prix,Practice 3,Sebastian Vettel,Aston Martin,,19.63658536585366,24.089024390243903,93.85365853658537,1.9317073170731704,5,S VETTEL,VET,vettel,2d826d,aston_martin,Sebastian,Vettel,https://www.formula1.com/content/dam/fom-website/drivers/S/SEBVET01_Sebastian_Vettel/sebvet01.png.transform/1col/image.png,GER,,,,,,,,,
2022,Hungarian Grand Prix,Practice 3,Nicholas Latifi,Williams,,19.63658536585366,24.089024390243903,93.85365853658537,1.9317073170731704,6,N LATIFI,LAT,latifi,37bedd,williams,Nicholas,Latifi,https://www.formula1.com/content/dam/fom-website/drivers/N/NICLAF01_Nicholas_Latifi/niclaf01.png.transform/1col/image.png,CAN,,,,,,,,,
2022,Hungarian Grand Prix,Practice 3,Pierre Gasly,AlphaTauri,,19.63658536585366,24.089024390243903,93.85365853658537,1.9317073170731704,10,P GASLY,GAS,gasly,4e7c9b,alphatauri,Pierre,Gasly,https://www.formula1.com/content/dam/fom-website/drivers/P/PIEGAS01_Pierre_Gasly/piegas01.png.transform/1col/image.png,FRA,,,,,,,,,
2022,Hungarian Grand Prix,Practice 3,Sergio Perez,Red Bull Racing,,19.63658536585366,24.089024390243903,93.85365853658537,1.9317073170731704,11,S PEREZ,PER,perez,1e5bc6,red_bull,Sergio,Perez,https://www.formula1.com/content/dam/fom-website/drivers/S/SERPER01_Sergio_Perez/serper01.png.transform/1col/image.png,MEX,,,,,,,,,
2022,Hungarian Grand Prix,Practice 3,Fernando Alonso,Alpine,,19.63658536585366,24.089024390243903,93.85365853658537,1.9317073170731704,14,F ALONSO,ALO,alonso,2293d1,alpine,Fernando,Alonso,https://www.formula1.com/content/dam/fom-website/drivers/F/FERALO01_Fernando_Alonso/feralo01.png.transform/1col/image.png,ESP,,,,,,,,,
2022,Hungarian Grand Prix,Practice 3,Charles Leclerc,Ferrari,,19.63658536585366,24.089024390243903,93.85365853658537,1.9317073170731704,16,C LECLERC,LEC,leclerc,ed1c24,ferrari,Charles,Leclerc,https://www.formula1.com/content/dam/fom-website/drivers/C/CHALEC01_Charles_Leclerc/chalec01.png.transform/1col/image.png,MON,,,,,,,,,
2022,Hungarian Grand Prix,Practice 3,Lance Stroll,Aston Martin,,19.63658536585366,24.089024390243903,93.85365853658537,1.9317073170731704,18,L STROLL,STR,stroll,2d826d,aston_martin,Lance,Stroll,https://www.formula1.com/content/dam/fom-website/drivers/L/LANSTR01_Lance_Stroll/lanstr01.png.transform/1col/image.png,CAN,,,,,,,,,
2022,Hungarian Grand Prix,Practice 3,Kevin Magnussen,Haas F1 Team,,19.63658536585366,24.089024390243903,93.85365853658537,1.9317073170731704,20,K MAGNUSSEN,MAG,kevin_magnussen,b6babd,haas,Kevin,Magnussen,None,DEN,,,,,,,,,
2022,Hungarian Grand Prix,Practice 3,Yuki Tsunoda,AlphaTauri,,19.63658536585366,24.089024390243903,93.85365853658537,1.9317073170731704,22,Y TSUNODA,TSU,tsunoda,4e7c9b,alphatauri,Yuki,Tsunoda,https://www.formula1.com/content/dam/fom-website/drivers/Y/YUKTSU01_Yuki_Tsunoda/yuktsu01.png.transform/1col/image.png,JPN,,,,,,,,,
2022,Hungarian Grand Prix,Practice 3,Alexander Albon,Williams,,19.63658536585366,24.089024390243903,93.85365853658537,1.9317073170731704,23,A ALBON,ALB,albon,37bedd,williams,Alexander,Albon,https://www.formula1.com/content/dam/fom-website/drivers/A/ALEALB01_Alexander_Albon/alealb01.png.transform/1col/image.png,THA,,,,,,,,,
2022,Hungarian Grand Prix,Practice 3,Guanyu Zhou,Alfa Romeo,,19.63658536585366,24.089024390243903,93.85365853658537,1.9317073170731704,24,G ZHOU,ZHO,zhou,b12039,alfa,Guanyu,Zhou,https://www.formula1.com/content/dam/fom-website/drivers/G/GUAZHO01_Guanyu_Zhou/guazho01.png.transform/1col/image.png,CHN,,,,,,,,,
2022,Hungarian Grand Prix,Practice 3,Esteban Ocon,Alpine,,19.63658536585366,24.089024390243903,93.85365853658537,1.9317073170731704,31,E OCON,OCO,ocon,2293d1,alpine,Esteban,Ocon,https://www.formula1.com/content/dam/fom-website/drivers/E/ESTOCO01_Esteban_Ocon/estoco01.png.transform/1col/image.png,FRA,,,,,,,,,
2022,Hungarian Grand Prix,Practice 3,Lewis Hamilton,Mercedes,,19.63658536585366,24.089024390243903,93.85365853658537,1.9317073170731704,44,L HAMILTON,HAM,hamilton,6cd3bf,mercedes,Lewis,Hamilton,https://www.formula1.com/content/dam/fom-website/drivers/L/LEWHAM01_Lewis_Hamilton/lewham01.png.transform/1col/image.png,GBR,,,,,,,,,
2022,Hungarian Grand Prix,Practice 3,Mick Schumacher,Haas F1 Team,,19.63658536585366,24.089024390243903,93.85365853658537,1.9317073170731704,47,M SCHUMACHER,MSC,mick_schumacher,b6babd,haas,Mick,Schumacher,https://www.formula1.com/content/dam/fom-website/drivers/M/MICSCH02_Mick_Schumacher/micsch02.png.transform/1col/image.png,GER,,,,,,,,,
2022,Hungarian Grand Prix,Practice 3,Carlos Sainz,Ferrari,,19.63658536585366,24.089024390243903,93.85365853658537,1.9317073170731704,55,C SAINZ,SAI,sainz,ed1c24,ferrari,Carlos,Sainz,https://www.formula1.com/content/dam/fom-website/drivers/C/CARSAI01_Carlos_Sainz/carsai01.png.transform/1col/image.png,ESP,,,,,,,,,
2022,Hungarian Grand Prix,Practice 3,George Russell,Mercedes,,19.63658536585366,24.089024390243903,93.85365853658537,1.9317073170731704,63,G RUSSELL,RUS,russell,6cd3bf,mercedes,George,Russell,https://www.formula1.com/content/dam/fom-website/drivers/G/GEORUS01_George_Russell/georus01.png.transform/1col/image.png,GBR,,,,,,,,,
2022,Hungarian Grand Prix,Practice 3,Valtteri Bottas,Alfa Romeo,,19.63658536585366,24.089024390243903,93.85365853658537,1.9317073170731704,77,V BOTTAS,BOT,bottas,b12039,alfa,Valtteri,Bottas,https://www.formula1.com/content/dam/fom-website/drivers/V/VALBOT01_Valtteri_Bottas/valbot01.png.transform/1col/image.png,FIN,,,,,,,,,
2022,Belgian Grand Prix,Race,Max Verstappen,Red Bull Racing,1.0,21.78717948717949,36.08397435897436,40.51923076923077,1.5192307692307692,1,M VERSTAPPEN,VER,max_verstappen,1e5bc6,red_bull,Max,Verstappen,https://www.formula1.com/content/dam/fom-website/drivers/M/MAXVER01_Max_Verstappen/maxver01.png.transform/1col/image.png,NED,1,14.0,,,,0 days 01:25:52.894000,Finished,26.0,44.0
2022,Belgian Grand Prix,Race,Sergio Perez,Red Bull Racing,2.0,21.78717948717949,36.08397435897436,40.51923076923077,1.5192307692307692,11,S PEREZ,PER,perez,1e5bc6,red_bull,Sergio,Perez,https://www.formula1.com/content/dam/fom-website/drivers/S/SERPER01_Sergio_Perez/serper01.png.transform/1col/image.png,MEX,2,2.0,,,,0 days 00:00:17.841000,Finished,18.0,44.0
2022,Belgian Grand Prix,Race,Carlos Sainz,Ferrari,3.0,21.78717948717949,36.08397435897436,40.51923076923077,1.5192307692307692,55,C SAINZ,SAI,sainz,ed1c24,ferrari,Carlos,Sainz,https://www.formula1.com/content/dam/fom-website/drivers/C/CARSAI01_Carlos_Sainz/carsai01.png.transform/1col/image.png,ESP,3,1.0,,,,0 days 00:00:26.886000,Finished,15.0,44.0
2022,Belgian Grand Prix,Race,George Russell,Mercedes,4.0,21.78717948717949,36.08397435897436,40.51923076923077,1.5192307692307692,63,G RUSSELL,RUS,russell,6cd3bf,mercedes,George,Russell,https://www.formula1.com/content/dam/fom-website/drivers/G/GEORUS01_George_Russell/georus01.png.transform/1col/image.png,GBR,4,5.0,,,,0 days 00:00:29.140000,Finished,12.0,44.0
2022,Belgian Grand Prix,Race,Fernando Alonso,Alpine,5.0,21.78717948717949,36.08397435897436,40.51923076923077,1.5192307692307692,14,F ALONSO,ALO,alonso,2293d1,alpine,Fernando,Alonso,https://www.formula1.com/content/dam/fom-website/drivers/F/FERALO01_Fernando_Alonso/feralo01.png.transform/1col/image.png,ESP,5,3.0,,,,0 days 00:01:13.256000,Finished,10.0,44.0
2022,Belgian Grand Prix,Race,Charles Leclerc,Ferrari,6.0,21.78717948717949,36.08397435897436,40.51923076923077,1.5192307692307692,16,C LECLERC,LEC,leclerc,ed1c24,ferrari,Charles,Leclerc,https://www.formula1.com/content/dam/fom-website/drivers/C/CHALEC01_Charles_Leclerc/chalec01.png.transform/1col/image.png,MON,6,15.0,,,,0 days 00:01:14.936000,Finished,8.0,44.0
2022,Belgian Grand Prix,Race,Esteban Ocon,Alpine,7.0,21.78717948717949,36.08397435897436,40.51923076923077,1.5192307692307692,31,E OCON,OCO,ocon,2293d1,alpine,Esteban,Ocon,https://www.formula1.com/content/dam/fom-website/drivers/E/ESTOCO01_Esteban_Ocon/estoco01.png.transform/1col/image.png,FRA,7,16.0,,,,0 days 00:01:15.640000,Finished,6.0,44.0
2022,Belgian Grand Prix,Race,Sebastian Vettel,Aston Martin,8.0,21.78717948717949,36.08397435897436,40.51923076923077,1.5192307692307692,5,S VETTEL,VET,vettel,2d826d,aston_martin,Sebastian,Vettel,https://www.formula1.com/content/dam/fom-website/drivers/S/SEBVET01_Sebastian_Vettel/sebvet01.png.transform/1col/image.png,GER,8,10.0,,,,0 days 00:01:18.107000,Finished,4.0,44.0
2022,Belgian Grand Prix,Race,Pierre Gasly,AlphaTauri,9.0,21.78717948717949,36.08397435897436,40.51923076923077,1.5192307692307692,10,P GASLY,GAS,gasly,4e7c9b,alphatauri,Pierre,Gasly,https://www.formula1.com/content/dam/fom-website/drivers/P/PIEGAS01_Pierre_Gasly/piegas01.png.transform/1col/image.png,FRA,9,0.0,,,,0 days 00:01:32.181000,Finished,2.0,44.0
2022,Belgian Grand Prix,Race,Alexander Albon,Williams,10.0,21.78717948717949,36.08397435897436,40.51923076923077,1.5192307692307692,23,A ALBON,ALB,albon,37bedd,williams,Alexander,Albon,https://www.formula1.com/content/dam/fom-website/drivers/A/ALEALB01_Alexander_Albon/alealb01.png.transform/1col/image.png,THA,10,6.0,,,,0 days 00:01:41.900000,Finished,1.0,44.0
2022,Belgian Grand Prix,Race,Lance Stroll,Aston Martin,11.0,21.78717948717949,36.08397435897436,40.51923076923077,1.5192307692307692,18,L STROLL,STR,stroll,2d826d,aston_martin,Lance,Stroll,https://www.formula1.com/content/dam/fom-website/drivers/L/LANSTR01_Lance_Stroll/lanstr01.png.transform/1col/image.png,CAN,11,9.0,,,,0 days 00:01:43.078000,Finished,0.0,44.0
2022,Belgian Grand Prix,Race,Lando Norris,McLaren,12.0,21.78717948717949,36.08397435897436,40.51923076923077,1.5192307692307692,4,L NORRIS,NOR,norris,f58020,mclaren,Lando,Norris,https://www.formula1.com/content/dam/fom-website/drivers/L/LANNOR01_Lando_Norris/lannor01.png.transform/1col/image.png,GBR,12,17.0,,,,0 days 00:01:44.739000,Finished,0.0,44.0
2022,Belgian Grand Prix,Race,Yuki Tsunoda,AlphaTauri,13.0,21.78717948717949,36.08397435897436,40.51923076923077,1.5192307692307692,22,Y TSUNODA,TSU,tsunoda,4e7c9b,alphatauri,Yuki,Tsunoda,https://www.formula1.com/content/dam/fom-website/drivers/Y/YUKTSU01_Yuki_Tsunoda/yuktsu01.png.transform/1col/image.png,JPN,13,0.0,,,,0 days 00:01:45.217000,Finished,0.0,44.0
2022,Belgian Grand Prix,Race,Guanyu Zhou,Alfa Romeo,14.0,21.78717948717949,36.08397435897436,40.51923076923077,1.5192307692307692,24,G ZHOU,ZHO,zhou,b12039,alfa,Guanyu,Zhou,https://www.formula1.com/content/dam/fom-website/drivers/G/GUAZHO01_Guanyu_Zhou/guazho01.png.transform/1col/image.png,CHN,14,18.0,,,,0 days 00:01:46.252000,Finished,0.0,44.0
2022,Belgian Grand Prix,Race,Daniel Ricciardo,McLaren,15.0,21.78717948717949,36.08397435897436,40.51923076923077,1.5192307692307692,3,D RICCIARDO,RIC,ricciardo,f58020,mclaren,Daniel,Ricciardo,https://www.formula1.com/content/dam/fom-website/drivers/D/DANRIC01_Daniel_Ricciardo/danric01.png.transform/1col/image.png,AUS,15,7.0,,,,0 days 00:01:47.163000,Finished,0.0,44.0
2022,Belgian Grand Prix,Race,Kevin Magnussen,Haas F1 Team,16.0,21.78717948717949,36.08397435897436,40.51923076923077,1.5192307692307692,20,K MAGNUSSEN,MAG,kevin_magnussen,b6babd,haas,Kevin,Magnussen,None,DEN,16,12.0,,,,,+1 Lap,0.0,43.0
2022,Belgian Grand Prix,Race,Mick Schumacher,Haas F1 Team,17.0,21.78717948717949,36.08397435897436,40.51923076923077,1.5192307692307692,47,M SCHUMACHER,MSC,mick_schumacher,b6babd,haas,Mick,Schumacher,https://www.formula1.com/content/dam/fom-website/drivers/M/MICSCH02_Mick_Schumacher/micsch02.png.transform/1col/image.png,GER,17,19.0,,,,,+1 Lap,0.0,43.0
2022,Belgian Grand Prix,Race,Nicholas Latifi,Williams,18.0,21.78717948717949,36.08397435897436,40.51923076923077,1.5192307692307692,6,N LATIFI,LAT,latifi,37bedd,williams,Nicholas,Latifi,https://www.formula1.com/content/dam/fom-website/drivers/N/NICLAF01_Nicholas_Latifi/niclaf01.png.transform/1col/image.png,CAN,18,11.0,,,,,+1 Lap,0.0,43.0
2022,Belgian Grand Prix,Race,Valtteri Bottas,Alfa Romeo,19.0,21.78717948717949,36.08397435897436,40.51923076923077,1.5192307692307692,77,V BOTTAS,BOT,bottas,b12039,alfa,Valtteri,Bottas,https://www.formula1.com/content/dam/fom-website/drivers/V/VALBOT01_Valtteri_Bottas/valbot01.png.transform/1col/image.png,FIN,R,13.0,,,,,Accident,0.0,1.0
2022,Belgian Grand Prix,Race,Lewis Hamilton,Mercedes,20.0,21.78717948717949,36.08397435897436,40.51923076923077,1.5192307692307692,44,L HAMILTON,HAM,hamilton,6cd3bf,mercedes,Lewis,Hamilton,https://www.formula1.com/content/dam/fom-website/drivers/L/LEWHAM01_Lewis_Hamilton/lewham01.png.transform/1col/image.png,GBR,R,4.0,,,,,Collision damage,0.0,0.0
2022,Belgian Grand Prix,Qualifying,Max Verstappen,Red Bull Racing,1.0,15.206666666666667,20.7,84.80952380952381,1.333333333333333,1,M VERSTAPPEN,VER,max_verstappen,1e5bc6,red_bull,Max,Verstappen,https://www.formula1.com/content/dam/fom-website/drivers/M/MAXVER01_Max_Verstappen/maxver01.png.transform/1col/image.png,NED,,,0 days 00:01:44.581000,0 days 00:01:44.723000,0 days 00:01:43.665000,,,,
2022,Belgian Grand Prix,Qualifying,Carlos Sainz,Ferrari,2.0,15.206666666666667,20.7,84.80952380952381,1.333333333333333,55,C SAINZ,SAI,sainz,ed1c24,ferrari,Carlos,Sainz,https://www.formula1.com/content/dam/fom-website/drivers/C/CARSAI01_Carlos_Sainz/carsai01.png.transform/1col/image.png,ESP,,,0 days 00:01:45.050000,0 days 00:01:45.418000,0 days 00:01:44.297000,,,,
2022,Belgian Grand Prix,Qualifying,Sergio Perez,Red Bull Racing,3.0,15.206666666666667,20.7,84.80952380952381,1.333333333333333,11,S PEREZ,PER,perez,1e5bc6,red_bull,Sergio,Perez,https://www.formula1.com/content/dam/fom-website/drivers/S/SERPER01_Sergio_Perez/serper01.png.transform/1col/image.png,MEX,,,0 days 00:01:45.377000,0 days 00:01:44.794000,0 days 00:01:44.462000,,,,
2022,Belgian Grand Prix,Qualifying,Charles Leclerc,Ferrari,4.0,15.206666666666667,20.7,84.80952380952381,1.333333333333333,16,C LECLERC,LEC,leclerc,ed1c24,ferrari,Charles,Leclerc,https://www.formula1.com/content/dam/fom-website/drivers/C/CHALEC01_Charles_Leclerc/chalec01.png.transform/1col/image.png,MON,,,0 days 00:01:45.572000,0 days 00:01:44.551000,0 days 00:01:44.553000,,,,
2022,Belgian Grand Prix,Qualifying,Esteban Ocon,Alpine,5.0,15.206666666666667,20.7,84.80952380952381,1.333333333333333,31,E OCON,OCO,ocon,2293d1,alpine,Esteban,Ocon,https://www.formula1.com/content/dam/fom-website/drivers/E/ESTOCO01_Esteban_Ocon/estoco01.png.transform/1col/image.png,FRA,,,0 days 00:01:46.039000,0 days 00:01:45.475000,0 days 00:01:45.180000,,,,
2022,Belgian Grand Prix,Qualifying,Fernando Alonso,Alpine,6.0,15.206666666666667,20.7,84.80952380952381,1.333333333333333,14,F ALONSO,ALO,alonso,2293d1,alpine,Fernando,Alonso,https://www.formula1.com/content/dam/fom-website/drivers/F/FERALO01_Fernando_Alonso/feralo01.png.transform/1col/image.png,ESP,,,0 days 00:01:46.075000,0 days 00:01:45.552000,0 days 00:01:45.368000,,,,
2022,Belgian Grand Prix,Qualifying,Lewis Hamilton,Mercedes,7.0,15.206666666666667,20.7,84.80952380952381,1.333333333333333,44,L HAMILTON,HAM,hamilton,6cd3bf,mercedes,Lewis,Hamilton,https://www.formula1.com/content/dam/fom-website/drivers/L/LEWHAM01_Lewis_Hamilton/lewham01.png.transform/1col/image.png,GBR,,,0 days 00:01:45.736000,0 days 00:01:45.420000,0 days 00:01:45.503000,,,,
2022,Belgian Grand Prix,Qualifying,George Russell,Mercedes,8.0,15.206666666666667,20.7,84.80952380952381,1.333333333333333,63,G RUSSELL,RUS,russell,6cd3bf,mercedes,George,Russell,https://www.formula1.com/content/dam/fom-website/drivers/G/GEORUS01_George_Russell/georus01.png.transform/1col/image.png,GBR,,,0 days 00:01:45.650000,0 days 00:01:45.461000,0 days 00:01:45.776000,,,,
2022,Belgian Grand Prix,Qualifying,Alexander Albon,Williams,9.0,15.206666666666667,20.7,84.80952380952381,1.333333333333333,23,A ALBON,ALB,albon,37bedd,williams,Alexander,Albon,https://www.formula1.com/content/dam/fom-website/drivers/A/ALEALB01_Alexander_Albon/alealb01.png.transform/1col/image.png,THA,,,0 days 00:01:45.672000,0 days 00:01:45.675000,0 days 00:01:45.837000,,,,
2022,Belgian Grand Prix,Qualifying,Lando Norris,McLaren,10.0,15.206666666666667,20.7,84.80952380952381,1.333333333333333,4,L NORRIS,NOR,norris,f58020,mclaren,Lando,Norris,https://www.formula1.com/content/dam/fom-website/drivers/L/LANNOR01_Lando_Norris/lannor01.png.transform/1col/image.png,GBR,,,0 days 00:01:45.745000,0 days 00:01:45.603000,0 days 00:01:46.178000,,,,
2022,Belgian Grand Prix,Qualifying,Daniel Ricciardo,McLaren,11.0,15.206666666666667,20.7,84.80952380952381,1.333333333333333,3,D RICCIARDO,RIC,ricciardo,f58020,mclaren,Daniel,Ricciardo,https://www.formula1.com/content/dam/fom-website/drivers/D/DANRIC01_Daniel_Ricciardo/danric01.png.transform/1col/image.png,AUS,,,0 days 00:01:46.212000,0 days 00:01:45.767000,,,,,
2022,Belgian Grand Prix,Qualifying,Pierre Gasly,AlphaTauri,12.0,15.206666666666667,20.7,84.80952380952381,1.333333333333333,10,P GASLY,GAS,gasly,4e7c9b,alphatauri,Pierre,Gasly,https://www.formula1.com/content/dam/fom-website/drivers/P/PIEGAS01_Pierre_Gasly/piegas01.png.transform/1col/image.png,FRA,,,0 days 00:01:46.183000,0 days 00:01:45.827000,,,,,
2022,Belgian Grand Prix,Qualifying,Guanyu Zhou,Alfa Romeo,13.0,15.206666666666667,20.7,84.80952380952381,1.333333333333333,24,G ZHOU,ZHO,zhou,b12039,alfa,Guanyu,Zhou,https://www.formula1.com/content/dam/fom-website/drivers/G/GUAZHO01_Guanyu_Zhou/guazho01.png.transform/1col/image.png,CHN,,,0 days 00:01:46.178000,0 days 00:01:46.085000,,,,,
2022,Belgian Grand Prix,Qualifying,Lance Stroll,Aston Martin,14.0,15.206666666666667,20.7,84.80952380952381,1.333333333333333,18,L STROLL,STR,stroll,2d826d,aston_martin,Lance,Stroll,https://www.formula1.com/content/dam/fom-website/drivers/L/LANSTR01_Lance_Stroll/lanstr01.png.transform/1col/image.png,CAN,,,0 days 00:01:46.256000,0 days 00:01:46.611000,,,,,
2022,Belgian Grand Prix,Qualifying,Mick Schumacher,Haas F1 Team,15.0,15.206666666666667,20.7,84.80952380952381,1.333333333333333,47,M SCHUMACHER,MSC,mick_schumacher,b6babd,haas,Mick,Schumacher,https://www.formula1.com/content/dam/fom-website/drivers/M/MICSCH02_Mick_Schumacher/micsch02.png.transform/1col/image.png,GER,,,0 days 00:01:46.342000,0 days 00:01:47.718000,,,,,
2022,Belgian Grand Prix,Qualifying,Sebastian Vettel,Aston Martin,16.0,15.206666666666667,20.7,84.80952380952381,1.333333333333333,5,S VETTEL,VET,vettel,2d826d,aston_martin,Sebastian,Vettel,https://www.formula1.com/content/dam/fom-website/drivers/S/SEBVET01_Sebastian_Vettel/sebvet01.png.transform/1col/image.png,GER,,,0 days 00:01:46.344000,,,,,,
2022,Belgian Grand Prix,Qualifying,Nicholas Latifi,Williams,17.0,15.206666666666667,20.7,84.80952380952381,1.333333333333333,6,N LATIFI,LAT,latifi,37bedd,williams,Nicholas,Latifi,https://www.formula1.com/content/dam/fom-website/drivers/N/NICLAF01_Nicholas_Latifi/niclaf01.png.transform/1col/image.png,CAN,,,0 days 00:01:46.401000,,,,,,
2022,Belgian Grand Prix,Qualifying,Kevin Magnussen,Haas F1 Team,18.0,15.206666666666667,20.7,84.80952380952381,1.333333333333333,20,K MAGNUSSEN,MAG,kevin_magnussen,b6babd,haas,Kevin,Magnussen,None,DEN,,,0 days 00:01:46.557000,,,,,,
2022,Belgian Grand Prix,Qualifying,Yuki Tsunoda,AlphaTauri,19.0,15.206666666666667,20.7,84.80952380952381,1.333333333333333,22,Y TSUNODA,TSU,tsunoda,4e7c9b,alphatauri,Yuki,Tsunoda,https://www.formula1.com/content/dam/fom-website/drivers/Y/YUKTSU01_Yuki_Tsunoda/yuktsu01.png.transform/1col/image.png,JPN,,,0 days 00:01:46.692000,,,,,,
2022,Belgian Grand Prix,Qualifying,Valtteri Bottas,Alfa Romeo,20.0,15.206666666666667,20.7,84.80952380952381,1.333333333333333,77,V BOTTAS,BOT,bottas,b12039,alfa,Valtteri,Bottas,https://www.formula1.com/content/dam/fom-website/drivers/V/VALBOT01_Valtteri_Bottas/valbot01.png.transform/1col/image.png,FIN,,,0 days 00:01:47.866000,,,,,,
