Year,EventName,FullName,RacePosition,QualiRank,AirTemp,TrackTemp,Humidity,WindSpeed,Team_AlphaTauri,Team_Alpine,Team_Aston Martin,Team_Ferrari,Team_Haas F1 Team,Team_Kick Sauber,Team_McLaren,Team_Mercedes,Team_RB,Team_Racing Bulls,Team_Red Bull Racing,Team_Williams
2022,Australian Grand Prix,Charles Leclerc,1.0,1.0,26.697435897435888,37.40833333333333,43.65384615384616,1.812820512820513,False,False,False,True,False,False,False,False,False,False,False,False
2022,Australian Grand Prix,Max Verstappen,18.0,2.0,26.697435897435888,37.40833333333333,43.65384615384616,1.812820512820513,False,False,False,False,False,False,False,False,False,False,True,False
2022,Australian Grand Prix,Sergio Perez,2.0,3.0,26.697435897435888,37.40833333333333,43.65384615384616,1.812820512820513,False,False,False,False,False,False,False,False,False,False,True,False
2022,Australian Grand Prix,Lando Norris,5.0,4.0,26.697435897435888,37.40833333333333,43.65384615384616,1.812820512820513,False,False,False,False,False,False,True,False,False,False,False,False
2022,Australian Grand Prix,Lewis Hamilton,4.0,5.0,26.697435897435888,37.40833333333333,43.65384615384616,1.812820512820513,False,False,False,False,False,False,False,True,False,False,False,False
2022,Australian Grand Prix,George Russell,3.0,6.0,26.697435897435888,37.40833333333333,43.65384615384616,1.812820512820513,False,False,False,False,False,False,False,True,False,False,False,False
2022,Australian Grand Prix,Daniel Ricciardo,6.0,7.0,26.697435897435888,37.40833333333333,43.65384615384616,1.812820512820513,False,False,False,False,False,False,True,False,False,False,False,False
2022,Australian Grand Prix,Esteban Ocon,7.0,8.0,26.697435897435888,37.40833333333333,43.65384615384616,1.812820512820513,False,True,False,False,False,False,False,False,False,False,False,False
2022,Australian Grand Prix,Carlos Sainz,20.0,9.0,26.697435897435888,37.40833333333333,43.65384615384616,1.812820512820513,False,False,False,True,False,False,False,False,False,False,False,False
2022,Australian Grand Prix,Fernando Alonso,17.0,10.0,26.697435897435888,37.40833333333333,43.65384615384616,1.812820512820513,False,True,False,False,False,False,False,False,False,False,False,False
2022,Australian Grand Prix,Pierre Gasly,9.0,11.0,26.697435897435888,37.40833333333333,43.65384615384616,1.812820512820513,True,False,False,False,False,False,False,False,False,False,False,False
2022,Australian Grand Prix,Valtteri Bottas,8.0,12.0,26.697435897435888,37.40833333333333,43.65384615384616,1.812820512820513,False,False,False,False,False,False,False,False,False,False,False,False
2022,Australian Grand Prix,Yuki Tsunoda,15.0,13.0,26.697435897435888,37.40833333333333,43.65384615384616,1.812820512820513,True,False,False,False,False,False,False,False,False,False,False,False
2022,Australian Grand Prix,Guanyu Zhou,11.0,14.0,26.697435897435888,37.40833333333333,43.65384615384616,1.812820512820513,False,False,False,False,False,False,False,False,False,False,False,False
2022,Australian Grand Prix,Mick Schumacher,13.0,15.0,26.697435897435888,37.40833333333333,43.65384615384616,1.812820512820513,False,False,False,False,True,False,False,False,False,False,False,False
2022,Australian Grand Prix,Alexander Albon,10.0,16.0,26.697435897435888,37.40833333333333,43.65384615384616,1.812820512820513,False,False,False,False,False,False,False,False,False,False,False,True
2022,Australian Grand Prix,Kevin Magnussen,14.0,17.0,26.697435897435888,37.40833333333333,43.65384615384616,1.812820512820513,False,False,False,False,True,False,False,False,False,False,False,False
2022,Australian Grand Prix,Sebastian Vettel,19.0,18.0,26.697435897435888,37.40833333333333,43.65384615384616,1.812820512820513,False,False,True,False,False,False,False,False,False,False,False,False
2022,Australian Grand Prix,Nicholas Latifi,16.0,19.0,26.697435897435888,37.40833333333333,43.65384615384616,1.812820512820513,False,False,False,False,False,False,False,False,False,False,False,True
2022,Australian Grand Prix,Lance Stroll,12.0,20.0,26.697435897435888,37.40833333333333,43.65384615384616,1.812820512820513,False,False,True,False,False,False,False,False,False,False,False,False
2022,Austrian Grand Prix,Max Verstappen,2.0,1.0,20.255921052631585,30.7467105263158,35.13815789473685,1.255263157894737,False,False,False,False,False,False,False,False,False,False,True,False
2022,Austrian Grand Prix,Charles Leclerc,1.0,2.0,20.255921052631585,30.7467105263158,35.13815789473685,1.255263157894737,False,False,False,True,False,False,False,False,False,False,False,False
2022,Austrian Grand Prix,Carlos Sainz,18.0,3.0,20.255921052631585,30.7467105263158,35.13815789473685,1.255263157894737,False,False,False,True,False,False,False,False,False,False,False,False
2022,Austrian Grand Prix,George Russell,4.0,4.0,20.255921052631585,30.7467105263158,35.13815789473685,1.255263157894737,False,False,False,False,False,False,False,True,False,False,False,False
2022,Austrian Grand Prix,Esteban Ocon,5.0,5.0,20.255921052631585,30.7467105263158,35.13815789473685,1.255263157894737,False,True,False,False,False,False,False,False,False,False,False,False
2022,Austrian Grand Prix,Kevin Magnussen,8.0,6.0,20.255921052631585,30.7467105263158,35.13815789473685,1.255263157894737,False,False,False,False,True,False,False,False,False,False,False,False
2022,Austrian Grand Prix,Mick Schumacher,6.0,7.0,20.255921052631585,30.7467105263158,35.13815789473685,1.255263157894737,False,False,False,False,True,False,False,False,False,False,False,False
2022,Austrian Grand Prix,Fernando Alonso,10.0,8.0,20.255921052631585,30.7467105263158,35.13815789473685,1.255263157894737,False,True,False,False,False,False,False,False,False,False,False,False
2022,Austrian Grand Prix,Lewis Hamilton,3.0,9.0,20.255921052631585,30.7467105263158,35.13815789473685,1.255263157894737,False,False,False,False,False,False,False,True,False,False,False,False
2022,Austrian Grand Prix,Pierre Gasly,15.0,10.0,20.255921052631585,30.7467105263158,35.13815789473685,1.255263157894737,True,False,False,False,False,False,False,False,False,False,False,False
2022,Austrian Grand Prix,Alexander Albon,12.0,11.0,20.255921052631585,30.7467105263158,35.13815789473685,1.255263157894737,False,False,False,False,False,False,False,False,False,False,False,True
2022,Austrian Grand Prix,Valtteri Bottas,11.0,12.0,20.255921052631585,30.7467105263158,35.13815789473685,1.255263157894737,False,False,False,False,False,False,False,False,False,False,False,False
2022,Austrian Grand Prix,Sergio Perez,20.0,13.0,20.255921052631585,30.7467105263158,35.13815789473685,1.255263157894737,False,False,False,False,False,False,False,False,False,False,True,False
2022,Austrian Grand Prix,Yuki Tsunoda,16.0,14.0,20.255921052631585,30.7467105263158,35.13815789473685,1.255263157894737,True,False,False,False,False,False,False,False,False,False,False,False
2022,Austrian Grand Prix,Lando Norris,7.0,15.0,20.255921052631585,30.7467105263158,35.13815789473685,1.255263157894737,False,False,False,False,False,False,True,False,False,False,False,False
2022,Austrian Grand Prix,Daniel Ricciardo,9.0,16.0,20.255921052631585,30.7467105263158,35.13815789473685,1.255263157894737,False,False,False,False,False,False,True,False,False,False,False,False
2022,Austrian Grand Prix,Lance Stroll,13.0,17.0,20.255921052631585,30.7467105263158,35.13815789473685,1.255263157894737,False,False,True,False,False,False,False,False,False,False,False,False
2022,Austrian Grand Prix,Guanyu Zhou,14.0,18.0,20.255921052631585,30.7467105263158,35.13815789473685,1.255263157894737,False,False,False,False,False,False,False,False,False,False,False,False
2022,Austrian Grand Prix,Nicholas Latifi,19.0,19.0,20.255921052631585,30.7467105263158,35.13815789473685,1.255263157894737,False,False,False,False,False,False,False,False,False,False,False,True
2022,Austrian Grand Prix,Sebastian Vettel,17.0,20.0,20.255921052631585,30.7467105263158,35.13815789473685,1.255263157894737,False,False,True,False,False,False,False,False,False,False,False,False
2022,Azerbaijan Grand Prix,Charles Leclerc,19.0,1.0,25.435403726708085,47.1496894409938,59.490683229813655,1.5291925465838507,False,False,False,True,False,False,False,False,False,False,False,False
2022,Azerbaijan Grand Prix,Sergio Perez,2.0,2.0,25.435403726708085,47.1496894409938,59.490683229813655,1.5291925465838507,False,False,False,False,False,False,False,False,False,False,True,False
2022,Azerbaijan Grand Prix,Max Verstappen,1.0,3.0,25.435403726708085,47.1496894409938,59.490683229813655,1.5291925465838507,False,False,False,False,False,False,False,False,False,False,True,False
2022,Azerbaijan Grand Prix,Carlos Sainz,20.0,4.0,25.435403726708085,47.1496894409938,59.490683229813655,1.5291925465838507,False,False,False,True,False,False,False,False,False,False,False,False
2022,Azerbaijan Grand Prix,George Russell,3.0,5.0,25.435403726708085,47.1496894409938,59.490683229813655,1.5291925465838507,False,False,False,False,False,False,False,True,False,False,False,False
2022,Azerbaijan Grand Prix,Pierre Gasly,5.0,6.0,25.435403726708085,47.1496894409938,59.490683229813655,1.5291925465838507,True,False,False,False,False,False,False,False,False,False,False,False
2022,Azerbaijan Grand Prix,Lewis Hamilton,4.0,7.0,25.435403726708085,47.1496894409938,59.490683229813655,1.5291925465838507,False,False,False,False,False,False,False,True,False,False,False,False
2022,Azerbaijan Grand Prix,Yuki Tsunoda,13.0,8.0,25.435403726708085,47.1496894409938,59.490683229813655,1.5291925465838507,True,False,False,False,False,False,False,False,False,False,False,False
2022,Azerbaijan Grand Prix,Sebastian Vettel,6.0,9.0,25.435403726708085,47.1496894409938,59.490683229813655,1.5291925465838507,False,False,True,False,False,False,False,False,False,False,False,False
2022,Azerbaijan Grand Prix,Fernando Alonso,7.0,10.0,25.435403726708085,47.1496894409938,59.490683229813655,1.5291925465838507,False,True,False,False,False,False,False,False,False,False,False,False
2022,Azerbaijan Grand Prix,Lando Norris,9.0,11.0,25.435403726708085,47.1496894409938,59.490683229813655,1.5291925465838507,False,False,False,False,False,False,True,False,False,False,False,False
2022,Azerbaijan Grand Prix,Daniel Ricciardo,8.0,12.0,25.435403726708085,47.1496894409938,59.490683229813655,1.5291925465838507,False,False,False,False,False,False,True,False,False,False,False,False
2022,Azerbaijan Grand Prix,Esteban Ocon,10.0,13.0,25.435403726708085,47.1496894409938,59.490683229813655,1.5291925465838507,False,True,False,False,False,False,False,False,False,False,False,False
2022,Azerbaijan Grand Prix,Guanyu Zhou,18.0,14.0,25.435403726708085,47.1496894409938,59.490683229813655,1.5291925465838507,False,False,False,False,False,False,False,False,False,False,False,False
2022,Azerbaijan Grand Prix,Valtteri Bottas,11.0,15.0,25.435403726708085,47.1496894409938,59.490683229813655,1.5291925465838507,False,False,False,False,False,False,False,False,False,False,False,False
2022,Azerbaijan Grand Prix,Kevin Magnussen,17.0,16.0,25.435403726708085,47.1496894409938,59.490683229813655,1.5291925465838507,False,False,False,False,True,False,False,False,False,False,False,False
2022,Azerbaijan Grand Prix,Alexander Albon,12.0,17.0,25.435403726708085,47.1496894409938,59.490683229813655,1.5291925465838507,False,False,False,False,False,False,False,False,False,False,False,True
2022,Azerbaijan Grand Prix,Nicholas Latifi,15.0,18.0,25.435403726708085,47.1496894409938,59.490683229813655,1.5291925465838507,False,False,False,False,False,False,False,False,False,False,False,True
2022,Azerbaijan Grand Prix,Lance Stroll,16.0,19.0,25.435403726708085,47.1496894409938,59.490683229813655,1.5291925465838507,False,False,True,False,False,False,False,False,False,False,False,False
2022,Azerbaijan Grand Prix,Mick Schumacher,14.0,20.0,25.435403726708085,47.1496894409938,59.490683229813655,1.5291925465838507,False,False,False,False,True,False,False,False,False,False,False,False
2022,Bahrain Grand Prix,Charles Leclerc,1.0,1.0,23.617791411042948,28.61042944785276,29.490797546012267,0.30490797546012266,False,False,False,True,False,False,False,False,False,False,False,False
2022,Bahrain Grand Prix,Max Verstappen,19.0,2.0,23.617791411042948,28.61042944785276,29.490797546012267,0.30490797546012266,False,False,False,False,False,False,False,False,False,False,True,False
2022,Bahrain Grand Prix,Carlos Sainz,2.0,3.0,23.617791411042948,28.61042944785276,29.490797546012267,0.30490797546012266,False,False,False,True,False,False,False,False,False,False,False,False
2022,Bahrain Grand Prix,Sergio Perez,18.0,4.0,23.617791411042948,28.61042944785276,29.490797546012267,0.30490797546012266,False,False,False,False,False,False,False,False,False,False,True,False
2022,Bahrain Grand Prix,Lewis Hamilton,3.0,5.0,23.617791411042948,28.61042944785276,29.490797546012267,0.30490797546012266,False,False,False,False,False,False,False,True,False,False,False,False
2022,Bahrain Grand Prix,Valtteri Bottas,6.0,6.0,23.617791411042948,28.61042944785276,29.490797546012267,0.30490797546012266,False,False,False,False,False,False,False,False,False,False,False,False
2022,Bahrain Grand Prix,Kevin Magnussen,5.0,7.0,23.617791411042948,28.61042944785276,29.490797546012267,0.30490797546012266,False,False,False,False,True,False,False,False,False,False,False,False
2022,Bahrain Grand Prix,Fernando Alonso,9.0,8.0,23.617791411042948,28.61042944785276,29.490797546012267,0.30490797546012266,False,True,False,False,False,False,False,False,False,False,False,False
2022,Bahrain Grand Prix,George Russell,4.0,9.0,23.617791411042948,28.61042944785276,29.490797546012267,0.30490797546012266,False,False,False,False,False,False,False,True,False,False,False,False
2022,Bahrain Grand Prix,Pierre Gasly,20.0,10.0,23.617791411042948,28.61042944785276,29.490797546012267,0.30490797546012266,True,False,False,False,False,False,False,False,False,False,False,False
2022,Bahrain Grand Prix,Esteban Ocon,7.0,11.0,23.617791411042948,28.61042944785276,29.490797546012267,0.30490797546012266,False,True,False,False,False,False,False,False,False,False,False,False
2022,Bahrain Grand Prix,Mick Schumacher,11.0,12.0,23.617791411042948,28.61042944785276,29.490797546012267,0.30490797546012266,False,False,False,False,True,False,False,False,False,False,False,False
2022,Bahrain Grand Prix,Lando Norris,15.0,13.0,23.617791411042948,28.61042944785276,29.490797546012267,0.30490797546012266,False,False,False,False,False,False,True,False,False,False,False,False
2022,Bahrain Grand Prix,Alexander Albon,13.0,14.0,23.617791411042948,28.61042944785276,29.490797546012267,0.30490797546012266,False,False,False,False,False,False,False,False,False,False,False,True
2022,Bahrain Grand Prix,Guanyu Zhou,10.0,15.0,23.617791411042948,28.61042944785276,29.490797546012267,0.30490797546012266,False,False,False,False,False,False,False,False,False,False,False,False
2022,Bahrain Grand Prix,Yuki Tsunoda,8.0,16.0,23.617791411042948,28.61042944785276,29.490797546012267,0.30490797546012266,True,False,False,False,False,False,False,False,False,False,False,False
2022,Bahrain Grand Prix,Nico Hulkenberg,17.0,17.0,23.617791411042948,28.61042944785276,29.490797546012267,0.30490797546012266,False,False,True,False,False,False,False,False,False,False,False,False
2022,Bahrain Grand Prix,Daniel Ricciardo,14.0,18.0,23.617791411042948,28.61042944785276,29.490797546012267,0.30490797546012266,False,False,False,False,False,False,True,False,False,False,False,False
2022,Bahrain Grand Prix,Lance Stroll,12.0,19.0,23.617791411042948,28.61042944785276,29.490797546012267,0.30490797546012266,False,False,True,False,False,False,False,False,False,False,False,False
2022,Bahrain Grand Prix,Nicholas Latifi,16.0,20.0,23.617791411042948,28.61042944785276,29.490797546012267,0.30490797546012266,False,False,False,False,False,False,False,False,False,False,False,True
2022,Belgian Grand Prix,Max Verstappen,1.0,1.0,21.787179487179493,36.083974358974366,40.51923076923076,1.5192307692307694,False,False,False,False,False,False,False,False,False,False,True,False
2022,Belgian Grand Prix,Carlos Sainz,3.0,2.0,21.787179487179493,36.083974358974366,40.51923076923076,1.5192307692307694,False,False,False,True,False,False,False,False,False,False,False,False
2022,Belgian Grand Prix,Sergio Perez,2.0,3.0,21.787179487179493,36.083974358974366,40.51923076923076,1.5192307692307694,False,False,False,False,False,False,False,False,False,False,True,False
2022,Belgian Grand Prix,Charles Leclerc,6.0,4.0,21.787179487179493,36.083974358974366,40.51923076923076,1.5192307692307694,False,False,False,True,False,False,False,False,False,False,False,False
2022,Belgian Grand Prix,Esteban Ocon,7.0,5.0,21.787179487179493,36.083974358974366,40.51923076923076,1.5192307692307694,False,True,False,False,False,False,False,False,False,False,False,False
2022,Belgian Grand Prix,Fernando Alonso,5.0,6.0,21.787179487179493,36.083974358974366,40.51923076923076,1.5192307692307694,False,True,False,False,False,False,False,False,False,False,False,False
2022,Belgian Grand Prix,Lewis Hamilton,20.0,7.0,21.787179487179493,36.083974358974366,40.51923076923076,1.5192307692307694,False,False,False,False,False,False,False,True,False,False,False,False
2022,Belgian Grand Prix,George Russell,4.0,8.0,21.787179487179493,36.083974358974366,40.51923076923076,1.5192307692307694,False,False,False,False,False,False,False,True,False,False,False,False
2022,Belgian Grand Prix,Alexander Albon,10.0,9.0,21.787179487179493,36.083974358974366,40.51923076923076,1.5192307692307694,False,False,False,False,False,False,False,False,False,False,False,True
2022,Belgian Grand Prix,Lando Norris,12.0,10.0,21.787179487179493,36.083974358974366,40.51923076923076,1.5192307692307694,False,False,False,False,False,False,True,False,False,False,False,False
2022,Belgian Grand Prix,Daniel Ricciardo,15.0,11.0,21.787179487179493,36.083974358974366,40.51923076923076,1.5192307692307694,False,False,False,False,False,False,True,False,False,False,False,False
2022,Belgian Grand Prix,Pierre Gasly,9.0,12.0,21.787179487179493,36.083974358974366,40.51923076923076,1.5192307692307694,True,False,False,False,False,False,False,False,False,False,False,False
2022,Belgian Grand Prix,Guanyu Zhou,14.0,13.0,21.787179487179493,36.083974358974366,40.51923076923076,1.5192307692307694,False,False,False,False,False,False,False,False,False,False,False,False
2022,Belgian Grand Prix,Lance Stroll,11.0,14.0,21.787179487179493,36.083974358974366,40.51923076923076,1.5192307692307694,False,False,True,False,False,False,False,False,False,False,False,False
2022,Belgian Grand Prix,Mick Schumacher,17.0,15.0,21.787179487179493,36.083974358974366,40.51923076923076,1.5192307692307694,False,False,False,False,True,False,False,False,False,False,False,False
2022,Belgian Grand Prix,Sebastian Vettel,8.0,16.0,21.787179487179493,36.083974358974366,40.51923076923076,1.5192307692307694,False,False,True,False,False,False,False,False,False,False,False,False
2022,Belgian Grand Prix,Nicholas Latifi,18.0,17.0,21.787179487179493,36.083974358974366,40.51923076923076,1.5192307692307694,False,False,False,False,False,False,False,False,False,False,False,True
2022,Belgian Grand Prix,Kevin Magnussen,16.0,18.0,21.787179487179493,36.083974358974366,40.51923076923076,1.5192307692307694,False,False,False,False,True,False,False,False,False,False,False,False
2022,Belgian Grand Prix,Yuki Tsunoda,13.0,19.0,21.787179487179493,36.083974358974366,40.51923076923076,1.5192307692307694,True,False,False,False,False,False,False,False,False,False,False,False
2022,Belgian Grand Prix,Valtteri Bottas,19.0,20.0,21.787179487179493,36.083974358974366,40.51923076923076,1.5192307692307694,False,False,False,False,False,False,False,False,False,False,False,False
2022,British Grand Prix,Carlos Sainz,1.0,1.0,18.25320197044335,30.02610837438423,59.748768472906406,1.4561576354679804,False,False,False,True,False,False,False,False,False,False,False,False
2022,British Grand Prix,Max Verstappen,7.0,2.0,18.25320197044335,30.02610837438423,59.748768472906406,1.4561576354679804,False,False,False,False,False,False,False,False,False,False,True,False
2022,British Grand Prix,Charles Leclerc,4.0,3.0,18.25320197044335,30.02610837438423,59.748768472906406,1.4561576354679804,False,False,False,True,False,False,False,False,False,False,False,False
2022,British Grand Prix,Sergio Perez,2.0,4.0,18.25320197044335,30.02610837438423,59.748768472906406,1.4561576354679804,False,False,False,False,False,False,False,False,False,False,True,False
2022,British Grand Prix,Lewis Hamilton,3.0,5.0,18.25320197044335,30.02610837438423,59.748768472906406,1.4561576354679804,False,False,False,False,False,False,False,True,False,False,False,False
2022,British Grand Prix,Lando Norris,6.0,6.0,18.25320197044335,30.02610837438423,59.748768472906406,1.4561576354679804,False,False,False,False,False,False,True,False,False,False,False,False
2022,British Grand Prix,Fernando Alonso,5.0,7.0,18.25320197044335,30.02610837438423,59.748768472906406,1.4561576354679804,False,True,False,False,False,False,False,False,False,False,False,False
2022,British Grand Prix,George Russell,18.0,8.0,18.25320197044335,30.02610837438423,59.748768472906406,1.4561576354679804,False,False,False,False,False,False,False,True,False,False,False,False
2022,British Grand Prix,Guanyu Zhou,19.0,9.0,18.25320197044335,30.02610837438423,59.748768472906406,1.4561576354679804,False,False,False,False,False,False,False,False,False,False,False,False
2022,British Grand Prix,Nicholas Latifi,12.0,10.0,18.25320197044335,30.02610837438423,59.748768472906406,1.4561576354679804,False,False,False,False,False,False,False,False,False,False,False,True
2022,British Grand Prix,Pierre Gasly,16.0,11.0,18.25320197044335,30.02610837438423,59.748768472906406,1.4561576354679804,True,False,False,False,False,False,False,False,False,False,False,False
2022,British Grand Prix,Valtteri Bottas,17.0,12.0,18.25320197044335,30.02610837438423,59.748768472906406,1.4561576354679804,False,False,False,False,False,False,False,False,False,False,False,False
2022,British Grand Prix,Yuki Tsunoda,14.0,13.0,18.25320197044335,30.02610837438423,59.748768472906406,1.4561576354679804,True,False,False,False,False,False,False,False,False,False,False,False
2022,British Grand Prix,Daniel Ricciardo,13.0,14.0,18.25320197044335,30.02610837438423,59.748768472906406,1.4561576354679804,False,False,False,False,False,False,True,False,False,False,False,False
2022,British Grand Prix,Esteban Ocon,15.0,15.0,18.25320197044335,30.02610837438423,59.748768472906406,1.4561576354679804,False,True,False,False,False,False,False,False,False,False,False,False
2022,British Grand Prix,Alexander Albon,20.0,16.0,18.25320197044335,30.02610837438423,59.748768472906406,1.4561576354679804,False,False,False,False,False,False,False,False,False,False,False,True
2022,British Grand Prix,Kevin Magnussen,10.0,17.0,18.25320197044335,30.02610837438423,59.748768472906406,1.4561576354679804,False,False,False,False,True,False,False,False,False,False,False,False
2022,British Grand Prix,Sebastian Vettel,9.0,18.0,18.25320197044335,30.02610837438423,59.748768472906406,1.4561576354679804,False,False,True,False,False,False,False,False,False,False,False,False
2022,British Grand Prix,Mick Schumacher,8.0,19.0,18.25320197044335,30.02610837438423,59.748768472906406,1.4561576354679804,False,False,False,False,True,False,False,False,False,False,False,False
2022,British Grand Prix,Lance Stroll,11.0,20.0,18.25320197044335,30.02610837438423,59.748768472906406,1.4561576354679804,False,False,True,False,False,False,False,False,False,False,False,False
2022,Canadian Grand Prix,Max Verstappen,1.0,1.0,20.76296296296296,41.2611111111111,28.925925925925934,3.552469135802469,False,False,False,False,False,False,False,False,False,False,True,False
2022,Canadian Grand Prix,Fernando Alonso,9.0,2.0,20.76296296296296,41.2611111111111,28.925925925925934,3.552469135802469,False,True,False,False,False,False,False,False,False,False,False,False
2022,Canadian Grand Prix,Carlos Sainz,2.0,3.0,20.76296296296296,41.2611111111111,28.925925925925934,3.552469135802469,False,False,False,True,False,False,False,False,False,False,False,False
2022,Canadian Grand Prix,Lewis Hamilton,3.0,4.0,20.76296296296296,41.2611111111111,28.925925925925934,3.552469135802469,False,False,False,False,False,False,False,True,False,False,False,False
2022,Canadian Grand Prix,Kevin Magnussen,17.0,5.0,20.76296296296296,41.2611111111111,28.925925925925934,3.552469135802469,False,False,False,False,True,False,False,False,False,False,False,False
2022,Canadian Grand Prix,Mick Schumacher,19.0,6.0,20.76296296296296,41.2611111111111,28.925925925925934,3.552469135802469,False,False,False,False,True,False,False,False,False,False,False,False
2022,Canadian Grand Prix,Esteban Ocon,6.0,7.0,20.76296296296296,41.2611111111111,28.925925925925934,3.552469135802469,False,True,False,False,False,False,False,False,False,False,False,False
2022,Canadian Grand Prix,George Russell,4.0,8.0,20.76296296296296,41.2611111111111,28.925925925925934,3.552469135802469,False,False,False,False,False,False,False,True,False,False,False,False
2022,Canadian Grand Prix,Daniel Ricciardo,11.0,9.0,20.76296296296296,41.2611111111111,28.925925925925934,3.552469135802469,False,False,False,False,False,False,True,False,False,False,False,False
2022,Canadian Grand Prix,Guanyu Zhou,8.0,10.0,20.76296296296296,41.2611111111111,28.925925925925934,3.552469135802469,False,False,False,False,False,False,False,False,False,False,False,False
2022,Canadian Grand Prix,Valtteri Bottas,7.0,11.0,20.76296296296296,41.2611111111111,28.925925925925934,3.552469135802469,False,False,False,False,False,False,False,False,False,False,False,False
2022,Canadian Grand Prix,Alexander Albon,13.0,12.0,20.76296296296296,41.2611111111111,28.925925925925934,3.552469135802469,False,False,False,False,False,False,False,False,False,False,False,True
2022,Canadian Grand Prix,Sergio Perez,20.0,13.0,20.76296296296296,41.2611111111111,28.925925925925934,3.552469135802469,False,False,False,False,False,False,False,False,False,False,True,False
2022,Canadian Grand Prix,Lando Norris,15.0,14.0,20.76296296296296,41.2611111111111,28.925925925925934,3.552469135802469,False,False,False,False,False,False,True,False,False,False,False,False
2022,Canadian Grand Prix,Charles Leclerc,5.0,15.0,20.76296296296296,41.2611111111111,28.925925925925934,3.552469135802469,False,False,False,True,False,False,False,False,False,False,False,False
2022,Canadian Grand Prix,Pierre Gasly,14.0,16.0,20.76296296296296,41.2611111111111,28.925925925925934,3.552469135802469,True,False,False,False,False,False,False,False,False,False,False,False
2022,Canadian Grand Prix,Sebastian Vettel,12.0,17.0,20.76296296296296,41.2611111111111,28.925925925925934,3.552469135802469,False,False,True,False,False,False,False,False,False,False,False,False
2022,Canadian Grand Prix,Lance Stroll,10.0,18.0,20.76296296296296,41.2611111111111,28.925925925925934,3.552469135802469,False,False,True,False,False,False,False,False,False,False,False,False
2022,Canadian Grand Prix,Nicholas Latifi,16.0,19.0,20.76296296296296,41.2611111111111,28.925925925925934,3.552469135802469,False,False,False,False,False,False,False,False,False,False,False,True
2022,Canadian Grand Prix,Yuki Tsunoda,18.0,20.0,20.76296296296296,41.2611111111111,28.925925925925934,3.552469135802469,True,False,False,False,False,False,False,False,False,False,False,False
2022,Emilia Romagna Grand Prix,Max Verstappen,1.0,1.0,12.899367088607594,17.41898734177215,83.17088607594935,1.4822784810126577,False,False,False,False,False,False,False,False,False,False,True,False
2022,Emilia Romagna Grand Prix,Charles Leclerc,6.0,2.0,12.899367088607594,17.41898734177215,83.17088607594935,1.4822784810126577,False,False,False,True,False,False,False,False,False,False,False,False
2022,Emilia Romagna Grand Prix,Lando Norris,3.0,3.0,12.899367088607594,17.41898734177215,83.17088607594935,1.4822784810126577,False,False,False,False,False,False,True,False,False,False,False,False
2022,Emilia Romagna Grand Prix,Kevin Magnussen,9.0,4.0,12.899367088607594,17.41898734177215,83.17088607594935,1.4822784810126577,False,False,False,False,True,False,False,False,False,False,False,False
2022,Emilia Romagna Grand Prix,Fernando Alonso,19.0,5.0,12.899367088607594,17.41898734177215,83.17088607594935,1.4822784810126577,False,True,False,False,False,False,False,False,False,False,False,False
2022,Emilia Romagna Grand Prix,Daniel Ricciardo,18.0,6.0,12.899367088607594,17.41898734177215,83.17088607594935,1.4822784810126577,False,False,False,False,False,False,True,False,False,False,False,False
2022,Emilia Romagna Grand Prix,Sergio Perez,2.0,7.0,12.899367088607594,17.41898734177215,83.17088607594935,1.4822784810126577,False,False,False,False,False,False,False,False,False,False,True,False
2022,Emilia Romagna Grand Prix,Valtteri Bottas,5.0,8.0,12.899367088607594,17.41898734177215,83.17088607594935,1.4822784810126577,False,False,False,False,False,False,False,False,False,False,False,False
2022,Emilia Romagna Grand Prix,Sebastian Vettel,8.0,9.0,12.899367088607594,17.41898734177215,83.17088607594935,1.4822784810126577,False,False,True,False,False,False,False,False,False,False,False,False
2022,Emilia Romagna Grand Prix,Carlos Sainz,20.0,10.0,12.899367088607594,17.41898734177215,83.17088607594935,1.4822784810126577,False,False,False,True,False,False,False,False,False,False,False,False
2022,Emilia Romagna Grand Prix,George Russell,4.0,11.0,12.899367088607594,17.41898734177215,83.17088607594935,1.4822784810126577,False,False,False,False,False,False,False,True,False,False,False,False
2022,Emilia Romagna Grand Prix,Mick Schumacher,17.0,12.0,12.899367088607594,17.41898734177215,83.17088607594935,1.4822784810126577,False,False,False,False,True,False,False,False,False,False,False,False
2022,Emilia Romagna Grand Prix,Lewis Hamilton,13.0,13.0,12.899367088607594,17.41898734177215,83.17088607594935,1.4822784810126577,False,False,False,False,False,False,False,True,False,False,False,False
2022,Emilia Romagna Grand Prix,Guanyu Zhou,15.0,14.0,12.899367088607594,17.41898734177215,83.17088607594935,1.4822784810126577,False,False,False,False,False,False,False,False,False,False,False,False
2022,Emilia Romagna Grand Prix,Lance Stroll,10.0,15.0,12.899367088607594,17.41898734177215,83.17088607594935,1.4822784810126577,False,False,True,False,False,False,False,False,False,False,False,False
2022,Emilia Romagna Grand Prix,Yuki Tsunoda,7.0,16.0,12.899367088607594,17.41898734177215,83.17088607594935,1.4822784810126577,True,False,False,False,False,False,False,False,False,False,False,False
2022,Emilia Romagna Grand Prix,Pierre Gasly,12.0,17.0,12.899367088607594,17.41898734177215,83.17088607594935,1.4822784810126577,True,False,False,False,False,False,False,False,False,False,False,False
2022,Emilia Romagna Grand Prix,Nicholas Latifi,16.0,18.0,12.899367088607594,17.41898734177215,83.17088607594935,1.4822784810126577,False,False,False,False,False,False,False,False,False,False,False,True
2022,Emilia Romagna Grand Prix,Esteban Ocon,14.0,19.0,12.899367088607594,17.41898734177215,83.17088607594935,1.4822784810126577,False,True,False,False,False,False,False,False,False,False,False,False
2022,Emilia Romagna Grand Prix,Alexander Albon,11.0,20.0,12.899367088607594,17.41898734177215,83.17088607594935,1.4822784810126577,False,False,False,False,False,False,False,False,False,False,False,True
2022,French Grand Prix,Charles Leclerc,19.0,1.0,30.16484375000001,54.46171875000001,47.734375,1.94609375,False,False,False,True,False,False,False,False,False,False,False,False
2022,French Grand Prix,Max Verstappen,1.0,2.0,30.16484375000001,54.46171875000001,47.734375,1.94609375,False,False,False,False,False,False,False,False,False,False,True,False
2022,French Grand Prix,Sergio Perez,4.0,3.0,30.16484375000001,54.46171875000001,47.734375,1.94609375,False,False,False,False,False,False,False,False,False,False,True,False
2022,French Grand Prix,Lewis Hamilton,2.0,4.0,30.16484375000001,54.46171875000001,47.734375,1.94609375,False,False,False,False,False,False,False,True,False,False,False,False
2022,French Grand Prix,Lando Norris,7.0,5.0,30.16484375000001,54.46171875000001,47.734375,1.94609375,False,False,False,False,False,False,True,False,False,False,False,False
2022,French Grand Prix,George Russell,3.0,6.0,30.16484375000001,54.46171875000001,47.734375,1.94609375,False,False,False,False,False,False,False,True,False,False,False,False
2022,French Grand Prix,Fernando Alonso,6.0,7.0,30.16484375000001,54.46171875000001,47.734375,1.94609375,False,True,False,False,False,False,False,False,False,False,False,False
2022,French Grand Prix,Yuki Tsunoda,20.0,8.0,30.16484375000001,54.46171875000001,47.734375,1.94609375,True,False,False,False,False,False,False,False,False,False,False,False
2022,French Grand Prix,Carlos Sainz,5.0,9.0,30.16484375000001,54.46171875000001,47.734375,1.94609375,False,False,False,True,False,False,False,False,False,False,False,False
2022,French Grand Prix,Kevin Magnussen,18.0,10.0,30.16484375000001,54.46171875000001,47.734375,1.94609375,False,False,False,False,True,False,False,False,False,False,False,False
2022,French Grand Prix,Daniel Ricciardo,9.0,11.0,30.16484375000001,54.46171875000001,47.734375,1.94609375,False,False,False,False,False,False,True,False,False,False,False,False
2022,French Grand Prix,Esteban Ocon,8.0,12.0,30.16484375000001,54.46171875000001,47.734375,1.94609375,False,True,False,False,False,False,False,False,False,False,False,False
2022,French Grand Prix,Valtteri Bottas,14.0,13.0,30.16484375000001,54.46171875000001,47.734375,1.94609375,False,False,False,False,False,False,False,False,False,False,False,False
2022,French Grand Prix,Sebastian Vettel,11.0,14.0,30.16484375000001,54.46171875000001,47.734375,1.94609375,False,False,True,False,False,False,False,False,False,False,False,False
2022,French Grand Prix,Alexander Albon,13.0,15.0,30.16484375000001,54.46171875000001,47.734375,1.94609375,False,False,False,False,False,False,False,False,False,False,False,True
2022,French Grand Prix,Pierre Gasly,12.0,16.0,30.16484375000001,54.46171875000001,47.734375,1.94609375,True,False,False,False,False,False,False,False,False,False,False,False
2022,French Grand Prix,Lance Stroll,10.0,17.0,30.16484375000001,54.46171875000001,47.734375,1.94609375,False,False,True,False,False,False,False,False,False,False,False,False
2022,French Grand Prix,Guanyu Zhou,16.0,18.0,30.16484375000001,54.46171875000001,47.734375,1.94609375,False,False,False,False,False,False,False,False,False,False,False,False
2022,French Grand Prix,Mick Schumacher,15.0,19.0,30.16484375000001,54.46171875000001,47.734375,1.94609375,False,False,False,False,True,False,False,False,False,False,False,False
2022,French Grand Prix,Nicholas Latifi,17.0,20.0,30.16484375000001,54.46171875000001,47.734375,1.94609375,False,False,False,False,False,False,False,False,False,False,False,True
2022,Hungarian Grand Prix,George Russell,3.0,1.0,18.559880239520957,26.720958083832336,69.31736526946108,4.0341317365269465,False,False,False,False,False,False,False,True,False,False,False,False
2022,Hungarian Grand Prix,Carlos Sainz,4.0,2.0,18.559880239520957,26.720958083832336,69.31736526946108,4.0341317365269465,False,False,False,True,False,False,False,False,False,False,False,False
2022,Hungarian Grand Prix,Charles Leclerc,6.0,3.0,18.559880239520957,26.720958083832336,69.31736526946108,4.0341317365269465,False,False,False,True,False,False,False,False,False,False,False,False
2022,Hungarian Grand Prix,Lando Norris,7.0,4.0,18.559880239520957,26.720958083832336,69.31736526946108,4.0341317365269465,False,False,False,False,False,False,True,False,False,False,False,False
2022,Hungarian Grand Prix,Esteban Ocon,9.0,5.0,18.559880239520957,26.720958083832336,69.31736526946108,4.0341317365269465,False,True,False,False,False,False,False,False,False,False,False,False
2022,Hungarian Grand Prix,Fernando Alonso,8.0,6.0,18.559880239520957,26.720958083832336,69.31736526946108,4.0341317365269465,False,True,False,False,False,False,False,False,False,False,False,False
2022,Hungarian Grand Prix,Lewis Hamilton,2.0,7.0,18.559880239520957,26.720958083832336,69.31736526946108,4.0341317365269465,False,False,False,False,False,False,False,True,False,False,False,False
2022,Hungarian Grand Prix,Valtteri Bottas,20.0,8.0,18.559880239520957,26.720958083832336,69.31736526946108,4.0341317365269465,False,False,False,False,False,False,False,False,False,False,False,False
2022,Hungarian Grand Prix,Daniel Ricciardo,15.0,9.0,18.559880239520957,26.720958083832336,69.31736526946108,4.0341317365269465,False,False,False,False,False,False,True,False,False,False,False,False
2022,Hungarian Grand Prix,Max Verstappen,1.0,10.0,18.559880239520957,26.720958083832336,69.31736526946108,4.0341317365269465,False,False,False,False,False,False,False,False,False,False,True,False
2022,Hungarian Grand Prix,Sergio Perez,5.0,11.0,18.559880239520957,26.720958083832336,69.31736526946108,4.0341317365269465,False,False,False,False,False,False,False,False,False,False,True,False
2022,Hungarian Grand Prix,Guanyu Zhou,13.0,12.0,18.559880239520957,26.720958083832336,69.31736526946108,4.0341317365269465,False,False,False,False,False,False,False,False,False,False,False,False
2022,Hungarian Grand Prix,Kevin Magnussen,16.0,13.0,18.559880239520957,26.720958083832336,69.31736526946108,4.0341317365269465,False,False,False,False,True,False,False,False,False,False,False,False
2022,Hungarian Grand Prix,Lance Stroll,11.0,14.0,18.559880239520957,26.720958083832336,69.31736526946108,4.0341317365269465,False,False,True,False,False,False,False,False,False,False,False,False
2022,Hungarian Grand Prix,Mick Schumacher,14.0,15.0,18.559880239520957,26.720958083832336,69.31736526946108,4.0341317365269465,False,False,False,False,True,False,False,False,False,False,False,False
2022,Hungarian Grand Prix,Yuki Tsunoda,19.0,16.0,18.559880239520957,26.720958083832336,69.31736526946108,4.0341317365269465,True,False,False,False,False,False,False,False,False,False,False,False
2022,Hungarian Grand Prix,Alexander Albon,17.0,17.0,18.559880239520957,26.720958083832336,69.31736526946108,4.0341317365269465,False,False,False,False,False,False,False,False,False,False,False,True
2022,Hungarian Grand Prix,Sebastian Vettel,10.0,18.0,18.559880239520957,26.720958083832336,69.31736526946108,4.0341317365269465,False,False,True,False,False,False,False,False,False,False,False,False
2022,Hungarian Grand Prix,Pierre Gasly,12.0,19.0,18.559880239520957,26.720958083832336,69.31736526946108,4.0341317365269465,True,False,False,False,False,False,False,False,False,False,False,False
2022,Hungarian Grand Prix,Nicholas Latifi,18.0,20.0,18.559880239520957,26.720958083832336,69.31736526946108,4.0341317365269465,False,False,False,False,False,False,False,False,False,False,False,True
2022,Miami Grand Prix,Charles Leclerc,2.0,1.0,30.617283950617292,42.819753086419745,58.85802469135801,2.2672839506172835,False,False,False,True,False,False,False,False,False,False,False,False
2022,Miami Grand Prix,Carlos Sainz,3.0,2.0,30.617283950617292,42.819753086419745,58.85802469135801,2.2672839506172835,False,False,False,True,False,False,False,False,False,False,False,False
2022,Miami Grand Prix,Max Verstappen,1.0,3.0,30.617283950617292,42.819753086419745,58.85802469135801,2.2672839506172835,False,False,False,False,False,False,False,False,False,False,True,False
2022,Miami Grand Prix,Sergio Perez,4.0,4.0,30.617283950617292,42.819753086419745,58.85802469135801,2.2672839506172835,False,False,False,False,False,False,False,False,False,False,True,False
2022,Miami Grand Prix,Valtteri Bottas,7.0,5.0,30.617283950617292,42.819753086419745,58.85802469135801,2.2672839506172835,False,False,False,False,False,False,False,False,False,False,False,False
2022,Miami Grand Prix,Lewis Hamilton,6.0,6.0,30.617283950617292,42.819753086419745,58.85802469135801,2.2672839506172835,False,False,False,False,False,False,False,True,False,False,False,False
2022,Miami Grand Prix,Pierre Gasly,18.0,7.0,30.617283950617292,42.819753086419745,58.85802469135801,2.2672839506172835,True,False,False,False,False,False,False,False,False,False,False,False
2022,Miami Grand Prix,Lando Norris,19.0,8.0,30.617283950617292,42.819753086419745,58.85802469135801,2.2672839506172835,False,False,False,False,False,False,True,False,False,False,False,False
2022,Miami Grand Prix,Yuki Tsunoda,12.0,9.0,30.617283950617292,42.819753086419745,58.85802469135801,2.2672839506172835,True,False,False,False,False,False,False,False,False,False,False,False
2022,Miami Grand Prix,Lance Stroll,10.0,10.0,30.617283950617292,42.819753086419745,58.85802469135801,2.2672839506172835,False,False,True,False,False,False,False,False,False,False,False,False
2022,Miami Grand Prix,Fernando Alonso,11.0,11.0,30.617283950617292,42.819753086419745,58.85802469135801,2.2672839506172835,False,True,False,False,False,False,False,False,False,False,False,False
2022,Miami Grand Prix,George Russell,5.0,12.0,30.617283950617292,42.819753086419745,58.85802469135801,2.2672839506172835,False,False,False,False,False,False,False,True,False,False,False,False
2022,Miami Grand Prix,Sebastian Vettel,17.0,13.0,30.617283950617292,42.819753086419745,58.85802469135801,2.2672839506172835,False,False,True,False,False,False,False,False,False,False,False,False
2022,Miami Grand Prix,Daniel Ricciardo,13.0,14.0,30.617283950617292,42.819753086419745,58.85802469135801,2.2672839506172835,False,False,False,False,False,False,True,False,False,False,False,False
2022,Miami Grand Prix,Mick Schumacher,15.0,15.0,30.617283950617292,42.819753086419745,58.85802469135801,2.2672839506172835,False,False,False,False,True,False,False,False,False,False,False,False
2022,Miami Grand Prix,Kevin Magnussen,16.0,16.0,30.617283950617292,42.819753086419745,58.85802469135801,2.2672839506172835,False,False,False,False,True,False,False,False,False,False,False,False
2022,Miami Grand Prix,Guanyu Zhou,20.0,17.0,30.617283950617292,42.819753086419745,58.85802469135801,2.2672839506172835,False,False,False,False,False,False,False,False,False,False,False,False
2022,Miami Grand Prix,Alexander Albon,9.0,18.0,30.617283950617292,42.819753086419745,58.85802469135801,2.2672839506172835,False,False,False,False,False,False,False,False,False,False,False,True
2022,Miami Grand Prix,Nicholas Latifi,14.0,19.0,30.617283950617292,42.819753086419745,58.85802469135801,2.2672839506172835,False,False,False,False,False,False,False,False,False,False,False,True
2022,Miami Grand Prix,Esteban Ocon,8.0,20.0,30.617283950617292,42.819753086419745,58.85802469135801,2.2672839506172835,False,True,False,False,False,False,False,False,False,False,False,False
2022,Monaco Grand Prix,Charles Leclerc,4.0,1.0,22.274693877551023,31.03836734693878,75.66530612244898,0.9902040816326526,False,False,False,True,False,False,False,False,False,False,False,False
2022,Monaco Grand Prix,Carlos Sainz,2.0,2.0,22.274693877551023,31.03836734693878,75.66530612244898,0.9902040816326526,False,False,False,True,False,False,False,False,False,False,False,False
2022,Monaco Grand Prix,Sergio Perez,1.0,3.0,22.274693877551023,31.03836734693878,75.66530612244898,0.9902040816326526,False,False,False,False,False,False,False,False,False,False,True,False
2022,Monaco Grand Prix,Max Verstappen,3.0,4.0,22.274693877551023,31.03836734693878,75.66530612244898,0.9902040816326526,False,False,False,False,False,False,False,False,False,False,True,False
2022,Monaco Grand Prix,Lando Norris,6.0,5.0,22.274693877551023,31.03836734693878,75.66530612244898,0.9902040816326526,False,False,False,False,False,False,True,False,False,False,False,False
2022,Monaco Grand Prix,George Russell,5.0,6.0,22.274693877551023,31.03836734693878,75.66530612244898,0.9902040816326526,False,False,False,False,False,False,False,True,False,False,False,False
2022,Monaco Grand Prix,Fernando Alonso,7.0,7.0,22.274693877551023,31.03836734693878,75.66530612244898,0.9902040816326526,False,True,False,False,False,False,False,False,False,False,False,False
2022,Monaco Grand Prix,Lewis Hamilton,8.0,8.0,22.274693877551023,31.03836734693878,75.66530612244898,0.9902040816326526,False,False,False,False,False,False,False,True,False,False,False,False
2022,Monaco Grand Prix,Sebastian Vettel,10.0,9.0,22.274693877551023,31.03836734693878,75.66530612244898,0.9902040816326526,False,False,True,False,False,False,False,False,False,False,False,False
2022,Monaco Grand Prix,Esteban Ocon,12.0,10.0,22.274693877551023,31.03836734693878,75.66530612244898,0.9902040816326526,False,True,False,False,False,False,False,False,False,False,False,False
2022,Monaco Grand Prix,Yuki Tsunoda,17.0,11.0,22.274693877551023,31.03836734693878,75.66530612244898,0.9902040816326526,True,False,False,False,False,False,False,False,False,False,False,False
2022,Monaco Grand Prix,Valtteri Bottas,9.0,12.0,22.274693877551023,31.03836734693878,75.66530612244898,0.9902040816326526,False,False,False,False,False,False,False,False,False,False,False,False
2022,Monaco Grand Prix,Kevin Magnussen,20.0,13.0,22.274693877551023,31.03836734693878,75.66530612244898,0.9902040816326526,False,False,False,False,True,False,False,False,False,False,False,False
2022,Monaco Grand Prix,Daniel Ricciardo,13.0,14.0,22.274693877551023,31.03836734693878,75.66530612244898,0.9902040816326526,False,False,False,False,False,False,True,False,False,False,False,False
2022,Monaco Grand Prix,Mick Schumacher,19.0,15.0,22.274693877551023,31.03836734693878,75.66530612244898,0.9902040816326526,False,False,False,False,True,False,False,False,False,False,False,False
2022,Monaco Grand Prix,Alexander Albon,18.0,16.0,22.274693877551023,31.03836734693878,75.66530612244898,0.9902040816326526,False,False,False,False,False,False,False,False,False,False,False,True
2022,Monaco Grand Prix,Pierre Gasly,11.0,17.0,22.274693877551023,31.03836734693878,75.66530612244898,0.9902040816326526,True,False,False,False,False,False,False,False,False,False,False,False
2022,Monaco Grand Prix,Lance Stroll,14.0,18.0,22.274693877551023,31.03836734693878,75.66530612244898,0.9902040816326526,False,False,True,False,False,False,False,False,False,False,False,False
2022,Monaco Grand Prix,Nicholas Latifi,15.0,19.0,22.274693877551023,31.03836734693878,75.66530612244898,0.9902040816326526,False,False,False,False,False,False,False,False,False,False,False,True
2022,Monaco Grand Prix,Guanyu Zhou,16.0,20.0,22.274693877551023,31.03836734693878,75.66530612244898,0.9902040816326526,False,False,False,False,False,False,False,False,False,False,False,False
2022,Saudi Arabian Grand Prix,Sergio Perez,4.0,1.0,25.420394736842113,28.409210526315785,59.66447368421054,2.3592105263157896,False,False,False,False,False,False,False,False,False,False,True,False
2022,Saudi Arabian Grand Prix,Charles Leclerc,2.0,2.0,25.420394736842113,28.409210526315785,59.66447368421054,2.3592105263157896,False,False,False,True,False,False,False,False,False,False,False,False
2022,Saudi Arabian Grand Prix,Carlos Sainz,3.0,3.0,25.420394736842113,28.409210526315785,59.66447368421054,2.3592105263157896,False,False,False,True,False,False,False,False,False,False,False,False
2022,Saudi Arabian Grand Prix,Max Verstappen,1.0,4.0,25.420394736842113,28.409210526315785,59.66447368421054,2.3592105263157896,False,False,False,False,False,False,False,False,False,False,True,False
2022,Saudi Arabian Grand Prix,Esteban Ocon,6.0,5.0,25.420394736842113,28.409210526315785,59.66447368421054,2.3592105263157896,False,True,False,False,False,False,False,False,False,False,False,False
2022,Saudi Arabian Grand Prix,George Russell,5.0,6.0,25.420394736842113,28.409210526315785,59.66447368421054,2.3592105263157896,False,False,False,False,False,False,False,True,False,False,False,False
2022,Saudi Arabian Grand Prix,Fernando Alonso,16.0,7.0,25.420394736842113,28.409210526315785,59.66447368421054,2.3592105263157896,False,True,False,False,False,False,False,False,False,False,False,False
2022,Saudi Arabian Grand Prix,Valtteri Bottas,15.0,8.0,25.420394736842113,28.409210526315785,59.66447368421054,2.3592105263157896,False,False,False,False,False,False,False,False,False,False,False,False
2022,Saudi Arabian Grand Prix,Pierre Gasly,8.0,9.0,25.420394736842113,28.409210526315785,59.66447368421054,2.3592105263157896,True,False,False,False,False,False,False,False,False,False,False,False
2022,Saudi Arabian Grand Prix,Kevin Magnussen,9.0,10.0,25.420394736842113,28.409210526315785,59.66447368421054,2.3592105263157896,False,False,False,False,True,False,False,False,False,False,False,False
2022,Saudi Arabian Grand Prix,Lando Norris,7.0,11.0,25.420394736842113,28.409210526315785,59.66447368421054,2.3592105263157896,False,False,False,False,False,False,True,False,False,False,False,False
2022,Saudi Arabian Grand Prix,Daniel Ricciardo,17.0,12.0,25.420394736842113,28.409210526315785,59.66447368421054,2.3592105263157896,False,False,False,False,False,False,True,False,False,False,False,False
2022,Saudi Arabian Grand Prix,Guanyu Zhou,11.0,13.0,25.420394736842113,28.409210526315785,59.66447368421054,2.3592105263157896,False,False,False,False,False,False,False,False,False,False,False,False
2022,Saudi Arabian Grand Prix,Lance Stroll,13.0,15.0,25.420394736842113,28.409210526315785,59.66447368421054,2.3592105263157896,False,False,True,False,False,False,False,False,False,False,False,False
2022,Saudi Arabian Grand Prix,Lewis Hamilton,10.0,16.0,25.420394736842113,28.409210526315785,59.66447368421054,2.3592105263157896,False,False,False,False,False,False,False,True,False,False,False,False
2022,Saudi Arabian Grand Prix,Alexander Albon,14.0,17.0,25.420394736842113,28.409210526315785,59.66447368421054,2.3592105263157896,False,False,False,False,False,False,False,False,False,False,False,True
2022,Saudi Arabian Grand Prix,Nico Hulkenberg,12.0,18.0,25.420394736842113,28.409210526315785,59.66447368421054,2.3592105263157896,False,False,True,False,False,False,False,False,False,False,False,False
2022,Saudi Arabian Grand Prix,Nicholas Latifi,18.0,19.0,25.420394736842113,28.409210526315785,59.66447368421054,2.3592105263157896,False,False,False,False,False,False,False,False,False,False,False,True
2022,Saudi Arabian Grand Prix,Yuki Tsunoda,19.0,20.0,25.420394736842113,28.409210526315785,59.66447368421054,2.3592105263157896,True,False,False,False,False,False,False,False,False,False,False,False
2022,Spanish Grand Prix,Charles Leclerc,20.0,1.0,36.56585365853657,48.95731707317074,7.109756097560975,3.4884146341463405,False,False,False,True,False,False,False,False,False,False,False,False
2022,Spanish Grand Prix,Max Verstappen,1.0,2.0,36.56585365853657,48.95731707317074,7.109756097560975,3.4884146341463405,False,False,False,False,False,False,False,False,False,False,True,False
2022,Spanish Grand Prix,Carlos Sainz,4.0,3.0,36.56585365853657,48.95731707317074,7.109756097560975,3.4884146341463405,False,False,False,True,False,False,False,False,False,False,False,False
2022,Spanish Grand Prix,George Russell,3.0,4.0,36.56585365853657,48.95731707317074,7.109756097560975,3.4884146341463405,False,False,False,False,False,False,False,True,False,False,False,False
2022,Spanish Grand Prix,Sergio Perez,2.0,5.0,36.56585365853657,48.95731707317074,7.109756097560975,3.4884146341463405,False,False,False,False,False,False,False,False,False,False,True,False
2022,Spanish Grand Prix,Lewis Hamilton,5.0,6.0,36.56585365853657,48.95731707317074,7.109756097560975,3.4884146341463405,False,False,False,False,False,False,False,True,False,False,False,False
2022,Spanish Grand Prix,Valtteri Bottas,6.0,7.0,36.56585365853657,48.95731707317074,7.109756097560975,3.4884146341463405,False,False,False,False,False,False,False,False,False,False,False,False
2022,Spanish Grand Prix,Kevin Magnussen,17.0,8.0,36.56585365853657,48.95731707317074,7.109756097560975,3.4884146341463405,False,False,False,False,True,False,False,False,False,False,False,False
2022,Spanish Grand Prix,Daniel Ricciardo,12.0,9.0,36.56585365853657,48.95731707317074,7.109756097560975,3.4884146341463405,False,False,False,False,False,False,True,False,False,False,False,False
2022,Spanish Grand Prix,Mick Schumacher,14.0,10.0,36.56585365853657,48.95731707317074,7.109756097560975,3.4884146341463405,False,False,False,False,True,False,False,False,False,False,False,False
2022,Spanish Grand Prix,Lando Norris,8.0,11.0,36.56585365853657,48.95731707317074,7.109756097560975,3.4884146341463405,False,False,False,False,False,False,True,False,False,False,False,False
2022,Spanish Grand Prix,Esteban Ocon,7.0,12.0,36.56585365853657,48.95731707317074,7.109756097560975,3.4884146341463405,False,True,False,False,False,False,False,False,False,False,False,False
2022,Spanish Grand Prix,Yuki Tsunoda,10.0,13.0,36.56585365853657,48.95731707317074,7.109756097560975,3.4884146341463405,True,False,False,False,False,False,False,False,False,False,False,False
2022,Spanish Grand Prix,Pierre Gasly,13.0,14.0,36.56585365853657,48.95731707317074,7.109756097560975,3.4884146341463405,True,False,False,False,False,False,False,False,False,False,False,False
2022,Spanish Grand Prix,Guanyu Zhou,19.0,15.0,36.56585365853657,48.95731707317074,7.109756097560975,3.4884146341463405,False,False,False,False,False,False,False,False,False,False,False,False
2022,Spanish Grand Prix,Sebastian Vettel,11.0,16.0,36.56585365853657,48.95731707317074,7.109756097560975,3.4884146341463405,False,False,True,False,False,False,False,False,False,False,False,False
2022,Spanish Grand Prix,Fernando Alonso,9.0,17.0,36.56585365853657,48.95731707317074,7.109756097560975,3.4884146341463405,False,True,False,False,False,False,False,False,False,False,False,False
2022,Spanish Grand Prix,Lance Stroll,15.0,18.0,36.56585365853657,48.95731707317074,7.109756097560975,3.4884146341463405,False,False,True,False,False,False,False,False,False,False,False,False
2022,Spanish Grand Prix,Alexander Albon,18.0,19.0,36.56585365853657,48.95731707317074,7.109756097560975,3.4884146341463405,False,False,False,False,False,False,False,False,False,False,False,True
2022,Spanish Grand Prix,Nicholas Latifi,16.0,20.0,36.56585365853657,48.95731707317074,7.109756097560975,3.4884146341463405,False,False,False,False,False,False,False,False,False,False,False,True
2023,Australian Grand Prix,Max Verstappen,1.0,1.0,17.449549549549552,30.139639639639643,54.15765765765766,1.1270270270270264,False,False,False,False,False,False,False,False,False,False,True,False
2023,Australian Grand Prix,George Russell,18.0,2.0,17.449549549549552,30.139639639639643,54.15765765765766,1.1270270270270264,False,False,False,False,False,False,False,True,False,False,False,False
2023,Australian Grand Prix,Lewis Hamilton,2.0,3.0,17.449549549549552,30.139639639639643,54.15765765765766,1.1270270270270264,False,False,False,False,False,False,False,True,False,False,False,False
2023,Australian Grand Prix,Fernando Alonso,3.0,4.0,17.449549549549552,30.139639639639643,54.15765765765766,1.1270270270270264,False,False,True,False,False,False,False,False,False,False,False,False
2023,Australian Grand Prix,Carlos Sainz,12.0,5.0,17.449549549549552,30.139639639639643,54.15765765765766,1.1270270270270264,False,False,False,True,False,False,False,False,False,False,False,False
2023,Australian Grand Prix,Lance Stroll,4.0,6.0,17.449549549549552,30.139639639639643,54.15765765765766,1.1270270270270264,False,False,True,False,False,False,False,False,False,False,False,False
2023,Australian Grand Prix,Charles Leclerc,20.0,7.0,17.449549549549552,30.139639639639643,54.15765765765766,1.1270270270270264,False,False,False,True,False,False,False,False,False,False,False,False
2023,Australian Grand Prix,Alexander Albon,19.0,8.0,17.449549549549552,30.139639639639643,54.15765765765766,1.1270270270270264,False,False,False,False,False,False,False,False,False,False,False,True
2023,Australian Grand Prix,Pierre Gasly,13.0,9.0,17.449549549549552,30.139639639639643,54.15765765765766,1.1270270270270264,False,True,False,False,False,False,False,False,False,False,False,False
2023,Australian Grand Prix,Nico Hulkenberg,7.0,10.0,17.449549549549552,30.139639639639643,54.15765765765766,1.1270270270270264,False,False,False,False,True,False,False,False,False,False,False,False
2023,Australian Grand Prix,Esteban Ocon,14.0,11.0,17.449549549549552,30.139639639639643,54.15765765765766,1.1270270270270264,False,True,False,False,False,False,False,False,False,False,False,False
2023,Australian Grand Prix,Yuki Tsunoda,10.0,12.0,17.449549549549552,30.139639639639643,54.15765765765766,1.1270270270270264,True,False,False,False,False,False,False,False,False,False,False,False
2023,Australian Grand Prix,Lando Norris,6.0,13.0,17.449549549549552,30.139639639639643,54.15765765765766,1.1270270270270264,False,False,False,False,False,False,True,False,False,False,False,False
2023,Australian Grand Prix,Kevin Magnussen,17.0,14.0,17.449549549549552,30.139639639639643,54.15765765765766,1.1270270270270264,False,False,False,False,True,False,False,False,False,False,False,False
2023,Australian Grand Prix,Nyck De Vries,15.0,15.0,17.449549549549552,30.139639639639643,54.15765765765766,1.1270270270270264,True,False,False,False,False,False,False,False,False,False,False,False
2023,Australian Grand Prix,Oscar Piastri,8.0,16.0,17.449549549549552,30.139639639639643,54.15765765765766,1.1270270270270264,False,False,False,False,False,False,True,False,False,False,False,False
2023,Australian Grand Prix,Guanyu Zhou,9.0,17.0,17.449549549549552,30.139639639639643,54.15765765765766,1.1270270270270264,False,False,False,False,False,False,False,False,False,False,False,False
2023,Australian Grand Prix,Logan Sargeant,16.0,18.0,17.449549549549552,30.139639639639643,54.15765765765766,1.1270270270270264,False,False,False,False,False,False,False,False,False,False,False,True
2023,Australian Grand Prix,Valtteri Bottas,11.0,19.0,17.449549549549552,30.139639639639643,54.15765765765766,1.1270270270270264,False,False,False,False,False,False,False,False,False,False,False,False
2023,Australian Grand Prix,Sergio Perez,5.0,20.0,17.449549549549552,30.139639639639643,54.15765765765766,1.1270270270270264,False,False,False,False,False,False,False,False,False,False,True,False
2023,Austrian Grand Prix,Max Verstappen,1.0,1.0,22.39803921568627,32.05424836601308,52.04575163398694,1.0973856209150328,False,False,False,False,False,False,False,False,False,False,True,False
2023,Austrian Grand Prix,Charles Leclerc,2.0,2.0,22.39803921568627,32.05424836601308,52.04575163398694,1.0973856209150328,False,False,False,True,False,False,False,False,False,False,False,False
2023,Austrian Grand Prix,Carlos Sainz,6.0,3.0,22.39803921568627,32.05424836601308,52.04575163398694,1.0973856209150328,False,False,False,True,False,False,False,False,False,False,False,False
2023,Austrian Grand Prix,Lando Norris,4.0,4.0,22.39803921568627,32.05424836601308,52.04575163398694,1.0973856209150328,False,False,False,False,False,False,True,False,False,False,False,False
2023,Austrian Grand Prix,Lewis Hamilton,8.0,5.0,22.39803921568627,32.05424836601308,52.04575163398694,1.0973856209150328,False,False,False,False,False,False,False,True,False,False,False,False
2023,Austrian Grand Prix,Lance Stroll,9.0,6.0,22.39803921568627,32.05424836601308,52.04575163398694,1.0973856209150328,False,False,True,False,False,False,False,False,False,False,False,False
2023,Austrian Grand Prix,Fernando Alonso,5.0,7.0,22.39803921568627,32.05424836601308,52.04575163398694,1.0973856209150328,False,False,True,False,False,False,False,False,False,False,False,False
2023,Austrian Grand Prix,Nico Hulkenberg,20.0,8.0,22.39803921568627,32.05424836601308,52.04575163398694,1.0973856209150328,False,False,False,False,True,False,False,False,False,False,False,False
2023,Austrian Grand Prix,Pierre Gasly,10.0,9.0,22.39803921568627,32.05424836601308,52.04575163398694,1.0973856209150328,False,True,False,False,False,False,False,False,False,False,False,False
2023,Austrian Grand Prix,Alexander Albon,11.0,10.0,22.39803921568627,32.05424836601308,52.04575163398694,1.0973856209150328,False,False,False,False,False,False,False,False,False,False,False,True
2023,Austrian Grand Prix,George Russell,7.0,11.0,22.39803921568627,32.05424836601308,52.04575163398694,1.0973856209150328,False,False,False,False,False,False,False,True,False,False,False,False
2023,Austrian Grand Prix,Esteban Ocon,14.0,12.0,22.39803921568627,32.05424836601308,52.04575163398694,1.0973856209150328,False,True,False,False,False,False,False,False,False,False,False,False
2023,Austrian Grand Prix,Oscar Piastri,16.0,13.0,22.39803921568627,32.05424836601308,52.04575163398694,1.0973856209150328,False,False,False,False,False,False,True,False,False,False,False,False
2023,Austrian Grand Prix,Valtteri Bottas,15.0,14.0,22.39803921568627,32.05424836601308,52.04575163398694,1.0973856209150328,False,False,False,False,False,False,False,False,False,False,False,False
2023,Austrian Grand Prix,Sergio Perez,3.0,15.0,22.39803921568627,32.05424836601308,52.04575163398694,1.0973856209150328,False,False,False,False,False,False,False,False,False,False,True,False
2023,Austrian Grand Prix,Yuki Tsunoda,19.0,16.0,22.39803921568627,32.05424836601308,52.04575163398694,1.0973856209150328,True,False,False,False,False,False,False,False,False,False,False,False
2023,Austrian Grand Prix,Guanyu Zhou,12.0,17.0,22.39803921568627,32.05424836601308,52.04575163398694,1.0973856209150328,False,False,False,False,False,False,False,False,False,False,False,False
2023,Austrian Grand Prix,Logan Sargeant,13.0,18.0,22.39803921568627,32.05424836601308,52.04575163398694,1.0973856209150328,False,False,False,False,False,False,False,False,False,False,False,True
2023,Austrian Grand Prix,Kevin Magnussen,18.0,19.0,22.39803921568627,32.05424836601308,52.04575163398694,1.0973856209150328,False,False,False,False,True,False,False,False,False,False,False,False
2023,Austrian Grand Prix,Nyck De Vries,17.0,20.0,22.39803921568627,32.05424836601308,52.04575163398694,1.0973856209150328,True,False,False,False,False,False,False,False,False,False,False,False
2023,Azerbaijan Grand Prix,Charles Leclerc,3.0,1.0,24.860625000000006,41.21,49.22500000000001,1.0831249999999997,False,False,False,True,False,False,False,False,False,False,False,False
2023,Azerbaijan Grand Prix,Max Verstappen,2.0,2.0,24.860625000000006,41.21,49.22500000000001,1.0831249999999997,False,False,False,False,False,False,False,False,False,False,True,False
2023,Azerbaijan Grand Prix,Sergio Perez,1.0,3.0,24.860625000000006,41.21,49.22500000000001,1.0831249999999997,False,False,False,False,False,False,False,False,False,False,True,False
2023,Azerbaijan Grand Prix,Carlos Sainz,5.0,4.0,24.860625000000006,41.21,49.22500000000001,1.0831249999999997,False,False,False,True,False,False,False,False,False,False,False,False
2023,Azerbaijan Grand Prix,Lewis Hamilton,6.0,5.0,24.860625000000006,41.21,49.22500000000001,1.0831249999999997,False,False,False,False,False,False,False,True,False,False,False,False
2023,Azerbaijan Grand Prix,Fernando Alonso,4.0,6.0,24.860625000000006,41.21,49.22500000000001,1.0831249999999997,False,False,True,False,False,False,False,False,False,False,False,False
2023,Azerbaijan Grand Prix,Lando Norris,9.0,7.0,24.860625000000006,41.21,49.22500000000001,1.0831249999999997,False,False,False,False,False,False,True,False,False,False,False,False
2023,Azerbaijan Grand Prix,Yuki Tsunoda,10.0,8.0,24.860625000000006,41.21,49.22500000000001,1.0831249999999997,True,False,False,False,False,False,False,False,False,False,False,False
2023,Azerbaijan Grand Prix,Lance Stroll,7.0,9.0,24.860625000000006,41.21,49.22500000000001,1.0831249999999997,False,False,True,False,False,False,False,False,False,False,False,False
2023,Azerbaijan Grand Prix,Oscar Piastri,11.0,10.0,24.860625000000006,41.21,49.22500000000001,1.0831249999999997,False,False,False,False,False,False,True,False,False,False,False,False
2023,Azerbaijan Grand Prix,George Russell,8.0,11.0,24.860625000000006,41.21,49.22500000000001,1.0831249999999997,False,False,False,False,False,False,False,True,False,False,False,False
2023,Azerbaijan Grand Prix,Esteban Ocon,15.0,12.0,24.860625000000006,41.21,49.22500000000001,1.0831249999999997,False,True,False,False,False,False,False,False,False,False,False,False
2023,Azerbaijan Grand Prix,Alexander Albon,12.0,13.0,24.860625000000006,41.21,49.22500000000001,1.0831249999999997,False,False,False,False,False,False,False,False,False,False,False,True
2023,Azerbaijan Grand Prix,Valtteri Bottas,18.0,14.0,24.860625000000006,41.21,49.22500000000001,1.0831249999999997,False,False,False,False,False,False,False,False,False,False,False,False
2023,Azerbaijan Grand Prix,Logan Sargeant,16.0,15.0,24.860625000000006,41.21,49.22500000000001,1.0831249999999997,False,False,False,False,False,False,False,False,False,False,False,True
2023,Azerbaijan Grand Prix,Guanyu Zhou,19.0,16.0,24.860625000000006,41.21,49.22500000000001,1.0831249999999997,False,False,False,False,False,False,False,False,False,False,False,False
2023,Azerbaijan Grand Prix,Nico Hulkenberg,17.0,17.0,24.860625000000006,41.21,49.22500000000001,1.0831249999999997,False,False,False,False,True,False,False,False,False,False,False,False
2023,Azerbaijan Grand Prix,Kevin Magnussen,13.0,18.0,24.860625000000006,41.21,49.22500000000001,1.0831249999999997,False,False,False,False,True,False,False,False,False,False,False,False
2023,Azerbaijan Grand Prix,Pierre Gasly,14.0,19.0,24.860625000000006,41.21,49.22500000000001,1.0831249999999997,False,True,False,False,False,False,False,False,False,False,False,False
2023,Azerbaijan Grand Prix,Nyck De Vries,20.0,20.0,24.860625000000006,41.21,49.22500000000001,1.0831249999999997,True,False,False,False,False,False,False,False,False,False,False,False
2023,Bahrain Grand Prix,Max Verstappen,1.0,1.0,27.431677018633543,31.011801242236025,21.49689440993789,0.6832298136645961,False,False,False,False,False,False,False,False,False,False,True,False
2023,Bahrain Grand Prix,Sergio Perez,2.0,2.0,27.431677018633543,31.011801242236025,21.49689440993789,0.6832298136645961,False,False,False,False,False,False,False,False,False,False,True,False
2023,Bahrain Grand Prix,Charles Leclerc,19.0,3.0,27.431677018633543,31.011801242236025,21.49689440993789,0.6832298136645961,False,False,False,True,False,False,False,False,False,False,False,False
2023,Bahrain Grand Prix,Carlos Sainz,4.0,4.0,27.431677018633543,31.011801242236025,21.49689440993789,0.6832298136645961,False,False,False,True,False,False,False,False,False,False,False,False
2023,Bahrain Grand Prix,Fernando Alonso,3.0,5.0,27.431677018633543,31.011801242236025,21.49689440993789,0.6832298136645961,False,False,True,False,False,False,False,False,False,False,False,False
2023,Bahrain Grand Prix,George Russell,7.0,6.0,27.431677018633543,31.011801242236025,21.49689440993789,0.6832298136645961,False,False,False,False,False,False,False,True,False,False,False,False
2023,Bahrain Grand Prix,Lewis Hamilton,5.0,7.0,27.431677018633543,31.011801242236025,21.49689440993789,0.6832298136645961,False,False,False,False,False,False,False,True,False,False,False,False
2023,Bahrain Grand Prix,Lance Stroll,6.0,8.0,27.431677018633543,31.011801242236025,21.49689440993789,0.6832298136645961,False,False,True,False,False,False,False,False,False,False,False,False
2023,Bahrain Grand Prix,Esteban Ocon,18.0,9.0,27.431677018633543,31.011801242236025,21.49689440993789,0.6832298136645961,False,True,False,False,False,False,False,False,False,False,False,False
2023,Bahrain Grand Prix,Nico Hulkenberg,15.0,10.0,27.431677018633543,31.011801242236025,21.49689440993789,0.6832298136645961,False,False,False,False,True,False,False,False,False,False,False,False
2023,Bahrain Grand Prix,Lando Norris,17.0,11.0,27.431677018633543,31.011801242236025,21.49689440993789,0.6832298136645961,False,False,False,False,False,False,True,False,False,False,False,False
2023,Bahrain Grand Prix,Valtteri Bottas,8.0,12.0,27.431677018633543,31.011801242236025,21.49689440993789,0.6832298136645961,False,False,False,False,False,False,False,False,False,False,False,False
2023,Bahrain Grand Prix,Guanyu Zhou,16.0,13.0,27.431677018633543,31.011801242236025,21.49689440993789,0.6832298136645961,False,False,False,False,False,False,False,False,False,False,False,False
2023,Bahrain Grand Prix,Yuki Tsunoda,11.0,14.0,27.431677018633543,31.011801242236025,21.49689440993789,0.6832298136645961,True,False,False,False,False,False,False,False,False,False,False,False
2023,Bahrain Grand Prix,Alexander Albon,10.0,15.0,27.431677018633543,31.011801242236025,21.49689440993789,0.6832298136645961,False,False,False,False,False,False,False,False,False,False,False,True
2023,Bahrain Grand Prix,Logan Sargeant,12.0,16.0,27.431677018633543,31.011801242236025,21.49689440993789,0.6832298136645961,False,False,False,False,False,False,False,False,False,False,False,True
2023,Bahrain Grand Prix,Kevin Magnussen,13.0,17.0,27.431677018633543,31.011801242236025,21.49689440993789,0.6832298136645961,False,False,False,False,True,False,False,False,False,False,False,False
2023,Bahrain Grand Prix,Oscar Piastri,20.0,18.0,27.431677018633543,31.011801242236025,21.49689440993789,0.6832298136645961,False,False,False,False,False,False,True,False,False,False,False,False
2023,Bahrain Grand Prix,Nyck De Vries,14.0,19.0,27.431677018633543,31.011801242236025,21.49689440993789,0.6832298136645961,True,False,False,False,False,False,False,False,False,False,False,False
2023,Bahrain Grand Prix,Pierre Gasly,9.0,20.0,27.431677018633543,31.011801242236025,21.49689440993789,0.6832298136645961,False,True,False,False,False,False,False,False,False,False,False,False
2023,Belgian Grand Prix,Max Verstappen,1.0,1.0,17.873333333333335,28.240666666666677,61.92666666666668,1.5946666666666673,False,False,False,False,False,False,False,False,False,False,True,False
2023,Belgian Grand Prix,Charles Leclerc,3.0,2.0,17.873333333333335,28.240666666666677,61.92666666666668,1.5946666666666673,False,False,False,True,False,False,False,False,False,False,False,False
2023,Belgian Grand Prix,Sergio Perez,2.0,3.0,17.873333333333335,28.240666666666677,61.92666666666668,1.5946666666666673,False,False,False,False,False,False,False,False,False,False,True,False
2023,Belgian Grand Prix,Lewis Hamilton,4.0,4.0,17.873333333333335,28.240666666666677,61.92666666666668,1.5946666666666673,False,False,False,False,False,False,False,True,False,False,False,False
2023,Belgian Grand Prix,Carlos Sainz,19.0,5.0,17.873333333333335,28.240666666666677,61.92666666666668,1.5946666666666673,False,False,False,True,False,False,False,False,False,False,False,False
2023,Belgian Grand Prix,Oscar Piastri,20.0,6.0,17.873333333333335,28.240666666666677,61.92666666666668,1.5946666666666673,False,False,False,False,False,False,True,False,False,False,False,False
2023,Belgian Grand Prix,Lando Norris,7.0,7.0,17.873333333333335,28.240666666666677,61.92666666666668,1.5946666666666673,False,False,False,False,False,False,True,False,False,False,False,False
2023,Belgian Grand Prix,George Russell,6.0,8.0,17.873333333333335,28.240666666666677,61.92666666666668,1.5946666666666673,False,False,False,False,False,False,False,True,False,False,False,False
2023,Belgian Grand Prix,Fernando Alonso,5.0,9.0,17.873333333333335,28.240666666666677,61.92666666666668,1.5946666666666673,False,False,True,False,False,False,False,False,False,False,False,False
2023,Belgian Grand Prix,Lance Stroll,9.0,10.0,17.873333333333335,28.240666666666677,61.92666666666668,1.5946666666666673,False,False,True,False,False,False,False,False,False,False,False,False
2023,Belgian Grand Prix,Yuki Tsunoda,10.0,11.0,17.873333333333335,28.240666666666677,61.92666666666668,1.5946666666666673,True,False,False,False,False,False,False,False,False,False,False,False
2023,Belgian Grand Prix,Pierre Gasly,11.0,12.0,17.873333333333335,28.240666666666677,61.92666666666668,1.5946666666666673,False,True,False,False,False,False,False,False,False,False,False,False
2023,Belgian Grand Prix,Kevin Magnussen,15.0,13.0,17.873333333333335,28.240666666666677,61.92666666666668,1.5946666666666673,False,False,False,False,True,False,False,False,False,False,False,False
2023,Belgian Grand Prix,Valtteri Bottas,12.0,14.0,17.873333333333335,28.240666666666677,61.92666666666668,1.5946666666666673,False,False,False,False,False,False,False,False,False,False,False,False
2023,Belgian Grand Prix,Esteban Ocon,8.0,15.0,17.873333333333335,28.240666666666677,61.92666666666668,1.5946666666666673,False,True,False,False,False,False,False,False,False,False,False,False
2023,Belgian Grand Prix,Alexander Albon,14.0,16.0,17.873333333333335,28.240666666666677,61.92666666666668,1.5946666666666673,False,False,False,False,False,False,False,False,False,False,False,True
2023,Belgian Grand Prix,Guanyu Zhou,13.0,17.0,17.873333333333335,28.240666666666677,61.92666666666668,1.5946666666666673,False,False,False,False,False,False,False,False,False,False,False,False
2023,Belgian Grand Prix,Logan Sargeant,17.0,18.0,17.873333333333335,28.240666666666677,61.92666666666668,1.5946666666666673,False,False,False,False,False,False,False,False,False,False,False,True
2023,Belgian Grand Prix,Daniel Ricciardo,16.0,19.0,17.873333333333335,28.240666666666677,61.92666666666668,1.5946666666666673,True,False,False,False,False,False,False,False,False,False,False,False
2023,Belgian Grand Prix,Nico Hulkenberg,18.0,20.0,17.873333333333335,28.240666666666677,61.92666666666668,1.5946666666666673,False,False,False,False,True,False,False,False,False,False,False,False
2023,British Grand Prix,Max Verstappen,1.0,1.0,21.473509933774835,30.941059602649013,56.18543046357617,3.023841059602648,False,False,False,False,False,False,False,False,False,False,True,False
2023,British Grand Prix,Lando Norris,2.0,2.0,21.473509933774835,30.941059602649013,56.18543046357617,3.023841059602648,False,False,False,False,False,False,True,False,False,False,False,False
2023,British Grand Prix,Oscar Piastri,4.0,3.0,21.473509933774835,30.941059602649013,56.18543046357617,3.023841059602648,False,False,False,False,False,False,True,False,False,False,False,False
2023,British Grand Prix,Charles Leclerc,9.0,4.0,21.473509933774835,30.941059602649013,56.18543046357617,3.023841059602648,False,False,False,True,False,False,False,False,False,False,False,False
2023,British Grand Prix,Carlos Sainz,10.0,5.0,21.473509933774835,30.941059602649013,56.18543046357617,3.023841059602648,False,False,False,True,False,False,False,False,False,False,False,False
2023,British Grand Prix,George Russell,5.0,6.0,21.473509933774835,30.941059602649013,56.18543046357617,3.023841059602648,False,False,False,False,False,False,False,True,False,False,False,False
2023,British Grand Prix,Lewis Hamilton,3.0,7.0,21.473509933774835,30.941059602649013,56.18543046357617,3.023841059602648,False,False,False,False,False,False,False,True,False,False,False,False
2023,British Grand Prix,Alexander Albon,8.0,8.0,21.473509933774835,30.941059602649013,56.18543046357617,3.023841059602648,False,False,False,False,False,False,False,False,False,False,False,True
2023,British Grand Prix,Fernando Alonso,7.0,9.0,21.473509933774835,30.941059602649013,56.18543046357617,3.023841059602648,False,False,True,False,False,False,False,False,False,False,False,False
2023,British Grand Prix,Pierre Gasly,18.0,10.0,21.473509933774835,30.941059602649013,56.18543046357617,3.023841059602648,False,True,False,False,False,False,False,False,False,False,False,False
2023,British Grand Prix,Nico Hulkenberg,13.0,11.0,21.473509933774835,30.941059602649013,56.18543046357617,3.023841059602648,False,False,False,False,True,False,False,False,False,False,False,False
2023,British Grand Prix,Lance Stroll,14.0,12.0,21.473509933774835,30.941059602649013,56.18543046357617,3.023841059602648,False,False,True,False,False,False,False,False,False,False,False,False
2023,British Grand Prix,Esteban Ocon,20.0,13.0,21.473509933774835,30.941059602649013,56.18543046357617,3.023841059602648,False,True,False,False,False,False,False,False,False,False,False,False
2023,British Grand Prix,Logan Sargeant,11.0,14.0,21.473509933774835,30.941059602649013,56.18543046357617,3.023841059602648,False,False,False,False,False,False,False,False,False,False,False,True
2023,British Grand Prix,Valtteri Bottas,12.0,15.0,21.473509933774835,30.941059602649013,56.18543046357617,3.023841059602648,False,False,False,False,False,False,False,False,False,False,False,False
2023,British Grand Prix,Sergio Perez,6.0,15.0,21.473509933774835,30.941059602649013,56.18543046357617,3.023841059602648,False,False,False,False,False,False,False,False,False,False,True,False
2023,British Grand Prix,Yuki Tsunoda,16.0,16.0,21.473509933774835,30.941059602649013,56.18543046357617,3.023841059602648,True,False,False,False,False,False,False,False,False,False,False,False
2023,British Grand Prix,Guanyu Zhou,15.0,17.0,21.473509933774835,30.941059602649013,56.18543046357617,3.023841059602648,False,False,False,False,False,False,False,False,False,False,False,False
2023,British Grand Prix,Nyck De Vries,17.0,18.0,21.473509933774835,30.941059602649013,56.18543046357617,3.023841059602648,True,False,False,False,False,False,False,False,False,False,False,False
2023,British Grand Prix,Kevin Magnussen,19.0,19.0,21.473509933774835,30.941059602649013,56.18543046357617,3.023841059602648,False,False,False,False,True,False,False,False,False,False,False,False
2023,Canadian Grand Prix,Max Verstappen,1.0,1.0,18.53024691358025,30.593209876543217,63.90123456790123,1.9419753086419747,False,False,False,False,False,False,False,False,False,False,True,False
2023,Canadian Grand Prix,Nico Hulkenberg,15.0,2.0,18.53024691358025,30.593209876543217,63.90123456790123,1.9419753086419747,False,False,False,False,True,False,False,False,False,False,False,False
2023,Canadian Grand Prix,Fernando Alonso,2.0,3.0,18.53024691358025,30.593209876543217,63.90123456790123,1.9419753086419747,False,False,True,False,False,False,False,False,False,False,False,False
2023,Canadian Grand Prix,Lewis Hamilton,3.0,4.0,18.53024691358025,30.593209876543217,63.90123456790123,1.9419753086419747,False,False,False,False,False,False,False,True,False,False,False,False
2023,Canadian Grand Prix,George Russell,19.0,5.0,18.53024691358025,30.593209876543217,63.90123456790123,1.9419753086419747,False,False,False,False,False,False,False,True,False,False,False,False
2023,Canadian Grand Prix,Esteban Ocon,8.0,6.0,18.53024691358025,30.593209876543217,63.90123456790123,1.9419753086419747,False,True,False,False,False,False,False,False,False,False,False,False
2023,Canadian Grand Prix,Lando Norris,13.0,7.0,18.53024691358025,30.593209876543217,63.90123456790123,1.9419753086419747,False,False,False,False,False,False,True,False,False,False,False,False
2023,Canadian Grand Prix,Carlos Sainz,5.0,8.0,18.53024691358025,30.593209876543217,63.90123456790123,1.9419753086419747,False,False,False,True,False,False,False,False,False,False,False,False
2023,Canadian Grand Prix,Oscar Piastri,11.0,9.0,18.53024691358025,30.593209876543217,63.90123456790123,1.9419753086419747,False,False,False,False,False,False,True,False,False,False,False,False
2023,Canadian Grand Prix,Alexander Albon,7.0,10.0,18.53024691358025,30.593209876543217,63.90123456790123,1.9419753086419747,False,False,False,False,False,False,False,False,False,False,False,True
2023,Canadian Grand Prix,Charles Leclerc,4.0,11.0,18.53024691358025,30.593209876543217,63.90123456790123,1.9419753086419747,False,False,False,True,False,False,False,False,False,False,False,False
2023,Canadian Grand Prix,Sergio Perez,6.0,12.0,18.53024691358025,30.593209876543217,63.90123456790123,1.9419753086419747,False,False,False,False,False,False,False,False,False,False,True,False
2023,Canadian Grand Prix,Lance Stroll,9.0,13.0,18.53024691358025,30.593209876543217,63.90123456790123,1.9419753086419747,False,False,True,False,False,False,False,False,False,False,False,False
2023,Canadian Grand Prix,Kevin Magnussen,17.0,14.0,18.53024691358025,30.593209876543217,63.90123456790123,1.9419753086419747,False,False,False,False,True,False,False,False,False,False,False,False
2023,Canadian Grand Prix,Valtteri Bottas,10.0,15.0,18.53024691358025,30.593209876543217,63.90123456790123,1.9419753086419747,False,False,False,False,False,False,False,False,False,False,False,False
2023,Canadian Grand Prix,Yuki Tsunoda,14.0,16.0,18.53024691358025,30.593209876543217,63.90123456790123,1.9419753086419747,True,False,False,False,False,False,False,False,False,False,False,False
2023,Canadian Grand Prix,Pierre Gasly,12.0,17.0,18.53024691358025,30.593209876543217,63.90123456790123,1.9419753086419747,False,True,False,False,False,False,False,False,False,False,False,False
2023,Canadian Grand Prix,Nyck De Vries,18.0,18.0,18.53024691358025,30.593209876543217,63.90123456790123,1.9419753086419747,True,False,False,False,False,False,False,False,False,False,False,False
2023,Canadian Grand Prix,Logan Sargeant,20.0,19.0,18.53024691358025,30.593209876543217,63.90123456790123,1.9419753086419747,False,False,False,False,False,False,False,False,False,False,False,True
2023,Canadian Grand Prix,Guanyu Zhou,16.0,20.0,18.53024691358025,30.593209876543217,63.90123456790123,1.9419753086419747,False,False,False,False,False,False,False,False,False,False,False,False
2023,Dutch Grand Prix,Max Verstappen,1.0,1.0,16.79186602870813,24.941148325358846,70.77511961722487,2.821531100478469,False,False,False,False,False,False,False,False,False,False,True,False
2023,Dutch Grand Prix,Lando Norris,7.0,2.0,16.79186602870813,24.941148325358846,70.77511961722487,2.821531100478469,False,False,False,False,False,False,True,False,False,False,False,False
2023,Dutch Grand Prix,George Russell,17.0,3.0,16.79186602870813,24.941148325358846,70.77511961722487,2.821531100478469,False,False,False,False,False,False,False,True,False,False,False,False
2023,Dutch Grand Prix,Alexander Albon,8.0,4.0,16.79186602870813,24.941148325358846,70.77511961722487,2.821531100478469,False,False,False,False,False,False,False,False,False,False,False,True
2023,Dutch Grand Prix,Fernando Alonso,2.0,5.0,16.79186602870813,24.941148325358846,70.77511961722487,2.821531100478469,False,False,True,False,False,False,False,False,False,False,False,False
2023,Dutch Grand Prix,Carlos Sainz,5.0,6.0,16.79186602870813,24.941148325358846,70.77511961722487,2.821531100478469,False,False,False,True,False,False,False,False,False,False,False,False
2023,Dutch Grand Prix,Sergio Perez,4.0,7.0,16.79186602870813,24.941148325358846,70.77511961722487,2.821531100478469,False,False,False,False,False,False,False,False,False,False,True,False
2023,Dutch Grand Prix,Oscar Piastri,9.0,8.0,16.79186602870813,24.941148325358846,70.77511961722487,2.821531100478469,False,False,False,False,False,False,True,False,False,False,False,False
2023,Dutch Grand Prix,Charles Leclerc,19.0,9.0,16.79186602870813,24.941148325358846,70.77511961722487,2.821531100478469,False,False,False,True,False,False,False,False,False,False,False,False
2023,Dutch Grand Prix,Logan Sargeant,20.0,10.0,16.79186602870813,24.941148325358846,70.77511961722487,2.821531100478469,False,False,False,False,False,False,False,False,False,False,False,True
2023,Dutch Grand Prix,Lance Stroll,11.0,11.0,16.79186602870813,24.941148325358846,70.77511961722487,2.821531100478469,False,False,True,False,False,False,False,False,False,False,False,False
2023,Dutch Grand Prix,Pierre Gasly,3.0,12.0,16.79186602870813,24.941148325358846,70.77511961722487,2.821531100478469,False,True,False,False,False,False,False,False,False,False,False,False
2023,Dutch Grand Prix,Lewis Hamilton,6.0,13.0,16.79186602870813,24.941148325358846,70.77511961722487,2.821531100478469,False,False,False,False,False,False,False,True,False,False,False,False
2023,Dutch Grand Prix,Yuki Tsunoda,15.0,14.0,16.79186602870813,24.941148325358846,70.77511961722487,2.821531100478469,True,False,False,False,False,False,False,False,False,False,False,False
2023,Dutch Grand Prix,Nico Hulkenberg,12.0,15.0,16.79186602870813,24.941148325358846,70.77511961722487,2.821531100478469,False,False,False,False,True,False,False,False,False,False,False,False
2023,Dutch Grand Prix,Guanyu Zhou,18.0,16.0,16.79186602870813,24.941148325358846,70.77511961722487,2.821531100478469,False,False,False,False,False,False,False,False,False,False,False,False
2023,Dutch Grand Prix,Esteban Ocon,10.0,17.0,16.79186602870813,24.941148325358846,70.77511961722487,2.821531100478469,False,True,False,False,False,False,False,False,False,False,False,False
2023,Dutch Grand Prix,Kevin Magnussen,16.0,18.0,16.79186602870813,24.941148325358846,70.77511961722487,2.821531100478469,False,False,False,False,True,False,False,False,False,False,False,False
2023,Dutch Grand Prix,Valtteri Bottas,14.0,19.0,16.79186602870813,24.941148325358846,70.77511961722487,2.821531100478469,False,False,False,False,False,False,False,False,False,False,False,False
2023,Dutch Grand Prix,Liam Lawson,13.0,20.0,16.79186602870813,24.941148325358846,70.77511961722487,2.821531100478469,True,False,False,False,False,False,False,False,False,False,False,False
2023,Hungarian Grand Prix,Lewis Hamilton,4.0,1.0,28.808536585365857,48.57926829268293,32.80487804878048,1.4408536585365854,False,False,False,False,False,False,False,True,False,False,False,False
2023,Hungarian Grand Prix,Max Verstappen,1.0,2.0,28.808536585365857,48.57926829268293,32.80487804878048,1.4408536585365854,False,False,False,False,False,False,False,False,False,False,True,False
2023,Hungarian Grand Prix,Lando Norris,2.0,3.0,28.808536585365857,48.57926829268293,32.80487804878048,1.4408536585365854,False,False,False,False,False,False,True,False,False,False,False,False
2023,Hungarian Grand Prix,Oscar Piastri,5.0,4.0,28.808536585365857,48.57926829268293,32.80487804878048,1.4408536585365854,False,False,False,False,False,False,True,False,False,False,False,False
2023,Hungarian Grand Prix,Guanyu Zhou,16.0,5.0,28.808536585365857,48.57926829268293,32.80487804878048,1.4408536585365854,False,False,False,False,False,False,False,False,False,False,False,False
2023,Hungarian Grand Prix,Charles Leclerc,7.0,6.0,28.808536585365857,48.57926829268293,32.80487804878048,1.4408536585365854,False,False,False,True,False,False,False,False,False,False,False,False
2023,Hungarian Grand Prix,Valtteri Bottas,12.0,7.0,28.808536585365857,48.57926829268293,32.80487804878048,1.4408536585365854,False,False,False,False,False,False,False,False,False,False,False,False
2023,Hungarian Grand Prix,Fernando Alonso,9.0,8.0,28.808536585365857,48.57926829268293,32.80487804878048,1.4408536585365854,False,False,True,False,False,False,False,False,False,False,False,False
2023,Hungarian Grand Prix,Sergio Perez,3.0,9.0,28.808536585365857,48.57926829268293,32.80487804878048,1.4408536585365854,False,False,False,False,False,False,False,False,False,False,True,False
2023,Hungarian Grand Prix,Nico Hulkenberg,14.0,10.0,28.808536585365857,48.57926829268293,32.80487804878048,1.4408536585365854,False,False,False,False,True,False,False,False,False,False,False,False
2023,Hungarian Grand Prix,Carlos Sainz,8.0,11.0,28.808536585365857,48.57926829268293,32.80487804878048,1.4408536585365854,False,False,False,True,False,False,False,False,False,False,False,False
2023,Hungarian Grand Prix,Esteban Ocon,19.0,12.0,28.808536585365857,48.57926829268293,32.80487804878048,1.4408536585365854,False,True,False,False,False,False,False,False,False,False,False,False
2023,Hungarian Grand Prix,Daniel Ricciardo,13.0,13.0,28.808536585365857,48.57926829268293,32.80487804878048,1.4408536585365854,True,False,False,False,False,False,False,False,False,False,False,False
2023,Hungarian Grand Prix,Lance Stroll,10.0,14.0,28.808536585365857,48.57926829268293,32.80487804878048,1.4408536585365854,False,False,True,False,False,False,False,False,False,False,False,False
2023,Hungarian Grand Prix,Pierre Gasly,20.0,15.0,28.808536585365857,48.57926829268293,32.80487804878048,1.4408536585365854,False,True,False,False,False,False,False,False,False,False,False,False
2023,Hungarian Grand Prix,Alexander Albon,11.0,16.0,28.808536585365857,48.57926829268293,32.80487804878048,1.4408536585365854,False,False,False,False,False,False,False,False,False,False,False,True
2023,Hungarian Grand Prix,Yuki Tsunoda,15.0,17.0,28.808536585365857,48.57926829268293,32.80487804878048,1.4408536585365854,True,False,False,False,False,False,False,False,False,False,False,False
2023,Hungarian Grand Prix,George Russell,6.0,18.0,28.808536585365857,48.57926829268293,32.80487804878048,1.4408536585365854,False,False,False,False,False,False,False,True,False,False,False,False
2023,Hungarian Grand Prix,Kevin Magnussen,17.0,19.0,28.808536585365857,48.57926829268293,32.80487804878048,1.4408536585365854,False,False,False,False,True,False,False,False,False,False,False,False
2023,Hungarian Grand Prix,Logan Sargeant,18.0,20.0,28.808536585365857,48.57926829268293,32.80487804878048,1.4408536585365854,False,False,False,False,False,False,False,False,False,False,False,True
2023,Miami Grand Prix,Sergio Perez,2.0,1.0,27.11741935483871,36.68903225806453,59.425806451612914,3.970322580645162,False,False,False,False,False,False,False,False,False,False,True,False
2023,Miami Grand Prix,Fernando Alonso,3.0,2.0,27.11741935483871,36.68903225806453,59.425806451612914,3.970322580645162,False,False,True,False,False,False,False,False,False,False,False,False
2023,Miami Grand Prix,Carlos Sainz,5.0,3.0,27.11741935483871,36.68903225806453,59.425806451612914,3.970322580645162,False,False,False,True,False,False,False,False,False,False,False,False
2023,Miami Grand Prix,Kevin Magnussen,10.0,4.0,27.11741935483871,36.68903225806453,59.425806451612914,3.970322580645162,False,False,False,False,True,False,False,False,False,False,False,False
2023,Miami Grand Prix,Pierre Gasly,8.0,5.0,27.11741935483871,36.68903225806453,59.425806451612914,3.970322580645162,False,True,False,False,False,False,False,False,False,False,False,False
2023,Miami Grand Prix,George Russell,4.0,6.0,27.11741935483871,36.68903225806453,59.425806451612914,3.970322580645162,False,False,False,False,False,False,False,True,False,False,False,False
2023,Miami Grand Prix,Charles Leclerc,7.0,7.0,27.11741935483871,36.68903225806453,59.425806451612914,3.970322580645162,False,False,False,True,False,False,False,False,False,False,False,False
2023,Miami Grand Prix,Esteban Ocon,9.0,8.0,27.11741935483871,36.68903225806453,59.425806451612914,3.970322580645162,False,True,False,False,False,False,False,False,False,False,False,False
2023,Miami Grand Prix,Max Verstappen,1.0,9.0,27.11741935483871,36.68903225806453,59.425806451612914,3.970322580645162,False,False,False,False,False,False,False,False,False,False,True,False
2023,Miami Grand Prix,Valtteri Bottas,13.0,10.0,27.11741935483871,36.68903225806453,59.425806451612914,3.970322580645162,False,False,False,False,False,False,False,False,False,False,False,False
2023,Miami Grand Prix,Alexander Albon,14.0,11.0,27.11741935483871,36.68903225806453,59.425806451612914,3.970322580645162,False,False,False,False,False,False,False,False,False,False,False,True
2023,Miami Grand Prix,Nico Hulkenberg,15.0,12.0,27.11741935483871,36.68903225806453,59.425806451612914,3.970322580645162,False,False,False,False,True,False,False,False,False,False,False,False
2023,Miami Grand Prix,Lewis Hamilton,6.0,13.0,27.11741935483871,36.68903225806453,59.425806451612914,3.970322580645162,False,False,False,False,False,False,False,True,False,False,False,False
2023,Miami Grand Prix,Guanyu Zhou,16.0,14.0,27.11741935483871,36.68903225806453,59.425806451612914,3.970322580645162,False,False,False,False,False,False,False,False,False,False,False,False
2023,Miami Grand Prix,Nyck De Vries,18.0,15.0,27.11741935483871,36.68903225806453,59.425806451612914,3.970322580645162,True,False,False,False,False,False,False,False,False,False,False,False
2023,Miami Grand Prix,Lando Norris,17.0,16.0,27.11741935483871,36.68903225806453,59.425806451612914,3.970322580645162,False,False,False,False,False,False,True,False,False,False,False,False
2023,Miami Grand Prix,Yuki Tsunoda,11.0,17.0,27.11741935483871,36.68903225806453,59.425806451612914,3.970322580645162,True,False,False,False,False,False,False,False,False,False,False,False
2023,Miami Grand Prix,Lance Stroll,12.0,18.0,27.11741935483871,36.68903225806453,59.425806451612914,3.970322580645162,False,False,True,False,False,False,False,False,False,False,False,False
2023,Miami Grand Prix,Oscar Piastri,19.0,19.0,27.11741935483871,36.68903225806453,59.425806451612914,3.970322580645162,False,False,False,False,False,False,True,False,False,False,False,False
2023,Miami Grand Prix,Logan Sargeant,20.0,20.0,27.11741935483871,36.68903225806453,59.425806451612914,3.970322580645162,False,False,False,False,False,False,False,False,False,False,False,True
2023,Monaco Grand Prix,Max Verstappen,1.0,1.0,25.06590909090909,39.25568181818183,45.86363636363637,1.0056818181818177,False,False,False,False,False,False,False,False,False,False,True,False
2023,Monaco Grand Prix,Fernando Alonso,2.0,2.0,25.06590909090909,39.25568181818183,45.86363636363637,1.0056818181818177,False,False,True,False,False,False,False,False,False,False,False,False
2023,Monaco Grand Prix,Charles Leclerc,6.0,3.0,25.06590909090909,39.25568181818183,45.86363636363637,1.0056818181818177,False,False,False,True,False,False,False,False,False,False,False,False
2023,Monaco Grand Prix,Esteban Ocon,3.0,4.0,25.06590909090909,39.25568181818183,45.86363636363637,1.0056818181818177,False,True,False,False,False,False,False,False,False,False,False,False
2023,Monaco Grand Prix,Carlos Sainz,8.0,5.0,25.06590909090909,39.25568181818183,45.86363636363637,1.0056818181818177,False,False,False,True,False,False,False,False,False,False,False,False
2023,Monaco Grand Prix,Lewis Hamilton,4.0,6.0,25.06590909090909,39.25568181818183,45.86363636363637,1.0056818181818177,False,False,False,False,False,False,False,True,False,False,False,False
2023,Monaco Grand Prix,Pierre Gasly,7.0,7.0,25.06590909090909,39.25568181818183,45.86363636363637,1.0056818181818177,False,True,False,False,False,False,False,False,False,False,False,False
2023,Monaco Grand Prix,George Russell,5.0,8.0,25.06590909090909,39.25568181818183,45.86363636363637,1.0056818181818177,False,False,False,False,False,False,False,True,False,False,False,False
2023,Monaco Grand Prix,Yuki Tsunoda,15.0,9.0,25.06590909090909,39.25568181818183,45.86363636363637,1.0056818181818177,True,False,False,False,False,False,False,False,False,False,False,False
2023,Monaco Grand Prix,Lando Norris,9.0,10.0,25.06590909090909,39.25568181818183,45.86363636363637,1.0056818181818177,False,False,False,False,False,False,True,False,False,False,False,False
2023,Monaco Grand Prix,Oscar Piastri,10.0,11.0,25.06590909090909,39.25568181818183,45.86363636363637,1.0056818181818177,False,False,False,False,False,False,True,False,False,False,False,False
2023,Monaco Grand Prix,Nyck De Vries,12.0,12.0,25.06590909090909,39.25568181818183,45.86363636363637,1.0056818181818177,True,False,False,False,False,False,False,False,False,False,False,False
2023,Monaco Grand Prix,Alexander Albon,14.0,13.0,25.06590909090909,39.25568181818183,45.86363636363637,1.0056818181818177,False,False,False,False,False,False,False,False,False,False,False,True
2023,Monaco Grand Prix,Lance Stroll,20.0,14.0,25.06590909090909,39.25568181818183,45.86363636363637,1.0056818181818177,False,False,True,False,False,False,False,False,False,False,False,False
2023,Monaco Grand Prix,Valtteri Bottas,11.0,15.0,25.06590909090909,39.25568181818183,45.86363636363637,1.0056818181818177,False,False,False,False,False,False,False,False,False,False,False,False
2023,Monaco Grand Prix,Logan Sargeant,18.0,16.0,25.06590909090909,39.25568181818183,45.86363636363637,1.0056818181818177,False,False,False,False,False,False,False,False,False,False,False,True
2023,Monaco Grand Prix,Kevin Magnussen,19.0,17.0,25.06590909090909,39.25568181818183,45.86363636363637,1.0056818181818177,False,False,False,False,True,False,False,False,False,False,False,False
2023,Monaco Grand Prix,Nico Hulkenberg,17.0,18.0,25.06590909090909,39.25568181818183,45.86363636363637,1.0056818181818177,False,False,False,False,True,False,False,False,False,False,False,False
2023,Monaco Grand Prix,Guanyu Zhou,13.0,19.0,25.06590909090909,39.25568181818183,45.86363636363637,1.0056818181818177,False,False,False,False,False,False,False,False,False,False,False,False
2023,Monaco Grand Prix,Sergio Perez,16.0,20.0,25.06590909090909,39.25568181818183,45.86363636363637,1.0056818181818177,False,False,False,False,False,False,False,False,False,False,True,False
2023,Saudi Arabian Grand Prix,Sergio Perez,1.0,1.0,26.091891891891898,31.792567567567563,57.790540540540555,1.7722972972972972,False,False,False,False,False,False,False,False,False,False,True,False
2023,Saudi Arabian Grand Prix,Charles Leclerc,7.0,2.0,26.091891891891898,31.792567567567563,57.790540540540555,1.7722972972972972,False,False,False,True,False,False,False,False,False,False,False,False
2023,Saudi Arabian Grand Prix,Fernando Alonso,3.0,3.0,26.091891891891898,31.792567567567563,57.790540540540555,1.7722972972972972,False,False,True,False,False,False,False,False,False,False,False,False
2023,Saudi Arabian Grand Prix,George Russell,4.0,4.0,26.091891891891898,31.792567567567563,57.790540540540555,1.7722972972972972,False,False,False,False,False,False,False,True,False,False,False,False
2023,Saudi Arabian Grand Prix,Carlos Sainz,6.0,5.0,26.091891891891898,31.792567567567563,57.790540540540555,1.7722972972972972,False,False,False,True,False,False,False,False,False,False,False,False
2023,Saudi Arabian Grand Prix,Lance Stroll,20.0,6.0,26.091891891891898,31.792567567567563,57.790540540540555,1.7722972972972972,False,False,True,False,False,False,False,False,False,False,False,False
2023,Saudi Arabian Grand Prix,Esteban Ocon,8.0,7.0,26.091891891891898,31.792567567567563,57.790540540540555,1.7722972972972972,False,True,False,False,False,False,False,False,False,False,False,False
2023,Saudi Arabian Grand Prix,Lewis Hamilton,5.0,8.0,26.091891891891898,31.792567567567563,57.790540540540555,1.7722972972972972,False,False,False,False,False,False,False,True,False,False,False,False
2023,Saudi Arabian Grand Prix,Oscar Piastri,15.0,9.0,26.091891891891898,31.792567567567563,57.790540540540555,1.7722972972972972,False,False,False,False,False,False,True,False,False,False,False,False
2023,Saudi Arabian Grand Prix,Pierre Gasly,9.0,10.0,26.091891891891898,31.792567567567563,57.790540540540555,1.7722972972972972,False,True,False,False,False,False,False,False,False,False,False,False
2023,Saudi Arabian Grand Prix,Nico Hulkenberg,12.0,11.0,26.091891891891898,31.792567567567563,57.790540540540555,1.7722972972972972,False,False,False,False,True,False,False,False,False,False,False,False
2023,Saudi Arabian Grand Prix,Guanyu Zhou,13.0,12.0,26.091891891891898,31.792567567567563,57.790540540540555,1.7722972972972972,False,False,False,False,False,False,False,False,False,False,False,False
2023,Saudi Arabian Grand Prix,Kevin Magnussen,10.0,13.0,26.091891891891898,31.792567567567563,57.790540540540555,1.7722972972972972,False,False,False,False,True,False,False,False,False,False,False,False
2023,Saudi Arabian Grand Prix,Valtteri Bottas,18.0,14.0,26.091891891891898,31.792567567567563,57.790540540540555,1.7722972972972972,False,False,False,False,False,False,False,False,False,False,False,False
2023,Saudi Arabian Grand Prix,Max Verstappen,2.0,15.0,26.091891891891898,31.792567567567563,57.790540540540555,1.7722972972972972,False,False,False,False,False,False,False,False,False,False,True,False
2023,Saudi Arabian Grand Prix,Yuki Tsunoda,11.0,16.0,26.091891891891898,31.792567567567563,57.790540540540555,1.7722972972972972,True,False,False,False,False,False,False,False,False,False,False,False
2023,Saudi Arabian Grand Prix,Alexander Albon,19.0,17.0,26.091891891891898,31.792567567567563,57.790540540540555,1.7722972972972972,False,False,False,False,False,False,False,False,False,False,False,True
2023,Saudi Arabian Grand Prix,Nyck De Vries,14.0,18.0,26.091891891891898,31.792567567567563,57.790540540540555,1.7722972972972972,True,False,False,False,False,False,False,False,False,False,False,False
2023,Saudi Arabian Grand Prix,Lando Norris,17.0,19.0,26.091891891891898,31.792567567567563,57.790540540540555,1.7722972972972972,False,False,False,False,False,False,True,False,False,False,False,False
2023,Saudi Arabian Grand Prix,Logan Sargeant,16.0,20.0,26.091891891891898,31.792567567567563,57.790540540540555,1.7722972972972972,False,False,False,False,False,False,False,False,False,False,False,True
2023,Spanish Grand Prix,Max Verstappen,1.0,1.0,22.67402597402598,33.83896103896105,63.077922077922075,1.869480519480519,False,False,False,False,False,False,False,False,False,False,True,False
2023,Spanish Grand Prix,Carlos Sainz,5.0,2.0,22.67402597402598,33.83896103896105,63.077922077922075,1.869480519480519,False,False,False,True,False,False,False,False,False,False,False,False
2023,Spanish Grand Prix,Lando Norris,17.0,3.0,22.67402597402598,33.83896103896105,63.077922077922075,1.869480519480519,False,False,False,False,False,False,True,False,False,False,False,False
2023,Spanish Grand Prix,Pierre Gasly,10.0,4.0,22.67402597402598,33.83896103896105,63.077922077922075,1.869480519480519,False,True,False,False,False,False,False,False,False,False,False,False
2023,Spanish Grand Prix,Lewis Hamilton,2.0,5.0,22.67402597402598,33.83896103896105,63.077922077922075,1.869480519480519,False,False,False,False,False,False,False,True,False,False,False,False
2023,Spanish Grand Prix,Lance Stroll,6.0,6.0,22.67402597402598,33.83896103896105,63.077922077922075,1.869480519480519,False,False,True,False,False,False,False,False,False,False,False,False
2023,Spanish Grand Prix,Esteban Ocon,8.0,7.0,22.67402597402598,33.83896103896105,63.077922077922075,1.869480519480519,False,True,False,False,False,False,False,False,False,False,False,False
2023,Spanish Grand Prix,Nico Hulkenberg,15.0,8.0,22.67402597402598,33.83896103896105,63.077922077922075,1.869480519480519,False,False,False,False,True,False,False,False,False,False,False,False
2023,Spanish Grand Prix,Fernando Alonso,7.0,9.0,22.67402597402598,33.83896103896105,63.077922077922075,1.869480519480519,False,False,True,False,False,False,False,False,False,False,False,False
2023,Spanish Grand Prix,Oscar Piastri,13.0,10.0,22.67402597402598,33.83896103896105,63.077922077922075,1.869480519480519,False,False,False,False,False,False,True,False,False,False,False,False
2023,Spanish Grand Prix,Sergio Perez,4.0,11.0,22.67402597402598,33.83896103896105,63.077922077922075,1.869480519480519,False,False,False,False,False,False,False,False,False,False,True,False
2023,Spanish Grand Prix,George Russell,3.0,12.0,22.67402597402598,33.83896103896105,63.077922077922075,1.869480519480519,False,False,False,False,False,False,False,True,False,False,False,False
2023,Spanish Grand Prix,Guanyu Zhou,9.0,13.0,22.67402597402598,33.83896103896105,63.077922077922075,1.869480519480519,False,False,False,False,False,False,False,False,False,False,False,False
2023,Spanish Grand Prix,Nyck De Vries,14.0,14.0,22.67402597402598,33.83896103896105,63.077922077922075,1.869480519480519,True,False,False,False,False,False,False,False,False,False,False,False
2023,Spanish Grand Prix,Yuki Tsunoda,12.0,15.0,22.67402597402598,33.83896103896105,63.077922077922075,1.869480519480519,True,False,False,False,False,False,False,False,False,False,False,False
2023,Spanish Grand Prix,Valtteri Bottas,19.0,16.0,22.67402597402598,33.83896103896105,63.077922077922075,1.869480519480519,False,False,False,False,False,False,False,False,False,False,False,False
2023,Spanish Grand Prix,Kevin Magnussen,18.0,17.0,22.67402597402598,33.83896103896105,63.077922077922075,1.869480519480519,False,False,False,False,True,False,False,False,False,False,False,False
2023,Spanish Grand Prix,Alexander Albon,16.0,18.0,22.67402597402598,33.83896103896105,63.077922077922075,1.869480519480519,False,False,False,False,False,False,False,False,False,False,False,True
2023,Spanish Grand Prix,Charles Leclerc,11.0,19.0,22.67402597402598,33.83896103896105,63.077922077922075,1.869480519480519,False,False,False,True,False,False,False,False,False,False,False,False
2023,Spanish Grand Prix,Logan Sargeant,20.0,20.0,22.67402597402598,33.83896103896105,63.077922077922075,1.869480519480519,False,False,False,False,False,False,False,False,False,False,False,True
2024,Australian Grand Prix,Max Verstappen,19.0,1.0,20.622222222222216,38.40208333333332,44.45138888888889,0.9534722222222222,False,False,False,False,False,False,False,False,False,False,True,False
2024,Australian Grand Prix,Carlos Sainz,1.0,2.0,20.622222222222216,38.40208333333332,44.45138888888889,0.9534722222222222,False,False,False,True,False,False,False,False,False,False,False,False
2024,Australian Grand Prix,Sergio Perez,5.0,3.0,20.622222222222216,38.40208333333332,44.45138888888889,0.9534722222222222,False,False,False,False,False,False,False,False,False,False,True,False
2024,Australian Grand Prix,Lando Norris,3.0,4.0,20.622222222222216,38.40208333333332,44.45138888888889,0.9534722222222222,False,False,False,False,False,False,True,False,False,False,False,False
2024,Australian Grand Prix,Charles Leclerc,2.0,5.0,20.622222222222216,38.40208333333332,44.45138888888889,0.9534722222222222,False,False,False,True,False,False,False,False,False,False,False,False
2024,Australian Grand Prix,Oscar Piastri,4.0,6.0,20.622222222222216,38.40208333333332,44.45138888888889,0.9534722222222222,False,False,False,False,False,False,True,False,False,False,False,False
2024,Australian Grand Prix,George Russell,17.0,7.0,20.622222222222216,38.40208333333332,44.45138888888889,0.9534722222222222,False,False,False,False,False,False,False,True,False,False,False,False
2024,Australian Grand Prix,Yuki Tsunoda,7.0,8.0,20.622222222222216,38.40208333333332,44.45138888888889,0.9534722222222222,False,False,False,False,False,False,False,False,True,False,False,False
2024,Australian Grand Prix,Lance Stroll,6.0,9.0,20.622222222222216,38.40208333333332,44.45138888888889,0.9534722222222222,False,False,True,False,False,False,False,False,False,False,False,False
2024,Australian Grand Prix,Fernando Alonso,8.0,10.0,20.622222222222216,38.40208333333332,44.45138888888889,0.9534722222222222,False,False,True,False,False,False,False,False,False,False,False,False
2024,Australian Grand Prix,Lewis Hamilton,18.0,11.0,20.622222222222216,38.40208333333332,44.45138888888889,0.9534722222222222,False,False,False,False,False,False,False,True,False,False,False,False
2024,Australian Grand Prix,Alexander Albon,11.0,12.0,20.622222222222216,38.40208333333332,44.45138888888889,0.9534722222222222,False,False,False,False,False,False,False,False,False,False,False,True
2024,Australian Grand Prix,Valtteri Bottas,14.0,13.0,20.622222222222216,38.40208333333332,44.45138888888889,0.9534722222222222,False,False,False,False,False,True,False,False,False,False,False,False
2024,Australian Grand Prix,Kevin Magnussen,10.0,14.0,20.622222222222216,38.40208333333332,44.45138888888889,0.9534722222222222,False,False,False,False,True,False,False,False,False,False,False,False
2024,Australian Grand Prix,Esteban Ocon,16.0,15.0,20.622222222222216,38.40208333333332,44.45138888888889,0.9534722222222222,False,True,False,False,False,False,False,False,False,False,False,False
2024,Australian Grand Prix,Nico Hulkenberg,9.0,16.0,20.622222222222216,38.40208333333332,44.45138888888889,0.9534722222222222,False,False,False,False,True,False,False,False,False,False,False,False
2024,Australian Grand Prix,Pierre Gasly,13.0,17.0,20.622222222222216,38.40208333333332,44.45138888888889,0.9534722222222222,False,True,False,False,False,False,False,False,False,False,False,False
2024,Australian Grand Prix,Daniel Ricciardo,12.0,18.0,20.622222222222216,38.40208333333332,44.45138888888889,0.9534722222222222,False,False,False,False,False,False,False,False,True,False,False,False
2024,Australian Grand Prix,Guanyu Zhou,15.0,19.0,20.622222222222216,38.40208333333332,44.45138888888889,0.9534722222222222,False,False,False,False,False,True,False,False,False,False,False,False
2024,Austrian Grand Prix,Max Verstappen,5.0,1.0,29.425874125874127,46.42097902097903,35.006993006993,1.6678321678321677,False,False,False,False,False,False,False,False,False,False,True,False
2024,Austrian Grand Prix,Lando Norris,20.0,2.0,29.425874125874127,46.42097902097903,35.006993006993,1.6678321678321677,False,False,False,False,False,False,True,False,False,False,False,False
2024,Austrian Grand Prix,George Russell,1.0,3.0,29.425874125874127,46.42097902097903,35.006993006993,1.6678321678321677,False,False,False,False,False,False,False,True,False,False,False,False
2024,Austrian Grand Prix,Carlos Sainz,3.0,4.0,29.425874125874127,46.42097902097903,35.006993006993,1.6678321678321677,False,False,False,True,False,False,False,False,False,False,False,False
2024,Austrian Grand Prix,Lewis Hamilton,4.0,5.0,29.425874125874127,46.42097902097903,35.006993006993,1.6678321678321677,False,False,False,False,False,False,False,True,False,False,False,False
2024,Austrian Grand Prix,Charles Leclerc,11.0,6.0,29.425874125874127,46.42097902097903,35.006993006993,1.6678321678321677,False,False,False,True,False,False,False,False,False,False,False,False
2024,Austrian Grand Prix,Oscar Piastri,2.0,7.0,29.425874125874127,46.42097902097903,35.006993006993,1.6678321678321677,False,False,False,False,False,False,True,False,False,False,False,False
2024,Austrian Grand Prix,Sergio Perez,7.0,8.0,29.425874125874127,46.42097902097903,35.006993006993,1.6678321678321677,False,False,False,False,False,False,False,False,False,False,True,False
2024,Austrian Grand Prix,Nico Hulkenberg,6.0,9.0,29.425874125874127,46.42097902097903,35.006993006993,1.6678321678321677,False,False,False,False,True,False,False,False,False,False,False,False
2024,Austrian Grand Prix,Esteban Ocon,12.0,10.0,29.425874125874127,46.42097902097903,35.006993006993,1.6678321678321677,False,True,False,False,False,False,False,False,False,False,False,False
2024,Austrian Grand Prix,Daniel Ricciardo,9.0,11.0,29.425874125874127,46.42097902097903,35.006993006993,1.6678321678321677,False,False,False,False,False,False,False,False,True,False,False,False
2024,Austrian Grand Prix,Kevin Magnussen,8.0,12.0,29.425874125874127,46.42097902097903,35.006993006993,1.6678321678321677,False,False,False,False,True,False,False,False,False,False,False,False
2024,Austrian Grand Prix,Pierre Gasly,10.0,13.0,29.425874125874127,46.42097902097903,35.006993006993,1.6678321678321677,False,True,False,False,False,False,False,False,False,False,False,False
2024,Austrian Grand Prix,Yuki Tsunoda,14.0,14.0,29.425874125874127,46.42097902097903,35.006993006993,1.6678321678321677,False,False,False,False,False,False,False,False,True,False,False,False
2024,Austrian Grand Prix,Fernando Alonso,18.0,15.0,29.425874125874127,46.42097902097903,35.006993006993,1.6678321678321677,False,False,True,False,False,False,False,False,False,False,False,False
2024,Austrian Grand Prix,Alexander Albon,15.0,16.0,29.425874125874127,46.42097902097903,35.006993006993,1.6678321678321677,False,False,False,False,False,False,False,False,False,False,False,True
2024,Austrian Grand Prix,Lance Stroll,13.0,17.0,29.425874125874127,46.42097902097903,35.006993006993,1.6678321678321677,False,False,True,False,False,False,False,False,False,False,False,False
2024,Austrian Grand Prix,Valtteri Bottas,16.0,18.0,29.425874125874127,46.42097902097903,35.006993006993,1.6678321678321677,False,False,False,False,False,True,False,False,False,False,False,False
2024,Austrian Grand Prix,Logan Sargeant,19.0,19.0,29.425874125874127,46.42097902097903,35.006993006993,1.6678321678321677,False,False,False,False,False,False,False,False,False,False,False,True
2024,Austrian Grand Prix,Guanyu Zhou,17.0,20.0,29.425874125874127,46.42097902097903,35.006993006993,1.6678321678321677,False,False,False,False,False,True,False,False,False,False,False,False
2024,Bahrain Grand Prix,Max Verstappen,1.0,1.0,18.227388535031857,23.652866242038222,48.82165605095541,0.7859872611464969,False,False,False,False,False,False,False,False,False,False,True,False
2024,Bahrain Grand Prix,Charles Leclerc,4.0,2.0,18.227388535031857,23.652866242038222,48.82165605095541,0.7859872611464969,False,False,False,True,False,False,False,False,False,False,False,False
2024,Bahrain Grand Prix,George Russell,5.0,3.0,18.227388535031857,23.652866242038222,48.82165605095541,0.7859872611464969,False,False,False,False,False,False,False,True,False,False,False,False
2024,Bahrain Grand Prix,Carlos Sainz,3.0,4.0,18.227388535031857,23.652866242038222,48.82165605095541,0.7859872611464969,False,False,False,True,False,False,False,False,False,False,False,False
2024,Bahrain Grand Prix,Sergio Perez,2.0,5.0,18.227388535031857,23.652866242038222,48.82165605095541,0.7859872611464969,False,False,False,False,False,False,False,False,False,False,True,False
2024,Bahrain Grand Prix,Fernando Alonso,9.0,6.0,18.227388535031857,23.652866242038222,48.82165605095541,0.7859872611464969,False,False,True,False,False,False,False,False,False,False,False,False
2024,Bahrain Grand Prix,Lando Norris,6.0,7.0,18.227388535031857,23.652866242038222,48.82165605095541,0.7859872611464969,False,False,False,False,False,False,True,False,False,False,False,False
2024,Bahrain Grand Prix,Oscar Piastri,8.0,8.0,18.227388535031857,23.652866242038222,48.82165605095541,0.7859872611464969,False,False,False,False,False,False,True,False,False,False,False,False
2024,Bahrain Grand Prix,Lewis Hamilton,7.0,9.0,18.227388535031857,23.652866242038222,48.82165605095541,0.7859872611464969,False,False,False,False,False,False,False,True,False,False,False,False
2024,Bahrain Grand Prix,Nico Hulkenberg,16.0,10.0,18.227388535031857,23.652866242038222,48.82165605095541,0.7859872611464969,False,False,False,False,True,False,False,False,False,False,False,False
2024,Bahrain Grand Prix,Yuki Tsunoda,14.0,11.0,18.227388535031857,23.652866242038222,48.82165605095541,0.7859872611464969,False,False,False,False,False,False,False,False,True,False,False,False
2024,Bahrain Grand Prix,Lance Stroll,10.0,12.0,18.227388535031857,23.652866242038222,48.82165605095541,0.7859872611464969,False,False,True,False,False,False,False,False,False,False,False,False
2024,Bahrain Grand Prix,Alexander Albon,15.0,13.0,18.227388535031857,23.652866242038222,48.82165605095541,0.7859872611464969,False,False,False,False,False,False,False,False,False,False,False,True
2024,Bahrain Grand Prix,Daniel Ricciardo,13.0,14.0,18.227388535031857,23.652866242038222,48.82165605095541,0.7859872611464969,False,False,False,False,False,False,False,False,True,False,False,False
2024,Bahrain Grand Prix,Kevin Magnussen,12.0,15.0,18.227388535031857,23.652866242038222,48.82165605095541,0.7859872611464969,False,False,False,False,True,False,False,False,False,False,False,False
2024,Bahrain Grand Prix,Valtteri Bottas,19.0,16.0,18.227388535031857,23.652866242038222,48.82165605095541,0.7859872611464969,False,False,False,False,False,True,False,False,False,False,False,False
2024,Bahrain Grand Prix,Guanyu Zhou,11.0,17.0,18.227388535031857,23.652866242038222,48.82165605095541,0.7859872611464969,False,False,False,False,False,True,False,False,False,False,False,False
2024,Bahrain Grand Prix,Logan Sargeant,20.0,18.0,18.227388535031857,23.652866242038222,48.82165605095541,0.7859872611464969,False,False,False,False,False,False,False,False,False,False,False,True
2024,Bahrain Grand Prix,Esteban Ocon,17.0,19.0,18.227388535031857,23.652866242038222,48.82165605095541,0.7859872611464969,False,True,False,False,False,False,False,False,False,False,False,False
2024,Bahrain Grand Prix,Pierre Gasly,18.0,20.0,18.227388535031857,23.652866242038222,48.82165605095541,0.7859872611464969,False,True,False,False,False,False,False,False,False,False,False,False
2024,British Grand Prix,George Russell,19.0,1.0,15.77074829931973,27.670068027210885,67.33333333333331,1.3482993197278916,False,False,False,False,False,False,False,True,False,False,False,False
2024,British Grand Prix,Lewis Hamilton,1.0,2.0,15.77074829931973,27.670068027210885,67.33333333333331,1.3482993197278916,False,False,False,False,False,False,False,True,False,False,False,False
2024,British Grand Prix,Lando Norris,3.0,3.0,15.77074829931973,27.670068027210885,67.33333333333331,1.3482993197278916,False,False,False,False,False,False,True,False,False,False,False,False
2024,British Grand Prix,Max Verstappen,2.0,4.0,15.77074829931973,27.670068027210885,67.33333333333331,1.3482993197278916,False,False,False,False,False,False,False,False,False,False,True,False
2024,British Grand Prix,Oscar Piastri,4.0,5.0,15.77074829931973,27.670068027210885,67.33333333333331,1.3482993197278916,False,False,False,False,False,False,True,False,False,False,False,False
2024,British Grand Prix,Nico Hulkenberg,6.0,6.0,15.77074829931973,27.670068027210885,67.33333333333331,1.3482993197278916,False,False,False,False,True,False,False,False,False,False,False,False
2024,British Grand Prix,Carlos Sainz,5.0,7.0,15.77074829931973,27.670068027210885,67.33333333333331,1.3482993197278916,False,False,False,True,False,False,False,False,False,False,False,False
2024,British Grand Prix,Lance Stroll,7.0,8.0,15.77074829931973,27.670068027210885,67.33333333333331,1.3482993197278916,False,False,True,False,False,False,False,False,False,False,False,False
2024,British Grand Prix,Alexander Albon,9.0,9.0,15.77074829931973,27.670068027210885,67.33333333333331,1.3482993197278916,False,False,False,False,False,False,False,False,False,False,False,True
2024,British Grand Prix,Fernando Alonso,8.0,10.0,15.77074829931973,27.670068027210885,67.33333333333331,1.3482993197278916,False,False,True,False,False,False,False,False,False,False,False,False
2024,British Grand Prix,Charles Leclerc,14.0,11.0,15.77074829931973,27.670068027210885,67.33333333333331,1.3482993197278916,False,False,False,True,False,False,False,False,False,False,False,False
2024,British Grand Prix,Logan Sargeant,11.0,12.0,15.77074829931973,27.670068027210885,67.33333333333331,1.3482993197278916,False,False,False,False,False,False,False,False,False,False,False,True
2024,British Grand Prix,Yuki Tsunoda,10.0,13.0,15.77074829931973,27.670068027210885,67.33333333333331,1.3482993197278916,False,False,False,False,False,False,False,False,True,False,False,False
2024,British Grand Prix,Guanyu Zhou,18.0,14.0,15.77074829931973,27.670068027210885,67.33333333333331,1.3482993197278916,False,False,False,False,False,True,False,False,False,False,False,False
2024,British Grand Prix,Daniel Ricciardo,13.0,15.0,15.77074829931973,27.670068027210885,67.33333333333331,1.3482993197278916,False,False,False,False,False,False,False,False,True,False,False,False
2024,British Grand Prix,Valtteri Bottas,15.0,16.0,15.77074829931973,27.670068027210885,67.33333333333331,1.3482993197278916,False,False,False,False,False,True,False,False,False,False,False,False
2024,British Grand Prix,Kevin Magnussen,12.0,17.0,15.77074829931973,27.670068027210885,67.33333333333331,1.3482993197278916,False,False,False,False,True,False,False,False,False,False,False,False
2024,British Grand Prix,Esteban Ocon,16.0,18.0,15.77074829931973,27.670068027210885,67.33333333333331,1.3482993197278916,False,True,False,False,False,False,False,False,False,False,False,False
2024,British Grand Prix,Sergio Perez,17.0,19.0,15.77074829931973,27.670068027210885,67.33333333333331,1.3482993197278916,False,False,False,False,False,False,False,False,False,False,True,False
2024,British Grand Prix,Pierre Gasly,20.0,20.0,15.77074829931973,27.670068027210885,67.33333333333331,1.3482993197278916,False,True,False,False,False,False,False,False,False,False,False,False
2024,Canadian Grand Prix,George Russell,3.0,1.0,17.797345132743366,24.569911504424788,73.38053097345134,1.1699115044247788,False,False,False,False,False,False,False,True,False,False,False,False
2024,Canadian Grand Prix,Max Verstappen,1.0,2.0,17.797345132743366,24.569911504424788,73.38053097345134,1.1699115044247788,False,False,False,False,False,False,False,False,False,False,True,False
2024,Canadian Grand Prix,Lando Norris,2.0,3.0,17.797345132743366,24.569911504424788,73.38053097345134,1.1699115044247788,False,False,False,False,False,False,True,False,False,False,False,False
2024,Canadian Grand Prix,Oscar Piastri,5.0,4.0,17.797345132743366,24.569911504424788,73.38053097345134,1.1699115044247788,False,False,False,False,False,False,True,False,False,False,False,False
2024,Canadian Grand Prix,Daniel Ricciardo,8.0,5.0,17.797345132743366,24.569911504424788,73.38053097345134,1.1699115044247788,False,False,False,False,False,False,False,False,True,False,False,False
2024,Canadian Grand Prix,Fernando Alonso,6.0,6.0,17.797345132743366,24.569911504424788,73.38053097345134,1.1699115044247788,False,False,True,False,False,False,False,False,False,False,False,False
2024,Canadian Grand Prix,Lewis Hamilton,4.0,7.0,17.797345132743366,24.569911504424788,73.38053097345134,1.1699115044247788,False,False,False,False,False,False,False,True,False,False,False,False
2024,Canadian Grand Prix,Yuki Tsunoda,14.0,8.0,17.797345132743366,24.569911504424788,73.38053097345134,1.1699115044247788,False,False,False,False,False,False,False,False,True,False,False,False
2024,Canadian Grand Prix,Lance Stroll,7.0,9.0,17.797345132743366,24.569911504424788,73.38053097345134,1.1699115044247788,False,False,True,False,False,False,False,False,False,False,False,False
2024,Canadian Grand Prix,Alexander Albon,17.0,10.0,17.797345132743366,24.569911504424788,73.38053097345134,1.1699115044247788,False,False,False,False,False,False,False,False,False,False,False,True
2024,Canadian Grand Prix,Charles Leclerc,19.0,11.0,17.797345132743366,24.569911504424788,73.38053097345134,1.1699115044247788,False,False,False,True,False,False,False,False,False,False,False,False
2024,Canadian Grand Prix,Carlos Sainz,16.0,12.0,17.797345132743366,24.569911504424788,73.38053097345134,1.1699115044247788,False,False,False,True,False,False,False,False,False,False,False,False
2024,Canadian Grand Prix,Logan Sargeant,20.0,13.0,17.797345132743366,24.569911504424788,73.38053097345134,1.1699115044247788,False,False,False,False,False,False,False,False,False,False,False,True
2024,Canadian Grand Prix,Kevin Magnussen,12.0,14.0,17.797345132743366,24.569911504424788,73.38053097345134,1.1699115044247788,False,False,False,False,True,False,False,False,False,False,False,False
2024,Canadian Grand Prix,Pierre Gasly,9.0,15.0,17.797345132743366,24.569911504424788,73.38053097345134,1.1699115044247788,False,True,False,False,False,False,False,False,False,False,False,False
2024,Canadian Grand Prix,Sergio Perez,18.0,16.0,17.797345132743366,24.569911504424788,73.38053097345134,1.1699115044247788,False,False,False,False,False,False,False,False,False,False,True,False
2024,Canadian Grand Prix,Valtteri Bottas,13.0,17.0,17.797345132743366,24.569911504424788,73.38053097345134,1.1699115044247788,False,False,False,False,False,True,False,False,False,False,False,False
2024,Canadian Grand Prix,Esteban Ocon,10.0,18.0,17.797345132743366,24.569911504424788,73.38053097345134,1.1699115044247788,False,True,False,False,False,False,False,False,False,False,False,False
2024,Canadian Grand Prix,Nico Hulkenberg,11.0,19.0,17.797345132743366,24.569911504424788,73.38053097345134,1.1699115044247788,False,False,False,False,True,False,False,False,False,False,False,False
2024,Canadian Grand Prix,Guanyu Zhou,15.0,20.0,17.797345132743366,24.569911504424788,73.38053097345134,1.1699115044247788,False,False,False,False,False,True,False,False,False,False,False,False
2024,Chinese Grand Prix,Max Verstappen,1.0,1.0,18.639393939393937,29.79272727272727,66.06060606060605,1.6800000000000002,False,False,False,False,False,False,False,False,False,False,True,False
2024,Chinese Grand Prix,Sergio Perez,3.0,2.0,18.639393939393937,29.79272727272727,66.06060606060605,1.6800000000000002,False,False,False,False,False,False,False,False,False,False,True,False
2024,Chinese Grand Prix,Fernando Alonso,7.0,3.0,18.639393939393937,29.79272727272727,66.06060606060605,1.6800000000000002,False,False,True,False,False,False,False,False,False,False,False,False
2024,Chinese Grand Prix,Lando Norris,2.0,4.0,18.639393939393937,29.79272727272727,66.06060606060605,1.6800000000000002,False,False,False,False,False,False,True,False,False,False,False,False
2024,Chinese Grand Prix,Oscar Piastri,8.0,5.0,18.639393939393937,29.79272727272727,66.06060606060605,1.6800000000000002,False,False,False,False,False,False,True,False,False,False,False,False
2024,Chinese Grand Prix,Charles Leclerc,4.0,6.0,18.639393939393937,29.79272727272727,66.06060606060605,1.6800000000000002,False,False,False,True,False,False,False,False,False,False,False,False
2024,Chinese Grand Prix,Carlos Sainz,5.0,7.0,18.639393939393937,29.79272727272727,66.06060606060605,1.6800000000000002,False,False,False,True,False,False,False,False,False,False,False,False
2024,Chinese Grand Prix,George Russell,6.0,8.0,18.639393939393937,29.79272727272727,66.06060606060605,1.6800000000000002,False,False,False,False,False,False,False,True,False,False,False,False
2024,Chinese Grand Prix,Nico Hulkenberg,10.0,9.0,18.639393939393937,29.79272727272727,66.06060606060605,1.6800000000000002,False,False,False,False,True,False,False,False,False,False,False,False
2024,Chinese Grand Prix,Valtteri Bottas,20.0,10.0,18.639393939393937,29.79272727272727,66.06060606060605,1.6800000000000002,False,False,False,False,False,True,False,False,False,False,False,False
2024,Chinese Grand Prix,Lance Stroll,15.0,11.0,18.639393939393937,29.79272727272727,66.06060606060605,1.6800000000000002,False,False,True,False,False,False,False,False,False,False,False,False
2024,Chinese Grand Prix,Daniel Ricciardo,18.0,12.0,18.639393939393937,29.79272727272727,66.06060606060605,1.6800000000000002,False,False,False,False,False,False,False,False,True,False,False,False
2024,Chinese Grand Prix,Esteban Ocon,11.0,13.0,18.639393939393937,29.79272727272727,66.06060606060605,1.6800000000000002,False,True,False,False,False,False,False,False,False,False,False,False
2024,Chinese Grand Prix,Alexander Albon,12.0,14.0,18.639393939393937,29.79272727272727,66.06060606060605,1.6800000000000002,False,False,False,False,False,False,False,False,False,False,False,True
2024,Chinese Grand Prix,Pierre Gasly,13.0,15.0,18.639393939393937,29.79272727272727,66.06060606060605,1.6800000000000002,False,True,False,False,False,False,False,False,False,False,False,False
2024,Chinese Grand Prix,Guanyu Zhou,14.0,16.0,18.639393939393937,29.79272727272727,66.06060606060605,1.6800000000000002,False,False,False,False,False,True,False,False,False,False,False,False
2024,Chinese Grand Prix,Kevin Magnussen,16.0,17.0,18.639393939393937,29.79272727272727,66.06060606060605,1.6800000000000002,False,False,False,False,True,False,False,False,False,False,False,False
2024,Chinese Grand Prix,Lewis Hamilton,9.0,18.0,18.639393939393937,29.79272727272727,66.06060606060605,1.6800000000000002,False,False,False,False,False,False,False,True,False,False,False,False
2024,Chinese Grand Prix,Yuki Tsunoda,19.0,19.0,18.639393939393937,29.79272727272727,66.06060606060605,1.6800000000000002,False,False,False,False,False,False,False,False,True,False,False,False
2024,Chinese Grand Prix,Logan Sargeant,17.0,20.0,18.639393939393937,29.79272727272727,66.06060606060605,1.6800000000000002,False,False,False,False,False,False,False,False,False,False,False,True
2024,Emilia Romagna Grand Prix,Max Verstappen,1.0,1.0,25.11398601398601,42.02377622377621,48.42657342657343,2.1412587412587407,False,False,False,False,False,False,False,False,False,False,True,False
2024,Emilia Romagna Grand Prix,Oscar Piastri,4.0,2.0,25.11398601398601,42.02377622377621,48.42657342657343,2.1412587412587407,False,False,False,False,False,False,True,False,False,False,False,False
2024,Emilia Romagna Grand Prix,Lando Norris,2.0,3.0,25.11398601398601,42.02377622377621,48.42657342657343,2.1412587412587407,False,False,False,False,False,False,True,False,False,False,False,False
2024,Emilia Romagna Grand Prix,Charles Leclerc,3.0,4.0,25.11398601398601,42.02377622377621,48.42657342657343,2.1412587412587407,False,False,False,True,False,False,False,False,False,False,False,False
2024,Emilia Romagna Grand Prix,Carlos Sainz,5.0,5.0,25.11398601398601,42.02377622377621,48.42657342657343,2.1412587412587407,False,False,False,True,False,False,False,False,False,False,False,False
2024,Emilia Romagna Grand Prix,George Russell,7.0,6.0,25.11398601398601,42.02377622377621,48.42657342657343,2.1412587412587407,False,False,False,False,False,False,False,True,False,False,False,False
2024,Emilia Romagna Grand Prix,Yuki Tsunoda,10.0,7.0,25.11398601398601,42.02377622377621,48.42657342657343,2.1412587412587407,False,False,False,False,False,False,False,False,True,False,False,False
2024,Emilia Romagna Grand Prix,Lewis Hamilton,6.0,8.0,25.11398601398601,42.02377622377621,48.42657342657343,2.1412587412587407,False,False,False,False,False,False,False,True,False,False,False,False
2024,Emilia Romagna Grand Prix,Daniel Ricciardo,13.0,9.0,25.11398601398601,42.02377622377621,48.42657342657343,2.1412587412587407,False,False,False,False,False,False,False,False,True,False,False,False
2024,Emilia Romagna Grand Prix,Nico Hulkenberg,11.0,10.0,25.11398601398601,42.02377622377621,48.42657342657343,2.1412587412587407,False,False,False,False,True,False,False,False,False,False,False,False
2024,Emilia Romagna Grand Prix,Sergio Perez,8.0,11.0,25.11398601398601,42.02377622377621,48.42657342657343,2.1412587412587407,False,False,False,False,False,False,False,False,False,False,True,False
2024,Emilia Romagna Grand Prix,Esteban Ocon,14.0,12.0,25.11398601398601,42.02377622377621,48.42657342657343,2.1412587412587407,False,True,False,False,False,False,False,False,False,False,False,False
2024,Emilia Romagna Grand Prix,Lance Stroll,9.0,13.0,25.11398601398601,42.02377622377621,48.42657342657343,2.1412587412587407,False,False,True,False,False,False,False,False,False,False,False,False
2024,Emilia Romagna Grand Prix,Alexander Albon,20.0,14.0,25.11398601398601,42.02377622377621,48.42657342657343,2.1412587412587407,False,False,False,False,False,False,False,False,False,False,False,True
2024,Emilia Romagna Grand Prix,Pierre Gasly,16.0,15.0,25.11398601398601,42.02377622377621,48.42657342657343,2.1412587412587407,False,True,False,False,False,False,False,False,False,False,False,False
2024,Emilia Romagna Grand Prix,Valtteri Bottas,18.0,16.0,25.11398601398601,42.02377622377621,48.42657342657343,2.1412587412587407,False,False,False,False,False,True,False,False,False,False,False,False
2024,Emilia Romagna Grand Prix,Guanyu Zhou,15.0,17.0,25.11398601398601,42.02377622377621,48.42657342657343,2.1412587412587407,False,False,False,False,False,True,False,False,False,False,False,False
2024,Emilia Romagna Grand Prix,Kevin Magnussen,12.0,18.0,25.11398601398601,42.02377622377621,48.42657342657343,2.1412587412587407,False,False,False,False,True,False,False,False,False,False,False,False
2024,Emilia Romagna Grand Prix,Fernando Alonso,19.0,19.0,25.11398601398601,42.02377622377621,48.42657342657343,2.1412587412587407,False,False,True,False,False,False,False,False,False,False,False,False
2024,Emilia Romagna Grand Prix,Logan Sargeant,17.0,20.0,25.11398601398601,42.02377622377621,48.42657342657343,2.1412587412587407,False,False,False,False,False,False,False,False,False,False,False,True
2024,Hungarian Grand Prix,Lando Norris,2.0,1.0,28.823870967741943,44.916129032258056,46.92258064516128,1.2496774193548386,False,False,False,False,False,False,True,False,False,False,False,False
2024,Hungarian Grand Prix,Oscar Piastri,1.0,2.0,28.823870967741943,44.916129032258056,46.92258064516128,1.2496774193548386,False,False,False,False,False,False,True,False,False,False,False,False
2024,Hungarian Grand Prix,Max Verstappen,5.0,3.0,28.823870967741943,44.916129032258056,46.92258064516128,1.2496774193548386,False,False,False,False,False,False,False,False,False,False,True,False
2024,Hungarian Grand Prix,Carlos Sainz,6.0,4.0,28.823870967741943,44.916129032258056,46.92258064516128,1.2496774193548386,False,False,False,True,False,False,False,False,False,False,False,False
2024,Hungarian Grand Prix,Lewis Hamilton,3.0,5.0,28.823870967741943,44.916129032258056,46.92258064516128,1.2496774193548386,False,False,False,False,False,False,False,True,False,False,False,False
2024,Hungarian Grand Prix,Charles Leclerc,4.0,6.0,28.823870967741943,44.916129032258056,46.92258064516128,1.2496774193548386,False,False,False,True,False,False,False,False,False,False,False,False
2024,Hungarian Grand Prix,Fernando Alonso,11.0,7.0,28.823870967741943,44.916129032258056,46.92258064516128,1.2496774193548386,False,False,True,False,False,False,False,False,False,False,False,False
2024,Hungarian Grand Prix,Lance Stroll,10.0,8.0,28.823870967741943,44.916129032258056,46.92258064516128,1.2496774193548386,False,False,True,False,False,False,False,False,False,False,False,False
2024,Hungarian Grand Prix,Daniel Ricciardo,12.0,9.0,28.823870967741943,44.916129032258056,46.92258064516128,1.2496774193548386,False,False,False,False,False,False,False,False,True,False,False,False
2024,Hungarian Grand Prix,Yuki Tsunoda,9.0,10.0,28.823870967741943,44.916129032258056,46.92258064516128,1.2496774193548386,False,False,False,False,False,False,False,False,True,False,False,False
2024,Hungarian Grand Prix,Nico Hulkenberg,13.0,11.0,28.823870967741943,44.916129032258056,46.92258064516128,1.2496774193548386,False,False,False,False,True,False,False,False,False,False,False,False
2024,Hungarian Grand Prix,Valtteri Bottas,16.0,12.0,28.823870967741943,44.916129032258056,46.92258064516128,1.2496774193548386,False,False,False,False,False,True,False,False,False,False,False,False
2024,Hungarian Grand Prix,Alexander Albon,14.0,13.0,28.823870967741943,44.916129032258056,46.92258064516128,1.2496774193548386,False,False,False,False,False,False,False,False,False,False,False,True
2024,Hungarian Grand Prix,Logan Sargeant,17.0,14.0,28.823870967741943,44.916129032258056,46.92258064516128,1.2496774193548386,False,False,False,False,False,False,False,False,False,False,False,True
2024,Hungarian Grand Prix,Kevin Magnussen,15.0,15.0,28.823870967741943,44.916129032258056,46.92258064516128,1.2496774193548386,False,False,False,False,True,False,False,False,False,False,False,False
2024,Hungarian Grand Prix,Sergio Perez,7.0,16.0,28.823870967741943,44.916129032258056,46.92258064516128,1.2496774193548386,False,False,False,False,False,False,False,False,False,False,True,False
2024,Hungarian Grand Prix,George Russell,8.0,17.0,28.823870967741943,44.916129032258056,46.92258064516128,1.2496774193548386,False,False,False,False,False,False,False,True,False,False,False,False
2024,Hungarian Grand Prix,Guanyu Zhou,19.0,18.0,28.823870967741943,44.916129032258056,46.92258064516128,1.2496774193548386,False,False,False,False,False,True,False,False,False,False,False,False
2024,Hungarian Grand Prix,Esteban Ocon,18.0,19.0,28.823870967741943,44.916129032258056,46.92258064516128,1.2496774193548386,False,True,False,False,False,False,False,False,False,False,False,False
2024,Hungarian Grand Prix,Pierre Gasly,20.0,20.0,28.823870967741943,44.916129032258056,46.92258064516128,1.2496774193548386,False,True,False,False,False,False,False,False,False,False,False,False
2024,Japanese Grand Prix,Max Verstappen,1.0,1.0,21.69116022099447,37.5011049723757,43.43093922651933,2.2408839779005527,False,False,False,False,False,False,False,False,False,False,True,False
2024,Japanese Grand Prix,Sergio Perez,2.0,2.0,21.69116022099447,37.5011049723757,43.43093922651933,2.2408839779005527,False,False,False,False,False,False,False,False,False,False,True,False
2024,Japanese Grand Prix,Lando Norris,5.0,3.0,21.69116022099447,37.5011049723757,43.43093922651933,2.2408839779005527,False,False,False,False,False,False,True,False,False,False,False,False
2024,Japanese Grand Prix,Carlos Sainz,3.0,4.0,21.69116022099447,37.5011049723757,43.43093922651933,2.2408839779005527,False,False,False,True,False,False,False,False,False,False,False,False
2024,Japanese Grand Prix,Fernando Alonso,6.0,5.0,21.69116022099447,37.5011049723757,43.43093922651933,2.2408839779005527,False,False,True,False,False,False,False,False,False,False,False,False
2024,Japanese Grand Prix,Oscar Piastri,8.0,6.0,21.69116022099447,37.5011049723757,43.43093922651933,2.2408839779005527,False,False,False,False,False,False,True,False,False,False,False,False
2024,Japanese Grand Prix,Lewis Hamilton,9.0,7.0,21.69116022099447,37.5011049723757,43.43093922651933,2.2408839779005527,False,False,False,False,False,False,False,True,False,False,False,False
2024,Japanese Grand Prix,Charles Leclerc,4.0,8.0,21.69116022099447,37.5011049723757,43.43093922651933,2.2408839779005527,False,False,False,True,False,False,False,False,False,False,False,False
2024,Japanese Grand Prix,George Russell,7.0,9.0,21.69116022099447,37.5011049723757,43.43093922651933,2.2408839779005527,False,False,False,False,False,False,False,True,False,False,False,False
2024,Japanese Grand Prix,Yuki Tsunoda,10.0,10.0,21.69116022099447,37.5011049723757,43.43093922651933,2.2408839779005527,False,False,False,False,False,False,False,False,True,False,False,False
2024,Japanese Grand Prix,Daniel Ricciardo,19.0,11.0,21.69116022099447,37.5011049723757,43.43093922651933,2.2408839779005527,False,False,False,False,False,False,False,False,True,False,False,False
2024,Japanese Grand Prix,Nico Hulkenberg,11.0,12.0,21.69116022099447,37.5011049723757,43.43093922651933,2.2408839779005527,False,False,False,False,True,False,False,False,False,False,False,False
2024,Japanese Grand Prix,Valtteri Bottas,14.0,13.0,21.69116022099447,37.5011049723757,43.43093922651933,2.2408839779005527,False,False,False,False,False,True,False,False,False,False,False,False
2024,Japanese Grand Prix,Alexander Albon,20.0,14.0,21.69116022099447,37.5011049723757,43.43093922651933,2.2408839779005527,False,False,False,False,False,False,False,False,False,False,False,True
2024,Japanese Grand Prix,Esteban Ocon,15.0,15.0,21.69116022099447,37.5011049723757,43.43093922651933,2.2408839779005527,False,True,False,False,False,False,False,False,False,False,False,False
2024,Japanese Grand Prix,Lance Stroll,12.0,16.0,21.69116022099447,37.5011049723757,43.43093922651933,2.2408839779005527,False,False,True,False,False,False,False,False,False,False,False,False
2024,Japanese Grand Prix,Pierre Gasly,16.0,17.0,21.69116022099447,37.5011049723757,43.43093922651933,2.2408839779005527,False,True,False,False,False,False,False,False,False,False,False,False
2024,Japanese Grand Prix,Kevin Magnussen,13.0,18.0,21.69116022099447,37.5011049723757,43.43093922651933,2.2408839779005527,False,False,False,False,True,False,False,False,False,False,False,False
2024,Japanese Grand Prix,Logan Sargeant,17.0,19.0,21.69116022099447,37.5011049723757,43.43093922651933,2.2408839779005527,False,False,False,False,False,False,False,False,False,False,False,True
2024,Japanese Grand Prix,Guanyu Zhou,18.0,20.0,21.69116022099447,37.5011049723757,43.43093922651933,2.2408839779005527,False,False,False,False,False,True,False,False,False,False,False,False
2024,Miami Grand Prix,Max Verstappen,2.0,1.0,28.522000000000002,44.664,59.006666666666675,3.080666666666666,False,False,False,False,False,False,False,False,False,False,True,False
2024,Miami Grand Prix,Charles Leclerc,3.0,2.0,28.522000000000002,44.664,59.006666666666675,3.080666666666666,False,False,False,True,False,False,False,False,False,False,False,False
2024,Miami Grand Prix,Carlos Sainz,5.0,3.0,28.522000000000002,44.664,59.006666666666675,3.080666666666666,False,False,False,True,False,False,False,False,False,False,False,False
2024,Miami Grand Prix,Sergio Perez,4.0,4.0,28.522000000000002,44.664,59.006666666666675,3.080666666666666,False,False,False,False,False,False,False,False,False,False,True,False
2024,Miami Grand Prix,Lando Norris,1.0,5.0,28.522000000000002,44.664,59.006666666666675,3.080666666666666,False,False,False,False,False,False,True,False,False,False,False,False
2024,Miami Grand Prix,Oscar Piastri,13.0,6.0,28.522000000000002,44.664,59.006666666666675,3.080666666666666,False,False,False,False,False,False,True,False,False,False,False,False
2024,Miami Grand Prix,George Russell,8.0,7.0,28.522000000000002,44.664,59.006666666666675,3.080666666666666,False,False,False,False,False,False,False,True,False,False,False,False
2024,Miami Grand Prix,Lewis Hamilton,6.0,8.0,28.522000000000002,44.664,59.006666666666675,3.080666666666666,False,False,False,False,False,False,False,True,False,False,False,False
2024,Miami Grand Prix,Nico Hulkenberg,11.0,9.0,28.522000000000002,44.664,59.006666666666675,3.080666666666666,False,False,False,False,True,False,False,False,False,False,False,False
2024,Miami Grand Prix,Yuki Tsunoda,7.0,10.0,28.522000000000002,44.664,59.006666666666675,3.080666666666666,False,False,False,False,False,False,False,False,True,False,False,False
2024,Miami Grand Prix,Lance Stroll,17.0,11.0,28.522000000000002,44.664,59.006666666666675,3.080666666666666,False,False,True,False,False,False,False,False,False,False,False,False
2024,Miami Grand Prix,Pierre Gasly,12.0,12.0,28.522000000000002,44.664,59.006666666666675,3.080666666666666,False,True,False,False,False,False,False,False,False,False,False,False
2024,Miami Grand Prix,Esteban Ocon,10.0,13.0,28.522000000000002,44.664,59.006666666666675,3.080666666666666,False,True,False,False,False,False,False,False,False,False,False,False
2024,Miami Grand Prix,Alexander Albon,18.0,14.0,28.522000000000002,44.664,59.006666666666675,3.080666666666666,False,False,False,False,False,False,False,False,False,False,False,True
2024,Miami Grand Prix,Fernando Alonso,9.0,15.0,28.522000000000002,44.664,59.006666666666675,3.080666666666666,False,False,True,False,False,False,False,False,False,False,False,False
2024,Miami Grand Prix,Valtteri Bottas,16.0,16.0,28.522000000000002,44.664,59.006666666666675,3.080666666666666,False,False,False,False,False,True,False,False,False,False,False,False
2024,Miami Grand Prix,Logan Sargeant,20.0,17.0,28.522000000000002,44.664,59.006666666666675,3.080666666666666,False,False,False,False,False,False,False,False,False,False,False,True
2024,Miami Grand Prix,Daniel Ricciardo,15.0,18.0,28.522000000000002,44.664,59.006666666666675,3.080666666666666,False,False,False,False,False,False,False,False,True,False,False,False
2024,Miami Grand Prix,Kevin Magnussen,19.0,19.0,28.522000000000002,44.664,59.006666666666675,3.080666666666666,False,False,False,False,True,False,False,False,False,False,False,False
2024,Miami Grand Prix,Guanyu Zhou,14.0,20.0,28.522000000000002,44.664,59.006666666666675,3.080666666666666,False,False,False,False,False,True,False,False,False,False,False,False
2024,Monaco Grand Prix,Charles Leclerc,1.0,1.0,21.596499999999995,46.318,63.989999999999995,0.9795000000000004,False,False,False,True,False,False,False,False,False,False,False,False
2024,Monaco Grand Prix,Oscar Piastri,2.0,2.0,21.596499999999995,46.318,63.989999999999995,0.9795000000000004,False,False,False,False,False,False,True,False,False,False,False,False
2024,Monaco Grand Prix,Carlos Sainz,3.0,3.0,21.596499999999995,46.318,63.989999999999995,0.9795000000000004,False,False,False,True,False,False,False,False,False,False,False,False
2024,Monaco Grand Prix,Lando Norris,4.0,4.0,21.596499999999995,46.318,63.989999999999995,0.9795000000000004,False,False,False,False,False,False,True,False,False,False,False,False
2024,Monaco Grand Prix,George Russell,5.0,5.0,21.596499999999995,46.318,63.989999999999995,0.9795000000000004,False,False,False,False,False,False,False,True,False,False,False,False
2024,Monaco Grand Prix,Max Verstappen,6.0,6.0,21.596499999999995,46.318,63.989999999999995,0.9795000000000004,False,False,False,False,False,False,False,False,False,False,True,False
2024,Monaco Grand Prix,Lewis Hamilton,7.0,7.0,21.596499999999995,46.318,63.989999999999995,0.9795000000000004,False,False,False,False,False,False,False,True,False,False,False,False
2024,Monaco Grand Prix,Yuki Tsunoda,8.0,8.0,21.596499999999995,46.318,63.989999999999995,0.9795000000000004,False,False,False,False,False,False,False,False,True,False,False,False
2024,Monaco Grand Prix,Alexander Albon,9.0,9.0,21.596499999999995,46.318,63.989999999999995,0.9795000000000004,False,False,False,False,False,False,False,False,False,False,False,True
2024,Monaco Grand Prix,Pierre Gasly,10.0,10.0,21.596499999999995,46.318,63.989999999999995,0.9795000000000004,False,True,False,False,False,False,False,False,False,False,False,False
2024,Monaco Grand Prix,Esteban Ocon,17.0,11.0,21.596499999999995,46.318,63.989999999999995,0.9795000000000004,False,True,False,False,False,False,False,False,False,False,False,False
2024,Monaco Grand Prix,Daniel Ricciardo,12.0,12.0,21.596499999999995,46.318,63.989999999999995,0.9795000000000004,False,False,False,False,False,False,False,False,True,False,False,False
2024,Monaco Grand Prix,Lance Stroll,14.0,13.0,21.596499999999995,46.318,63.989999999999995,0.9795000000000004,False,False,True,False,False,False,False,False,False,False,False,False
2024,Monaco Grand Prix,Nico Hulkenberg,19.0,14.0,21.596499999999995,46.318,63.989999999999995,0.9795000000000004,False,False,False,False,True,False,False,False,False,False,False,False
2024,Monaco Grand Prix,Fernando Alonso,11.0,14.0,21.596499999999995,46.318,63.989999999999995,0.9795000000000004,False,False,True,False,False,False,False,False,False,False,False,False
2024,Monaco Grand Prix,Logan Sargeant,15.0,15.0,21.596499999999995,46.318,63.989999999999995,0.9795000000000004,False,False,False,False,False,False,False,False,False,False,False,True
2024,Monaco Grand Prix,Kevin Magnussen,20.0,15.0,21.596499999999995,46.318,63.989999999999995,0.9795000000000004,False,False,False,False,True,False,False,False,False,False,False,False
2024,Monaco Grand Prix,Sergio Perez,18.0,16.0,21.596499999999995,46.318,63.989999999999995,0.9795000000000004,False,False,False,False,False,False,False,False,False,False,True,False
2024,Monaco Grand Prix,Valtteri Bottas,13.0,17.0,21.596499999999995,46.318,63.989999999999995,0.9795000000000004,False,False,False,False,False,True,False,False,False,False,False,False
2024,Monaco Grand Prix,Guanyu Zhou,16.0,18.0,21.596499999999995,46.318,63.989999999999995,0.9795000000000004,False,False,False,False,False,True,False,False,False,False,False,False
2024,Saudi Arabian Grand Prix,Max Verstappen,1.0,1.0,25.528082191780822,31.59315068493151,62.33561643835615,1.3027397260273974,False,False,False,False,False,False,False,False,False,False,True,False
2024,Saudi Arabian Grand Prix,Charles Leclerc,3.0,2.0,25.528082191780822,31.59315068493151,62.33561643835615,1.3027397260273974,False,False,False,True,False,False,False,False,False,False,False,False
2024,Saudi Arabian Grand Prix,Sergio Perez,2.0,3.0,25.528082191780822,31.59315068493151,62.33561643835615,1.3027397260273974,False,False,False,False,False,False,False,False,False,False,True,False
2024,Saudi Arabian Grand Prix,Fernando Alonso,5.0,4.0,25.528082191780822,31.59315068493151,62.33561643835615,1.3027397260273974,False,False,True,False,False,False,False,False,False,False,False,False
2024,Saudi Arabian Grand Prix,Oscar Piastri,4.0,5.0,25.528082191780822,31.59315068493151,62.33561643835615,1.3027397260273974,False,False,False,False,False,False,True,False,False,False,False,False
2024,Saudi Arabian Grand Prix,Lando Norris,8.0,6.0,25.528082191780822,31.59315068493151,62.33561643835615,1.3027397260273974,False,False,False,False,False,False,True,False,False,False,False,False
2024,Saudi Arabian Grand Prix,George Russell,6.0,7.0,25.528082191780822,31.59315068493151,62.33561643835615,1.3027397260273974,False,False,False,False,False,False,False,True,False,False,False,False
2024,Saudi Arabian Grand Prix,Lewis Hamilton,9.0,8.0,25.528082191780822,31.59315068493151,62.33561643835615,1.3027397260273974,False,False,False,False,False,False,False,True,False,False,False,False
2024,Saudi Arabian Grand Prix,Yuki Tsunoda,15.0,9.0,25.528082191780822,31.59315068493151,62.33561643835615,1.3027397260273974,False,False,False,False,False,False,False,False,True,False,False,False
2024,Saudi Arabian Grand Prix,Lance Stroll,19.0,10.0,25.528082191780822,31.59315068493151,62.33561643835615,1.3027397260273974,False,False,True,False,False,False,False,False,False,False,False,False
2024,Saudi Arabian Grand Prix,Oliver Bearman,7.0,11.0,25.528082191780822,31.59315068493151,62.33561643835615,1.3027397260273974,False,False,False,True,False,False,False,False,False,False,False,False
2024,Saudi Arabian Grand Prix,Alexander Albon,11.0,12.0,25.528082191780822,31.59315068493151,62.33561643835615,1.3027397260273974,False,False,False,False,False,False,False,False,False,False,False,True
2024,Saudi Arabian Grand Prix,Kevin Magnussen,12.0,13.0,25.528082191780822,31.59315068493151,62.33561643835615,1.3027397260273974,False,False,False,False,True,False,False,False,False,False,False,False
2024,Saudi Arabian Grand Prix,Daniel Ricciardo,16.0,14.0,25.528082191780822,31.59315068493151,62.33561643835615,1.3027397260273974,False,False,False,False,False,False,False,False,True,False,False,False
2024,Saudi Arabian Grand Prix,Nico Hulkenberg,10.0,15.0,25.528082191780822,31.59315068493151,62.33561643835615,1.3027397260273974,False,False,False,False,True,False,False,False,False,False,False,False
2024,Saudi Arabian Grand Prix,Valtteri Bottas,17.0,16.0,25.528082191780822,31.59315068493151,62.33561643835615,1.3027397260273974,False,False,False,False,False,True,False,False,False,False,False,False
2024,Saudi Arabian Grand Prix,Esteban Ocon,13.0,17.0,25.528082191780822,31.59315068493151,62.33561643835615,1.3027397260273974,False,True,False,False,False,False,False,False,False,False,False,False
2024,Saudi Arabian Grand Prix,Pierre Gasly,20.0,18.0,25.528082191780822,31.59315068493151,62.33561643835615,1.3027397260273974,False,True,False,False,False,False,False,False,False,False,False,False
2024,Saudi Arabian Grand Prix,Logan Sargeant,14.0,19.0,25.528082191780822,31.59315068493151,62.33561643835615,1.3027397260273974,False,False,False,False,False,False,False,False,False,False,False,True
2024,Saudi Arabian Grand Prix,Guanyu Zhou,18.0,20.0,25.528082191780822,31.59315068493151,62.33561643835615,1.3027397260273974,False,False,False,False,False,True,False,False,False,False,False,False
2024,Spanish Grand Prix,Lando Norris,2.0,1.0,24.132467532467537,41.09610389610391,63.441558441558456,2.123376623376623,False,False,False,False,False,False,True,False,False,False,False,False
2024,Spanish Grand Prix,Max Verstappen,1.0,2.0,24.132467532467537,41.09610389610391,63.441558441558456,2.123376623376623,False,False,False,False,False,False,False,False,False,False,True,False
2024,Spanish Grand Prix,Lewis Hamilton,3.0,3.0,24.132467532467537,41.09610389610391,63.441558441558456,2.123376623376623,False,False,False,False,False,False,False,True,False,False,False,False
2024,Spanish Grand Prix,George Russell,4.0,4.0,24.132467532467537,41.09610389610391,63.441558441558456,2.123376623376623,False,False,False,False,False,False,False,True,False,False,False,False
2024,Spanish Grand Prix,Charles Leclerc,5.0,5.0,24.132467532467537,41.09610389610391,63.441558441558456,2.123376623376623,False,False,False,True,False,False,False,False,False,False,False,False
2024,Spanish Grand Prix,Carlos Sainz,6.0,6.0,24.132467532467537,41.09610389610391,63.441558441558456,2.123376623376623,False,False,False,True,False,False,False,False,False,False,False,False
2024,Spanish Grand Prix,Pierre Gasly,9.0,7.0,24.132467532467537,41.09610389610391,63.441558441558456,2.123376623376623,False,True,False,False,False,False,False,False,False,False,False,False
2024,Spanish Grand Prix,Sergio Perez,8.0,8.0,24.132467532467537,41.09610389610391,63.441558441558456,2.123376623376623,False,False,False,False,False,False,False,False,False,False,True,False
2024,Spanish Grand Prix,Esteban Ocon,10.0,9.0,24.132467532467537,41.09610389610391,63.441558441558456,2.123376623376623,False,True,False,False,False,False,False,False,False,False,False,False
2024,Spanish Grand Prix,Oscar Piastri,7.0,10.0,24.132467532467537,41.09610389610391,63.441558441558456,2.123376623376623,False,False,False,False,False,False,True,False,False,False,False,False
2024,Spanish Grand Prix,Fernando Alonso,12.0,11.0,24.132467532467537,41.09610389610391,63.441558441558456,2.123376623376623,False,False,True,False,False,False,False,False,False,False,False,False
2024,Spanish Grand Prix,Valtteri Bottas,16.0,12.0,24.132467532467537,41.09610389610391,63.441558441558456,2.123376623376623,False,False,False,False,False,True,False,False,False,False,False,False
2024,Spanish Grand Prix,Nico Hulkenberg,11.0,13.0,24.132467532467537,41.09610389610391,63.441558441558456,2.123376623376623,False,False,False,False,True,False,False,False,False,False,False,False
2024,Spanish Grand Prix,Lance Stroll,14.0,14.0,24.132467532467537,41.09610389610391,63.441558441558456,2.123376623376623,False,False,True,False,False,False,False,False,False,False,False,False
2024,Spanish Grand Prix,Guanyu Zhou,13.0,15.0,24.132467532467537,41.09610389610391,63.441558441558456,2.123376623376623,False,False,False,False,False,True,False,False,False,False,False,False
2024,Spanish Grand Prix,Kevin Magnussen,17.0,16.0,24.132467532467537,41.09610389610391,63.441558441558456,2.123376623376623,False,False,False,False,True,False,False,False,False,False,False,False
2024,Spanish Grand Prix,Yuki Tsunoda,19.0,17.0,24.132467532467537,41.09610389610391,63.441558441558456,2.123376623376623,False,False,False,False,False,False,False,False,True,False,False,False
2024,Spanish Grand Prix,Daniel Ricciardo,15.0,18.0,24.132467532467537,41.09610389610391,63.441558441558456,2.123376623376623,False,False,False,False,False,False,False,False,True,False,False,False
2024,Spanish Grand Prix,Alexander Albon,18.0,19.0,24.132467532467537,41.09610389610391,63.441558441558456,2.123376623376623,False,False,False,False,False,False,False,False,False,False,False,True
2024,Spanish Grand Prix,Logan Sargeant,20.0,20.0,24.132467532467537,41.09610389610391,63.441558441558456,2.123376623376623,False,False,False,False,False,False,False,False,False,False,False,True
2025,Australian Grand Prix,Lando Norris,1.0,1.0,15.707865168539328,18.942134831460674,78.42134831460676,3.4752808988764046,False,False,False,False,False,False,True,False,False,False,False,False
2025,Australian Grand Prix,Oscar Piastri,9.0,2.0,15.707865168539328,18.942134831460674,78.42134831460676,3.4752808988764046,False,False,False,False,False,False,True,False,False,False,False,False
2025,Australian Grand Prix,Max Verstappen,2.0,3.0,15.707865168539328,18.942134831460674,78.42134831460676,3.4752808988764046,False,False,False,False,False,False,False,False,False,False,True,False
2025,Australian Grand Prix,George Russell,3.0,4.0,15.707865168539328,18.942134831460674,78.42134831460676,3.4752808988764046,False,False,False,False,False,False,False,True,False,False,False,False
2025,Australian Grand Prix,Yuki Tsunoda,12.0,5.0,15.707865168539328,18.942134831460674,78.42134831460676,3.4752808988764046,False,False,False,False,False,False,False,False,False,True,False,False
2025,Australian Grand Prix,Alexander Albon,5.0,6.0,15.707865168539328,18.942134831460674,78.42134831460676,3.4752808988764046,False,False,False,False,False,False,False,False,False,False,False,True
2025,Australian Grand Prix,Charles Leclerc,8.0,7.0,15.707865168539328,18.942134831460674,78.42134831460676,3.4752808988764046,False,False,False,True,False,False,False,False,False,False,False,False
2025,Australian Grand Prix,Lewis Hamilton,10.0,8.0,15.707865168539328,18.942134831460674,78.42134831460676,3.4752808988764046,False,False,False,True,False,False,False,False,False,False,False,False
2025,Australian Grand Prix,Pierre Gasly,11.0,9.0,15.707865168539328,18.942134831460674,78.42134831460676,3.4752808988764046,False,True,False,False,False,False,False,False,False,False,False,False
2025,Australian Grand Prix,Carlos Sainz,18.0,10.0,15.707865168539328,18.942134831460674,78.42134831460676,3.4752808988764046,False,False,False,False,False,False,False,False,False,False,False,True
2025,Australian Grand Prix,Isack Hadjar,20.0,11.0,15.707865168539328,18.942134831460674,78.42134831460676,3.4752808988764046,False,False,False,False,False,False,False,False,False,True,False,False
2025,Australian Grand Prix,Fernando Alonso,17.0,12.0,15.707865168539328,18.942134831460674,78.42134831460676,3.4752808988764046,False,False,True,False,False,False,False,False,False,False,False,False
2025,Australian Grand Prix,Lance Stroll,6.0,13.0,15.707865168539328,18.942134831460674,78.42134831460676,3.4752808988764046,False,False,True,False,False,False,False,False,False,False,False,False
2025,Australian Grand Prix,Jack Doohan,19.0,14.0,15.707865168539328,18.942134831460674,78.42134831460676,3.4752808988764046,False,True,False,False,False,False,False,False,False,False,False,False
2025,Australian Grand Prix,Gabriel Bortoleto,16.0,15.0,15.707865168539328,18.942134831460674,78.42134831460676,3.4752808988764046,False,False,False,False,False,True,False,False,False,False,False,False
2025,Australian Grand Prix,Andrea Kimi Antonelli,4.0,16.0,15.707865168539328,18.942134831460674,78.42134831460676,3.4752808988764046,False,False,False,False,False,False,False,True,False,False,False,False
2025,Australian Grand Prix,Nico Hulkenberg,7.0,17.0,15.707865168539328,18.942134831460674,78.42134831460676,3.4752808988764046,False,False,False,False,False,True,False,False,False,False,False,False
2025,Australian Grand Prix,Liam Lawson,15.0,18.0,15.707865168539328,18.942134831460674,78.42134831460676,3.4752808988764046,False,False,False,False,False,False,False,False,False,False,True,False
2025,Australian Grand Prix,Esteban Ocon,13.0,19.0,15.707865168539328,18.942134831460674,78.42134831460676,3.4752808988764046,False,False,False,False,True,False,False,False,False,False,False,False
2025,Australian Grand Prix,Oliver Bearman,14.0,20.0,15.707865168539328,18.942134831460674,78.42134831460676,3.4752808988764046,False,False,False,False,True,False,False,False,False,False,False,False
2025,Austrian Grand Prix,Lando Norris,1.0,1.0,30.34782608695652,49.16645962732921,31.981366459627328,1.6180124223602483,False,False,False,False,False,False,True,False,False,False,False,False
2025,Austrian Grand Prix,Charles Leclerc,3.0,2.0,30.34782608695652,49.16645962732921,31.981366459627328,1.6180124223602483,False,False,False,True,False,False,False,False,False,False,False,False
2025,Austrian Grand Prix,Oscar Piastri,2.0,3.0,30.34782608695652,49.16645962732921,31.981366459627328,1.6180124223602483,False,False,False,False,False,False,True,False,False,False,False,False
2025,Austrian Grand Prix,Lewis Hamilton,4.0,4.0,30.34782608695652,49.16645962732921,31.981366459627328,1.6180124223602483,False,False,False,True,False,False,False,False,False,False,False,False
2025,Austrian Grand Prix,George Russell,5.0,5.0,30.34782608695652,49.16645962732921,31.981366459627328,1.6180124223602483,False,False,False,False,False,False,False,True,False,False,False,False
2025,Austrian Grand Prix,Liam Lawson,6.0,6.0,30.34782608695652,49.16645962732921,31.981366459627328,1.6180124223602483,False,False,False,False,False,False,False,False,False,True,False,False
2025,Austrian Grand Prix,Max Verstappen,18.0,7.0,30.34782608695652,49.16645962732921,31.981366459627328,1.6180124223602483,False,False,False,False,False,False,False,False,False,False,True,False
2025,Austrian Grand Prix,Gabriel Bortoleto,8.0,8.0,30.34782608695652,49.16645962732921,31.981366459627328,1.6180124223602483,False,False,False,False,False,True,False,False,False,False,False,False
2025,Austrian Grand Prix,Kimi Antonelli,19.0,9.0,30.34782608695652,49.16645962732921,31.981366459627328,1.6180124223602483,False,False,False,False,False,False,False,True,False,False,False,False
2025,Austrian Grand Prix,Pierre Gasly,13.0,10.0,30.34782608695652,49.16645962732921,31.981366459627328,1.6180124223602483,False,True,False,False,False,False,False,False,False,False,False,False
2025,Austrian Grand Prix,Fernando Alonso,7.0,11.0,30.34782608695652,49.16645962732921,31.981366459627328,1.6180124223602483,False,False,True,False,False,False,False,False,False,False,False,False
2025,Austrian Grand Prix,Alexander Albon,17.0,12.0,30.34782608695652,49.16645962732921,31.981366459627328,1.6180124223602483,False,False,False,False,False,False,False,False,False,False,False,True
2025,Austrian Grand Prix,Isack Hadjar,12.0,13.0,30.34782608695652,49.16645962732921,31.981366459627328,1.6180124223602483,False,False,False,False,False,False,False,False,False,True,False,False
2025,Austrian Grand Prix,Franco Colapinto,15.0,14.0,30.34782608695652,49.16645962732921,31.981366459627328,1.6180124223602483,False,True,False,False,False,False,False,False,False,False,False,False
2025,Austrian Grand Prix,Oliver Bearman,11.0,15.0,30.34782608695652,49.16645962732921,31.981366459627328,1.6180124223602483,False,False,False,False,True,False,False,False,False,False,False,False
2025,Austrian Grand Prix,Lance Stroll,14.0,16.0,30.34782608695652,49.16645962732921,31.981366459627328,1.6180124223602483,False,False,True,False,False,False,False,False,False,False,False,False
2025,Austrian Grand Prix,Esteban Ocon,10.0,17.0,30.34782608695652,49.16645962732921,31.981366459627328,1.6180124223602483,False,False,False,False,True,False,False,False,False,False,False,False
2025,Austrian Grand Prix,Yuki Tsunoda,16.0,18.0,30.34782608695652,49.16645962732921,31.981366459627328,1.6180124223602483,False,False,False,False,False,False,False,False,False,False,True,False
2025,Austrian Grand Prix,Carlos Sainz,20.0,19.0,30.34782608695652,49.16645962732921,31.981366459627328,1.6180124223602483,False,False,False,False,False,False,False,False,False,False,False,True
2025,Austrian Grand Prix,Nico Hulkenberg,9.0,20.0,30.34782608695652,49.16645962732921,31.981366459627328,1.6180124223602483,False,False,False,False,False,True,False,False,False,False,False,False
2025,Bahrain Grand Prix,Oscar Piastri,1.0,1.0,27.052531645569623,31.870253164556964,45.329113924050624,2.1056962025316457,False,False,False,False,False,False,True,False,False,False,False,False
2025,Bahrain Grand Prix,George Russell,2.0,2.0,27.052531645569623,31.870253164556964,45.329113924050624,2.1056962025316457,False,False,False,False,False,False,False,True,False,False,False,False
2025,Bahrain Grand Prix,Charles Leclerc,4.0,3.0,27.052531645569623,31.870253164556964,45.329113924050624,2.1056962025316457,False,False,False,True,False,False,False,False,False,False,False,False
2025,Bahrain Grand Prix,Kimi Antonelli,11.0,4.0,27.052531645569623,31.870253164556964,45.329113924050624,2.1056962025316457,False,False,False,False,False,False,False,True,False,False,False,False
2025,Bahrain Grand Prix,Pierre Gasly,7.0,5.0,27.052531645569623,31.870253164556964,45.329113924050624,2.1056962025316457,False,True,False,False,False,False,False,False,False,False,False,False
2025,Bahrain Grand Prix,Lando Norris,3.0,6.0,27.052531645569623,31.870253164556964,45.329113924050624,2.1056962025316457,False,False,False,False,False,False,True,False,False,False,False,False
2025,Bahrain Grand Prix,Max Verstappen,6.0,7.0,27.052531645569623,31.870253164556964,45.329113924050624,2.1056962025316457,False,False,False,False,False,False,False,False,False,False,True,False
2025,Bahrain Grand Prix,Carlos Sainz,19.0,8.0,27.052531645569623,31.870253164556964,45.329113924050624,2.1056962025316457,False,False,False,False,False,False,False,False,False,False,False,True
2025,Bahrain Grand Prix,Lewis Hamilton,5.0,9.0,27.052531645569623,31.870253164556964,45.329113924050624,2.1056962025316457,False,False,False,True,False,False,False,False,False,False,False,False
2025,Bahrain Grand Prix,Yuki Tsunoda,9.0,10.0,27.052531645569623,31.870253164556964,45.329113924050624,2.1056962025316457,False,False,False,False,False,False,False,False,False,False,True,False
2025,Bahrain Grand Prix,Jack Doohan,14.0,11.0,27.052531645569623,31.870253164556964,45.329113924050624,2.1056962025316457,False,True,False,False,False,False,False,False,False,False,False,False
2025,Bahrain Grand Prix,Isack Hadjar,13.0,12.0,27.052531645569623,31.870253164556964,45.329113924050624,2.1056962025316457,False,False,False,False,False,False,False,False,False,True,False,False
2025,Bahrain Grand Prix,Fernando Alonso,15.0,13.0,27.052531645569623,31.870253164556964,45.329113924050624,2.1056962025316457,False,False,True,False,False,False,False,False,False,False,False,False
2025,Bahrain Grand Prix,Esteban Ocon,8.0,14.0,27.052531645569623,31.870253164556964,45.329113924050624,2.1056962025316457,False,False,False,False,True,False,False,False,False,False,False,False
2025,Bahrain Grand Prix,Alexander Albon,12.0,15.0,27.052531645569623,31.870253164556964,45.329113924050624,2.1056962025316457,False,False,False,False,False,False,False,False,False,False,False,True
2025,Bahrain Grand Prix,Nico Hulkenberg,20.0,16.0,27.052531645569623,31.870253164556964,45.329113924050624,2.1056962025316457,False,False,False,False,False,True,False,False,False,False,False,False
2025,Bahrain Grand Prix,Liam Lawson,16.0,17.0,27.052531645569623,31.870253164556964,45.329113924050624,2.1056962025316457,False,False,False,False,False,False,False,False,False,True,False,False
2025,Bahrain Grand Prix,Gabriel Bortoleto,18.0,18.0,27.052531645569623,31.870253164556964,45.329113924050624,2.1056962025316457,False,False,False,False,False,True,False,False,False,False,False,False
2025,Bahrain Grand Prix,Lance Stroll,17.0,19.0,27.052531645569623,31.870253164556964,45.329113924050624,2.1056962025316457,False,False,True,False,False,False,False,False,False,False,False,False
2025,Bahrain Grand Prix,Oliver Bearman,10.0,20.0,27.052531645569623,31.870253164556964,45.329113924050624,2.1056962025316457,False,False,False,False,True,False,False,False,False,False,False,False
2025,Belgian Grand Prix,Lando Norris,2.0,1.0,17.030044843049332,24.090134529147985,84.44394618834079,1.4461883408071752,False,False,False,False,False,False,True,False,False,False,False,False
2025,Belgian Grand Prix,Oscar Piastri,1.0,2.0,17.030044843049332,24.090134529147985,84.44394618834079,1.4461883408071752,False,False,False,False,False,False,True,False,False,False,False,False
2025,Belgian Grand Prix,Charles Leclerc,3.0,3.0,17.030044843049332,24.090134529147985,84.44394618834079,1.4461883408071752,False,False,False,True,False,False,False,False,False,False,False,False
2025,Belgian Grand Prix,Max Verstappen,4.0,4.0,17.030044843049332,24.090134529147985,84.44394618834079,1.4461883408071752,False,False,False,False,False,False,False,False,False,False,True,False
2025,Belgian Grand Prix,Alexander Albon,6.0,5.0,17.030044843049332,24.090134529147985,84.44394618834079,1.4461883408071752,False,False,False,False,False,False,False,False,False,False,False,True
2025,Belgian Grand Prix,George Russell,5.0,6.0,17.030044843049332,24.090134529147985,84.44394618834079,1.4461883408071752,False,False,False,False,False,False,False,True,False,False,False,False
2025,Belgian Grand Prix,Yuki Tsunoda,13.0,7.0,17.030044843049332,24.090134529147985,84.44394618834079,1.4461883408071752,False,False,False,False,False,False,False,False,False,False,True,False
2025,Belgian Grand Prix,Isack Hadjar,20.0,8.0,17.030044843049332,24.090134529147985,84.44394618834079,1.4461883408071752,False,False,False,False,False,False,False,False,False,True,False,False
2025,Belgian Grand Prix,Liam Lawson,8.0,9.0,17.030044843049332,24.090134529147985,84.44394618834079,1.4461883408071752,False,False,False,False,False,False,False,False,False,True,False,False
2025,Belgian Grand Prix,Gabriel Bortoleto,9.0,10.0,17.030044843049332,24.090134529147985,84.44394618834079,1.4461883408071752,False,False,False,False,False,True,False,False,False,False,False,False
2025,Belgian Grand Prix,Esteban Ocon,15.0,11.0,17.030044843049332,24.090134529147985,84.44394618834079,1.4461883408071752,False,False,False,False,True,False,False,False,False,False,False,False
2025,Belgian Grand Prix,Oliver Bearman,11.0,12.0,17.030044843049332,24.090134529147985,84.44394618834079,1.4461883408071752,False,False,False,False,True,False,False,False,False,False,False,False
2025,Belgian Grand Prix,Pierre Gasly,10.0,13.0,17.030044843049332,24.090134529147985,84.44394618834079,1.4461883408071752,False,True,False,False,False,False,False,False,False,False,False,False
2025,Belgian Grand Prix,Nico Hulkenberg,12.0,14.0,17.030044843049332,24.090134529147985,84.44394618834079,1.4461883408071752,False,False,False,False,False,True,False,False,False,False,False,False
2025,Belgian Grand Prix,Carlos Sainz,18.0,15.0,17.030044843049332,24.090134529147985,84.44394618834079,1.4461883408071752,False,False,False,False,False,False,False,False,False,False,False,True
2025,Belgian Grand Prix,Lewis Hamilton,7.0,16.0,17.030044843049332,24.090134529147985,84.44394618834079,1.4461883408071752,False,False,False,True,False,False,False,False,False,False,False,False
2025,Belgian Grand Prix,Franco Colapinto,19.0,17.0,17.030044843049332,24.090134529147985,84.44394618834079,1.4461883408071752,False,True,False,False,False,False,False,False,False,False,False,False
2025,Belgian Grand Prix,Kimi Antonelli,16.0,18.0,17.030044843049332,24.090134529147985,84.44394618834079,1.4461883408071752,False,False,False,False,False,False,False,True,False,False,False,False
2025,Belgian Grand Prix,Fernando Alonso,17.0,19.0,17.030044843049332,24.090134529147985,84.44394618834079,1.4461883408071752,False,False,True,False,False,False,False,False,False,False,False,False
2025,Belgian Grand Prix,Lance Stroll,14.0,20.0,17.030044843049332,24.090134529147985,84.44394618834079,1.4461883408071752,False,False,True,False,False,False,False,False,False,False,False,False
2025,British Grand Prix,Max Verstappen,5.0,1.0,17.917419354838714,23.578709677419347,78.37419354838713,1.483225806451613,False,False,False,False,False,False,False,False,False,False,True,False
2025,British Grand Prix,Oscar Piastri,2.0,2.0,17.917419354838714,23.578709677419347,78.37419354838713,1.483225806451613,False,False,False,False,False,False,True,False,False,False,False,False
2025,British Grand Prix,Lando Norris,1.0,3.0,17.917419354838714,23.578709677419347,78.37419354838713,1.483225806451613,False,False,False,False,False,False,True,False,False,False,False,False
2025,British Grand Prix,George Russell,10.0,4.0,17.917419354838714,23.578709677419347,78.37419354838713,1.483225806451613,False,False,False,False,False,False,False,True,False,False,False,False
2025,British Grand Prix,Lewis Hamilton,4.0,5.0,17.917419354838714,23.578709677419347,78.37419354838713,1.483225806451613,False,False,False,True,False,False,False,False,False,False,False,False
2025,British Grand Prix,Charles Leclerc,14.0,6.0,17.917419354838714,23.578709677419347,78.37419354838713,1.483225806451613,False,False,False,True,False,False,False,False,False,False,False,False
2025,British Grand Prix,Kimi Antonelli,16.0,7.0,17.917419354838714,23.578709677419347,78.37419354838713,1.483225806451613,False,False,False,False,False,False,False,True,False,False,False,False
2025,British Grand Prix,Oliver Bearman,11.0,8.0,17.917419354838714,23.578709677419347,78.37419354838713,1.483225806451613,False,False,False,False,True,False,False,False,False,False,False,False
2025,British Grand Prix,Fernando Alonso,9.0,9.0,17.917419354838714,23.578709677419347,78.37419354838713,1.483225806451613,False,False,True,False,False,False,False,False,False,False,False,False
2025,British Grand Prix,Pierre Gasly,6.0,10.0,17.917419354838714,23.578709677419347,78.37419354838713,1.483225806451613,False,True,False,False,False,False,False,False,False,False,False,False
2025,British Grand Prix,Carlos Sainz,12.0,11.0,17.917419354838714,23.578709677419347,78.37419354838713,1.483225806451613,False,False,False,False,False,False,False,False,False,False,False,True
2025,British Grand Prix,Yuki Tsunoda,15.0,12.0,17.917419354838714,23.578709677419347,78.37419354838713,1.483225806451613,False,False,False,False,False,False,False,False,False,False,True,False
2025,British Grand Prix,Isack Hadjar,17.0,13.0,17.917419354838714,23.578709677419347,78.37419354838713,1.483225806451613,False,False,False,False,False,False,False,False,False,True,False,False
2025,British Grand Prix,Alexander Albon,8.0,14.0,17.917419354838714,23.578709677419347,78.37419354838713,1.483225806451613,False,False,False,False,False,False,False,False,False,False,False,True
2025,British Grand Prix,Esteban Ocon,13.0,15.0,17.917419354838714,23.578709677419347,78.37419354838713,1.483225806451613,False,False,False,False,True,False,False,False,False,False,False,False
2025,British Grand Prix,Liam Lawson,19.0,16.0,17.917419354838714,23.578709677419347,78.37419354838713,1.483225806451613,False,False,False,False,False,False,False,False,False,True,False,False
2025,British Grand Prix,Gabriel Bortoleto,18.0,17.0,17.917419354838714,23.578709677419347,78.37419354838713,1.483225806451613,False,False,False,False,False,True,False,False,False,False,False,False
2025,British Grand Prix,Lance Stroll,7.0,18.0,17.917419354838714,23.578709677419347,78.37419354838713,1.483225806451613,False,False,True,False,False,False,False,False,False,False,False,False
2025,British Grand Prix,Nico Hulkenberg,3.0,19.0,17.917419354838714,23.578709677419347,78.37419354838713,1.483225806451613,False,False,False,False,False,True,False,False,False,False,False,False
2025,British Grand Prix,Franco Colapinto,20.0,20.0,17.917419354838714,23.578709677419347,78.37419354838713,1.483225806451613,False,True,False,False,False,False,False,False,False,False,False,False
2025,Canadian Grand Prix,George Russell,1.0,1.0,24.03652694610779,49.25329341317366,27.97604790419162,1.0377245508982036,False,False,False,False,False,False,False,True,False,False,False,False
2025,Canadian Grand Prix,Max Verstappen,2.0,2.0,24.03652694610779,49.25329341317366,27.97604790419162,1.0377245508982036,False,False,False,False,False,False,False,False,False,False,True,False
2025,Canadian Grand Prix,Oscar Piastri,4.0,3.0,24.03652694610779,49.25329341317366,27.97604790419162,1.0377245508982036,False,False,False,False,False,False,True,False,False,False,False,False
2025,Canadian Grand Prix,Kimi Antonelli,3.0,4.0,24.03652694610779,49.25329341317366,27.97604790419162,1.0377245508982036,False,False,False,False,False,False,False,True,False,False,False,False
2025,Canadian Grand Prix,Lewis Hamilton,6.0,5.0,24.03652694610779,49.25329341317366,27.97604790419162,1.0377245508982036,False,False,False,True,False,False,False,False,False,False,False,False
2025,Canadian Grand Prix,Fernando Alonso,7.0,6.0,24.03652694610779,49.25329341317366,27.97604790419162,1.0377245508982036,False,False,True,False,False,False,False,False,False,False,False,False
2025,Canadian Grand Prix,Lando Norris,18.0,7.0,24.03652694610779,49.25329341317366,27.97604790419162,1.0377245508982036,False,False,False,False,False,False,True,False,False,False,False,False
2025,Canadian Grand Prix,Charles Leclerc,5.0,8.0,24.03652694610779,49.25329341317366,27.97604790419162,1.0377245508982036,False,False,False,True,False,False,False,False,False,False,False,False
2025,Canadian Grand Prix,Isack Hadjar,16.0,9.0,24.03652694610779,49.25329341317366,27.97604790419162,1.0377245508982036,False,False,False,False,False,False,False,False,False,True,False,False
2025,Canadian Grand Prix,Alexander Albon,20.0,10.0,24.03652694610779,49.25329341317366,27.97604790419162,1.0377245508982036,False,False,False,False,False,False,False,False,False,False,False,True
2025,Canadian Grand Prix,Yuki Tsunoda,12.0,11.0,24.03652694610779,49.25329341317366,27.97604790419162,1.0377245508982036,False,False,False,False,False,False,False,False,False,False,True,False
2025,Canadian Grand Prix,Franco Colapinto,13.0,12.0,24.03652694610779,49.25329341317366,27.97604790419162,1.0377245508982036,False,True,False,False,False,False,False,False,False,False,False,False
2025,Canadian Grand Prix,Nico Hulkenberg,8.0,13.0,24.03652694610779,49.25329341317366,27.97604790419162,1.0377245508982036,False,False,False,False,False,True,False,False,False,False,False,False
2025,Canadian Grand Prix,Oliver Bearman,11.0,14.0,24.03652694610779,49.25329341317366,27.97604790419162,1.0377245508982036,False,False,False,False,True,False,False,False,False,False,False,False
2025,Canadian Grand Prix,Esteban Ocon,9.0,15.0,24.03652694610779,49.25329341317366,27.97604790419162,1.0377245508982036,False,False,False,False,True,False,False,False,False,False,False,False
2025,Canadian Grand Prix,Gabriel Bortoleto,14.0,16.0,24.03652694610779,49.25329341317366,27.97604790419162,1.0377245508982036,False,False,False,False,False,True,False,False,False,False,False,False
2025,Canadian Grand Prix,Carlos Sainz,10.0,17.0,24.03652694610779,49.25329341317366,27.97604790419162,1.0377245508982036,False,False,False,False,False,False,False,False,False,False,False,True
2025,Canadian Grand Prix,Lance Stroll,17.0,18.0,24.03652694610779,49.25329341317366,27.97604790419162,1.0377245508982036,False,False,True,False,False,False,False,False,False,False,False,False
2025,Canadian Grand Prix,Liam Lawson,19.0,19.0,24.03652694610779,49.25329341317366,27.97604790419162,1.0377245508982036,False,False,False,False,False,False,False,False,False,True,False,False
2025,Canadian Grand Prix,Pierre Gasly,15.0,20.0,24.03652694610779,49.25329341317366,27.97604790419162,1.0377245508982036,False,True,False,False,False,False,False,False,False,False,False,False
2025,Chinese Grand Prix,Oscar Piastri,1.0,1.0,27.21558441558442,35.81688311688312,18.233766233766232,2.1883116883116878,False,False,False,False,False,False,True,False,False,False,False,False
2025,Chinese Grand Prix,George Russell,3.0,2.0,27.21558441558442,35.81688311688312,18.233766233766232,2.1883116883116878,False,False,False,False,False,False,False,True,False,False,False,False
2025,Chinese Grand Prix,Lando Norris,2.0,3.0,27.21558441558442,35.81688311688312,18.233766233766232,2.1883116883116878,False,False,False,False,False,False,True,False,False,False,False,False
2025,Chinese Grand Prix,Max Verstappen,4.0,4.0,27.21558441558442,35.81688311688312,18.233766233766232,2.1883116883116878,False,False,False,False,False,False,False,False,False,False,True,False
2025,Chinese Grand Prix,Lewis Hamilton,19.0,5.0,27.21558441558442,35.81688311688312,18.233766233766232,2.1883116883116878,False,False,False,True,False,False,False,False,False,False,False,False
2025,Chinese Grand Prix,Charles Leclerc,18.0,6.0,27.21558441558442,35.81688311688312,18.233766233766232,2.1883116883116878,False,False,False,True,False,False,False,False,False,False,False,False
2025,Chinese Grand Prix,Isack Hadjar,11.0,7.0,27.21558441558442,35.81688311688312,18.233766233766232,2.1883116883116878,False,False,False,False,False,False,False,False,False,True,False,False
2025,Chinese Grand Prix,Yuki Tsunoda,16.0,9.0,27.21558441558442,35.81688311688312,18.233766233766232,2.1883116883116878,False,False,False,False,False,False,False,False,False,True,False,False
2025,Chinese Grand Prix,Alexander Albon,7.0,10.0,27.21558441558442,35.81688311688312,18.233766233766232,2.1883116883116878,False,False,False,False,False,False,False,False,False,False,False,True
2025,Chinese Grand Prix,Esteban Ocon,5.0,11.0,27.21558441558442,35.81688311688312,18.233766233766232,2.1883116883116878,False,False,False,False,True,False,False,False,False,False,False,False
2025,Chinese Grand Prix,Nico Hulkenberg,15.0,12.0,27.21558441558442,35.81688311688312,18.233766233766232,2.1883116883116878,False,False,False,False,False,True,False,False,False,False,False,False
2025,Chinese Grand Prix,Fernando Alonso,17.0,13.0,27.21558441558442,35.81688311688312,18.233766233766232,2.1883116883116878,False,False,True,False,False,False,False,False,False,False,False,False
2025,Chinese Grand Prix,Lance Stroll,9.0,14.0,27.21558441558442,35.81688311688312,18.233766233766232,2.1883116883116878,False,False,True,False,False,False,False,False,False,False,False,False
2025,Chinese Grand Prix,Carlos Sainz,10.0,15.0,27.21558441558442,35.81688311688312,18.233766233766232,2.1883116883116878,False,False,False,False,False,False,False,False,False,False,False,True
2025,Chinese Grand Prix,Pierre Gasly,20.0,16.0,27.21558441558442,35.81688311688312,18.233766233766232,2.1883116883116878,False,True,False,False,False,False,False,False,False,False,False,False
2025,Chinese Grand Prix,Oliver Bearman,8.0,17.0,27.21558441558442,35.81688311688312,18.233766233766232,2.1883116883116878,False,False,False,False,True,False,False,False,False,False,False,False
2025,Chinese Grand Prix,Jack Doohan,13.0,18.0,27.21558441558442,35.81688311688312,18.233766233766232,2.1883116883116878,False,True,False,False,False,False,False,False,False,False,False,False
2025,Chinese Grand Prix,Gabriel Bortoleto,14.0,19.0,27.21558441558442,35.81688311688312,18.233766233766232,2.1883116883116878,False,False,False,False,False,True,False,False,False,False,False,False
2025,Chinese Grand Prix,Liam Lawson,12.0,20.0,27.21558441558442,35.81688311688312,18.233766233766232,2.1883116883116878,False,False,False,False,False,False,False,False,False,False,True,False
2025,Emilia Romagna Grand Prix,Oscar Piastri,3.0,1.0,23.964666666666666,42.664,38.30666666666666,3.2479999999999998,False,False,False,False,False,False,True,False,False,False,False,False
2025,Emilia Romagna Grand Prix,Max Verstappen,1.0,2.0,23.964666666666666,42.664,38.30666666666666,3.2479999999999998,False,False,False,False,False,False,False,False,False,False,True,False
2025,Emilia Romagna Grand Prix,George Russell,7.0,3.0,23.964666666666666,42.664,38.30666666666666,3.2479999999999998,False,False,False,False,False,False,False,True,False,False,False,False
2025,Emilia Romagna Grand Prix,Lando Norris,2.0,4.0,23.964666666666666,42.664,38.30666666666666,3.2479999999999998,False,False,False,False,False,False,True,False,False,False,False,False
2025,Emilia Romagna Grand Prix,Fernando Alonso,11.0,5.0,23.964666666666666,42.664,38.30666666666666,3.2479999999999998,False,False,True,False,False,False,False,False,False,False,False,False
2025,Emilia Romagna Grand Prix,Carlos Sainz,8.0,6.0,23.964666666666666,42.664,38.30666666666666,3.2479999999999998,False,False,False,False,False,False,False,False,False,False,False,True
2025,Emilia Romagna Grand Prix,Alexander Albon,5.0,7.0,23.964666666666666,42.664,38.30666666666666,3.2479999999999998,False,False,False,False,False,False,False,False,False,False,False,True
2025,Emilia Romagna Grand Prix,Lance Stroll,15.0,8.0,23.964666666666666,42.664,38.30666666666666,3.2479999999999998,False,False,True,False,False,False,False,False,False,False,False,False
2025,Emilia Romagna Grand Prix,Isack Hadjar,9.0,9.0,23.964666666666666,42.664,38.30666666666666,3.2479999999999998,False,False,False,False,False,False,False,False,False,True,False,False
2025,Emilia Romagna Grand Prix,Pierre Gasly,13.0,10.0,23.964666666666666,42.664,38.30666666666666,3.2479999999999998,False,True,False,False,False,False,False,False,False,False,False,False
2025,Emilia Romagna Grand Prix,Charles Leclerc,6.0,11.0,23.964666666666666,42.664,38.30666666666666,3.2479999999999998,False,False,False,True,False,False,False,False,False,False,False,False
2025,Emilia Romagna Grand Prix,Lewis Hamilton,4.0,12.0,23.964666666666666,42.664,38.30666666666666,3.2479999999999998,False,False,False,True,False,False,False,False,False,False,False,False
2025,Emilia Romagna Grand Prix,Kimi Antonelli,19.0,13.0,23.964666666666666,42.664,38.30666666666666,3.2479999999999998,False,False,False,False,False,False,False,True,False,False,False,False
2025,Emilia Romagna Grand Prix,Gabriel Bortoleto,18.0,14.0,23.964666666666666,42.664,38.30666666666666,3.2479999999999998,False,False,False,False,False,True,False,False,False,False,False,False
2025,Emilia Romagna Grand Prix,Franco Colapinto,16.0,15.0,23.964666666666666,42.664,38.30666666666666,3.2479999999999998,False,True,False,False,False,False,False,False,False,False,False,False
2025,Emilia Romagna Grand Prix,Liam Lawson,14.0,16.0,23.964666666666666,42.664,38.30666666666666,3.2479999999999998,False,False,False,False,False,False,False,False,False,True,False,False
2025,Emilia Romagna Grand Prix,Nico Hulkenberg,12.0,17.0,23.964666666666666,42.664,38.30666666666666,3.2479999999999998,False,False,False,False,False,True,False,False,False,False,False,False
2025,Emilia Romagna Grand Prix,Esteban Ocon,20.0,18.0,23.964666666666666,42.664,38.30666666666666,3.2479999999999998,False,False,False,False,True,False,False,False,False,False,False,False
2025,Emilia Romagna Grand Prix,Oliver Bearman,17.0,19.0,23.964666666666666,42.664,38.30666666666666,3.2479999999999998,False,False,False,False,True,False,False,False,False,False,False,False
2025,Emilia Romagna Grand Prix,Yuki Tsunoda,10.0,20.0,23.964666666666666,42.664,38.30666666666666,3.2479999999999998,False,False,False,False,False,False,False,False,False,False,True,False
2025,Japanese Grand Prix,Max Verstappen,1.0,1.0,14.429999999999998,20.51428571428572,76.37142857142858,1.202142857142857,False,False,False,False,False,False,False,False,False,False,True,False
2025,Japanese Grand Prix,Lando Norris,2.0,2.0,14.429999999999998,20.51428571428572,76.37142857142858,1.202142857142857,False,False,False,False,False,False,True,False,False,False,False,False
2025,Japanese Grand Prix,Oscar Piastri,3.0,3.0,14.429999999999998,20.51428571428572,76.37142857142858,1.202142857142857,False,False,False,False,False,False,True,False,False,False,False,False
2025,Japanese Grand Prix,Charles Leclerc,4.0,4.0,14.429999999999998,20.51428571428572,76.37142857142858,1.202142857142857,False,False,False,True,False,False,False,False,False,False,False,False
2025,Japanese Grand Prix,George Russell,5.0,5.0,14.429999999999998,20.51428571428572,76.37142857142858,1.202142857142857,False,False,False,False,False,False,False,True,False,False,False,False
2025,Japanese Grand Prix,Kimi Antonelli,6.0,6.0,14.429999999999998,20.51428571428572,76.37142857142858,1.202142857142857,False,False,False,False,False,False,False,True,False,False,False,False
2025,Japanese Grand Prix,Isack Hadjar,8.0,7.0,14.429999999999998,20.51428571428572,76.37142857142858,1.202142857142857,False,False,False,False,False,False,False,False,False,True,False,False
2025,Japanese Grand Prix,Lewis Hamilton,7.0,8.0,14.429999999999998,20.51428571428572,76.37142857142858,1.202142857142857,False,False,False,True,False,False,False,False,False,False,False,False
2025,Japanese Grand Prix,Alexander Albon,9.0,9.0,14.429999999999998,20.51428571428572,76.37142857142858,1.202142857142857,False,False,False,False,False,False,False,False,False,False,False,True
2025,Japanese Grand Prix,Oliver Bearman,10.0,10.0,14.429999999999998,20.51428571428572,76.37142857142858,1.202142857142857,False,False,False,False,True,False,False,False,False,False,False,False
2025,Japanese Grand Prix,Pierre Gasly,13.0,11.0,14.429999999999998,20.51428571428572,76.37142857142858,1.202142857142857,False,True,False,False,False,False,False,False,False,False,False,False
2025,Japanese Grand Prix,Carlos Sainz,14.0,12.0,14.429999999999998,20.51428571428572,76.37142857142858,1.202142857142857,False,False,False,False,False,False,False,False,False,False,False,True
2025,Japanese Grand Prix,Fernando Alonso,11.0,13.0,14.429999999999998,20.51428571428572,76.37142857142858,1.202142857142857,False,False,True,False,False,False,False,False,False,False,False,False
2025,Japanese Grand Prix,Liam Lawson,17.0,14.0,14.429999999999998,20.51428571428572,76.37142857142858,1.202142857142857,False,False,False,False,False,False,False,False,False,True,False,False
2025,Japanese Grand Prix,Yuki Tsunoda,12.0,15.0,14.429999999999998,20.51428571428572,76.37142857142858,1.202142857142857,False,False,False,False,False,False,False,False,False,False,True,False
2025,Japanese Grand Prix,Nico Hulkenberg,16.0,16.0,14.429999999999998,20.51428571428572,76.37142857142858,1.202142857142857,False,False,False,False,False,True,False,False,False,False,False,False
2025,Japanese Grand Prix,Gabriel Bortoleto,19.0,17.0,14.429999999999998,20.51428571428572,76.37142857142858,1.202142857142857,False,False,False,False,False,True,False,False,False,False,False,False
2025,Japanese Grand Prix,Esteban Ocon,18.0,18.0,14.429999999999998,20.51428571428572,76.37142857142858,1.202142857142857,False,False,False,False,True,False,False,False,False,False,False,False
2025,Japanese Grand Prix,Jack Doohan,15.0,19.0,14.429999999999998,20.51428571428572,76.37142857142858,1.202142857142857,False,True,False,False,False,False,False,False,False,False,False,False
2025,Japanese Grand Prix,Lance Stroll,20.0,20.0,14.429999999999998,20.51428571428572,76.37142857142858,1.202142857142857,False,False,True,False,False,False,False,False,False,False,False,False
2025,Miami Grand Prix,Max Verstappen,4.0,1.0,26.573154362416112,38.69060402684565,63.02013422818793,1.0469798657718115,False,False,False,False,False,False,False,False,False,False,True,False
2025,Miami Grand Prix,Lando Norris,2.0,2.0,26.573154362416112,38.69060402684565,63.02013422818793,1.0469798657718115,False,False,False,False,False,False,True,False,False,False,False,False
2025,Miami Grand Prix,Kimi Antonelli,6.0,3.0,26.573154362416112,38.69060402684565,63.02013422818793,1.0469798657718115,False,False,False,False,False,False,False,True,False,False,False,False
2025,Miami Grand Prix,Oscar Piastri,1.0,4.0,26.573154362416112,38.69060402684565,63.02013422818793,1.0469798657718115,False,False,False,False,False,False,True,False,False,False,False,False
2025,Miami Grand Prix,George Russell,3.0,5.0,26.573154362416112,38.69060402684565,63.02013422818793,1.0469798657718115,False,False,False,False,False,False,False,True,False,False,False,False
2025,Miami Grand Prix,Carlos Sainz,9.0,6.0,26.573154362416112,38.69060402684565,63.02013422818793,1.0469798657718115,False,False,False,False,False,False,False,False,False,False,False,True
2025,Miami Grand Prix,Alexander Albon,5.0,7.0,26.573154362416112,38.69060402684565,63.02013422818793,1.0469798657718115,False,False,False,False,False,False,False,False,False,False,False,True
2025,Miami Grand Prix,Charles Leclerc,7.0,8.0,26.573154362416112,38.69060402684565,63.02013422818793,1.0469798657718115,False,False,False,True,False,False,False,False,False,False,False,False
2025,Miami Grand Prix,Esteban Ocon,12.0,9.0,26.573154362416112,38.69060402684565,63.02013422818793,1.0469798657718115,False,False,False,False,True,False,False,False,False,False,False,False
2025,Miami Grand Prix,Yuki Tsunoda,10.0,10.0,26.573154362416112,38.69060402684565,63.02013422818793,1.0469798657718115,False,False,False,False,False,False,False,False,False,False,True,False
2025,Miami Grand Prix,Isack Hadjar,11.0,11.0,26.573154362416112,38.69060402684565,63.02013422818793,1.0469798657718115,False,False,False,False,False,False,False,False,False,True,False,False
2025,Miami Grand Prix,Lewis Hamilton,8.0,12.0,26.573154362416112,38.69060402684565,63.02013422818793,1.0469798657718115,False,False,False,True,False,False,False,False,False,False,False,False
2025,Miami Grand Prix,Gabriel Bortoleto,18.0,13.0,26.573154362416112,38.69060402684565,63.02013422818793,1.0469798657718115,False,False,False,False,False,True,False,False,False,False,False,False
2025,Miami Grand Prix,Jack Doohan,20.0,14.0,26.573154362416112,38.69060402684565,63.02013422818793,1.0469798657718115,False,True,False,False,False,False,False,False,False,False,False,False
2025,Miami Grand Prix,Liam Lawson,17.0,15.0,26.573154362416112,38.69060402684565,63.02013422818793,1.0469798657718115,False,False,False,False,False,False,False,False,False,True,False,False
2025,Miami Grand Prix,Nico Hulkenberg,14.0,16.0,26.573154362416112,38.69060402684565,63.02013422818793,1.0469798657718115,False,False,False,False,False,True,False,False,False,False,False,False
2025,Miami Grand Prix,Fernando Alonso,15.0,17.0,26.573154362416112,38.69060402684565,63.02013422818793,1.0469798657718115,False,False,True,False,False,False,False,False,False,False,False,False
2025,Miami Grand Prix,Pierre Gasly,13.0,18.0,26.573154362416112,38.69060402684565,63.02013422818793,1.0469798657718115,False,True,False,False,False,False,False,False,False,False,False,False
2025,Miami Grand Prix,Lance Stroll,16.0,19.0,26.573154362416112,38.69060402684565,63.02013422818793,1.0469798657718115,False,False,True,False,False,False,False,False,False,False,False,False
2025,Miami Grand Prix,Oliver Bearman,19.0,20.0,26.573154362416112,38.69060402684565,63.02013422818793,1.0469798657718115,False,False,False,False,True,False,False,False,False,False,False,False
2025,Monaco Grand Prix,Lando Norris,1.0,1.0,22.209375000000005,43.317499999999995,52.51874999999999,0.9793750000000001,False,False,False,False,False,False,True,False,False,False,False,False
2025,Monaco Grand Prix,Charles Leclerc,2.0,2.0,22.209375000000005,43.317499999999995,52.51874999999999,0.9793750000000001,False,False,False,True,False,False,False,False,False,False,False,False
2025,Monaco Grand Prix,Oscar Piastri,3.0,3.0,22.209375000000005,43.317499999999995,52.51874999999999,0.9793750000000001,False,False,False,False,False,False,True,False,False,False,False,False
2025,Monaco Grand Prix,Lewis Hamilton,5.0,4.0,22.209375000000005,43.317499999999995,52.51874999999999,0.9793750000000001,False,False,False,True,False,False,False,False,False,False,False,False
2025,Monaco Grand Prix,Max Verstappen,4.0,5.0,22.209375000000005,43.317499999999995,52.51874999999999,0.9793750000000001,False,False,False,False,False,False,False,False,False,False,True,False
2025,Monaco Grand Prix,Isack Hadjar,6.0,6.0,22.209375000000005,43.317499999999995,52.51874999999999,0.9793750000000001,False,False,False,False,False,False,False,False,False,True,False,False
2025,Monaco Grand Prix,Fernando Alonso,19.0,7.0,22.209375000000005,43.317499999999995,52.51874999999999,0.9793750000000001,False,False,True,False,False,False,False,False,False,False,False,False
2025,Monaco Grand Prix,Esteban Ocon,7.0,8.0,22.209375000000005,43.317499999999995,52.51874999999999,0.9793750000000001,False,False,False,False,True,False,False,False,False,False,False,False
2025,Monaco Grand Prix,Liam Lawson,8.0,9.0,22.209375000000005,43.317499999999995,52.51874999999999,0.9793750000000001,False,False,False,False,False,False,False,False,False,True,False,False
2025,Monaco Grand Prix,Alexander Albon,9.0,10.0,22.209375000000005,43.317499999999995,52.51874999999999,0.9793750000000001,False,False,False,False,False,False,False,False,False,False,False,True
2025,Monaco Grand Prix,Carlos Sainz,10.0,11.0,22.209375000000005,43.317499999999995,52.51874999999999,0.9793750000000001,False,False,False,False,False,False,False,False,False,False,False,True
2025,Monaco Grand Prix,Yuki Tsunoda,17.0,12.0,22.209375000000005,43.317499999999995,52.51874999999999,0.9793750000000001,False,False,False,False,False,False,False,False,False,False,True,False
2025,Monaco Grand Prix,Nico Hulkenberg,16.0,13.0,22.209375000000005,43.317499999999995,52.51874999999999,0.9793750000000001,False,False,False,False,False,True,False,False,False,False,False,False
2025,Monaco Grand Prix,George Russell,11.0,14.0,22.209375000000005,43.317499999999995,52.51874999999999,0.9793750000000001,False,False,False,False,False,False,False,True,False,False,False,False
2025,Monaco Grand Prix,Kimi Antonelli,18.0,15.0,22.209375000000005,43.317499999999995,52.51874999999999,0.9793750000000001,False,False,False,False,False,False,False,True,False,False,False,False
2025,Monaco Grand Prix,Gabriel Bortoleto,14.0,16.0,22.209375000000005,43.317499999999995,52.51874999999999,0.9793750000000001,False,False,False,False,False,True,False,False,False,False,False,False
2025,Monaco Grand Prix,Oliver Bearman,12.0,17.0,22.209375000000005,43.317499999999995,52.51874999999999,0.9793750000000001,False,False,False,False,True,False,False,False,False,False,False,False
2025,Monaco Grand Prix,Pierre Gasly,20.0,18.0,22.209375000000005,43.317499999999995,52.51874999999999,0.9793750000000001,False,True,False,False,False,False,False,False,False,False,False,False
2025,Monaco Grand Prix,Lance Stroll,15.0,19.0,22.209375000000005,43.317499999999995,52.51874999999999,0.9793750000000001,False,False,True,False,False,False,False,False,False,False,False,False
2025,Monaco Grand Prix,Franco Colapinto,13.0,20.0,22.209375000000005,43.317499999999995,52.51874999999999,0.9793750000000001,False,True,False,False,False,False,False,False,False,False,False,False
2025,Saudi Arabian Grand Prix,Max Verstappen,2.0,1.0,29.483802816901395,37.81971830985915,62.725352112676056,1.026056338028169,False,False,False,False,False,False,False,False,False,False,True,False
2025,Saudi Arabian Grand Prix,Oscar Piastri,1.0,2.0,29.483802816901395,37.81971830985915,62.725352112676056,1.026056338028169,False,False,False,False,False,False,True,False,False,False,False,False
2025,Saudi Arabian Grand Prix,George Russell,5.0,3.0,29.483802816901395,37.81971830985915,62.725352112676056,1.026056338028169,False,False,False,False,False,False,False,True,False,False,False,False
2025,Saudi Arabian Grand Prix,Charles Leclerc,3.0,4.0,29.483802816901395,37.81971830985915,62.725352112676056,1.026056338028169,False,False,False,True,False,False,False,False,False,False,False,False
2025,Saudi Arabian Grand Prix,Kimi Antonelli,6.0,5.0,29.483802816901395,37.81971830985915,62.725352112676056,1.026056338028169,False,False,False,False,False,False,False,True,False,False,False,False
2025,Saudi Arabian Grand Prix,Carlos Sainz,8.0,6.0,29.483802816901395,37.81971830985915,62.725352112676056,1.026056338028169,False,False,False,False,False,False,False,False,False,False,False,True
2025,Saudi Arabian Grand Prix,Lewis Hamilton,7.0,7.0,29.483802816901395,37.81971830985915,62.725352112676056,1.026056338028169,False,False,False,True,False,False,False,False,False,False,False,False
2025,Saudi Arabian Grand Prix,Yuki Tsunoda,19.0,8.0,29.483802816901395,37.81971830985915,62.725352112676056,1.026056338028169,False,False,False,False,False,False,False,False,False,False,True,False
2025,Saudi Arabian Grand Prix,Pierre Gasly,20.0,9.0,29.483802816901395,37.81971830985915,62.725352112676056,1.026056338028169,False,True,False,False,False,False,False,False,False,False,False,False
2025,Saudi Arabian Grand Prix,Lando Norris,4.0,10.0,29.483802816901395,37.81971830985915,62.725352112676056,1.026056338028169,False,False,False,False,False,False,True,False,False,False,False,False
2025,Saudi Arabian Grand Prix,Alexander Albon,9.0,11.0,29.483802816901395,37.81971830985915,62.725352112676056,1.026056338028169,False,False,False,False,False,False,False,False,False,False,False,True
2025,Saudi Arabian Grand Prix,Liam Lawson,12.0,12.0,29.483802816901395,37.81971830985915,62.725352112676056,1.026056338028169,False,False,False,False,False,False,False,False,False,True,False,False
2025,Saudi Arabian Grand Prix,Fernando Alonso,11.0,13.0,29.483802816901395,37.81971830985915,62.725352112676056,1.026056338028169,False,False,True,False,False,False,False,False,False,False,False,False
2025,Saudi Arabian Grand Prix,Isack Hadjar,10.0,14.0,29.483802816901395,37.81971830985915,62.725352112676056,1.026056338028169,False,False,False,False,False,False,False,False,False,True,False,False
2025,Saudi Arabian Grand Prix,Oliver Bearman,13.0,15.0,29.483802816901395,37.81971830985915,62.725352112676056,1.026056338028169,False,False,False,False,True,False,False,False,False,False,False,False
2025,Saudi Arabian Grand Prix,Lance Stroll,16.0,16.0,29.483802816901395,37.81971830985915,62.725352112676056,1.026056338028169,False,False,True,False,False,False,False,False,False,False,False,False
2025,Saudi Arabian Grand Prix,Jack Doohan,17.0,17.0,29.483802816901395,37.81971830985915,62.725352112676056,1.026056338028169,False,True,False,False,False,False,False,False,False,False,False,False
2025,Saudi Arabian Grand Prix,Nico Hulkenberg,15.0,18.0,29.483802816901395,37.81971830985915,62.725352112676056,1.026056338028169,False,False,False,False,False,True,False,False,False,False,False,False
2025,Saudi Arabian Grand Prix,Esteban Ocon,14.0,19.0,29.483802816901395,37.81971830985915,62.725352112676056,1.026056338028169,False,False,False,False,True,False,False,False,False,False,False,False
2025,Saudi Arabian Grand Prix,Gabriel Bortoleto,18.0,20.0,29.483802816901395,37.81971830985915,62.725352112676056,1.026056338028169,False,False,False,False,False,True,False,False,False,False,False,False
2025,Spanish Grand Prix,Oscar Piastri,1.0,1.0,29.119999999999997,48.5432258064516,54.62580645161291,1.6329032258064518,False,False,False,False,False,False,True,False,False,False,False,False
2025,Spanish Grand Prix,Lando Norris,2.0,2.0,29.119999999999997,48.5432258064516,54.62580645161291,1.6329032258064518,False,False,False,False,False,False,True,False,False,False,False,False
2025,Spanish Grand Prix,Max Verstappen,10.0,3.0,29.119999999999997,48.5432258064516,54.62580645161291,1.6329032258064518,False,False,False,False,False,False,False,False,False,False,True,False
2025,Spanish Grand Prix,George Russell,4.0,4.0,29.119999999999997,48.5432258064516,54.62580645161291,1.6329032258064518,False,False,False,False,False,False,False,True,False,False,False,False
2025,Spanish Grand Prix,Lewis Hamilton,6.0,5.0,29.119999999999997,48.5432258064516,54.62580645161291,1.6329032258064518,False,False,False,True,False,False,False,False,False,False,False,False
2025,Spanish Grand Prix,Kimi Antonelli,18.0,6.0,29.119999999999997,48.5432258064516,54.62580645161291,1.6329032258064518,False,False,False,False,False,False,False,True,False,False,False,False
2025,Spanish Grand Prix,Charles Leclerc,3.0,7.0,29.119999999999997,48.5432258064516,54.62580645161291,1.6329032258064518,False,False,False,True,False,False,False,False,False,False,False,False
2025,Spanish Grand Prix,Pierre Gasly,8.0,8.0,29.119999999999997,48.5432258064516,54.62580645161291,1.6329032258064518,False,True,False,False,False,False,False,False,False,False,False,False
2025,Spanish Grand Prix,Isack Hadjar,7.0,9.0,29.119999999999997,48.5432258064516,54.62580645161291,1.6329032258064518,False,False,False,False,False,False,False,False,False,True,False,False
2025,Spanish Grand Prix,Fernando Alonso,9.0,10.0,29.119999999999997,48.5432258064516,54.62580645161291,1.6329032258064518,False,False,True,False,False,False,False,False,False,False,False,False
2025,Spanish Grand Prix,Alexander Albon,19.0,11.0,29.119999999999997,48.5432258064516,54.62580645161291,1.6329032258064518,False,False,False,False,False,False,False,False,False,False,False,True
2025,Spanish Grand Prix,Gabriel Bortoleto,12.0,12.0,29.119999999999997,48.5432258064516,54.62580645161291,1.6329032258064518,False,False,False,False,False,True,False,False,False,False,False,False
2025,Spanish Grand Prix,Liam Lawson,11.0,13.0,29.119999999999997,48.5432258064516,54.62580645161291,1.6329032258064518,False,False,False,False,False,False,False,False,False,True,False,False
2025,Spanish Grand Prix,Oliver Bearman,17.0,15.0,29.119999999999997,48.5432258064516,54.62580645161291,1.6329032258064518,False,False,False,False,True,False,False,False,False,False,False,False
2025,Spanish Grand Prix,Nico Hulkenberg,5.0,16.0,29.119999999999997,48.5432258064516,54.62580645161291,1.6329032258064518,False,False,False,False,False,True,False,False,False,False,False,False
2025,Spanish Grand Prix,Esteban Ocon,16.0,17.0,29.119999999999997,48.5432258064516,54.62580645161291,1.6329032258064518,False,False,False,False,True,False,False,False,False,False,False,False
2025,Spanish Grand Prix,Carlos Sainz,14.0,18.0,29.119999999999997,48.5432258064516,54.62580645161291,1.6329032258064518,False,False,False,False,False,False,False,False,False,False,False,True
2025,Spanish Grand Prix,Franco Colapinto,15.0,19.0,29.119999999999997,48.5432258064516,54.62580645161291,1.6329032258064518,False,True,False,False,False,False,False,False,False,False,False,False
2025,Spanish Grand Prix,Yuki Tsunoda,13.0,20.0,29.119999999999997,48.5432258064516,54.62580645161291,1.6329032258064518,False,False,False,False,False,False,False,False,False,False,True,False
